
/home/vincent/Desktop/ECE6785-AdvEmb/ece6785-rtos/src/blink.elf:     file format elf32-littlearm

Sections:
Idx Name          Size      VMA       LMA       File off  Algn
  0 .boot2        00000100  10000000  10000000  00001000  2**0
                  CONTENTS, ALLOC, LOAD, READONLY, CODE
  1 .text         00009828  10000100  10000100  00001100  2**3
                  CONTENTS, ALLOC, LOAD, READONLY, CODE
  2 .rodata       00037cb8  10009928  10009928  0000a928  2**3
                  CONTENTS, ALLOC, LOAD, READONLY, DATA
  3 .binary_info  00000020  100415e0  100415e0  000425e0  2**2
                  CONTENTS, ALLOC, LOAD, READONLY, DATA
  4 .xip_ram      00000000  15000000  15000000  00043c18  2**0
                  CONTENTS
  5 .ram_vector_table 000000c0  20000000  20000000  00044000  2**2
                  ALLOC
  6 .uninitialized_data 00000000  200000c0  200000c0  00043c18  2**0
                  CONTENTS
  7 .data         00000b58  200000c0  10041600  000430c0  2**4
                  CONTENTS, ALLOC, LOAD, READONLY, CODE
  8 .tdata        00000000  20000c18  20000c18  00043c18  2**0
                  CONTENTS, ALLOC, LOAD, DATA, THREAD_LOCAL
  9 .tbss         00000000  20000c18  20000c18  00000000  2**0
                  ALLOC, THREAD_LOCAL
 10 .tbss_space   00000000  20000c18  20000c18  00043c18  2**0
                  CONTENTS
 11 .bss          000212e0  20000c18  10042158  00043c18  2**3
                  ALLOC
 12 .tls0         00000000  20021ef8  20021ef8  00043c18  2**0
                  CONTENTS
 13 .tls1         00000000  20021ef8  20021ef8  00043c18  2**0
                  CONTENTS
 14 .persistent_data 00000000  20021ef8  20021ef8  00043c18  2**0
                  CONTENTS
 15 .dummy_pre_heap 00000000  20021ef8  20021ef8  00043c18  2**0
                  CONTENTS
 16 .heap         00000800  20021ef8  20021ef8  00043ef8  2**2
                  ALLOC, READONLY
 17 .scratch_x    00000000  20040000  20040000  00043c18  2**0
                  CONTENTS
 18 .scratch_y    00000000  20041000  20041000  00043c18  2**0
                  CONTENTS
 19 .stack1_dummy 00000800  20040000  20040000  00044000  2**2
                  ALLOC
 20 .stack_dummy  00000800  20041000  20041000  00044000  2**5
                  ALLOC, READONLY
 21 .debug_info   00053ebe  00000000  00000000  00043c18  2**0
                  CONTENTS, READONLY, DEBUGGING, OCTETS
 22 .debug_abbrev 0000c165  00000000  00000000  00097ad6  2**0
                  CONTENTS, READONLY, DEBUGGING, OCTETS
 23 .debug_loclists 0002e43a  00000000  00000000  000a3c3b  2**0
                  CONTENTS, READONLY, DEBUGGING, OCTETS
 24 .debug_aranges 00001ea0  00000000  00000000  000d2078  2**3
                  CONTENTS, READONLY, DEBUGGING, OCTETS
 25 .debug_rnglists 000067dd  00000000  00000000  000d3f18  2**0
                  CONTENTS, READONLY, DEBUGGING, OCTETS
 26 .debug_line   000346f4  00000000  00000000  000da6f5  2**0
                  CONTENTS, READONLY, DEBUGGING, OCTETS
 27 .debug_str    0000bd26  00000000  00000000  0010ede9  2**0
                  CONTENTS, READONLY, DEBUGGING, OCTETS
 28 .comment      00000026  00000000  00000000  0011ab0f  2**0
                  CONTENTS, READONLY
 29 .ARM.attributes 0000002a  00000000  00000000  0011ab35  2**0
                  CONTENTS, READONLY
 30 .debug_frame  00004c64  00000000  00000000  0011ab60  2**2
                  CONTENTS, READONLY, DEBUGGING, OCTETS
 31 .debug_line_str 000002c6  00000000  00000000  0011f7c4  2**0
                  CONTENTS, READONLY, DEBUGGING, OCTETS

/home/vincent/Desktop/ECE6785-AdvEmb/ece6785-rtos/src/blink.elf:     file format elf32-littlearm


Disassembly of section .boot2:

10000000 <__boot2_start__>:
10000000:	4b32b500 	.word	0x4b32b500
10000004:	60582021 	.word	0x60582021
10000008:	21026898 	.word	0x21026898
1000000c:	60984388 	.word	0x60984388
10000010:	611860d8 	.word	0x611860d8
10000014:	4b2e6158 	.word	0x4b2e6158
10000018:	60992100 	.word	0x60992100
1000001c:	61592102 	.word	0x61592102
10000020:	22f02101 	.word	0x22f02101
10000024:	492b5099 	.word	0x492b5099
10000028:	21016019 	.word	0x21016019
1000002c:	20356099 	.word	0x20356099
10000030:	f844f000 	.word	0xf844f000
10000034:	42902202 	.word	0x42902202
10000038:	2106d014 	.word	0x2106d014
1000003c:	f0006619 	.word	0xf0006619
10000040:	6e19f834 	.word	0x6e19f834
10000044:	66192101 	.word	0x66192101
10000048:	66182000 	.word	0x66182000
1000004c:	f000661a 	.word	0xf000661a
10000050:	6e19f82c 	.word	0x6e19f82c
10000054:	6e196e19 	.word	0x6e196e19
10000058:	f0002005 	.word	0xf0002005
1000005c:	2101f82f 	.word	0x2101f82f
10000060:	d1f94208 	.word	0xd1f94208
10000064:	60992100 	.word	0x60992100
10000068:	6019491b 	.word	0x6019491b
1000006c:	60592100 	.word	0x60592100
10000070:	481b491a 	.word	0x481b491a
10000074:	21016001 	.word	0x21016001
10000078:	21eb6099 	.word	0x21eb6099
1000007c:	21a06619 	.word	0x21a06619
10000080:	f0006619 	.word	0xf0006619
10000084:	2100f812 	.word	0x2100f812
10000088:	49166099 	.word	0x49166099
1000008c:	60014814 	.word	0x60014814
10000090:	60992101 	.word	0x60992101
10000094:	2800bc01 	.word	0x2800bc01
10000098:	4700d000 	.word	0x4700d000
1000009c:	49134812 	.word	0x49134812
100000a0:	c8036008 	.word	0xc8036008
100000a4:	8808f380 	.word	0x8808f380
100000a8:	b5034708 	.word	0xb5034708
100000ac:	20046a99 	.word	0x20046a99
100000b0:	d0fb4201 	.word	0xd0fb4201
100000b4:	42012001 	.word	0x42012001
100000b8:	bd03d1f8 	.word	0xbd03d1f8
100000bc:	6618b502 	.word	0x6618b502
100000c0:	f7ff6618 	.word	0xf7ff6618
100000c4:	6e18fff2 	.word	0x6e18fff2
100000c8:	bd026e18 	.word	0xbd026e18
100000cc:	40020000 	.word	0x40020000
100000d0:	18000000 	.word	0x18000000
100000d4:	00070000 	.word	0x00070000
100000d8:	005f0300 	.word	0x005f0300
100000dc:	00002221 	.word	0x00002221
100000e0:	180000f4 	.word	0x180000f4
100000e4:	a0002022 	.word	0xa0002022
100000e8:	10000100 	.word	0x10000100
100000ec:	e000ed08 	.word	0xe000ed08
	...
100000fc:	7a4eb274 	.word	0x7a4eb274

Disassembly of section .text:

10000100 <__VECTOR_TABLE>:
10000100:	20042000 	.word	0x20042000
10000104:	100001f7 	.word	0x100001f7
10000108:	100001cb 	.word	0x100001cb
1000010c:	100001cd 	.word	0x100001cd
10000110:	100001c9 	.word	0x100001c9
10000114:	100001c9 	.word	0x100001c9
10000118:	100001c9 	.word	0x100001c9
1000011c:	100001c9 	.word	0x100001c9
10000120:	100001c9 	.word	0x100001c9
10000124:	100001c9 	.word	0x100001c9
10000128:	100001c9 	.word	0x100001c9
1000012c:	100001cf 	.word	0x100001cf
10000130:	100001c9 	.word	0x100001c9
10000134:	100001c9 	.word	0x100001c9
10000138:	100001d1 	.word	0x100001d1
1000013c:	100001d3 	.word	0x100001d3
10000140:	100001c1 	.word	0x100001c1
10000144:	100001c1 	.word	0x100001c1
10000148:	100001c1 	.word	0x100001c1
1000014c:	100001c1 	.word	0x100001c1
10000150:	100001c1 	.word	0x100001c1
10000154:	100001c1 	.word	0x100001c1
10000158:	100001c1 	.word	0x100001c1
1000015c:	100001c1 	.word	0x100001c1
10000160:	100001c1 	.word	0x100001c1
10000164:	100001c1 	.word	0x100001c1
10000168:	100001c1 	.word	0x100001c1
1000016c:	100001c1 	.word	0x100001c1
10000170:	100001c1 	.word	0x100001c1
10000174:	100001c1 	.word	0x100001c1
10000178:	100001c1 	.word	0x100001c1
1000017c:	100001c1 	.word	0x100001c1
10000180:	100001c1 	.word	0x100001c1
10000184:	100001c1 	.word	0x100001c1
10000188:	100001c1 	.word	0x100001c1
1000018c:	100001c1 	.word	0x100001c1
10000190:	100001c1 	.word	0x100001c1
10000194:	100001c1 	.word	0x100001c1
10000198:	100001c1 	.word	0x100001c1
1000019c:	100001c1 	.word	0x100001c1
100001a0:	100001c1 	.word	0x100001c1
100001a4:	100001c1 	.word	0x100001c1
100001a8:	100001c1 	.word	0x100001c1
100001ac:	100001c1 	.word	0x100001c1
100001b0:	100001c1 	.word	0x100001c1
100001b4:	100001c1 	.word	0x100001c1
100001b8:	100001c1 	.word	0x100001c1
100001bc:	100001c1 	.word	0x100001c1

100001c0 <__unhandled_user_irq>:
100001c0:	f3ef 8005 	mrs	r0, IPSR
100001c4:	3810      	subs	r0, #16

100001c6 <unhandled_user_irq_num_in_r0>:
100001c6:	be00      	bkpt	0x0000

100001c8 <isr_invalid>:
100001c8:	be00      	bkpt	0x0000

100001ca <isr_nmi>:
100001ca:	be00      	bkpt	0x0000

100001cc <isr_hardfault>:
100001cc:	be00      	bkpt	0x0000

100001ce <isr_svcall>:
100001ce:	be00      	bkpt	0x0000

100001d0 <isr_pendsv>:
100001d0:	be00      	bkpt	0x0000

100001d2 <isr_systick>:
100001d2:	be00      	bkpt	0x0000

100001d4 <__default_isrs_end>:
100001d4:	7188ebf2 	.word	0x7188ebf2
100001d8:	100415e0 	.word	0x100415e0
100001dc:	10041600 	.word	0x10041600
100001e0:	10000238 	.word	0x10000238
100001e4:	e71aa390 	.word	0xe71aa390

100001e8 <_entry_point>:
100001e8:	2000      	movs	r0, #0

100001ea <_enter_vtable_in_r0>:
100001ea:	491e      	ldr	r1, [pc, #120]	@ (10000264 <data_cpy_table+0x2c>)
100001ec:	6008      	str	r0, [r1, #0]
100001ee:	c806      	ldmia	r0!, {r1, r2}
100001f0:	f381 8808 	msr	MSP, r1
100001f4:	4710      	bx	r2

100001f6 <_reset_handler>:
100001f6:	481c      	ldr	r0, [pc, #112]	@ (10000268 <data_cpy_table+0x30>)
100001f8:	6800      	ldr	r0, [r0, #0]
100001fa:	2800      	cmp	r0, #0
100001fc:	d001      	beq.n	10000202 <hold_non_core0_in_bootrom+0x4>

100001fe <hold_non_core0_in_bootrom>:
100001fe:	2000      	movs	r0, #0
10000200:	e7f3      	b.n	100001ea <_enter_vtable_in_r0>
10000202:	a40d      	add	r4, pc, #52	@ (adr r4, 10000238 <data_cpy_table>)
10000204:	cc0e      	ldmia	r4!, {r1, r2, r3}
10000206:	2900      	cmp	r1, #0
10000208:	d002      	beq.n	10000210 <hold_non_core0_in_bootrom+0x12>
1000020a:	f000 f812 	bl	10000232 <data_cpy>
1000020e:	e7f9      	b.n	10000204 <hold_non_core0_in_bootrom+0x6>
10000210:	4916      	ldr	r1, [pc, #88]	@ (1000026c <data_cpy_table+0x34>)
10000212:	4a17      	ldr	r2, [pc, #92]	@ (10000270 <data_cpy_table+0x38>)
10000214:	2000      	movs	r0, #0
10000216:	e000      	b.n	1000021a <bss_fill_test>

10000218 <bss_fill_loop>:
10000218:	c101      	stmia	r1!, {r0}

1000021a <bss_fill_test>:
1000021a:	4291      	cmp	r1, r2
1000021c:	d1fc      	bne.n	10000218 <bss_fill_loop>

1000021e <platform_entry>:
1000021e:	4915      	ldr	r1, [pc, #84]	@ (10000274 <data_cpy_table+0x3c>)
10000220:	4788      	blx	r1
10000222:	4915      	ldr	r1, [pc, #84]	@ (10000278 <data_cpy_table+0x40>)
10000224:	4788      	blx	r1
10000226:	4915      	ldr	r1, [pc, #84]	@ (1000027c <data_cpy_table+0x44>)
10000228:	4788      	blx	r1
1000022a:	be00      	bkpt	0x0000
1000022c:	e7fd      	b.n	1000022a <platform_entry+0xc>

1000022e <data_cpy_loop>:
1000022e:	c901      	ldmia	r1!, {r0}
10000230:	c201      	stmia	r2!, {r0}

10000232 <data_cpy>:
10000232:	429a      	cmp	r2, r3
10000234:	d3fb      	bcc.n	1000022e <data_cpy_loop>

10000236 <data_cpy_done>:
10000236:	4770      	bx	lr

10000238 <data_cpy_table>:
10000238:	10041600 	.word	0x10041600
1000023c:	200000c0 	.word	0x200000c0
10000240:	20000c18 	.word	0x20000c18
10000244:	10042158 	.word	0x10042158
10000248:	20040000 	.word	0x20040000
1000024c:	20040000 	.word	0x20040000
10000250:	10042158 	.word	0x10042158
10000254:	20041000 	.word	0x20041000
10000258:	20041000 	.word	0x20041000
1000025c:	00000000 	.word	0x00000000
10000260:	4770      	bx	lr
10000262:	0000      	.short	0x0000
10000264:	e000ed08 	.word	0xe000ed08
10000268:	d0000000 	.word	0xd0000000
1000026c:	20000c18 	.word	0x20000c18
10000270:	20021ef8 	.word	0x20021ef8
10000274:	10003b85 	.word	0x10003b85
10000278:	10000281 	.word	0x10000281
1000027c:	10003b7d 	.word	0x10003b7d

10000280 <main>:
10000280:	b510      	push	{r4, lr}
10000282:	f004 fee3 	bl	1000504c <cyw43_arch_init>
10000286:	2800      	cmp	r0, #0
10000288:	d10e      	bne.n	100002a8 <main+0x28>
1000028a:	2101      	movs	r1, #1
1000028c:	2000      	movs	r0, #0
1000028e:	f004 fecd 	bl	1000502c <cyw43_arch_gpio_put>
10000292:	20fa      	movs	r0, #250	@ 0xfa
10000294:	f001 f890 	bl	100013b8 <sleep_ms>
10000298:	2100      	movs	r1, #0
1000029a:	2000      	movs	r0, #0
1000029c:	f004 fec6 	bl	1000502c <cyw43_arch_gpio_put>
100002a0:	20fa      	movs	r0, #250	@ 0xfa
100002a2:	f001 f889 	bl	100013b8 <sleep_ms>
100002a6:	e7f0      	b.n	1000028a <main+0xa>
100002a8:	f001 fb1c 	bl	100018e4 <hard_assertion_failure>

100002ac <gpio_set_function>:
100002ac:	4a09      	ldr	r2, [pc, #36]	@ (100002d4 <gpio_set_function+0x28>)
100002ae:	0083      	lsls	r3, r0, #2
100002b0:	189a      	adds	r2, r3, r2
100002b2:	b510      	push	{r4, lr}
100002b4:	6814      	ldr	r4, [r2, #0]
100002b6:	2240      	movs	r2, #64	@ 0x40
100002b8:	4054      	eors	r4, r2
100002ba:	3280      	adds	r2, #128	@ 0x80
100002bc:	4022      	ands	r2, r4
100002be:	4c06      	ldr	r4, [pc, #24]	@ (100002d8 <gpio_set_function+0x2c>)
100002c0:	00c0      	lsls	r0, r0, #3
100002c2:	46a4      	mov	ip, r4
100002c4:	4463      	add	r3, ip
100002c6:	601a      	str	r2, [r3, #0]
100002c8:	4b04      	ldr	r3, [pc, #16]	@ (100002dc <gpio_set_function+0x30>)
100002ca:	469c      	mov	ip, r3
100002cc:	4460      	add	r0, ip
100002ce:	6041      	str	r1, [r0, #4]
100002d0:	bd10      	pop	{r4, pc}
100002d2:	46c0      	nop			@ (mov r8, r8)
100002d4:	4001c004 	.word	0x4001c004
100002d8:	4001d004 	.word	0x4001d004
100002dc:	40014000 	.word	0x40014000

100002e0 <gpio_set_pulls>:
100002e0:	4b07      	ldr	r3, [pc, #28]	@ (10000300 <gpio_set_pulls+0x20>)
100002e2:	0080      	lsls	r0, r0, #2
100002e4:	18c3      	adds	r3, r0, r3
100002e6:	681b      	ldr	r3, [r3, #0]
100002e8:	00c9      	lsls	r1, r1, #3
100002ea:	0092      	lsls	r2, r2, #2
100002ec:	430a      	orrs	r2, r1
100002ee:	405a      	eors	r2, r3
100002f0:	230c      	movs	r3, #12
100002f2:	4013      	ands	r3, r2
100002f4:	4a03      	ldr	r2, [pc, #12]	@ (10000304 <gpio_set_pulls+0x24>)
100002f6:	4694      	mov	ip, r2
100002f8:	4460      	add	r0, ip
100002fa:	6003      	str	r3, [r0, #0]
100002fc:	4770      	bx	lr
100002fe:	46c0      	nop			@ (mov r8, r8)
10000300:	4001c004 	.word	0x4001c004
10000304:	4001d004 	.word	0x4001d004

10000308 <gpio_set_input_hysteresis_enabled>:
10000308:	0080      	lsls	r0, r0, #2
1000030a:	2900      	cmp	r1, #0
1000030c:	d005      	beq.n	1000031a <gpio_set_input_hysteresis_enabled+0x12>
1000030e:	4b06      	ldr	r3, [pc, #24]	@ (10000328 <gpio_set_input_hysteresis_enabled+0x20>)
10000310:	469c      	mov	ip, r3
10000312:	2302      	movs	r3, #2
10000314:	4460      	add	r0, ip
10000316:	6003      	str	r3, [r0, #0]
10000318:	4770      	bx	lr
1000031a:	4b04      	ldr	r3, [pc, #16]	@ (1000032c <gpio_set_input_hysteresis_enabled+0x24>)
1000031c:	469c      	mov	ip, r3
1000031e:	2302      	movs	r3, #2
10000320:	4460      	add	r0, ip
10000322:	6003      	str	r3, [r0, #0]
10000324:	e7f8      	b.n	10000318 <gpio_set_input_hysteresis_enabled+0x10>
10000326:	46c0      	nop			@ (mov r8, r8)
10000328:	4001e004 	.word	0x4001e004
1000032c:	4001f004 	.word	0x4001f004

10000330 <gpio_set_irq_enabled>:
10000330:	23d0      	movs	r3, #208	@ 0xd0
10000332:	061b      	lsls	r3, r3, #24
10000334:	681b      	ldr	r3, [r3, #0]
10000336:	b530      	push	{r4, r5, lr}
10000338:	005c      	lsls	r4, r3, #1
1000033a:	0005      	movs	r5, r0
1000033c:	18e4      	adds	r4, r4, r3
1000033e:	08c3      	lsrs	r3, r0, #3
10000340:	2007      	movs	r0, #7
10000342:	4028      	ands	r0, r5
10000344:	0080      	lsls	r0, r0, #2
10000346:	4081      	lsls	r1, r0
10000348:	0018      	movs	r0, r3
1000034a:	4d09      	ldr	r5, [pc, #36]	@ (10000370 <gpio_set_irq_enabled+0x40>)
1000034c:	303c      	adds	r0, #60	@ 0x3c
1000034e:	0124      	lsls	r4, r4, #4
10000350:	0080      	lsls	r0, r0, #2
10000352:	009b      	lsls	r3, r3, #2
10000354:	5141      	str	r1, [r0, r5]
10000356:	191b      	adds	r3, r3, r4
10000358:	2a00      	cmp	r2, #0
1000035a:	d004      	beq.n	10000366 <gpio_set_irq_enabled+0x36>
1000035c:	4a05      	ldr	r2, [pc, #20]	@ (10000374 <gpio_set_irq_enabled+0x44>)
1000035e:	4694      	mov	ip, r2
10000360:	4463      	add	r3, ip
10000362:	6019      	str	r1, [r3, #0]
10000364:	bd30      	pop	{r4, r5, pc}
10000366:	4a04      	ldr	r2, [pc, #16]	@ (10000378 <gpio_set_irq_enabled+0x48>)
10000368:	4694      	mov	ip, r2
1000036a:	4463      	add	r3, ip
1000036c:	6019      	str	r1, [r3, #0]
1000036e:	e7f9      	b.n	10000364 <gpio_set_irq_enabled+0x34>
10000370:	40014000 	.word	0x40014000
10000374:	40016100 	.word	0x40016100
10000378:	40017100 	.word	0x40017100

1000037c <gpio_add_raw_irq_handler_with_order_priority_masked>:
1000037c:	23d0      	movs	r3, #208	@ 0xd0
1000037e:	061b      	lsls	r3, r3, #24
10000380:	681b      	ldr	r3, [r3, #0]
10000382:	b570      	push	{r4, r5, r6, lr}
10000384:	4d06      	ldr	r5, [pc, #24]	@ (100003a0 <gpio_add_raw_irq_handler_with_order_priority_masked+0x24>)
10000386:	009b      	lsls	r3, r3, #2
10000388:	595c      	ldr	r4, [r3, r5]
1000038a:	4220      	tst	r0, r4
1000038c:	d105      	bne.n	1000039a <gpio_add_raw_irq_handler_with_order_priority_masked+0x1e>
1000038e:	4304      	orrs	r4, r0
10000390:	200d      	movs	r0, #13
10000392:	515c      	str	r4, [r3, r5]
10000394:	f000 f960 	bl	10000658 <irq_add_shared_handler>
10000398:	bd70      	pop	{r4, r5, r6, pc}
1000039a:	f001 faa3 	bl	100018e4 <hard_assertion_failure>
1000039e:	46c0      	nop			@ (mov r8, r8)
100003a0:	20001d68 	.word	0x20001d68

100003a4 <gpio_remove_raw_irq_handler_masked>:
100003a4:	b510      	push	{r4, lr}
100003a6:	0004      	movs	r4, r0
100003a8:	200d      	movs	r0, #13
100003aa:	f000 fa41 	bl	10000830 <irq_remove_handler>
100003ae:	23d0      	movs	r3, #208	@ 0xd0
100003b0:	061b      	lsls	r3, r3, #24
100003b2:	681b      	ldr	r3, [r3, #0]
100003b4:	4902      	ldr	r1, [pc, #8]	@ (100003c0 <gpio_remove_raw_irq_handler_masked+0x1c>)
100003b6:	009b      	lsls	r3, r3, #2
100003b8:	585a      	ldr	r2, [r3, r1]
100003ba:	43a2      	bics	r2, r4
100003bc:	505a      	str	r2, [r3, r1]
100003be:	bd10      	pop	{r4, pc}
100003c0:	20001d68 	.word	0x20001d68

100003c4 <gpio_init>:
100003c4:	2301      	movs	r3, #1
100003c6:	22d0      	movs	r2, #208	@ 0xd0
100003c8:	4083      	lsls	r3, r0
100003ca:	0612      	lsls	r2, r2, #24
100003cc:	6293      	str	r3, [r2, #40]	@ 0x28
100003ce:	6193      	str	r3, [r2, #24]
100003d0:	4a09      	ldr	r2, [pc, #36]	@ (100003f8 <gpio_init+0x34>)
100003d2:	0083      	lsls	r3, r0, #2
100003d4:	189a      	adds	r2, r3, r2
100003d6:	6811      	ldr	r1, [r2, #0]
100003d8:	2240      	movs	r2, #64	@ 0x40
100003da:	4051      	eors	r1, r2
100003dc:	3280      	adds	r2, #128	@ 0x80
100003de:	400a      	ands	r2, r1
100003e0:	4906      	ldr	r1, [pc, #24]	@ (100003fc <gpio_init+0x38>)
100003e2:	00c0      	lsls	r0, r0, #3
100003e4:	468c      	mov	ip, r1
100003e6:	4463      	add	r3, ip
100003e8:	601a      	str	r2, [r3, #0]
100003ea:	4b05      	ldr	r3, [pc, #20]	@ (10000400 <gpio_init+0x3c>)
100003ec:	469c      	mov	ip, r3
100003ee:	2305      	movs	r3, #5
100003f0:	4460      	add	r0, ip
100003f2:	6043      	str	r3, [r0, #4]
100003f4:	4770      	bx	lr
100003f6:	46c0      	nop			@ (mov r8, r8)
100003f8:	4001c004 	.word	0x4001c004
100003fc:	4001d004 	.word	0x4001d004
10000400:	40014000 	.word	0x40014000

10000404 <panic>:
10000404:	b40f      	push	{r0, r1, r2, r3}
10000406:	b500      	push	{lr}
10000408:	4808      	ldr	r0, [pc, #32]	@ (1000042c <panic+0x28>)
1000040a:	b083      	sub	sp, #12
1000040c:	f003 fd1a 	bl	10003e44 <__wrap_puts>
10000410:	9b04      	ldr	r3, [sp, #16]
10000412:	2b00      	cmp	r3, #0
10000414:	d007      	beq.n	10000426 <panic+0x22>
10000416:	a905      	add	r1, sp, #20
10000418:	0018      	movs	r0, r3
1000041a:	9101      	str	r1, [sp, #4]
1000041c:	f003 fb74 	bl	10003b08 <weak_raw_vprintf>
10000420:	4803      	ldr	r0, [pc, #12]	@ (10000430 <panic+0x2c>)
10000422:	f003 fd0f 	bl	10003e44 <__wrap_puts>
10000426:	2001      	movs	r0, #1
10000428:	f003 fb86 	bl	10003b38 <_exit>
1000042c:	10009928 	.word	0x10009928
10000430:	10009aac 	.word	0x10009aac

10000434 <hw_claim_lock>:
10000434:	f3ef 8010 	mrs	r0, PRIMASK
10000438:	b672      	cpsid	i
1000043a:	4a03      	ldr	r2, [pc, #12]	@ (10000448 <hw_claim_lock+0x14>)
1000043c:	6813      	ldr	r3, [r2, #0]
1000043e:	2b00      	cmp	r3, #0
10000440:	d0fc      	beq.n	1000043c <hw_claim_lock+0x8>
10000442:	f3bf 8f5f 	dmb	sy
10000446:	4770      	bx	lr
10000448:	d000012c 	.word	0xd000012c

1000044c <hw_claim_unlock>:
1000044c:	f3bf 8f5f 	dmb	sy
10000450:	2200      	movs	r2, #0
10000452:	4b02      	ldr	r3, [pc, #8]	@ (1000045c <hw_claim_unlock+0x10>)
10000454:	601a      	str	r2, [r3, #0]
10000456:	f380 8810 	msr	PRIMASK, r0
1000045a:	4770      	bx	lr
1000045c:	d000012c 	.word	0xd000012c

10000460 <hw_claim_or_assert>:
10000460:	b570      	push	{r4, r5, r6, lr}
10000462:	f3ef 8c10 	mrs	ip, PRIMASK
10000466:	b672      	cpsid	i
10000468:	4d0d      	ldr	r5, [pc, #52]	@ (100004a0 <hw_claim_or_assert+0x40>)
1000046a:	682b      	ldr	r3, [r5, #0]
1000046c:	2b00      	cmp	r3, #0
1000046e:	d0fc      	beq.n	1000046a <hw_claim_or_assert+0xa>
10000470:	f3bf 8f5f 	dmb	sy
10000474:	2407      	movs	r4, #7
10000476:	08cb      	lsrs	r3, r1, #3
10000478:	18c6      	adds	r6, r0, r3
1000047a:	5cc0      	ldrb	r0, [r0, r3]
1000047c:	2301      	movs	r3, #1
1000047e:	400c      	ands	r4, r1
10000480:	40a3      	lsls	r3, r4
10000482:	001c      	movs	r4, r3
10000484:	4004      	ands	r4, r0
10000486:	4203      	tst	r3, r0
10000488:	d107      	bne.n	1000049a <hw_claim_or_assert+0x3a>
1000048a:	4318      	orrs	r0, r3
1000048c:	7030      	strb	r0, [r6, #0]
1000048e:	f3bf 8f5f 	dmb	sy
10000492:	602c      	str	r4, [r5, #0]
10000494:	f38c 8810 	msr	PRIMASK, ip
10000498:	bd70      	pop	{r4, r5, r6, pc}
1000049a:	0010      	movs	r0, r2
1000049c:	f7ff ffb2 	bl	10000404 <panic>
100004a0:	d000012c 	.word	0xd000012c

100004a4 <hw_claim_unused_from_range>:
100004a4:	b5f8      	push	{r3, r4, r5, r6, r7, lr}
100004a6:	4647      	mov	r7, r8
100004a8:	46ce      	mov	lr, r9
100004aa:	4688      	mov	r8, r1
100004ac:	b580      	push	{r7, lr}
100004ae:	f3ef 8c10 	mrs	ip, PRIMASK
100004b2:	b672      	cpsid	i
100004b4:	4d21      	ldr	r5, [pc, #132]	@ (1000053c <hw_claim_unused_from_range+0x98>)
100004b6:	682c      	ldr	r4, [r5, #0]
100004b8:	2c00      	cmp	r4, #0
100004ba:	d0fc      	beq.n	100004b6 <hw_claim_unused_from_range+0x12>
100004bc:	f3bf 8f5f 	dmb	sy
100004c0:	429a      	cmp	r2, r3
100004c2:	d82c      	bhi.n	1000051e <hw_claim_unused_from_range+0x7a>
100004c4:	08d4      	lsrs	r4, r2, #3
100004c6:	2707      	movs	r7, #7
100004c8:	5d05      	ldrb	r5, [r0, r4]
100004ca:	1906      	adds	r6, r0, r4
100004cc:	2401      	movs	r4, #1
100004ce:	4017      	ands	r7, r2
100004d0:	40bc      	lsls	r4, r7
100004d2:	422c      	tst	r4, r5
100004d4:	d01f      	beq.n	10000516 <hw_claim_unused_from_range+0x72>
100004d6:	2107      	movs	r1, #7
100004d8:	2701      	movs	r7, #1
100004da:	4689      	mov	r9, r1
100004dc:	e009      	b.n	100004f2 <hw_claim_unused_from_range+0x4e>
100004de:	08d4      	lsrs	r4, r2, #3
100004e0:	5d05      	ldrb	r5, [r0, r4]
100004e2:	1906      	adds	r6, r0, r4
100004e4:	464c      	mov	r4, r9
100004e6:	0039      	movs	r1, r7
100004e8:	4014      	ands	r4, r2
100004ea:	40a1      	lsls	r1, r4
100004ec:	000c      	movs	r4, r1
100004ee:	4229      	tst	r1, r5
100004f0:	d011      	beq.n	10000516 <hw_claim_unused_from_range+0x72>
100004f2:	3201      	adds	r2, #1
100004f4:	4293      	cmp	r3, r2
100004f6:	d2f2      	bcs.n	100004de <hw_claim_unused_from_range+0x3a>
100004f8:	2001      	movs	r0, #1
100004fa:	4240      	negs	r0, r0
100004fc:	f3bf 8f5f 	dmb	sy
10000500:	2200      	movs	r2, #0
10000502:	4b0e      	ldr	r3, [pc, #56]	@ (1000053c <hw_claim_unused_from_range+0x98>)
10000504:	601a      	str	r2, [r3, #0]
10000506:	f38c 8810 	msr	PRIMASK, ip
1000050a:	2800      	cmp	r0, #0
1000050c:	db0f      	blt.n	1000052e <hw_claim_unused_from_range+0x8a>
1000050e:	bcc0      	pop	{r6, r7}
10000510:	46b9      	mov	r9, r7
10000512:	46b0      	mov	r8, r6
10000514:	bdf8      	pop	{r3, r4, r5, r6, r7, pc}
10000516:	4325      	orrs	r5, r4
10000518:	0010      	movs	r0, r2
1000051a:	7035      	strb	r5, [r6, #0]
1000051c:	e7ee      	b.n	100004fc <hw_claim_unused_from_range+0x58>
1000051e:	f3bf 8f5f 	dmb	sy
10000522:	2300      	movs	r3, #0
10000524:	602b      	str	r3, [r5, #0]
10000526:	f38c 8810 	msr	PRIMASK, ip
1000052a:	2001      	movs	r0, #1
1000052c:	4240      	negs	r0, r0
1000052e:	4643      	mov	r3, r8
10000530:	2b00      	cmp	r3, #0
10000532:	d0ec      	beq.n	1000050e <hw_claim_unused_from_range+0x6a>
10000534:	9808      	ldr	r0, [sp, #32]
10000536:	f7ff ff65 	bl	10000404 <panic>
1000053a:	46c0      	nop			@ (mov r8, r8)
1000053c:	d000012c 	.word	0xd000012c

10000540 <hw_claim_clear>:
10000540:	b530      	push	{r4, r5, lr}
10000542:	f3ef 8c10 	mrs	ip, PRIMASK
10000546:	b672      	cpsid	i
10000548:	4c0a      	ldr	r4, [pc, #40]	@ (10000574 <hw_claim_clear+0x34>)
1000054a:	6823      	ldr	r3, [r4, #0]
1000054c:	2b00      	cmp	r3, #0
1000054e:	d0fc      	beq.n	1000054a <hw_claim_clear+0xa>
10000550:	f3bf 8f5f 	dmb	sy
10000554:	2307      	movs	r3, #7
10000556:	2201      	movs	r2, #1
10000558:	400b      	ands	r3, r1
1000055a:	409a      	lsls	r2, r3
1000055c:	08cd      	lsrs	r5, r1, #3
1000055e:	5d43      	ldrb	r3, [r0, r5]
10000560:	4393      	bics	r3, r2
10000562:	5543      	strb	r3, [r0, r5]
10000564:	f3bf 8f5f 	dmb	sy
10000568:	2300      	movs	r3, #0
1000056a:	6023      	str	r3, [r4, #0]
1000056c:	f38c 8810 	msr	PRIMASK, ip
10000570:	bd30      	pop	{r4, r5, pc}
10000572:	46c0      	nop			@ (mov r8, r8)
10000574:	d000012c 	.word	0xd000012c

10000578 <next_striped_spin_lock_num>:
10000578:	4a04      	ldr	r2, [pc, #16]	@ (1000058c <next_striped_spin_lock_num+0x14>)
1000057a:	7810      	ldrb	r0, [r2, #0]
1000057c:	1c43      	adds	r3, r0, #1
1000057e:	b2db      	uxtb	r3, r3
10000580:	2b17      	cmp	r3, #23
10000582:	d900      	bls.n	10000586 <next_striped_spin_lock_num+0xe>
10000584:	2310      	movs	r3, #16
10000586:	7013      	strb	r3, [r2, #0]
10000588:	4770      	bx	lr
1000058a:	46c0      	nop			@ (mov r8, r8)
1000058c:	200005f8 	.word	0x200005f8

10000590 <spin_locks_reset>:
10000590:	2100      	movs	r1, #0
10000592:	4b04      	ldr	r3, [pc, #16]	@ (100005a4 <spin_locks_reset+0x14>)
10000594:	4a04      	ldr	r2, [pc, #16]	@ (100005a8 <spin_locks_reset+0x18>)
10000596:	f3bf 8f5f 	dmb	sy
1000059a:	c302      	stmia	r3!, {r1}
1000059c:	4293      	cmp	r3, r2
1000059e:	d1fa      	bne.n	10000596 <spin_locks_reset+0x6>
100005a0:	4770      	bx	lr
100005a2:	46c0      	nop			@ (mov r8, r8)
100005a4:	d0000100 	.word	0xd0000100
100005a8:	d0000180 	.word	0xd0000180

100005ac <runtime_init_per_core_irq_priorities>:
100005ac:	4b05      	ldr	r3, [pc, #20]	@ (100005c4 <runtime_init_per_core_irq_priorities+0x18>)
100005ae:	4a06      	ldr	r2, [pc, #24]	@ (100005c8 <runtime_init_per_core_irq_priorities+0x1c>)
100005b0:	6013      	str	r3, [r2, #0]
100005b2:	4a06      	ldr	r2, [pc, #24]	@ (100005cc <runtime_init_per_core_irq_priorities+0x20>)
100005b4:	6013      	str	r3, [r2, #0]
100005b6:	6053      	str	r3, [r2, #4]
100005b8:	6093      	str	r3, [r2, #8]
100005ba:	60d3      	str	r3, [r2, #12]
100005bc:	6113      	str	r3, [r2, #16]
100005be:	6153      	str	r3, [r2, #20]
100005c0:	6193      	str	r3, [r2, #24]
100005c2:	4770      	bx	lr
100005c4:	80808080 	.word	0x80808080
100005c8:	e000e400 	.word	0xe000e400
100005cc:	e000e404 	.word	0xe000e404

100005d0 <irq_set_enabled>:
100005d0:	231f      	movs	r3, #31
100005d2:	4018      	ands	r0, r3
100005d4:	3b1e      	subs	r3, #30
100005d6:	4083      	lsls	r3, r0
100005d8:	2900      	cmp	r1, #0
100005da:	d005      	beq.n	100005e8 <irq_set_enabled+0x18>
100005dc:	21c0      	movs	r1, #192	@ 0xc0
100005de:	4a04      	ldr	r2, [pc, #16]	@ (100005f0 <irq_set_enabled+0x20>)
100005e0:	0049      	lsls	r1, r1, #1
100005e2:	5053      	str	r3, [r2, r1]
100005e4:	6013      	str	r3, [r2, #0]
100005e6:	4770      	bx	lr
100005e8:	2280      	movs	r2, #128	@ 0x80
100005ea:	4901      	ldr	r1, [pc, #4]	@ (100005f0 <irq_set_enabled+0x20>)
100005ec:	508b      	str	r3, [r1, r2]
100005ee:	e7fa      	b.n	100005e6 <irq_set_enabled+0x16>
100005f0:	e000e100 	.word	0xe000e100

100005f4 <irq_set_pending>:
100005f4:	2301      	movs	r3, #1
100005f6:	4083      	lsls	r3, r0
100005f8:	4a01      	ldr	r2, [pc, #4]	@ (10000600 <irq_set_pending+0xc>)
100005fa:	6013      	str	r3, [r2, #0]
100005fc:	4770      	bx	lr
100005fe:	46c0      	nop			@ (mov r8, r8)
10000600:	e000e200 	.word	0xe000e200

10000604 <irq_set_exclusive_handler>:
10000604:	b510      	push	{r4, lr}
10000606:	f3ef 8c10 	mrs	ip, PRIMASK
1000060a:	b672      	cpsid	i
1000060c:	4a0f      	ldr	r2, [pc, #60]	@ (1000064c <irq_set_exclusive_handler+0x48>)
1000060e:	6813      	ldr	r3, [r2, #0]
10000610:	2b00      	cmp	r3, #0
10000612:	d0fc      	beq.n	1000060e <irq_set_exclusive_handler+0xa>
10000614:	f3bf 8f5f 	dmb	sy
10000618:	4b0d      	ldr	r3, [pc, #52]	@ (10000650 <irq_set_exclusive_handler+0x4c>)
1000061a:	3010      	adds	r0, #16
1000061c:	689b      	ldr	r3, [r3, #8]
1000061e:	0080      	lsls	r0, r0, #2
10000620:	581b      	ldr	r3, [r3, r0]
10000622:	4a0c      	ldr	r2, [pc, #48]	@ (10000654 <irq_set_exclusive_handler+0x50>)
10000624:	4293      	cmp	r3, r2
10000626:	d001      	beq.n	1000062c <irq_set_exclusive_handler+0x28>
10000628:	4299      	cmp	r1, r3
1000062a:	d10c      	bne.n	10000646 <irq_set_exclusive_handler+0x42>
1000062c:	4b08      	ldr	r3, [pc, #32]	@ (10000650 <irq_set_exclusive_handler+0x4c>)
1000062e:	689b      	ldr	r3, [r3, #8]
10000630:	5019      	str	r1, [r3, r0]
10000632:	f3bf 8f5f 	dmb	sy
10000636:	f3bf 8f5f 	dmb	sy
1000063a:	2200      	movs	r2, #0
1000063c:	4b03      	ldr	r3, [pc, #12]	@ (1000064c <irq_set_exclusive_handler+0x48>)
1000063e:	601a      	str	r2, [r3, #0]
10000640:	f38c 8810 	msr	PRIMASK, ip
10000644:	bd10      	pop	{r4, pc}
10000646:	f001 f94d 	bl	100018e4 <hard_assertion_failure>
1000064a:	46c0      	nop			@ (mov r8, r8)
1000064c:	d0000124 	.word	0xd0000124
10000650:	e000ed00 	.word	0xe000ed00
10000654:	100001c1 	.word	0x100001c1

10000658 <irq_add_shared_handler>:
10000658:	b5f0      	push	{r4, r5, r6, r7, lr}
1000065a:	4657      	mov	r7, sl
1000065c:	464e      	mov	r6, r9
1000065e:	46de      	mov	lr, fp
10000660:	4645      	mov	r5, r8
10000662:	b5e0      	push	{r5, r6, r7, lr}
10000664:	468a      	mov	sl, r1
10000666:	b085      	sub	sp, #20
10000668:	0006      	movs	r6, r0
1000066a:	f3ef 8910 	mrs	r9, PRIMASK
1000066e:	b672      	cpsid	i
10000670:	4963      	ldr	r1, [pc, #396]	@ (10000800 <irq_add_shared_handler+0x1a8>)
10000672:	680b      	ldr	r3, [r1, #0]
10000674:	2b00      	cmp	r3, #0
10000676:	d0fc      	beq.n	10000672 <irq_add_shared_handler+0x1a>
10000678:	f3bf 8f5f 	dmb	sy
1000067c:	2100      	movs	r1, #0
1000067e:	4b61      	ldr	r3, [pc, #388]	@ (10000804 <irq_add_shared_handler+0x1ac>)
10000680:	5659      	ldrsb	r1, [r3, r1]
10000682:	468c      	mov	ip, r1
10000684:	2900      	cmp	r1, #0
10000686:	da00      	bge.n	1000068a <irq_add_shared_handler+0x32>
10000688:	e0b7      	b.n	100007fa <irq_add_shared_handler+0x1a2>
1000068a:	0049      	lsls	r1, r1, #1
1000068c:	000d      	movs	r5, r1
1000068e:	4c5e      	ldr	r4, [pc, #376]	@ (10000808 <irq_add_shared_handler+0x1b0>)
10000690:	4465      	add	r5, ip
10000692:	00ad      	lsls	r5, r5, #2
10000694:	1967      	adds	r7, r4, r5
10000696:	9102      	str	r1, [sp, #8]
10000698:	79b9      	ldrb	r1, [r7, #6]
1000069a:	3610      	adds	r6, #16
1000069c:	7019      	strb	r1, [r3, #0]
1000069e:	4b5b      	ldr	r3, [pc, #364]	@ (1000080c <irq_add_shared_handler+0x1b4>)
100006a0:	00b1      	lsls	r1, r6, #2
100006a2:	689b      	ldr	r3, [r3, #8]
100006a4:	9101      	str	r1, [sp, #4]
100006a6:	585b      	ldr	r3, [r3, r1]
100006a8:	1b19      	subs	r1, r3, r4
100006aa:	2947      	cmp	r1, #71	@ 0x47
100006ac:	d835      	bhi.n	1000071a <irq_add_shared_handler+0xc2>
100006ae:	2101      	movs	r1, #1
100006b0:	0018      	movs	r0, r3
100006b2:	4388      	bics	r0, r1
100006b4:	79c6      	ldrb	r6, [r0, #7]
100006b6:	4296      	cmp	r6, r2
100006b8:	d800      	bhi.n	100006bc <irq_add_shared_handler+0x64>
100006ba:	e075      	b.n	100007a8 <irq_add_shared_handler+0x150>
100006bc:	469b      	mov	fp, r3
100006be:	9b02      	ldr	r3, [sp, #8]
100006c0:	9e01      	ldr	r6, [sp, #4]
100006c2:	4698      	mov	r8, r3
100006c4:	9503      	str	r5, [sp, #12]
100006c6:	e007      	b.n	100006d8 <irq_add_shared_handler+0x80>
100006c8:	004d      	lsls	r5, r1, #1
100006ca:	186d      	adds	r5, r5, r1
100006cc:	00ad      	lsls	r5, r5, #2
100006ce:	1965      	adds	r5, r4, r5
100006d0:	79eb      	ldrb	r3, [r5, #7]
100006d2:	4293      	cmp	r3, r2
100006d4:	d94e      	bls.n	10000774 <irq_add_shared_handler+0x11c>
100006d6:	0028      	movs	r0, r5
100006d8:	2106      	movs	r1, #6
100006da:	5641      	ldrsb	r1, [r0, r1]
100006dc:	2900      	cmp	r1, #0
100006de:	daf3      	bge.n	100006c8 <irq_add_shared_handler+0x70>
100006e0:	4645      	mov	r5, r8
100006e2:	465b      	mov	r3, fp
100006e4:	9601      	str	r6, [sp, #4]
100006e6:	9502      	str	r5, [sp, #8]
100006e8:	1d06      	adds	r6, r0, #4
100006ea:	4d49      	ldr	r5, [pc, #292]	@ (10000810 <irq_add_shared_handler+0x1b8>)
100006ec:	9603      	str	r6, [sp, #12]
100006ee:	9e03      	ldr	r6, [sp, #12]
100006f0:	3f04      	subs	r7, #4
100006f2:	1bbf      	subs	r7, r7, r6
100006f4:	053f      	lsls	r7, r7, #20
100006f6:	4e47      	ldr	r6, [pc, #284]	@ (10000814 <irq_add_shared_handler+0x1bc>)
100006f8:	0d7f      	lsrs	r7, r7, #21
100006fa:	4337      	orrs	r7, r6
100006fc:	4666      	mov	r6, ip
100006fe:	8087      	strh	r7, [r0, #4]
10000700:	7186      	strb	r6, [r0, #6]
10000702:	9802      	ldr	r0, [sp, #8]
10000704:	4460      	add	r0, ip
10000706:	0080      	lsls	r0, r0, #2
10000708:	1824      	adds	r4, r4, r0
1000070a:	71e2      	strb	r2, [r4, #7]
1000070c:	4652      	mov	r2, sl
1000070e:	4842      	ldr	r0, [pc, #264]	@ (10000818 <irq_add_shared_handler+0x1c0>)
10000710:	80a5      	strh	r5, [r4, #4]
10000712:	6020      	str	r0, [r4, #0]
10000714:	71a1      	strb	r1, [r4, #6]
10000716:	60a2      	str	r2, [r4, #8]
10000718:	e018      	b.n	1000074c <irq_add_shared_handler+0xf4>
1000071a:	4940      	ldr	r1, [pc, #256]	@ (1000081c <irq_add_shared_handler+0x1c4>)
1000071c:	428b      	cmp	r3, r1
1000071e:	d000      	beq.n	10000722 <irq_add_shared_handler+0xca>
10000720:	e06b      	b.n	100007fa <irq_add_shared_handler+0x1a2>
10000722:	4b3f      	ldr	r3, [pc, #252]	@ (10000820 <irq_add_shared_handler+0x1c8>)
10000724:	493b      	ldr	r1, [pc, #236]	@ (10000814 <irq_add_shared_handler+0x1bc>)
10000726:	5363      	strh	r3, [r4, r5]
10000728:	4b3e      	ldr	r3, [pc, #248]	@ (10000824 <irq_add_shared_handler+0x1cc>)
1000072a:	3502      	adds	r5, #2
1000072c:	3b04      	subs	r3, #4
1000072e:	1965      	adds	r5, r4, r5
10000730:	1b5b      	subs	r3, r3, r5
10000732:	051b      	lsls	r3, r3, #20
10000734:	0d5b      	lsrs	r3, r3, #21
10000736:	430b      	orrs	r3, r1
10000738:	807b      	strh	r3, [r7, #2]
1000073a:	4b3b      	ldr	r3, [pc, #236]	@ (10000828 <irq_add_shared_handler+0x1d0>)
1000073c:	71fa      	strb	r2, [r7, #7]
1000073e:	80bb      	strh	r3, [r7, #4]
10000740:	23ff      	movs	r3, #255	@ 0xff
10000742:	71bb      	strb	r3, [r7, #6]
10000744:	4653      	mov	r3, sl
10000746:	60bb      	str	r3, [r7, #8]
10000748:	2301      	movs	r3, #1
1000074a:	433b      	orrs	r3, r7
1000074c:	4a2f      	ldr	r2, [pc, #188]	@ (1000080c <irq_add_shared_handler+0x1b4>)
1000074e:	9901      	ldr	r1, [sp, #4]
10000750:	6892      	ldr	r2, [r2, #8]
10000752:	5053      	str	r3, [r2, r1]
10000754:	f3bf 8f5f 	dmb	sy
10000758:	f3bf 8f5f 	dmb	sy
1000075c:	2200      	movs	r2, #0
1000075e:	4b28      	ldr	r3, [pc, #160]	@ (10000800 <irq_add_shared_handler+0x1a8>)
10000760:	601a      	str	r2, [r3, #0]
10000762:	f389 8810 	msr	PRIMASK, r9
10000766:	b005      	add	sp, #20
10000768:	bcf0      	pop	{r4, r5, r6, r7}
1000076a:	46bb      	mov	fp, r7
1000076c:	46b2      	mov	sl, r6
1000076e:	46a9      	mov	r9, r5
10000770:	46a0      	mov	r8, r4
10000772:	bdf0      	pop	{r4, r5, r6, r7, pc}
10000774:	9601      	str	r6, [sp, #4]
10000776:	4646      	mov	r6, r8
10000778:	9602      	str	r6, [sp, #8]
1000077a:	8886      	ldrh	r6, [r0, #4]
1000077c:	465b      	mov	r3, fp
1000077e:	0576      	lsls	r6, r6, #21
10000780:	46b3      	mov	fp, r6
10000782:	1d06      	adds	r6, r0, #4
10000784:	9d03      	ldr	r5, [sp, #12]
10000786:	9603      	str	r6, [sp, #12]
10000788:	465e      	mov	r6, fp
1000078a:	1536      	asrs	r6, r6, #20
1000078c:	46b3      	mov	fp, r6
1000078e:	1d06      	adds	r6, r0, #4
10000790:	46b0      	mov	r8, r6
10000792:	44c3      	add	fp, r8
10000794:	465e      	mov	r6, fp
10000796:	3504      	adds	r5, #4
10000798:	1965      	adds	r5, r4, r5
1000079a:	1b75      	subs	r5, r6, r5
1000079c:	26e0      	movs	r6, #224	@ 0xe0
1000079e:	052d      	lsls	r5, r5, #20
100007a0:	0d6d      	lsrs	r5, r5, #21
100007a2:	0236      	lsls	r6, r6, #8
100007a4:	4335      	orrs	r5, r6
100007a6:	e7a2      	b.n	100006ee <irq_add_shared_handler+0x96>
100007a8:	4b20      	ldr	r3, [pc, #128]	@ (1000082c <irq_add_shared_handler+0x1d4>)
100007aa:	71fa      	strb	r2, [r7, #7]
100007ac:	469c      	mov	ip, r3
100007ae:	0003      	movs	r3, r0
100007b0:	4666      	mov	r6, ip
100007b2:	1b1b      	subs	r3, r3, r4
100007b4:	415b      	adcs	r3, r3
100007b6:	435e      	muls	r6, r3
100007b8:	0d36      	lsrs	r6, r6, #20
100007ba:	46b4      	mov	ip, r6
100007bc:	1cae      	adds	r6, r5, #2
100007be:	46b0      	mov	r8, r6
100007c0:	44a0      	add	r8, r4
100007c2:	4646      	mov	r6, r8
100007c4:	4b16      	ldr	r3, [pc, #88]	@ (10000820 <irq_add_shared_handler+0x1c8>)
100007c6:	5363      	strh	r3, [r4, r5]
100007c8:	4b16      	ldr	r3, [pc, #88]	@ (10000824 <irq_add_shared_handler+0x1cc>)
100007ca:	3504      	adds	r5, #4
100007cc:	3b04      	subs	r3, #4
100007ce:	1b9b      	subs	r3, r3, r6
100007d0:	051b      	lsls	r3, r3, #20
100007d2:	4e10      	ldr	r6, [pc, #64]	@ (10000814 <irq_add_shared_handler+0x1bc>)
100007d4:	0d5b      	lsrs	r3, r3, #21
100007d6:	4333      	orrs	r3, r6
100007d8:	807b      	strh	r3, [r7, #2]
100007da:	1963      	adds	r3, r4, r5
100007dc:	1ac3      	subs	r3, r0, r3
100007de:	3b04      	subs	r3, #4
100007e0:	051b      	lsls	r3, r3, #20
100007e2:	0d5b      	lsrs	r3, r3, #21
100007e4:	4333      	orrs	r3, r6
100007e6:	80bb      	strh	r3, [r7, #4]
100007e8:	4663      	mov	r3, ip
100007ea:	71bb      	strb	r3, [r7, #6]
100007ec:	4653      	mov	r3, sl
100007ee:	60bb      	str	r3, [r7, #8]
100007f0:	4b09      	ldr	r3, [pc, #36]	@ (10000818 <irq_add_shared_handler+0x1c0>)
100007f2:	6003      	str	r3, [r0, #0]
100007f4:	003b      	movs	r3, r7
100007f6:	430b      	orrs	r3, r1
100007f8:	e7a8      	b.n	1000074c <irq_add_shared_handler+0xf4>
100007fa:	f001 f873 	bl	100018e4 <hard_assertion_failure>
100007fe:	46c0      	nop			@ (mov r8, r8)
10000800:	d0000124 	.word	0xd0000124
10000804:	20021ef5 	.word	0x20021ef5
10000808:	200005fc 	.word	0x200005fc
1000080c:	e000ed00 	.word	0xe000ed00
10000810:	0000bd01 	.word	0x0000bd01
10000814:	ffffe000 	.word	0xffffe000
10000818:	47804801 	.word	0x47804801
1000081c:	100001c1 	.word	0x100001c1
10000820:	ffffa100 	.word	0xffffa100
10000824:	20000644 	.word	0x20000644
10000828:	ffffbd01 	.word	0xffffbd01
1000082c:	0000aaaa 	.word	0x0000aaaa

10000830 <irq_remove_handler>:
10000830:	b5f0      	push	{r4, r5, r6, r7, lr}
10000832:	46de      	mov	lr, fp
10000834:	4657      	mov	r7, sl
10000836:	464e      	mov	r6, r9
10000838:	4645      	mov	r5, r8
1000083a:	b5e0      	push	{r5, r6, r7, lr}
1000083c:	b083      	sub	sp, #12
1000083e:	f3ef 8c10 	mrs	ip, PRIMASK
10000842:	b672      	cpsid	i
10000844:	4a63      	ldr	r2, [pc, #396]	@ (100009d4 <irq_remove_handler+0x1a4>)
10000846:	6813      	ldr	r3, [r2, #0]
10000848:	2b00      	cmp	r3, #0
1000084a:	d0fc      	beq.n	10000846 <irq_remove_handler+0x16>
1000084c:	f3bf 8f5f 	dmb	sy
10000850:	4b61      	ldr	r3, [pc, #388]	@ (100009d8 <irq_remove_handler+0x1a8>)
10000852:	4c62      	ldr	r4, [pc, #392]	@ (100009dc <irq_remove_handler+0x1ac>)
10000854:	689a      	ldr	r2, [r3, #8]
10000856:	0003      	movs	r3, r0
10000858:	3310      	adds	r3, #16
1000085a:	009d      	lsls	r5, r3, #2
1000085c:	5952      	ldr	r2, [r2, r5]
1000085e:	46a1      	mov	r9, r4
10000860:	42a2      	cmp	r2, r4
10000862:	d03d      	beq.n	100008e0 <irq_remove_handler+0xb0>
10000864:	428a      	cmp	r2, r1
10000866:	d04e      	beq.n	10000906 <irq_remove_handler+0xd6>
10000868:	4c5d      	ldr	r4, [pc, #372]	@ (100009e0 <irq_remove_handler+0x1b0>)
1000086a:	1b16      	subs	r6, r2, r4
1000086c:	2e47      	cmp	r6, #71	@ 0x47
1000086e:	d837      	bhi.n	100008e0 <irq_remove_handler+0xb0>
10000870:	2701      	movs	r7, #1
10000872:	46ba      	mov	sl, r7
10000874:	4087      	lsls	r7, r0
10000876:	4e5b      	ldr	r6, [pc, #364]	@ (100009e4 <irq_remove_handler+0x1b4>)
10000878:	46b0      	mov	r8, r6
1000087a:	6836      	ldr	r6, [r6, #0]
1000087c:	403e      	ands	r6, r7
1000087e:	271f      	movs	r7, #31
10000880:	46b3      	mov	fp, r6
10000882:	4656      	mov	r6, sl
10000884:	4038      	ands	r0, r7
10000886:	4086      	lsls	r6, r0
10000888:	4647      	mov	r7, r8
1000088a:	2080      	movs	r0, #128	@ 0x80
1000088c:	9601      	str	r6, [sp, #4]
1000088e:	503e      	str	r6, [r7, r0]
10000890:	f3bf 8f5f 	dmb	sy
10000894:	f3ef 8005 	mrs	r0, IPSR
10000898:	4680      	mov	r8, r0
1000089a:	2800      	cmp	r0, #0
1000089c:	d035      	beq.n	1000090a <irq_remove_handler+0xda>
1000089e:	4283      	cmp	r3, r0
100008a0:	d000      	beq.n	100008a4 <irq_remove_handler+0x74>
100008a2:	e094      	b.n	100009ce <irq_remove_handler+0x19e>
100008a4:	0010      	movs	r0, r2
100008a6:	4653      	mov	r3, sl
100008a8:	4398      	bics	r0, r3
100008aa:	6886      	ldr	r6, [r0, #8]
100008ac:	42b1      	cmp	r1, r6
100008ae:	d108      	bne.n	100008c2 <irq_remove_handler+0x92>
100008b0:	e07b      	b.n	100009aa <irq_remove_handler+0x17a>
100008b2:	007b      	lsls	r3, r7, #1
100008b4:	19db      	adds	r3, r3, r7
100008b6:	009b      	lsls	r3, r3, #2
100008b8:	18e3      	adds	r3, r4, r3
100008ba:	689e      	ldr	r6, [r3, #8]
100008bc:	42b1      	cmp	r1, r6
100008be:	d036      	beq.n	1000092e <irq_remove_handler+0xfe>
100008c0:	0018      	movs	r0, r3
100008c2:	2706      	movs	r7, #6
100008c4:	57c7      	ldrsb	r7, [r0, r7]
100008c6:	2f00      	cmp	r7, #0
100008c8:	daf3      	bge.n	100008b2 <irq_remove_handler+0x82>
100008ca:	42b1      	cmp	r1, r6
100008cc:	d059      	beq.n	10000982 <irq_remove_handler+0x152>
100008ce:	465b      	mov	r3, fp
100008d0:	2b00      	cmp	r3, #0
100008d2:	d027      	beq.n	10000924 <irq_remove_handler+0xf4>
100008d4:	21c0      	movs	r1, #192	@ 0xc0
100008d6:	4b43      	ldr	r3, [pc, #268]	@ (100009e4 <irq_remove_handler+0x1b4>)
100008d8:	9801      	ldr	r0, [sp, #4]
100008da:	0049      	lsls	r1, r1, #1
100008dc:	5058      	str	r0, [r3, r1]
100008de:	6018      	str	r0, [r3, #0]
100008e0:	4b3d      	ldr	r3, [pc, #244]	@ (100009d8 <irq_remove_handler+0x1a8>)
100008e2:	689b      	ldr	r3, [r3, #8]
100008e4:	515a      	str	r2, [r3, r5]
100008e6:	f3bf 8f5f 	dmb	sy
100008ea:	f3bf 8f5f 	dmb	sy
100008ee:	2200      	movs	r2, #0
100008f0:	4b38      	ldr	r3, [pc, #224]	@ (100009d4 <irq_remove_handler+0x1a4>)
100008f2:	601a      	str	r2, [r3, #0]
100008f4:	f38c 8810 	msr	PRIMASK, ip
100008f8:	b003      	add	sp, #12
100008fa:	bcf0      	pop	{r4, r5, r6, r7}
100008fc:	46bb      	mov	fp, r7
100008fe:	46b2      	mov	sl, r6
10000900:	46a9      	mov	r9, r5
10000902:	46a0      	mov	r8, r4
10000904:	bdf0      	pop	{r4, r5, r6, r7, pc}
10000906:	0022      	movs	r2, r4
10000908:	e7ea      	b.n	100008e0 <irq_remove_handler+0xb0>
1000090a:	0010      	movs	r0, r2
1000090c:	4653      	mov	r3, sl
1000090e:	4398      	bics	r0, r3
10000910:	6886      	ldr	r6, [r0, #8]
10000912:	42b1      	cmp	r1, r6
10000914:	d1d5      	bne.n	100008c2 <irq_remove_handler+0x92>
10000916:	2606      	movs	r6, #6
10000918:	5786      	ldrsb	r6, [r0, r6]
1000091a:	0003      	movs	r3, r0
1000091c:	2e00      	cmp	r6, #0
1000091e:	da0a      	bge.n	10000936 <irq_remove_handler+0x106>
10000920:	464a      	mov	r2, r9
10000922:	e036      	b.n	10000992 <irq_remove_handler+0x162>
10000924:	2380      	movs	r3, #128	@ 0x80
10000926:	492f      	ldr	r1, [pc, #188]	@ (100009e4 <irq_remove_handler+0x1b4>)
10000928:	9801      	ldr	r0, [sp, #4]
1000092a:	50c8      	str	r0, [r1, r3]
1000092c:	e7d8      	b.n	100008e0 <irq_remove_handler+0xb0>
1000092e:	2606      	movs	r6, #6
10000930:	579e      	ldrsb	r6, [r3, r6]
10000932:	2e00      	cmp	r6, #0
10000934:	db26      	blt.n	10000984 <irq_remove_handler+0x154>
10000936:	0071      	lsls	r1, r6, #1
10000938:	1988      	adds	r0, r1, r6
1000093a:	0080      	lsls	r0, r0, #2
1000093c:	1827      	adds	r7, r4, r0
1000093e:	46b8      	mov	r8, r7
10000940:	68bf      	ldr	r7, [r7, #8]
10000942:	609f      	str	r7, [r3, #8]
10000944:	4647      	mov	r7, r8
10000946:	79ff      	ldrb	r7, [r7, #7]
10000948:	71df      	strb	r7, [r3, #7]
1000094a:	4647      	mov	r7, r8
1000094c:	79bf      	ldrb	r7, [r7, #6]
1000094e:	b27f      	sxtb	r7, r7
10000950:	719f      	strb	r7, [r3, #6]
10000952:	2f00      	cmp	r7, #0
10000954:	db27      	blt.n	100009a6 <irq_remove_handler+0x176>
10000956:	4647      	mov	r7, r8
10000958:	88bf      	ldrh	r7, [r7, #4]
1000095a:	057f      	lsls	r7, r7, #21
1000095c:	153f      	asrs	r7, r7, #20
1000095e:	46b8      	mov	r8, r7
10000960:	27e0      	movs	r7, #224	@ 0xe0
10000962:	4480      	add	r8, r0
10000964:	1ae0      	subs	r0, r4, r3
10000966:	4440      	add	r0, r8
10000968:	0500      	lsls	r0, r0, #20
1000096a:	0d40      	lsrs	r0, r0, #21
1000096c:	023f      	lsls	r7, r7, #8
1000096e:	4338      	orrs	r0, r7
10000970:	8098      	strh	r0, [r3, #4]
10000972:	198b      	adds	r3, r1, r6
10000974:	491c      	ldr	r1, [pc, #112]	@ (100009e8 <irq_remove_handler+0x1b8>)
10000976:	009b      	lsls	r3, r3, #2
10000978:	7808      	ldrb	r0, [r1, #0]
1000097a:	18e3      	adds	r3, r4, r3
1000097c:	7198      	strb	r0, [r3, #6]
1000097e:	700e      	strb	r6, [r1, #0]
10000980:	e7a5      	b.n	100008ce <irq_remove_handler+0x9e>
10000982:	0003      	movs	r3, r0
10000984:	4641      	mov	r1, r8
10000986:	2900      	cmp	r1, #0
10000988:	d114      	bne.n	100009b4 <irq_remove_handler+0x184>
1000098a:	31ff      	adds	r1, #255	@ 0xff
1000098c:	7181      	strb	r1, [r0, #6]
1000098e:	4917      	ldr	r1, [pc, #92]	@ (100009ec <irq_remove_handler+0x1bc>)
10000990:	8081      	strh	r1, [r0, #4]
10000992:	4815      	ldr	r0, [pc, #84]	@ (100009e8 <irq_remove_handler+0x1b8>)
10000994:	7801      	ldrb	r1, [r0, #0]
10000996:	7199      	strb	r1, [r3, #6]
10000998:	4915      	ldr	r1, [pc, #84]	@ (100009f0 <irq_remove_handler+0x1c0>)
1000099a:	1b1b      	subs	r3, r3, r4
1000099c:	415b      	adcs	r3, r3
1000099e:	4359      	muls	r1, r3
100009a0:	0d09      	lsrs	r1, r1, #20
100009a2:	7001      	strb	r1, [r0, #0]
100009a4:	e793      	b.n	100008ce <irq_remove_handler+0x9e>
100009a6:	4813      	ldr	r0, [pc, #76]	@ (100009f4 <irq_remove_handler+0x1c4>)
100009a8:	e7e2      	b.n	10000970 <irq_remove_handler+0x140>
100009aa:	2606      	movs	r6, #6
100009ac:	5786      	ldrsb	r6, [r0, r6]
100009ae:	0003      	movs	r3, r0
100009b0:	2e00      	cmp	r6, #0
100009b2:	dac0      	bge.n	10000936 <irq_remove_handler+0x106>
100009b4:	4910      	ldr	r1, [pc, #64]	@ (100009f8 <irq_remove_handler+0x1c8>)
100009b6:	4811      	ldr	r0, [pc, #68]	@ (100009fc <irq_remove_handler+0x1cc>)
100009b8:	1ac9      	subs	r1, r1, r3
100009ba:	3908      	subs	r1, #8
100009bc:	024c      	lsls	r4, r1, #9
100009be:	0d64      	lsrs	r4, r4, #21
100009c0:	4320      	orrs	r0, r4
100009c2:	8098      	strh	r0, [r3, #4]
100009c4:	480e      	ldr	r0, [pc, #56]	@ (10000a00 <irq_remove_handler+0x1d0>)
100009c6:	0849      	lsrs	r1, r1, #1
100009c8:	4301      	orrs	r1, r0
100009ca:	80d9      	strh	r1, [r3, #6]
100009cc:	e77f      	b.n	100008ce <irq_remove_handler+0x9e>
100009ce:	f000 ff89 	bl	100018e4 <hard_assertion_failure>
100009d2:	46c0      	nop			@ (mov r8, r8)
100009d4:	d0000124 	.word	0xd0000124
100009d8:	e000ed00 	.word	0xe000ed00
100009dc:	100001c1 	.word	0x100001c1
100009e0:	200005fc 	.word	0x200005fc
100009e4:	e000e100 	.word	0xe000e100
100009e8:	20021ef5 	.word	0x20021ef5
100009ec:	ffffbd01 	.word	0xffffbd01
100009f0:	0000aaaa 	.word	0x0000aaaa
100009f4:	0000bd01 	.word	0x0000bd01
100009f8:	2000064e 	.word	0x2000064e
100009fc:	fffff000 	.word	0xfffff000
10000a00:	fffff800 	.word	0xfffff800

10000a04 <irq_set_priority>:
10000a04:	b510      	push	{r4, lr}
10000a06:	0883      	lsrs	r3, r0, #2
10000a08:	0004      	movs	r4, r0
10000a0a:	2003      	movs	r0, #3
10000a0c:	4020      	ands	r0, r4
10000a0e:	24ff      	movs	r4, #255	@ 0xff
10000a10:	4a05      	ldr	r2, [pc, #20]	@ (10000a28 <irq_set_priority+0x24>)
10000a12:	00c0      	lsls	r0, r0, #3
10000a14:	4694      	mov	ip, r2
10000a16:	4084      	lsls	r4, r0
10000a18:	4081      	lsls	r1, r0
10000a1a:	009b      	lsls	r3, r3, #2
10000a1c:	4463      	add	r3, ip
10000a1e:	681a      	ldr	r2, [r3, #0]
10000a20:	43a2      	bics	r2, r4
10000a22:	430a      	orrs	r2, r1
10000a24:	601a      	str	r2, [r3, #0]
10000a26:	bd10      	pop	{r4, pc}
10000a28:	e000e400 	.word	0xe000e400

10000a2c <irq_add_tail_to_free_list>:
10000a2c:	b570      	push	{r4, r5, r6, lr}
10000a2e:	2401      	movs	r4, #1
10000a30:	4304      	orrs	r4, r0
10000a32:	f3ef 8105 	mrs	r1, IPSR
10000a36:	f3ef 8c10 	mrs	ip, PRIMASK
10000a3a:	b672      	cpsid	i
10000a3c:	4a27      	ldr	r2, [pc, #156]	@ (10000adc <irq_add_tail_to_free_list+0xb0>)
10000a3e:	6813      	ldr	r3, [r2, #0]
10000a40:	2b00      	cmp	r3, #0
10000a42:	d0fc      	beq.n	10000a3e <irq_add_tail_to_free_list+0x12>
10000a44:	f3bf 8f5f 	dmb	sy
10000a48:	4a25      	ldr	r2, [pc, #148]	@ (10000ae0 <irq_add_tail_to_free_list+0xb4>)
10000a4a:	0005      	movs	r5, r0
10000a4c:	4b25      	ldr	r3, [pc, #148]	@ (10000ae4 <irq_add_tail_to_free_list+0xb8>)
10000a4e:	1aad      	subs	r5, r5, r2
10000a50:	416d      	adcs	r5, r5
10000a52:	436b      	muls	r3, r5
10000a54:	0d1b      	lsrs	r3, r3, #20
10000a56:	4d24      	ldr	r5, [pc, #144]	@ (10000ae8 <irq_add_tail_to_free_list+0xbc>)
10000a58:	0089      	lsls	r1, r1, #2
10000a5a:	68ae      	ldr	r6, [r5, #8]
10000a5c:	b25b      	sxtb	r3, r3
10000a5e:	5876      	ldr	r6, [r6, r1]
10000a60:	42a6      	cmp	r6, r4
10000a62:	d024      	beq.n	10000aae <irq_add_tail_to_free_list+0x82>
10000a64:	2106      	movs	r1, #6
10000a66:	5651      	ldrsb	r1, [r2, r1]
10000a68:	4299      	cmp	r1, r3
10000a6a:	d024      	beq.n	10000ab6 <irq_add_tail_to_free_list+0x8a>
10000a6c:	2112      	movs	r1, #18
10000a6e:	5651      	ldrsb	r1, [r2, r1]
10000a70:	4299      	cmp	r1, r3
10000a72:	d02a      	beq.n	10000aca <irq_add_tail_to_free_list+0x9e>
10000a74:	211e      	movs	r1, #30
10000a76:	5651      	ldrsb	r1, [r2, r1]
10000a78:	4299      	cmp	r1, r3
10000a7a:	d028      	beq.n	10000ace <irq_add_tail_to_free_list+0xa2>
10000a7c:	212a      	movs	r1, #42	@ 0x2a
10000a7e:	5651      	ldrsb	r1, [r2, r1]
10000a80:	4299      	cmp	r1, r3
10000a82:	d026      	beq.n	10000ad2 <irq_add_tail_to_free_list+0xa6>
10000a84:	2136      	movs	r1, #54	@ 0x36
10000a86:	5651      	ldrsb	r1, [r2, r1]
10000a88:	4299      	cmp	r1, r3
10000a8a:	d024      	beq.n	10000ad6 <irq_add_tail_to_free_list+0xaa>
10000a8c:	2142      	movs	r1, #66	@ 0x42
10000a8e:	5651      	ldrsb	r1, [r2, r1]
10000a90:	2405      	movs	r4, #5
10000a92:	4299      	cmp	r1, r3
10000a94:	d010      	beq.n	10000ab8 <irq_add_tail_to_free_list+0x8c>
10000a96:	4a15      	ldr	r2, [pc, #84]	@ (10000aec <irq_add_tail_to_free_list+0xc0>)
10000a98:	7811      	ldrb	r1, [r2, #0]
10000a9a:	7013      	strb	r3, [r2, #0]
10000a9c:	7181      	strb	r1, [r0, #6]
10000a9e:	f3bf 8f5f 	dmb	sy
10000aa2:	2200      	movs	r2, #0
10000aa4:	4b0d      	ldr	r3, [pc, #52]	@ (10000adc <irq_add_tail_to_free_list+0xb0>)
10000aa6:	601a      	str	r2, [r3, #0]
10000aa8:	f38c 8810 	msr	PRIMASK, ip
10000aac:	bd70      	pop	{r4, r5, r6, pc}
10000aae:	68aa      	ldr	r2, [r5, #8]
10000ab0:	4c0f      	ldr	r4, [pc, #60]	@ (10000af0 <irq_add_tail_to_free_list+0xc4>)
10000ab2:	5054      	str	r4, [r2, r1]
10000ab4:	e7ef      	b.n	10000a96 <irq_add_tail_to_free_list+0x6a>
10000ab6:	2400      	movs	r4, #0
10000ab8:	0061      	lsls	r1, r4, #1
10000aba:	1909      	adds	r1, r1, r4
10000abc:	0089      	lsls	r1, r1, #2
10000abe:	1852      	adds	r2, r2, r1
10000ac0:	21ff      	movs	r1, #255	@ 0xff
10000ac2:	7191      	strb	r1, [r2, #6]
10000ac4:	490b      	ldr	r1, [pc, #44]	@ (10000af4 <irq_add_tail_to_free_list+0xc8>)
10000ac6:	8091      	strh	r1, [r2, #4]
10000ac8:	e7e5      	b.n	10000a96 <irq_add_tail_to_free_list+0x6a>
10000aca:	2401      	movs	r4, #1
10000acc:	e7f4      	b.n	10000ab8 <irq_add_tail_to_free_list+0x8c>
10000ace:	2402      	movs	r4, #2
10000ad0:	e7f2      	b.n	10000ab8 <irq_add_tail_to_free_list+0x8c>
10000ad2:	2403      	movs	r4, #3
10000ad4:	e7f0      	b.n	10000ab8 <irq_add_tail_to_free_list+0x8c>
10000ad6:	2404      	movs	r4, #4
10000ad8:	e7ee      	b.n	10000ab8 <irq_add_tail_to_free_list+0x8c>
10000ada:	46c0      	nop			@ (mov r8, r8)
10000adc:	d0000124 	.word	0xd0000124
10000ae0:	200005fc 	.word	0x200005fc
10000ae4:	0000aaaa 	.word	0x0000aaaa
10000ae8:	e000ed00 	.word	0xe000ed00
10000aec:	20021ef5 	.word	0x20021ef5
10000af0:	100001c1 	.word	0x100001c1
10000af4:	ffffbd01 	.word	0xffffbd01

10000af8 <user_irq_unclaim>:
10000af8:	211f      	movs	r1, #31
10000afa:	b510      	push	{r4, lr}
10000afc:	1a09      	subs	r1, r1, r0
10000afe:	4802      	ldr	r0, [pc, #8]	@ (10000b08 <user_irq_unclaim+0x10>)
10000b00:	f7ff fd1e 	bl	10000540 <hw_claim_clear>
10000b04:	bd10      	pop	{r4, pc}
10000b06:	46c0      	nop			@ (mov r8, r8)
10000b08:	20021ef6 	.word	0x20021ef6

10000b0c <user_irq_claim_unused>:
10000b0c:	b510      	push	{r4, lr}
10000b0e:	4b08      	ldr	r3, [pc, #32]	@ (10000b30 <user_irq_claim_unused+0x24>)
10000b10:	4c08      	ldr	r4, [pc, #32]	@ (10000b34 <user_irq_claim_unused+0x28>)
10000b12:	b082      	sub	sp, #8
10000b14:	0001      	movs	r1, r0
10000b16:	9300      	str	r3, [sp, #0]
10000b18:	2200      	movs	r2, #0
10000b1a:	2305      	movs	r3, #5
10000b1c:	0020      	movs	r0, r4
10000b1e:	f7ff fcc1 	bl	100004a4 <hw_claim_unused_from_range>
10000b22:	2800      	cmp	r0, #0
10000b24:	db01      	blt.n	10000b2a <user_irq_claim_unused+0x1e>
10000b26:	231f      	movs	r3, #31
10000b28:	1a18      	subs	r0, r3, r0
10000b2a:	b002      	add	sp, #8
10000b2c:	bd10      	pop	{r4, pc}
10000b2e:	46c0      	nop			@ (mov r8, r8)
10000b30:	10009938 	.word	0x10009938
10000b34:	20021ef6 	.word	0x20021ef6

10000b38 <sem_init>:
10000b38:	b570      	push	{r4, r5, r6, lr}
10000b3a:	0004      	movs	r4, r0
10000b3c:	000e      	movs	r6, r1
10000b3e:	0015      	movs	r5, r2
10000b40:	f7ff fd1a 	bl	10000578 <next_striped_spin_lock_num>
10000b44:	0001      	movs	r1, r0
10000b46:	0020      	movs	r0, r4
10000b48:	f000 f806 	bl	10000b58 <lock_init>
10000b4c:	80a6      	strh	r6, [r4, #4]
10000b4e:	80e5      	strh	r5, [r4, #6]
10000b50:	f3bf 8f5f 	dmb	sy
10000b54:	bd70      	pop	{r4, r5, r6, pc}
10000b56:	46c0      	nop			@ (mov r8, r8)

10000b58 <lock_init>:
10000b58:	4b02      	ldr	r3, [pc, #8]	@ (10000b64 <lock_init+0xc>)
10000b5a:	469c      	mov	ip, r3
10000b5c:	4461      	add	r1, ip
10000b5e:	0089      	lsls	r1, r1, #2
10000b60:	6001      	str	r1, [r0, #0]
10000b62:	4770      	bx	lr
10000b64:	34000040 	.word	0x34000040

10000b68 <runtime_init_mutex>:
10000b68:	b5f8      	push	{r3, r4, r5, r6, r7, lr}
10000b6a:	4c12      	ldr	r4, [pc, #72]	@ (10000bb4 <runtime_init_mutex+0x4c>)
10000b6c:	4d12      	ldr	r5, [pc, #72]	@ (10000bb8 <runtime_init_mutex+0x50>)
10000b6e:	42ac      	cmp	r4, r5
10000b70:	d212      	bcs.n	10000b98 <runtime_init_mutex+0x30>
10000b72:	2601      	movs	r6, #1
10000b74:	2700      	movs	r7, #0
10000b76:	4276      	negs	r6, r6
10000b78:	6823      	ldr	r3, [r4, #0]
10000b7a:	2b00      	cmp	r3, #0
10000b7c:	d00d      	beq.n	10000b9a <runtime_init_mutex+0x32>
10000b7e:	f7ff fcfb 	bl	10000578 <next_striped_spin_lock_num>
10000b82:	0001      	movs	r1, r0
10000b84:	0020      	movs	r0, r4
10000b86:	f7ff ffe7 	bl	10000b58 <lock_init>
10000b8a:	6066      	str	r6, [r4, #4]
10000b8c:	7227      	strb	r7, [r4, #8]
10000b8e:	f3bf 8f5f 	dmb	sy
10000b92:	340c      	adds	r4, #12
10000b94:	42ac      	cmp	r4, r5
10000b96:	d3ef      	bcc.n	10000b78 <runtime_init_mutex+0x10>
10000b98:	bdf8      	pop	{r3, r4, r5, r6, r7, pc}
10000b9a:	f7ff fced 	bl	10000578 <next_striped_spin_lock_num>
10000b9e:	0001      	movs	r1, r0
10000ba0:	0020      	movs	r0, r4
10000ba2:	f7ff ffd9 	bl	10000b58 <lock_init>
10000ba6:	6066      	str	r6, [r4, #4]
10000ba8:	f3bf 8f5f 	dmb	sy
10000bac:	3408      	adds	r4, #8
10000bae:	42ac      	cmp	r4, r5
10000bb0:	d3e2      	bcc.n	10000b78 <runtime_init_mutex+0x10>
10000bb2:	e7f1      	b.n	10000b98 <runtime_init_mutex+0x30>
10000bb4:	20000c08 	.word	0x20000c08
10000bb8:	20000c18 	.word	0x20000c18

10000bbc <recursive_mutex_init>:
10000bbc:	b510      	push	{r4, lr}
10000bbe:	0004      	movs	r4, r0
10000bc0:	f7ff fcda 	bl	10000578 <next_striped_spin_lock_num>
10000bc4:	0001      	movs	r1, r0
10000bc6:	0020      	movs	r0, r4
10000bc8:	f7ff ffc6 	bl	10000b58 <lock_init>
10000bcc:	2301      	movs	r3, #1
10000bce:	425b      	negs	r3, r3
10000bd0:	6063      	str	r3, [r4, #4]
10000bd2:	2300      	movs	r3, #0
10000bd4:	7223      	strb	r3, [r4, #8]
10000bd6:	f3bf 8f5f 	dmb	sy
10000bda:	bd10      	pop	{r4, pc}

10000bdc <alarm_pool_irq_handler>:
10000bdc:	b5f0      	push	{r4, r5, r6, r7, lr}
10000bde:	46de      	mov	lr, fp
10000be0:	4657      	mov	r7, sl
10000be2:	464e      	mov	r6, r9
10000be4:	4645      	mov	r5, r8
10000be6:	b5e0      	push	{r5, r6, r7, lr}
10000be8:	b083      	sub	sp, #12
10000bea:	f3ef 8205 	mrs	r2, IPSR
10000bee:	2303      	movs	r3, #3
10000bf0:	4013      	ands	r3, r2
10000bf2:	4ab5      	ldr	r2, [pc, #724]	@ (10000ec8 <alarm_pool_irq_handler+0x2ec>)
10000bf4:	0099      	lsls	r1, r3, #2
10000bf6:	5852      	ldr	r2, [r2, r1]
10000bf8:	9100      	str	r1, [sp, #0]
10000bfa:	4690      	mov	r8, r2
10000bfc:	2201      	movs	r2, #1
10000bfe:	409a      	lsls	r2, r3
10000c00:	4693      	mov	fp, r2
10000c02:	4bb2      	ldr	r3, [pc, #712]	@ (10000ecc <alarm_pool_irq_handler+0x2f0>)
10000c04:	601a      	str	r2, [r3, #0]
10000c06:	4bb2      	ldr	r3, [pc, #712]	@ (10000ed0 <alarm_pool_irq_handler+0x2f4>)
10000c08:	9301      	str	r3, [sp, #4]
10000c0a:	465b      	mov	r3, fp
10000c0c:	48b1      	ldr	r0, [pc, #708]	@ (10000ed4 <alarm_pool_irq_handler+0x2f8>)
10000c0e:	6343      	str	r3, [r0, #52]	@ 0x34
10000c10:	4643      	mov	r3, r8
10000c12:	2208      	movs	r2, #8
10000c14:	5e9b      	ldrsh	r3, [r3, r2]
10000c16:	4699      	mov	r9, r3
10000c18:	2b00      	cmp	r3, #0
10000c1a:	da3a      	bge.n	10000c92 <alarm_pool_irq_handler+0xb6>
10000c1c:	4643      	mov	r3, r8
10000c1e:	889b      	ldrh	r3, [r3, #4]
10000c20:	b21b      	sxth	r3, r3
10000c22:	2b00      	cmp	r3, #0
10000c24:	db00      	blt.n	10000c28 <alarm_pool_irq_handler+0x4c>
10000c26:	e09d      	b.n	10000d64 <alarm_pool_irq_handler+0x188>
10000c28:	4643      	mov	r3, r8
10000c2a:	799b      	ldrb	r3, [r3, #6]
10000c2c:	2b00      	cmp	r3, #0
10000c2e:	d000      	beq.n	10000c32 <alarm_pool_irq_handler+0x56>
10000c30:	e0e1      	b.n	10000df6 <alarm_pool_irq_handler+0x21a>
10000c32:	4643      	mov	r3, r8
10000c34:	2408      	movs	r4, #8
10000c36:	5f1c      	ldrsh	r4, [r3, r4]
10000c38:	2c00      	cmp	r4, #0
10000c3a:	db20      	blt.n	10000c7e <alarm_pool_irq_handler+0xa2>
10000c3c:	4643      	mov	r3, r8
10000c3e:	695a      	ldr	r2, [r3, #20]
10000c40:	0063      	lsls	r3, r4, #1
10000c42:	191b      	adds	r3, r3, r4
10000c44:	00db      	lsls	r3, r3, #3
10000c46:	18d3      	adds	r3, r2, r3
10000c48:	689d      	ldr	r5, [r3, #8]
10000c4a:	68dc      	ldr	r4, [r3, #12]
10000c4c:	1c6b      	adds	r3, r5, #1
10000c4e:	d100      	bne.n	10000c52 <alarm_pool_irq_handler+0x76>
10000c50:	e103      	b.n	10000e5a <alarm_pool_irq_handler+0x27e>
10000c52:	48a0      	ldr	r0, [pc, #640]	@ (10000ed4 <alarm_pool_irq_handler+0x2f8>)
10000c54:	9900      	ldr	r1, [sp, #0]
10000c56:	4684      	mov	ip, r0
10000c58:	4461      	add	r1, ip
10000c5a:	6a82      	ldr	r2, [r0, #40]	@ 0x28
10000c5c:	690b      	ldr	r3, [r1, #16]
10000c5e:	1aae      	subs	r6, r5, r2
10000c60:	1a9b      	subs	r3, r3, r2
10000c62:	429e      	cmp	r6, r3
10000c64:	d313      	bcc.n	10000c8e <alarm_pool_irq_handler+0xb2>
10000c66:	465a      	mov	r2, fp
10000c68:	6a03      	ldr	r3, [r0, #32]
10000c6a:	421a      	tst	r2, r3
10000c6c:	d00f      	beq.n	10000c8e <alarm_pool_irq_handler+0xb2>
10000c6e:	4899      	ldr	r0, [pc, #612]	@ (10000ed4 <alarm_pool_irq_handler+0x2f8>)
10000c70:	f000 fc70 	bl	10001554 <timer_time_us_64>
10000c74:	428c      	cmp	r4, r1
10000c76:	dc02      	bgt.n	10000c7e <alarm_pool_irq_handler+0xa2>
10000c78:	d1c7      	bne.n	10000c0a <alarm_pool_irq_handler+0x2e>
10000c7a:	4285      	cmp	r5, r0
10000c7c:	d9c5      	bls.n	10000c0a <alarm_pool_irq_handler+0x2e>
10000c7e:	bf40      	sev
10000c80:	b003      	add	sp, #12
10000c82:	bcf0      	pop	{r4, r5, r6, r7}
10000c84:	46bb      	mov	fp, r7
10000c86:	46b2      	mov	sl, r6
10000c88:	46a9      	mov	r9, r5
10000c8a:	46a0      	mov	r8, r4
10000c8c:	bdf0      	pop	{r4, r5, r6, r7, pc}
10000c8e:	610d      	str	r5, [r1, #16]
10000c90:	e7ed      	b.n	10000c6e <alarm_pool_irq_handler+0x92>
10000c92:	4642      	mov	r2, r8
10000c94:	6952      	ldr	r2, [r2, #20]
10000c96:	005b      	lsls	r3, r3, #1
10000c98:	4692      	mov	sl, r2
10000c9a:	444b      	add	r3, r9
10000c9c:	00db      	lsls	r3, r3, #3
10000c9e:	449a      	add	sl, r3
10000ca0:	4653      	mov	r3, sl
10000ca2:	689e      	ldr	r6, [r3, #8]
10000ca4:	68df      	ldr	r7, [r3, #12]
10000ca6:	f000 fc55 	bl	10001554 <timer_time_us_64>
10000caa:	428f      	cmp	r7, r1
10000cac:	dcb6      	bgt.n	10000c1c <alarm_pool_irq_handler+0x40>
10000cae:	d100      	bne.n	10000cb2 <alarm_pool_irq_handler+0xd6>
10000cb0:	e0f8      	b.n	10000ea4 <alarm_pool_irq_handler+0x2c8>
10000cb2:	2f00      	cmp	r7, #0
10000cb4:	da00      	bge.n	10000cb8 <alarm_pool_irq_handler+0xdc>
10000cb6:	e0d9      	b.n	10000e6c <alarm_pool_irq_handler+0x290>
10000cb8:	4652      	mov	r2, sl
10000cba:	4653      	mov	r3, sl
10000cbc:	6954      	ldr	r4, [r2, #20]
10000cbe:	691b      	ldr	r3, [r3, #16]
10000cc0:	9a01      	ldr	r2, [sp, #4]
10000cc2:	4293      	cmp	r3, r2
10000cc4:	d100      	bne.n	10000cc8 <alarm_pool_irq_handler+0xec>
10000cc6:	e0cc      	b.n	10000e62 <alarm_pool_irq_handler+0x286>
10000cc8:	4641      	mov	r1, r8
10000cca:	4652      	mov	r2, sl
10000ccc:	2008      	movs	r0, #8
10000cce:	5e08      	ldrsh	r0, [r1, r0]
10000cd0:	8852      	ldrh	r2, [r2, #2]
10000cd2:	0400      	lsls	r0, r0, #16
10000cd4:	0021      	movs	r1, r4
10000cd6:	4310      	orrs	r0, r2
10000cd8:	4798      	blx	r3
10000cda:	0004      	movs	r4, r0
10000cdc:	000d      	movs	r5, r1
10000cde:	0023      	movs	r3, r4
10000ce0:	432b      	orrs	r3, r5
10000ce2:	d100      	bne.n	10000ce6 <alarm_pool_irq_handler+0x10a>
10000ce4:	e0c2      	b.n	10000e6c <alarm_pool_irq_handler+0x290>
10000ce6:	2d00      	cmp	r5, #0
10000ce8:	db00      	blt.n	10000cec <alarm_pool_irq_handler+0x110>
10000cea:	e0df      	b.n	10000eac <alarm_pool_irq_handler+0x2d0>
10000cec:	0030      	movs	r0, r6
10000cee:	0039      	movs	r1, r7
10000cf0:	1b00      	subs	r0, r0, r4
10000cf2:	41a9      	sbcs	r1, r5
10000cf4:	4653      	mov	r3, sl
10000cf6:	6098      	str	r0, [r3, #8]
10000cf8:	60d9      	str	r1, [r3, #12]
10000cfa:	2200      	movs	r2, #0
10000cfc:	5e9a      	ldrsh	r2, [r3, r2]
10000cfe:	2a00      	cmp	r2, #0
10000d00:	da00      	bge.n	10000d04 <alarm_pool_irq_handler+0x128>
10000d02:	e78b      	b.n	10000c1c <alarm_pool_irq_handler+0x40>
10000d04:	4643      	mov	r3, r8
10000d06:	695d      	ldr	r5, [r3, #20]
10000d08:	0053      	lsls	r3, r2, #1
10000d0a:	189c      	adds	r4, r3, r2
10000d0c:	00e4      	lsls	r4, r4, #3
10000d0e:	192c      	adds	r4, r5, r4
10000d10:	68a7      	ldr	r7, [r4, #8]
10000d12:	68e4      	ldr	r4, [r4, #12]
10000d14:	428c      	cmp	r4, r1
10000d16:	dd00      	ble.n	10000d1a <alarm_pool_irq_handler+0x13e>
10000d18:	e780      	b.n	10000c1c <alarm_pool_irq_handler+0x40>
10000d1a:	d102      	bne.n	10000d22 <alarm_pool_irq_handler+0x146>
10000d1c:	4287      	cmp	r7, r0
10000d1e:	d900      	bls.n	10000d22 <alarm_pool_irq_handler+0x146>
10000d20:	e77c      	b.n	10000c1c <alarm_pool_irq_handler+0x40>
10000d22:	4646      	mov	r6, r8
10000d24:	8132      	strh	r2, [r6, #8]
10000d26:	3608      	adds	r6, #8
10000d28:	e00d      	b.n	10000d46 <alarm_pool_irq_handler+0x16a>
10000d2a:	428c      	cmp	r4, r1
10000d2c:	d100      	bne.n	10000d30 <alarm_pool_irq_handler+0x154>
10000d2e:	e0c6      	b.n	10000ebe <alarm_pool_irq_handler+0x2e2>
10000d30:	001e      	movs	r6, r3
10000d32:	2300      	movs	r3, #0
10000d34:	5ef2      	ldrsh	r2, [r6, r3]
10000d36:	2a00      	cmp	r2, #0
10000d38:	db0a      	blt.n	10000d50 <alarm_pool_irq_handler+0x174>
10000d3a:	0053      	lsls	r3, r2, #1
10000d3c:	189c      	adds	r4, r3, r2
10000d3e:	00e4      	lsls	r4, r4, #3
10000d40:	192c      	adds	r4, r5, r4
10000d42:	68a7      	ldr	r7, [r4, #8]
10000d44:	68e4      	ldr	r4, [r4, #12]
10000d46:	189b      	adds	r3, r3, r2
10000d48:	00db      	lsls	r3, r3, #3
10000d4a:	18eb      	adds	r3, r5, r3
10000d4c:	428c      	cmp	r4, r1
10000d4e:	ddec      	ble.n	10000d2a <alarm_pool_irq_handler+0x14e>
10000d50:	4653      	mov	r3, sl
10000d52:	801a      	strh	r2, [r3, #0]
10000d54:	464b      	mov	r3, r9
10000d56:	8033      	strh	r3, [r6, #0]
10000d58:	4643      	mov	r3, r8
10000d5a:	889b      	ldrh	r3, [r3, #4]
10000d5c:	b21b      	sxth	r3, r3
10000d5e:	2b00      	cmp	r3, #0
10000d60:	da00      	bge.n	10000d64 <alarm_pool_irq_handler+0x188>
10000d62:	e761      	b.n	10000c28 <alarm_pool_irq_handler+0x4c>
10000d64:	4643      	mov	r3, r8
10000d66:	691a      	ldr	r2, [r3, #16]
10000d68:	f3ef 8110 	mrs	r1, PRIMASK
10000d6c:	b672      	cpsid	i
10000d6e:	6813      	ldr	r3, [r2, #0]
10000d70:	2b00      	cmp	r3, #0
10000d72:	d0fc      	beq.n	10000d6e <alarm_pool_irq_handler+0x192>
10000d74:	f3bf 8f5f 	dmb	sy
10000d78:	4643      	mov	r3, r8
10000d7a:	889e      	ldrh	r6, [r3, #4]
10000d7c:	2301      	movs	r3, #1
10000d7e:	4642      	mov	r2, r8
10000d80:	425b      	negs	r3, r3
10000d82:	8093      	strh	r3, [r2, #4]
10000d84:	b236      	sxth	r6, r6
10000d86:	6913      	ldr	r3, [r2, #16]
10000d88:	f3bf 8f5f 	dmb	sy
10000d8c:	2200      	movs	r2, #0
10000d8e:	601a      	str	r2, [r3, #0]
10000d90:	f381 8810 	msr	PRIMASK, r1
10000d94:	2e00      	cmp	r6, #0
10000d96:	da00      	bge.n	10000d9a <alarm_pool_irq_handler+0x1be>
10000d98:	e746      	b.n	10000c28 <alarm_pool_irq_handler+0x4c>
10000d9a:	4643      	mov	r3, r8
10000d9c:	695d      	ldr	r5, [r3, #20]
10000d9e:	3308      	adds	r3, #8
10000da0:	4642      	mov	r2, r8
10000da2:	469c      	mov	ip, r3
10000da4:	0077      	lsls	r7, r6, #1
10000da6:	19bf      	adds	r7, r7, r6
10000da8:	00ff      	lsls	r7, r7, #3
10000daa:	19ef      	adds	r7, r5, r7
10000dac:	68bb      	ldr	r3, [r7, #8]
10000dae:	4660      	mov	r0, ip
10000db0:	4698      	mov	r8, r3
10000db2:	2308      	movs	r3, #8
10000db4:	5ed1      	ldrsh	r1, [r2, r3]
10000db6:	4692      	mov	sl, r2
10000db8:	68fc      	ldr	r4, [r7, #12]
10000dba:	2900      	cmp	r1, #0
10000dbc:	da07      	bge.n	10000dce <alarm_pool_irq_handler+0x1f2>
10000dbe:	e00e      	b.n	10000dde <alarm_pool_irq_handler+0x202>
10000dc0:	42a2      	cmp	r2, r4
10000dc2:	d046      	beq.n	10000e52 <alarm_pool_irq_handler+0x276>
10000dc4:	0018      	movs	r0, r3
10000dc6:	2300      	movs	r3, #0
10000dc8:	5ec1      	ldrsh	r1, [r0, r3]
10000dca:	2900      	cmp	r1, #0
10000dcc:	db06      	blt.n	10000ddc <alarm_pool_irq_handler+0x200>
10000dce:	004b      	lsls	r3, r1, #1
10000dd0:	185b      	adds	r3, r3, r1
10000dd2:	00db      	lsls	r3, r3, #3
10000dd4:	18eb      	adds	r3, r5, r3
10000dd6:	68da      	ldr	r2, [r3, #12]
10000dd8:	42a2      	cmp	r2, r4
10000dda:	ddf1      	ble.n	10000dc0 <alarm_pool_irq_handler+0x1e4>
10000ddc:	4652      	mov	r2, sl
10000dde:	8006      	strh	r6, [r0, #0]
10000de0:	2300      	movs	r3, #0
10000de2:	5efe      	ldrsh	r6, [r7, r3]
10000de4:	8039      	strh	r1, [r7, #0]
10000de6:	2e00      	cmp	r6, #0
10000de8:	dadc      	bge.n	10000da4 <alarm_pool_irq_handler+0x1c8>
10000dea:	4690      	mov	r8, r2
10000dec:	4643      	mov	r3, r8
10000dee:	799b      	ldrb	r3, [r3, #6]
10000df0:	2b00      	cmp	r3, #0
10000df2:	d100      	bne.n	10000df6 <alarm_pool_irq_handler+0x21a>
10000df4:	e71d      	b.n	10000c32 <alarm_pool_irq_handler+0x56>
10000df6:	2300      	movs	r3, #0
10000df8:	4642      	mov	r2, r8
10000dfa:	7193      	strb	r3, [r2, #6]
10000dfc:	4643      	mov	r3, r8
10000dfe:	4646      	mov	r6, r8
10000e00:	2108      	movs	r1, #8
10000e02:	5e59      	ldrsh	r1, [r3, r1]
10000e04:	3608      	adds	r6, #8
10000e06:	1c4b      	adds	r3, r1, #1
10000e08:	d100      	bne.n	10000e0c <alarm_pool_irq_handler+0x230>
10000e0a:	e738      	b.n	10000c7e <alarm_pool_irq_handler+0xa2>
10000e0c:	4647      	mov	r7, r8
10000e0e:	4689      	mov	r9, r1
10000e10:	6955      	ldr	r5, [r2, #20]
10000e12:	e002      	b.n	10000e1a <alarm_pool_irq_handler+0x23e>
10000e14:	0006      	movs	r6, r0
10000e16:	1c4b      	adds	r3, r1, #1
10000e18:	d018      	beq.n	10000e4c <alarm_pool_irq_handler+0x270>
10000e1a:	004b      	lsls	r3, r1, #1
10000e1c:	185b      	adds	r3, r3, r1
10000e1e:	00db      	lsls	r3, r3, #3
10000e20:	18e8      	adds	r0, r5, r3
10000e22:	000a      	movs	r2, r1
10000e24:	468c      	mov	ip, r1
10000e26:	5ee9      	ldrsh	r1, [r5, r3]
10000e28:	8843      	ldrh	r3, [r0, #2]
10000e2a:	b21b      	sxth	r3, r3
10000e2c:	2b00      	cmp	r3, #0
10000e2e:	daf1      	bge.n	10000e14 <alarm_pool_irq_handler+0x238>
10000e30:	2301      	movs	r3, #1
10000e32:	425b      	negs	r3, r3
10000e34:	17dc      	asrs	r4, r3, #31
10000e36:	6083      	str	r3, [r0, #8]
10000e38:	60c4      	str	r4, [r0, #12]
10000e3a:	454a      	cmp	r2, r9
10000e3c:	d003      	beq.n	10000e46 <alarm_pool_irq_handler+0x26a>
10000e3e:	8031      	strh	r1, [r6, #0]
10000e40:	893b      	ldrh	r3, [r7, #8]
10000e42:	8003      	strh	r3, [r0, #0]
10000e44:	813a      	strh	r2, [r7, #8]
10000e46:	46e1      	mov	r9, ip
10000e48:	1c4b      	adds	r3, r1, #1
10000e4a:	d1e6      	bne.n	10000e1a <alarm_pool_irq_handler+0x23e>
10000e4c:	46b8      	mov	r8, r7
10000e4e:	464c      	mov	r4, r9
10000e50:	e6f2      	b.n	10000c38 <alarm_pool_irq_handler+0x5c>
10000e52:	689a      	ldr	r2, [r3, #8]
10000e54:	4542      	cmp	r2, r8
10000e56:	d9b5      	bls.n	10000dc4 <alarm_pool_irq_handler+0x1e8>
10000e58:	e7c0      	b.n	10000ddc <alarm_pool_irq_handler+0x200>
10000e5a:	1c63      	adds	r3, r4, #1
10000e5c:	d000      	beq.n	10000e60 <alarm_pool_irq_handler+0x284>
10000e5e:	e6f8      	b.n	10000c52 <alarm_pool_irq_handler+0x76>
10000e60:	e705      	b.n	10000c6e <alarm_pool_irq_handler+0x92>
10000e62:	0020      	movs	r0, r4
10000e64:	6923      	ldr	r3, [r4, #16]
10000e66:	4798      	blx	r3
10000e68:	2800      	cmp	r0, #0
10000e6a:	d125      	bne.n	10000eb8 <alarm_pool_irq_handler+0x2dc>
10000e6c:	4653      	mov	r3, sl
10000e6e:	4642      	mov	r2, r8
10000e70:	881b      	ldrh	r3, [r3, #0]
10000e72:	8113      	strh	r3, [r2, #8]
10000e74:	6912      	ldr	r2, [r2, #16]
10000e76:	f3ef 8310 	mrs	r3, PRIMASK
10000e7a:	b672      	cpsid	i
10000e7c:	6811      	ldr	r1, [r2, #0]
10000e7e:	2900      	cmp	r1, #0
10000e80:	d0fc      	beq.n	10000e7c <alarm_pool_irq_handler+0x2a0>
10000e82:	f3bf 8f5f 	dmb	sy
10000e86:	4642      	mov	r2, r8
10000e88:	4651      	mov	r1, sl
10000e8a:	8852      	ldrh	r2, [r2, #2]
10000e8c:	800a      	strh	r2, [r1, #0]
10000e8e:	4642      	mov	r2, r8
10000e90:	4649      	mov	r1, r9
10000e92:	8051      	strh	r1, [r2, #2]
10000e94:	6912      	ldr	r2, [r2, #16]
10000e96:	f3bf 8f5f 	dmb	sy
10000e9a:	2100      	movs	r1, #0
10000e9c:	6011      	str	r1, [r2, #0]
10000e9e:	f383 8810 	msr	PRIMASK, r3
10000ea2:	e6bb      	b.n	10000c1c <alarm_pool_irq_handler+0x40>
10000ea4:	4286      	cmp	r6, r0
10000ea6:	d800      	bhi.n	10000eaa <alarm_pool_irq_handler+0x2ce>
10000ea8:	e703      	b.n	10000cb2 <alarm_pool_irq_handler+0xd6>
10000eaa:	e6b7      	b.n	10000c1c <alarm_pool_irq_handler+0x40>
10000eac:	4809      	ldr	r0, [pc, #36]	@ (10000ed4 <alarm_pool_irq_handler+0x2f8>)
10000eae:	f000 fb51 	bl	10001554 <timer_time_us_64>
10000eb2:	1900      	adds	r0, r0, r4
10000eb4:	4169      	adcs	r1, r5
10000eb6:	e71d      	b.n	10000cf4 <alarm_pool_irq_handler+0x118>
10000eb8:	6865      	ldr	r5, [r4, #4]
10000eba:	6824      	ldr	r4, [r4, #0]
10000ebc:	e70f      	b.n	10000cde <alarm_pool_irq_handler+0x102>
10000ebe:	4287      	cmp	r7, r0
10000ec0:	d800      	bhi.n	10000ec4 <alarm_pool_irq_handler+0x2e8>
10000ec2:	e735      	b.n	10000d30 <alarm_pool_irq_handler+0x154>
10000ec4:	e744      	b.n	10000d50 <alarm_pool_irq_handler+0x174>
10000ec6:	46c0      	nop			@ (mov r8, r8)
10000ec8:	20001ac0 	.word	0x20001ac0
10000ecc:	4005703c 	.word	0x4005703c
10000ed0:	10000bdd 	.word	0x10000bdd
10000ed4:	40054000 	.word	0x40054000

10000ed8 <sleep_until_callback>:
10000ed8:	4807      	ldr	r0, [pc, #28]	@ (10000ef8 <sleep_until_callback+0x20>)
10000eda:	b510      	push	{r4, lr}
10000edc:	6802      	ldr	r2, [r0, #0]
10000ede:	f3ef 8110 	mrs	r1, PRIMASK
10000ee2:	b672      	cpsid	i
10000ee4:	6813      	ldr	r3, [r2, #0]
10000ee6:	2b00      	cmp	r3, #0
10000ee8:	d0fc      	beq.n	10000ee4 <sleep_until_callback+0xc>
10000eea:	f3bf 8f5f 	dmb	sy
10000eee:	f003 fa81 	bl	100043f4 <vPortLockInternalSpinUnlockWithNotify>
10000ef2:	2000      	movs	r0, #0
10000ef4:	2100      	movs	r1, #0
10000ef6:	bd10      	pop	{r4, pc}
10000ef8:	20001e7c 	.word	0x20001e7c

10000efc <runtime_init_default_alarm_pool>:
10000efc:	b570      	push	{r4, r5, r6, lr}
10000efe:	4c2e      	ldr	r4, [pc, #184]	@ (10000fb8 <runtime_init_default_alarm_pool+0xbc>)
10000f00:	6925      	ldr	r5, [r4, #16]
10000f02:	2d00      	cmp	r5, #0
10000f04:	d004      	beq.n	10000f10 <runtime_init_default_alarm_pool+0x14>
10000f06:	210a      	movs	r1, #10
10000f08:	482c      	ldr	r0, [pc, #176]	@ (10000fbc <runtime_init_default_alarm_pool+0xc0>)
10000f0a:	f7ff fe25 	bl	10000b58 <lock_init>
10000f0e:	bd70      	pop	{r4, r5, r6, pc}
10000f10:	4e2b      	ldr	r6, [pc, #172]	@ (10000fc0 <runtime_init_default_alarm_pool+0xc4>)
10000f12:	2103      	movs	r1, #3
10000f14:	0030      	movs	r0, r6
10000f16:	f000 fafb 	bl	10001510 <timer_hardware_alarm_claim>
10000f1a:	60e6      	str	r6, [r4, #12]
10000f1c:	f7ff fb2c 	bl	10000578 <next_striped_spin_lock_num>
10000f20:	4b28      	ldr	r3, [pc, #160]	@ (10000fc4 <runtime_init_default_alarm_pool+0xc8>)
10000f22:	2203      	movs	r2, #3
10000f24:	469c      	mov	ip, r3
10000f26:	23d0      	movs	r3, #208	@ 0xd0
10000f28:	7022      	strb	r2, [r4, #0]
10000f2a:	061b      	lsls	r3, r3, #24
10000f2c:	681b      	ldr	r3, [r3, #0]
10000f2e:	2101      	movs	r1, #1
10000f30:	7063      	strb	r3, [r4, #1]
10000f32:	4b25      	ldr	r3, [pc, #148]	@ (10000fc8 <runtime_init_default_alarm_pool+0xcc>)
10000f34:	4460      	add	r0, ip
10000f36:	60a3      	str	r3, [r4, #8]
10000f38:	230f      	movs	r3, #15
10000f3a:	0080      	lsls	r0, r0, #2
10000f3c:	6120      	str	r0, [r4, #16]
10000f3e:	2002      	movs	r0, #2
10000f40:	8063      	strh	r3, [r4, #2]
10000f42:	6963      	ldr	r3, [r4, #20]
10000f44:	4249      	negs	r1, r1
10000f46:	80a1      	strh	r1, [r4, #4]
10000f48:	8019      	strh	r1, [r3, #0]
10000f4a:	3102      	adds	r1, #2
10000f4c:	8619      	strh	r1, [r3, #48]	@ 0x30
10000f4e:	3147      	adds	r1, #71	@ 0x47
10000f50:	831d      	strh	r5, [r3, #24]
10000f52:	5258      	strh	r0, [r3, r1]
10000f54:	3118      	adds	r1, #24
10000f56:	525a      	strh	r2, [r3, r1]
10000f58:	3275      	adds	r2, #117	@ 0x75
10000f5a:	395c      	subs	r1, #92	@ 0x5c
10000f5c:	5299      	strh	r1, [r3, r2]
10000f5e:	3218      	adds	r2, #24
10000f60:	3101      	adds	r1, #1
10000f62:	5299      	strh	r1, [r3, r2]
10000f64:	3218      	adds	r2, #24
10000f66:	3101      	adds	r1, #1
10000f68:	5299      	strh	r1, [r3, r2]
10000f6a:	3218      	adds	r2, #24
10000f6c:	3101      	adds	r1, #1
10000f6e:	5299      	strh	r1, [r3, r2]
10000f70:	3508      	adds	r5, #8
10000f72:	3218      	adds	r2, #24
10000f74:	529d      	strh	r5, [r3, r2]
10000f76:	3102      	adds	r1, #2
10000f78:	3218      	adds	r2, #24
10000f7a:	5299      	strh	r1, [r3, r2]
10000f7c:	3218      	adds	r2, #24
10000f7e:	3101      	adds	r1, #1
10000f80:	5299      	strh	r1, [r3, r2]
10000f82:	3218      	adds	r2, #24
10000f84:	3101      	adds	r1, #1
10000f86:	5299      	strh	r1, [r3, r2]
10000f88:	3218      	adds	r2, #24
10000f8a:	3101      	adds	r1, #1
10000f8c:	5299      	strh	r1, [r3, r2]
10000f8e:	3218      	adds	r2, #24
10000f90:	3101      	adds	r1, #1
10000f92:	5299      	strh	r1, [r3, r2]
10000f94:	3218      	adds	r2, #24
10000f96:	3101      	adds	r1, #1
10000f98:	5299      	strh	r1, [r3, r2]
10000f9a:	4b0c      	ldr	r3, [pc, #48]	@ (10000fcc <runtime_init_default_alarm_pool+0xd0>)
10000f9c:	490c      	ldr	r1, [pc, #48]	@ (10000fd0 <runtime_init_default_alarm_pool+0xd4>)
10000f9e:	60dc      	str	r4, [r3, #12]
10000fa0:	3001      	adds	r0, #1
10000fa2:	6235      	str	r5, [r6, #32]
10000fa4:	f7ff fb2e 	bl	10000604 <irq_set_exclusive_handler>
10000fa8:	2101      	movs	r1, #1
10000faa:	2003      	movs	r0, #3
10000fac:	f7ff fb10 	bl	100005d0 <irq_set_enabled>
10000fb0:	4b08      	ldr	r3, [pc, #32]	@ (10000fd4 <runtime_init_default_alarm_pool+0xd8>)
10000fb2:	601d      	str	r5, [r3, #0]
10000fb4:	e7a7      	b.n	10000f06 <runtime_init_default_alarm_pool+0xa>
10000fb6:	46c0      	nop			@ (mov r8, r8)
10000fb8:	20000668 	.word	0x20000668
10000fbc:	20001e7c 	.word	0x20001e7c
10000fc0:	40054000 	.word	0x40054000
10000fc4:	34000040 	.word	0x34000040
10000fc8:	0010ffff 	.word	0x0010ffff
10000fcc:	20001ac0 	.word	0x20001ac0
10000fd0:	10000bdd 	.word	0x10000bdd
10000fd4:	40056038 	.word	0x40056038

10000fd8 <alarm_pool_get_default>:
10000fd8:	4800      	ldr	r0, [pc, #0]	@ (10000fdc <alarm_pool_get_default+0x4>)
10000fda:	4770      	bx	lr
10000fdc:	20000668 	.word	0x20000668

10000fe0 <alarm_pool_create_on_timer_with_unused_hardware_alarm>:
10000fe0:	b5f8      	push	{r3, r4, r5, r6, r7, lr}
10000fe2:	0005      	movs	r5, r0
10000fe4:	2018      	movs	r0, #24
10000fe6:	000f      	movs	r7, r1
10000fe8:	f001 f994 	bl	10002314 <__wrap_malloc>
10000fec:	1e04      	subs	r4, r0, #0
10000fee:	d045      	beq.n	1000107c <alarm_pool_create_on_timer_with_unused_hardware_alarm+0x9c>
10000ff0:	2118      	movs	r1, #24
10000ff2:	0038      	movs	r0, r7
10000ff4:	f001 f9ac 	bl	10002350 <__wrap_calloc>
10000ff8:	6160      	str	r0, [r4, #20]
10000ffa:	2800      	cmp	r0, #0
10000ffc:	d03b      	beq.n	10001076 <alarm_pool_create_on_timer_with_unused_hardware_alarm+0x96>
10000ffe:	2101      	movs	r1, #1
10001000:	0028      	movs	r0, r5
10001002:	f000 fa97 	bl	10001534 <timer_hardware_alarm_claim_unused>
10001006:	60e5      	str	r5, [r4, #12]
10001008:	0006      	movs	r6, r0
1000100a:	f7ff fab5 	bl	10000578 <next_striped_spin_lock_num>
1000100e:	22d0      	movs	r2, #208	@ 0xd0
10001010:	7026      	strb	r6, [r4, #0]
10001012:	0612      	lsls	r2, r2, #24
10001014:	6812      	ldr	r2, [r2, #0]
10001016:	4b1a      	ldr	r3, [pc, #104]	@ (10001080 <alarm_pool_create_on_timer_with_unused_hardware_alarm+0xa0>)
10001018:	7062      	strb	r2, [r4, #1]
1000101a:	469c      	mov	ip, r3
1000101c:	2201      	movs	r2, #1
1000101e:	b2bb      	uxth	r3, r7
10001020:	4252      	negs	r2, r2
10001022:	4460      	add	r0, ip
10001024:	0080      	lsls	r0, r0, #2
10001026:	8163      	strh	r3, [r4, #10]
10001028:	189b      	adds	r3, r3, r2
1000102a:	6120      	str	r0, [r4, #16]
1000102c:	8122      	strh	r2, [r4, #8]
1000102e:	80a2      	strh	r2, [r4, #4]
10001030:	8063      	strh	r3, [r4, #2]
10001032:	2f00      	cmp	r7, #0
10001034:	d00b      	beq.n	1000104e <alarm_pool_create_on_timer_with_unused_hardware_alarm+0x6e>
10001036:	0079      	lsls	r1, r7, #1
10001038:	6962      	ldr	r2, [r4, #20]
1000103a:	19c9      	adds	r1, r1, r7
1000103c:	00c9      	lsls	r1, r1, #3
1000103e:	4b11      	ldr	r3, [pc, #68]	@ (10001084 <alarm_pool_create_on_timer_with_unused_hardware_alarm+0xa4>)
10001040:	1889      	adds	r1, r1, r2
10001042:	8013      	strh	r3, [r2, #0]
10001044:	3301      	adds	r3, #1
10001046:	3218      	adds	r2, #24
10001048:	b29b      	uxth	r3, r3
1000104a:	428a      	cmp	r2, r1
1000104c:	d1f9      	bne.n	10001042 <alarm_pool_create_on_timer_with_unused_hardware_alarm+0x62>
1000104e:	2701      	movs	r7, #1
10001050:	40b7      	lsls	r7, r6
10001052:	4b0d      	ldr	r3, [pc, #52]	@ (10001088 <alarm_pool_create_on_timer_with_unused_hardware_alarm+0xa8>)
10001054:	00b2      	lsls	r2, r6, #2
10001056:	0030      	movs	r0, r6
10001058:	490c      	ldr	r1, [pc, #48]	@ (1000108c <alarm_pool_create_on_timer_with_unused_hardware_alarm+0xac>)
1000105a:	622f      	str	r7, [r5, #32]
1000105c:	50d4      	str	r4, [r2, r3]
1000105e:	f7ff fad1 	bl	10000604 <irq_set_exclusive_handler>
10001062:	2101      	movs	r1, #1
10001064:	0030      	movs	r0, r6
10001066:	f7ff fab3 	bl	100005d0 <irq_set_enabled>
1000106a:	4b09      	ldr	r3, [pc, #36]	@ (10001090 <alarm_pool_create_on_timer_with_unused_hardware_alarm+0xb0>)
1000106c:	469c      	mov	ip, r3
1000106e:	4465      	add	r5, ip
10001070:	602f      	str	r7, [r5, #0]
10001072:	0020      	movs	r0, r4
10001074:	bdf8      	pop	{r3, r4, r5, r6, r7, pc}
10001076:	0020      	movs	r0, r4
10001078:	f001 f98c 	bl	10002394 <__wrap_free>
1000107c:	2400      	movs	r4, #0
1000107e:	e7f8      	b.n	10001072 <alarm_pool_create_on_timer_with_unused_hardware_alarm+0x92>
10001080:	34000040 	.word	0x34000040
10001084:	0000ffff 	.word	0x0000ffff
10001088:	20001ac0 	.word	0x20001ac0
1000108c:	10000bdd 	.word	0x10000bdd
10001090:	00002038 	.word	0x00002038

10001094 <alarm_pool_destroy>:
10001094:	4b12      	ldr	r3, [pc, #72]	@ (100010e0 <alarm_pool_destroy+0x4c>)
10001096:	b570      	push	{r4, r5, r6, lr}
10001098:	0004      	movs	r4, r0
1000109a:	4298      	cmp	r0, r3
1000109c:	d01e      	beq.n	100010dc <alarm_pool_destroy+0x48>
1000109e:	2301      	movs	r3, #1
100010a0:	7805      	ldrb	r5, [r0, #0]
100010a2:	68c6      	ldr	r6, [r0, #12]
100010a4:	40ab      	lsls	r3, r5
100010a6:	4a0f      	ldr	r2, [pc, #60]	@ (100010e4 <alarm_pool_destroy+0x50>)
100010a8:	6233      	str	r3, [r6, #32]
100010aa:	18b2      	adds	r2, r6, r2
100010ac:	6013      	str	r3, [r2, #0]
100010ae:	2101      	movs	r1, #1
100010b0:	0028      	movs	r0, r5
100010b2:	f7ff fa8d 	bl	100005d0 <irq_set_enabled>
100010b6:	0028      	movs	r0, r5
100010b8:	490b      	ldr	r1, [pc, #44]	@ (100010e8 <alarm_pool_destroy+0x54>)
100010ba:	f7ff fbb9 	bl	10000830 <irq_remove_handler>
100010be:	0029      	movs	r1, r5
100010c0:	0030      	movs	r0, r6
100010c2:	f000 fa2f 	bl	10001524 <timer_hardware_alarm_unclaim>
100010c6:	2100      	movs	r1, #0
100010c8:	7822      	ldrb	r2, [r4, #0]
100010ca:	4b08      	ldr	r3, [pc, #32]	@ (100010ec <alarm_pool_destroy+0x58>)
100010cc:	6960      	ldr	r0, [r4, #20]
100010ce:	0092      	lsls	r2, r2, #2
100010d0:	50d1      	str	r1, [r2, r3]
100010d2:	f001 f95f 	bl	10002394 <__wrap_free>
100010d6:	0020      	movs	r0, r4
100010d8:	f001 f95c 	bl	10002394 <__wrap_free>
100010dc:	bd70      	pop	{r4, r5, r6, pc}
100010de:	46c0      	nop			@ (mov r8, r8)
100010e0:	20000668 	.word	0x20000668
100010e4:	00003038 	.word	0x00003038
100010e8:	10000bdd 	.word	0x10000bdd
100010ec:	20001ac0 	.word	0x20001ac0

100010f0 <alarm_pool_add_alarm_at>:
100010f0:	b5f8      	push	{r3, r4, r5, r6, r7, lr}
100010f2:	001f      	movs	r7, r3
100010f4:	ab08      	add	r3, sp, #32
100010f6:	781b      	ldrb	r3, [r3, #0]
100010f8:	0004      	movs	r4, r0
100010fa:	0016      	movs	r6, r2
100010fc:	2b00      	cmp	r3, #0
100010fe:	d108      	bne.n	10001112 <alarm_pool_add_alarm_at+0x22>
10001100:	f000 fa30 	bl	10001564 <time_us_64>
10001104:	0032      	movs	r2, r6
10001106:	003b      	movs	r3, r7
10001108:	1a12      	subs	r2, r2, r0
1000110a:	418b      	sbcs	r3, r1
1000110c:	2b00      	cmp	r3, #0
1000110e:	da00      	bge.n	10001112 <alarm_pool_add_alarm_at+0x22>
10001110:	e053      	b.n	100011ba <alarm_pool_add_alarm_at+0xca>
10001112:	6922      	ldr	r2, [r4, #16]
10001114:	f3ef 8010 	mrs	r0, PRIMASK
10001118:	b672      	cpsid	i
1000111a:	6813      	ldr	r3, [r2, #0]
1000111c:	2b00      	cmp	r3, #0
1000111e:	d0fc      	beq.n	1000111a <alarm_pool_add_alarm_at+0x2a>
10001120:	f3bf 8f5f 	dmb	sy
10001124:	2302      	movs	r3, #2
10001126:	5ee1      	ldrsh	r1, [r4, r3]
10001128:	6963      	ldr	r3, [r4, #20]
1000112a:	004a      	lsls	r2, r1, #1
1000112c:	1852      	adds	r2, r2, r1
1000112e:	00d2      	lsls	r2, r2, #3
10001130:	189b      	adds	r3, r3, r2
10001132:	2900      	cmp	r1, #0
10001134:	db37      	blt.n	100011a6 <alarm_pool_add_alarm_at+0xb6>
10001136:	881a      	ldrh	r2, [r3, #0]
10001138:	8062      	strh	r2, [r4, #2]
1000113a:	6922      	ldr	r2, [r4, #16]
1000113c:	f3bf 8f5f 	dmb	sy
10001140:	2500      	movs	r5, #0
10001142:	6015      	str	r5, [r2, #0]
10001144:	f380 8810 	msr	PRIMASK, r0
10001148:	9a06      	ldr	r2, [sp, #24]
1000114a:	609e      	str	r6, [r3, #8]
1000114c:	60df      	str	r7, [r3, #12]
1000114e:	611a      	str	r2, [r3, #16]
10001150:	9a07      	ldr	r2, [sp, #28]
10001152:	615a      	str	r2, [r3, #20]
10001154:	885a      	ldrh	r2, [r3, #2]
10001156:	3201      	adds	r2, #1
10001158:	0452      	lsls	r2, r2, #17
1000115a:	0c52      	lsrs	r2, r2, #17
1000115c:	1c10      	adds	r0, r2, #0
1000115e:	2a00      	cmp	r2, #0
10001160:	d01f      	beq.n	100011a2 <alarm_pool_add_alarm_at+0xb2>
10001162:	b282      	uxth	r2, r0
10001164:	8058      	strh	r0, [r3, #2]
10001166:	0408      	lsls	r0, r1, #16
10001168:	4310      	orrs	r0, r2
1000116a:	6926      	ldr	r6, [r4, #16]
1000116c:	f3ef 8710 	mrs	r7, PRIMASK
10001170:	b672      	cpsid	i
10001172:	6832      	ldr	r2, [r6, #0]
10001174:	2a00      	cmp	r2, #0
10001176:	d0fc      	beq.n	10001172 <alarm_pool_add_alarm_at+0x82>
10001178:	f3bf 8f5f 	dmb	sy
1000117c:	88a2      	ldrh	r2, [r4, #4]
1000117e:	801a      	strh	r2, [r3, #0]
10001180:	80a1      	strh	r1, [r4, #4]
10001182:	6923      	ldr	r3, [r4, #16]
10001184:	f3bf 8f5f 	dmb	sy
10001188:	2200      	movs	r2, #0
1000118a:	601a      	str	r2, [r3, #0]
1000118c:	f387 8810 	msr	PRIMASK, r7
10001190:	490b      	ldr	r1, [pc, #44]	@ (100011c0 <alarm_pool_add_alarm_at+0xd0>)
10001192:	7823      	ldrb	r3, [r4, #0]
10001194:	468c      	mov	ip, r1
10001196:	3201      	adds	r2, #1
10001198:	409a      	lsls	r2, r3
1000119a:	68e3      	ldr	r3, [r4, #12]
1000119c:	4463      	add	r3, ip
1000119e:	601a      	str	r2, [r3, #0]
100011a0:	bdf8      	pop	{r3, r4, r5, r6, r7, pc}
100011a2:	2001      	movs	r0, #1
100011a4:	e7dd      	b.n	10001162 <alarm_pool_add_alarm_at+0x72>
100011a6:	6923      	ldr	r3, [r4, #16]
100011a8:	f3bf 8f5f 	dmb	sy
100011ac:	2200      	movs	r2, #0
100011ae:	601a      	str	r2, [r3, #0]
100011b0:	f380 8810 	msr	PRIMASK, r0
100011b4:	2001      	movs	r0, #1
100011b6:	4240      	negs	r0, r0
100011b8:	e7f2      	b.n	100011a0 <alarm_pool_add_alarm_at+0xb0>
100011ba:	2000      	movs	r0, #0
100011bc:	e7f0      	b.n	100011a0 <alarm_pool_add_alarm_at+0xb0>
100011be:	46c0      	nop			@ (mov r8, r8)
100011c0:	0000203c 	.word	0x0000203c

100011c4 <alarm_pool_add_alarm_at_force_in_context>:
100011c4:	b570      	push	{r4, r5, r6, lr}
100011c6:	0001      	movs	r1, r0
100011c8:	6904      	ldr	r4, [r0, #16]
100011ca:	f3ef 8c10 	mrs	ip, PRIMASK
100011ce:	b672      	cpsid	i
100011d0:	6820      	ldr	r0, [r4, #0]
100011d2:	2800      	cmp	r0, #0
100011d4:	d0fc      	beq.n	100011d0 <alarm_pool_add_alarm_at_force_in_context+0xc>
100011d6:	f3bf 8f5f 	dmb	sy
100011da:	2002      	movs	r0, #2
100011dc:	5e0d      	ldrsh	r5, [r1, r0]
100011de:	694c      	ldr	r4, [r1, #20]
100011e0:	0068      	lsls	r0, r5, #1
100011e2:	1940      	adds	r0, r0, r5
100011e4:	00c0      	lsls	r0, r0, #3
100011e6:	1824      	adds	r4, r4, r0
100011e8:	2d00      	cmp	r5, #0
100011ea:	db37      	blt.n	1000125c <alarm_pool_add_alarm_at_force_in_context+0x98>
100011ec:	8820      	ldrh	r0, [r4, #0]
100011ee:	8048      	strh	r0, [r1, #2]
100011f0:	6908      	ldr	r0, [r1, #16]
100011f2:	f3bf 8f5f 	dmb	sy
100011f6:	2600      	movs	r6, #0
100011f8:	6006      	str	r6, [r0, #0]
100011fa:	f38c 8810 	msr	PRIMASK, ip
100011fe:	60e3      	str	r3, [r4, #12]
10001200:	8863      	ldrh	r3, [r4, #2]
10001202:	9804      	ldr	r0, [sp, #16]
10001204:	3301      	adds	r3, #1
10001206:	6120      	str	r0, [r4, #16]
10001208:	045b      	lsls	r3, r3, #17
1000120a:	9805      	ldr	r0, [sp, #20]
1000120c:	0c5b      	lsrs	r3, r3, #17
1000120e:	60a2      	str	r2, [r4, #8]
10001210:	6160      	str	r0, [r4, #20]
10001212:	1c1a      	adds	r2, r3, #0
10001214:	2b00      	cmp	r3, #0
10001216:	d01f      	beq.n	10001258 <alarm_pool_add_alarm_at_force_in_context+0x94>
10001218:	b293      	uxth	r3, r2
1000121a:	0428      	lsls	r0, r5, #16
1000121c:	8062      	strh	r2, [r4, #2]
1000121e:	4318      	orrs	r0, r3
10001220:	690a      	ldr	r2, [r1, #16]
10001222:	f3ef 8c10 	mrs	ip, PRIMASK
10001226:	b672      	cpsid	i
10001228:	6813      	ldr	r3, [r2, #0]
1000122a:	2b00      	cmp	r3, #0
1000122c:	d0fc      	beq.n	10001228 <alarm_pool_add_alarm_at_force_in_context+0x64>
1000122e:	f3bf 8f5f 	dmb	sy
10001232:	888b      	ldrh	r3, [r1, #4]
10001234:	8023      	strh	r3, [r4, #0]
10001236:	808d      	strh	r5, [r1, #4]
10001238:	690b      	ldr	r3, [r1, #16]
1000123a:	f3bf 8f5f 	dmb	sy
1000123e:	2200      	movs	r2, #0
10001240:	601a      	str	r2, [r3, #0]
10001242:	f38c 8810 	msr	PRIMASK, ip
10001246:	780b      	ldrb	r3, [r1, #0]
10001248:	3201      	adds	r2, #1
1000124a:	409a      	lsls	r2, r3
1000124c:	68cb      	ldr	r3, [r1, #12]
1000124e:	4908      	ldr	r1, [pc, #32]	@ (10001270 <alarm_pool_add_alarm_at_force_in_context+0xac>)
10001250:	468c      	mov	ip, r1
10001252:	4463      	add	r3, ip
10001254:	601a      	str	r2, [r3, #0]
10001256:	bd70      	pop	{r4, r5, r6, pc}
10001258:	2201      	movs	r2, #1
1000125a:	e7dd      	b.n	10001218 <alarm_pool_add_alarm_at_force_in_context+0x54>
1000125c:	690b      	ldr	r3, [r1, #16]
1000125e:	f3bf 8f5f 	dmb	sy
10001262:	2200      	movs	r2, #0
10001264:	601a      	str	r2, [r3, #0]
10001266:	f38c 8810 	msr	PRIMASK, ip
1000126a:	2001      	movs	r0, #1
1000126c:	4240      	negs	r0, r0
1000126e:	e7f2      	b.n	10001256 <alarm_pool_add_alarm_at_force_in_context+0x92>
10001270:	0000203c 	.word	0x0000203c

10001274 <alarm_pool_cancel_alarm>:
10001274:	b510      	push	{r4, lr}
10001276:	8943      	ldrh	r3, [r0, #10]
10001278:	140a      	asrs	r2, r1, #16
1000127a:	4293      	cmp	r3, r2
1000127c:	dd1a      	ble.n	100012b4 <alarm_pool_cancel_alarm+0x40>
1000127e:	0053      	lsls	r3, r2, #1
10001280:	189b      	adds	r3, r3, r2
10001282:	6942      	ldr	r2, [r0, #20]
10001284:	00db      	lsls	r3, r3, #3
10001286:	18d3      	adds	r3, r2, r3
10001288:	6904      	ldr	r4, [r0, #16]
1000128a:	f3ef 8c10 	mrs	ip, PRIMASK
1000128e:	b672      	cpsid	i
10001290:	6822      	ldr	r2, [r4, #0]
10001292:	2a00      	cmp	r2, #0
10001294:	d0fc      	beq.n	10001290 <alarm_pool_cancel_alarm+0x1c>
10001296:	f3bf 8f5f 	dmb	sy
1000129a:	885a      	ldrh	r2, [r3, #2]
1000129c:	0409      	lsls	r1, r1, #16
1000129e:	b294      	uxth	r4, r2
100012a0:	0c09      	lsrs	r1, r1, #16
100012a2:	428a      	cmp	r2, r1
100012a4:	d008      	beq.n	100012b8 <alarm_pool_cancel_alarm+0x44>
100012a6:	6903      	ldr	r3, [r0, #16]
100012a8:	f3bf 8f5f 	dmb	sy
100012ac:	2200      	movs	r2, #0
100012ae:	601a      	str	r2, [r3, #0]
100012b0:	f38c 8810 	msr	PRIMASK, ip
100012b4:	2000      	movs	r0, #0
100012b6:	bd10      	pop	{r4, pc}
100012b8:	2280      	movs	r2, #128	@ 0x80
100012ba:	0212      	lsls	r2, r2, #8
100012bc:	4314      	orrs	r4, r2
100012be:	805c      	strh	r4, [r3, #2]
100012c0:	2301      	movs	r3, #1
100012c2:	6902      	ldr	r2, [r0, #16]
100012c4:	7183      	strb	r3, [r0, #6]
100012c6:	f3bf 8f5f 	dmb	sy
100012ca:	2100      	movs	r1, #0
100012cc:	6011      	str	r1, [r2, #0]
100012ce:	f38c 8810 	msr	PRIMASK, ip
100012d2:	4904      	ldr	r1, [pc, #16]	@ (100012e4 <alarm_pool_cancel_alarm+0x70>)
100012d4:	7802      	ldrb	r2, [r0, #0]
100012d6:	468c      	mov	ip, r1
100012d8:	4093      	lsls	r3, r2
100012da:	68c2      	ldr	r2, [r0, #12]
100012dc:	2001      	movs	r0, #1
100012de:	4462      	add	r2, ip
100012e0:	6013      	str	r3, [r2, #0]
100012e2:	e7e8      	b.n	100012b6 <alarm_pool_cancel_alarm+0x42>
100012e4:	0000203c 	.word	0x0000203c

100012e8 <alarm_pool_core_num>:
100012e8:	7840      	ldrb	r0, [r0, #1]
100012ea:	4770      	bx	lr

100012ec <sleep_until>:
100012ec:	b5f0      	push	{r4, r5, r6, r7, lr}
100012ee:	4647      	mov	r7, r8
100012f0:	46ce      	mov	lr, r9
100012f2:	0004      	movs	r4, r0
100012f4:	b580      	push	{r7, lr}
100012f6:	000d      	movs	r5, r1
100012f8:	2696      	movs	r6, #150	@ 0x96
100012fa:	4276      	negs	r6, r6
100012fc:	17f7      	asrs	r7, r6, #31
100012fe:	1936      	adds	r6, r6, r4
10001300:	416f      	adcs	r7, r5
10001302:	b083      	sub	sp, #12
10001304:	428f      	cmp	r7, r1
10001306:	d815      	bhi.n	10001334 <sleep_until+0x48>
10001308:	d012      	beq.n	10001330 <sleep_until+0x44>
1000130a:	f000 f92b 	bl	10001564 <time_us_64>
1000130e:	0032      	movs	r2, r6
10001310:	003b      	movs	r3, r7
10001312:	1a12      	subs	r2, r2, r0
10001314:	418b      	sbcs	r3, r1
10001316:	2b00      	cmp	r3, #0
10001318:	dc16      	bgt.n	10001348 <sleep_until+0x5c>
1000131a:	2b00      	cmp	r3, #0
1000131c:	d040      	beq.n	100013a0 <sleep_until+0xb4>
1000131e:	0020      	movs	r0, r4
10001320:	0029      	movs	r1, r5
10001322:	f000 f929 	bl	10001578 <busy_wait_until>
10001326:	b003      	add	sp, #12
10001328:	bcc0      	pop	{r6, r7}
1000132a:	46b9      	mov	r9, r7
1000132c:	46b0      	mov	r8, r6
1000132e:	bdf0      	pop	{r4, r5, r6, r7, pc}
10001330:	4286      	cmp	r6, r0
10001332:	d9ea      	bls.n	1000130a <sleep_until+0x1e>
10001334:	2600      	movs	r6, #0
10001336:	2700      	movs	r7, #0
10001338:	f000 f914 	bl	10001564 <time_us_64>
1000133c:	0032      	movs	r2, r6
1000133e:	003b      	movs	r3, r7
10001340:	1a12      	subs	r2, r2, r0
10001342:	418b      	sbcs	r3, r1
10001344:	2b00      	cmp	r3, #0
10001346:	dde8      	ble.n	1000131a <sleep_until+0x2e>
10001348:	f000 f90c 	bl	10001564 <time_us_64>
1000134c:	0032      	movs	r2, r6
1000134e:	003b      	movs	r3, r7
10001350:	1a12      	subs	r2, r2, r0
10001352:	418b      	sbcs	r3, r1
10001354:	2b00      	cmp	r3, #0
10001356:	db0a      	blt.n	1000136e <sleep_until+0x82>
10001358:	2300      	movs	r3, #0
1000135a:	9301      	str	r3, [sp, #4]
1000135c:	4b12      	ldr	r3, [pc, #72]	@ (100013a8 <sleep_until+0xbc>)
1000135e:	0032      	movs	r2, r6
10001360:	9300      	str	r3, [sp, #0]
10001362:	4812      	ldr	r0, [pc, #72]	@ (100013ac <sleep_until+0xc0>)
10001364:	003b      	movs	r3, r7
10001366:	f7ff ff2d 	bl	100011c4 <alarm_pool_add_alarm_at_force_in_context>
1000136a:	2800      	cmp	r0, #0
1000136c:	dbd7      	blt.n	1000131e <sleep_until+0x32>
1000136e:	46b8      	mov	r8, r7
10001370:	46b1      	mov	r9, r6
10001372:	4f0f      	ldr	r7, [pc, #60]	@ (100013b0 <sleep_until+0xc4>)
10001374:	4e0f      	ldr	r6, [pc, #60]	@ (100013b4 <sleep_until+0xc8>)
10001376:	6a7b      	ldr	r3, [r7, #36]	@ 0x24
10001378:	4598      	cmp	r8, r3
1000137a:	d804      	bhi.n	10001386 <sleep_until+0x9a>
1000137c:	6aba      	ldr	r2, [r7, #40]	@ 0x28
1000137e:	4591      	cmp	r9, r2
10001380:	d9cd      	bls.n	1000131e <sleep_until+0x32>
10001382:	4598      	cmp	r8, r3
10001384:	d1cb      	bne.n	1000131e <sleep_until+0x32>
10001386:	6832      	ldr	r2, [r6, #0]
10001388:	f3ef 8110 	mrs	r1, PRIMASK
1000138c:	b672      	cpsid	i
1000138e:	6813      	ldr	r3, [r2, #0]
10001390:	2b00      	cmp	r3, #0
10001392:	d0fc      	beq.n	1000138e <sleep_until+0xa2>
10001394:	f3bf 8f5f 	dmb	sy
10001398:	0030      	movs	r0, r6
1000139a:	f002 fff7 	bl	1000438c <vPortLockInternalSpinUnlockWithWait>
1000139e:	e7ea      	b.n	10001376 <sleep_until+0x8a>
100013a0:	2a00      	cmp	r2, #0
100013a2:	d0bc      	beq.n	1000131e <sleep_until+0x32>
100013a4:	e7d0      	b.n	10001348 <sleep_until+0x5c>
100013a6:	46c0      	nop			@ (mov r8, r8)
100013a8:	10000ed9 	.word	0x10000ed9
100013ac:	20000668 	.word	0x20000668
100013b0:	40054000 	.word	0x40054000
100013b4:	20001e7c 	.word	0x20001e7c

100013b8 <sleep_ms>:
100013b8:	b570      	push	{r4, r5, r6, lr}
100013ba:	0006      	movs	r6, r0
100013bc:	f000 f8d2 	bl	10001564 <time_us_64>
100013c0:	22fa      	movs	r2, #250	@ 0xfa
100013c2:	0004      	movs	r4, r0
100013c4:	000d      	movs	r5, r1
100013c6:	2300      	movs	r3, #0
100013c8:	0030      	movs	r0, r6
100013ca:	2100      	movs	r1, #0
100013cc:	0092      	lsls	r2, r2, #2
100013ce:	f000 ff53 	bl	10002278 <__wrap___aeabi_lmul>
100013d2:	2380      	movs	r3, #128	@ 0x80
100013d4:	1900      	adds	r0, r0, r4
100013d6:	4169      	adcs	r1, r5
100013d8:	061b      	lsls	r3, r3, #24
100013da:	4299      	cmp	r1, r3
100013dc:	d302      	bcc.n	100013e4 <sleep_ms+0x2c>
100013de:	2001      	movs	r0, #1
100013e0:	4902      	ldr	r1, [pc, #8]	@ (100013ec <sleep_ms+0x34>)
100013e2:	4240      	negs	r0, r0
100013e4:	f7ff ff82 	bl	100012ec <sleep_until>
100013e8:	bd70      	pop	{r4, r5, r6, pc}
100013ea:	46c0      	nop			@ (mov r8, r8)
100013ec:	7fffffff 	.word	0x7fffffff

100013f0 <best_effort_wfe_or_timeout>:
100013f0:	b5f0      	push	{r4, r5, r6, r7, lr}
100013f2:	46d6      	mov	lr, sl
100013f4:	464f      	mov	r7, r9
100013f6:	4646      	mov	r6, r8
100013f8:	b5c0      	push	{r6, r7, lr}
100013fa:	0004      	movs	r4, r0
100013fc:	000d      	movs	r5, r1
100013fe:	b082      	sub	sp, #8
10001400:	f3ef 8305 	mrs	r3, IPSR
10001404:	000f      	movs	r7, r1
10001406:	2b00      	cmp	r3, #0
10001408:	d131      	bne.n	1000146e <best_effort_wfe_or_timeout+0x7e>
1000140a:	4b3b      	ldr	r3, [pc, #236]	@ (100014f8 <best_effort_wfe_or_timeout+0x108>)
1000140c:	4698      	mov	r8, r3
1000140e:	681b      	ldr	r3, [r3, #0]
10001410:	4283      	cmp	r3, r0
10001412:	d027      	beq.n	10001464 <best_effort_wfe_or_timeout+0x74>
10001414:	4b39      	ldr	r3, [pc, #228]	@ (100014fc <best_effort_wfe_or_timeout+0x10c>)
10001416:	4699      	mov	r9, r3
10001418:	68db      	ldr	r3, [r3, #12]
1000141a:	469a      	mov	sl, r3
1000141c:	464b      	mov	r3, r9
1000141e:	4650      	mov	r0, sl
10001420:	781e      	ldrb	r6, [r3, #0]
10001422:	f000 f897 	bl	10001554 <timer_time_us_64>
10001426:	000b      	movs	r3, r1
10001428:	4651      	mov	r1, sl
1000142a:	0002      	movs	r2, r0
1000142c:	3604      	adds	r6, #4
1000142e:	00b6      	lsls	r6, r6, #2
10001430:	5871      	ldr	r1, [r6, r1]
10001432:	0020      	movs	r0, r4
10001434:	1a89      	subs	r1, r1, r2
10001436:	468c      	mov	ip, r1
10001438:	0029      	movs	r1, r5
1000143a:	2600      	movs	r6, #0
1000143c:	1a80      	subs	r0, r0, r2
1000143e:	4199      	sbcs	r1, r3
10001440:	428e      	cmp	r6, r1
10001442:	dc24      	bgt.n	1000148e <best_effort_wfe_or_timeout+0x9e>
10001444:	d021      	beq.n	1000148a <best_effort_wfe_or_timeout+0x9a>
10001446:	bf20      	wfe
10001448:	4a2d      	ldr	r2, [pc, #180]	@ (10001500 <best_effort_wfe_or_timeout+0x110>)
1000144a:	6a53      	ldr	r3, [r2, #36]	@ 0x24
1000144c:	42bb      	cmp	r3, r7
1000144e:	d32a      	bcc.n	100014a6 <best_effort_wfe_or_timeout+0xb6>
10001450:	6a92      	ldr	r2, [r2, #40]	@ 0x28
10001452:	2001      	movs	r0, #1
10001454:	42a2      	cmp	r2, r4
10001456:	d313      	bcc.n	10001480 <best_effort_wfe_or_timeout+0x90>
10001458:	b002      	add	sp, #8
1000145a:	bce0      	pop	{r5, r6, r7}
1000145c:	46ba      	mov	sl, r7
1000145e:	46b1      	mov	r9, r6
10001460:	46a8      	mov	r8, r5
10001462:	bdf0      	pop	{r4, r5, r6, r7, pc}
10001464:	4643      	mov	r3, r8
10001466:	685b      	ldr	r3, [r3, #4]
10001468:	428b      	cmp	r3, r1
1000146a:	d1d3      	bne.n	10001414 <best_effort_wfe_or_timeout+0x24>
1000146c:	e7eb      	b.n	10001446 <best_effort_wfe_or_timeout+0x56>
1000146e:	4924      	ldr	r1, [pc, #144]	@ (10001500 <best_effort_wfe_or_timeout+0x110>)
10001470:	2000      	movs	r0, #0
10001472:	6a4b      	ldr	r3, [r1, #36]	@ 0x24
10001474:	42ab      	cmp	r3, r5
10001476:	d3ef      	bcc.n	10001458 <best_effort_wfe_or_timeout+0x68>
10001478:	6a8a      	ldr	r2, [r1, #40]	@ 0x28
1000147a:	3001      	adds	r0, #1
1000147c:	42a2      	cmp	r2, r4
1000147e:	d2eb      	bcs.n	10001458 <best_effort_wfe_or_timeout+0x68>
10001480:	1b5b      	subs	r3, r3, r5
10001482:	1e5a      	subs	r2, r3, #1
10001484:	4193      	sbcs	r3, r2
10001486:	b2d8      	uxtb	r0, r3
10001488:	e7e6      	b.n	10001458 <best_effort_wfe_or_timeout+0x68>
1000148a:	4584      	cmp	ip, r0
1000148c:	d9db      	bls.n	10001446 <best_effort_wfe_or_timeout+0x56>
1000148e:	f000 f869 	bl	10001564 <time_us_64>
10001492:	0022      	movs	r2, r4
10001494:	002b      	movs	r3, r5
10001496:	1a12      	subs	r2, r2, r0
10001498:	418b      	sbcs	r3, r1
1000149a:	2b00      	cmp	r3, #0
1000149c:	da05      	bge.n	100014aa <best_effort_wfe_or_timeout+0xba>
1000149e:	4a18      	ldr	r2, [pc, #96]	@ (10001500 <best_effort_wfe_or_timeout+0x110>)
100014a0:	6a53      	ldr	r3, [r2, #36]	@ 0x24
100014a2:	42bb      	cmp	r3, r7
100014a4:	d2d4      	bcs.n	10001450 <best_effort_wfe_or_timeout+0x60>
100014a6:	2000      	movs	r0, #0
100014a8:	e7d6      	b.n	10001458 <best_effort_wfe_or_timeout+0x68>
100014aa:	2300      	movs	r3, #0
100014ac:	9301      	str	r3, [sp, #4]
100014ae:	4b15      	ldr	r3, [pc, #84]	@ (10001504 <best_effort_wfe_or_timeout+0x114>)
100014b0:	0022      	movs	r2, r4
100014b2:	9300      	str	r3, [sp, #0]
100014b4:	4648      	mov	r0, r9
100014b6:	002b      	movs	r3, r5
100014b8:	f7ff fe84 	bl	100011c4 <alarm_pool_add_alarm_at_force_in_context>
100014bc:	1e01      	subs	r1, r0, #0
100014be:	ddee      	ble.n	1000149e <best_effort_wfe_or_timeout+0xae>
100014c0:	4643      	mov	r3, r8
100014c2:	601c      	str	r4, [r3, #0]
100014c4:	605d      	str	r5, [r3, #4]
100014c6:	4b0e      	ldr	r3, [pc, #56]	@ (10001500 <best_effort_wfe_or_timeout+0x110>)
100014c8:	6a5a      	ldr	r2, [r3, #36]	@ 0x24
100014ca:	42ba      	cmp	r2, r7
100014cc:	d311      	bcc.n	100014f2 <best_effort_wfe_or_timeout+0x102>
100014ce:	6a9b      	ldr	r3, [r3, #40]	@ 0x28
100014d0:	42a3      	cmp	r3, r4
100014d2:	d30c      	bcc.n	100014ee <best_effort_wfe_or_timeout+0xfe>
100014d4:	4648      	mov	r0, r9
100014d6:	f7ff fecd 	bl	10001274 <alarm_pool_cancel_alarm>
100014da:	4a09      	ldr	r2, [pc, #36]	@ (10001500 <best_effort_wfe_or_timeout+0x110>)
100014dc:	2000      	movs	r0, #0
100014de:	6a53      	ldr	r3, [r2, #36]	@ 0x24
100014e0:	42bb      	cmp	r3, r7
100014e2:	d3b9      	bcc.n	10001458 <best_effort_wfe_or_timeout+0x68>
100014e4:	6a92      	ldr	r2, [r2, #40]	@ 0x28
100014e6:	3001      	adds	r0, #1
100014e8:	42a2      	cmp	r2, r4
100014ea:	d2b5      	bcs.n	10001458 <best_effort_wfe_or_timeout+0x68>
100014ec:	e7c8      	b.n	10001480 <best_effort_wfe_or_timeout+0x90>
100014ee:	42ba      	cmp	r2, r7
100014f0:	d1f0      	bne.n	100014d4 <best_effort_wfe_or_timeout+0xe4>
100014f2:	bf20      	wfe
100014f4:	e7ee      	b.n	100014d4 <best_effort_wfe_or_timeout+0xe4>
100014f6:	46c0      	nop			@ (mov r8, r8)
100014f8:	20000660 	.word	0x20000660
100014fc:	20000668 	.word	0x20000668
10001500:	40054000 	.word	0x40054000
10001504:	10000ed9 	.word	0x10000ed9

10001508 <alarm_pool_get_default_timer>:
10001508:	4800      	ldr	r0, [pc, #0]	@ (1000150c <alarm_pool_get_default_timer+0x4>)
1000150a:	4770      	bx	lr
1000150c:	40054000 	.word	0x40054000

10001510 <timer_hardware_alarm_claim>:
10001510:	b510      	push	{r4, lr}
10001512:	4a02      	ldr	r2, [pc, #8]	@ (1000151c <timer_hardware_alarm_claim+0xc>)
10001514:	4802      	ldr	r0, [pc, #8]	@ (10001520 <timer_hardware_alarm_claim+0x10>)
10001516:	f7fe ffa3 	bl	10000460 <hw_claim_or_assert>
1000151a:	bd10      	pop	{r4, pc}
1000151c:	10009954 	.word	0x10009954
10001520:	20001198 	.word	0x20001198

10001524 <timer_hardware_alarm_unclaim>:
10001524:	b510      	push	{r4, lr}
10001526:	4802      	ldr	r0, [pc, #8]	@ (10001530 <timer_hardware_alarm_unclaim+0xc>)
10001528:	f7ff f80a 	bl	10000540 <hw_claim_clear>
1000152c:	bd10      	pop	{r4, pc}
1000152e:	46c0      	nop			@ (mov r8, r8)
10001530:	20001198 	.word	0x20001198

10001534 <timer_hardware_alarm_claim_unused>:
10001534:	b500      	push	{lr}
10001536:	4b05      	ldr	r3, [pc, #20]	@ (1000154c <timer_hardware_alarm_claim_unused+0x18>)
10001538:	b083      	sub	sp, #12
1000153a:	9300      	str	r3, [sp, #0]
1000153c:	2200      	movs	r2, #0
1000153e:	2303      	movs	r3, #3
10001540:	4803      	ldr	r0, [pc, #12]	@ (10001550 <timer_hardware_alarm_claim_unused+0x1c>)
10001542:	f7fe ffaf 	bl	100004a4 <hw_claim_unused_from_range>
10001546:	b003      	add	sp, #12
10001548:	bd00      	pop	{pc}
1000154a:	46c0      	nop			@ (mov r8, r8)
1000154c:	10009978 	.word	0x10009978
10001550:	20001198 	.word	0x20001198

10001554 <timer_time_us_64>:
10001554:	0003      	movs	r3, r0
10001556:	6a41      	ldr	r1, [r0, #36]	@ 0x24
10001558:	000a      	movs	r2, r1
1000155a:	6a98      	ldr	r0, [r3, #40]	@ 0x28
1000155c:	6a59      	ldr	r1, [r3, #36]	@ 0x24
1000155e:	428a      	cmp	r2, r1
10001560:	d1fa      	bne.n	10001558 <timer_time_us_64+0x4>
10001562:	4770      	bx	lr

10001564 <time_us_64>:
10001564:	4b03      	ldr	r3, [pc, #12]	@ (10001574 <time_us_64+0x10>)
10001566:	6a59      	ldr	r1, [r3, #36]	@ 0x24
10001568:	000a      	movs	r2, r1
1000156a:	6a98      	ldr	r0, [r3, #40]	@ 0x28
1000156c:	6a59      	ldr	r1, [r3, #36]	@ 0x24
1000156e:	4291      	cmp	r1, r2
10001570:	d1fa      	bne.n	10001568 <time_us_64+0x4>
10001572:	4770      	bx	lr
10001574:	40054000 	.word	0x40054000

10001578 <busy_wait_until>:
10001578:	4a06      	ldr	r2, [pc, #24]	@ (10001594 <busy_wait_until+0x1c>)
1000157a:	6a53      	ldr	r3, [r2, #36]	@ 0x24
1000157c:	4299      	cmp	r1, r3
1000157e:	d8fc      	bhi.n	1000157a <busy_wait_until+0x2>
10001580:	d107      	bne.n	10001592 <busy_wait_until+0x1a>
10001582:	4b04      	ldr	r3, [pc, #16]	@ (10001594 <busy_wait_until+0x1c>)
10001584:	e002      	b.n	1000158c <busy_wait_until+0x14>
10001586:	6a5a      	ldr	r2, [r3, #36]	@ 0x24
10001588:	4291      	cmp	r1, r2
1000158a:	d102      	bne.n	10001592 <busy_wait_until+0x1a>
1000158c:	6a9a      	ldr	r2, [r3, #40]	@ 0x28
1000158e:	4282      	cmp	r2, r0
10001590:	d3f9      	bcc.n	10001586 <busy_wait_until+0xe>
10001592:	4770      	bx	lr
10001594:	40054000 	.word	0x40054000

10001598 <clock_configure_int_divider>:
10001598:	b5f8      	push	{r3, r4, r5, r6, r7, lr}
1000159a:	46de      	mov	lr, fp
1000159c:	464e      	mov	r6, r9
1000159e:	4657      	mov	r7, sl
100015a0:	4645      	mov	r5, r8
100015a2:	b5e0      	push	{r5, r6, r7, lr}
100015a4:	468b      	mov	fp, r1
100015a6:	0005      	movs	r5, r0
100015a8:	990a      	ldr	r1, [sp, #40]	@ 0x28
100015aa:	0018      	movs	r0, r3
100015ac:	0016      	movs	r6, r2
100015ae:	f000 faf1 	bl	10001b94 <__wrap___aeabi_uidiv>
100015b2:	9b0a      	ldr	r3, [sp, #40]	@ 0x28
100015b4:	006c      	lsls	r4, r5, #1
100015b6:	021f      	lsls	r7, r3, #8
100015b8:	4b32      	ldr	r3, [pc, #200]	@ (10001684 <clock_configure_int_divider+0xec>)
100015ba:	1964      	adds	r4, r4, r5
100015bc:	469c      	mov	ip, r3
100015be:	00a4      	lsls	r4, r4, #2
100015c0:	4464      	add	r4, ip
100015c2:	6863      	ldr	r3, [r4, #4]
100015c4:	4681      	mov	r9, r0
100015c6:	429f      	cmp	r7, r3
100015c8:	d900      	bls.n	100015cc <clock_configure_int_divider+0x34>
100015ca:	6067      	str	r7, [r4, #4]
100015cc:	1f2b      	subs	r3, r5, #4
100015ce:	b2db      	uxtb	r3, r3
100015d0:	4698      	mov	r8, r3
100015d2:	2b01      	cmp	r3, #1
100015d4:	d930      	bls.n	10001638 <clock_configure_int_divider+0xa0>
100015d6:	23c0      	movs	r3, #192	@ 0xc0
100015d8:	2280      	movs	r2, #128	@ 0x80
100015da:	019b      	lsls	r3, r3, #6
100015dc:	18e3      	adds	r3, r4, r3
100015de:	0112      	lsls	r2, r2, #4
100015e0:	601a      	str	r2, [r3, #0]
100015e2:	4b29      	ldr	r3, [pc, #164]	@ (10001688 <clock_configure_int_divider+0xf0>)
100015e4:	00ad      	lsls	r5, r5, #2
100015e6:	5959      	ldr	r1, [r3, r5]
100015e8:	469a      	mov	sl, r3
100015ea:	2900      	cmp	r1, #0
100015ec:	d11b      	bne.n	10001626 <clock_configure_int_divider+0x8e>
100015ee:	0173      	lsls	r3, r6, #5
100015f0:	26e0      	movs	r6, #224	@ 0xe0
100015f2:	6822      	ldr	r2, [r4, #0]
100015f4:	4053      	eors	r3, r2
100015f6:	401e      	ands	r6, r3
100015f8:	2380      	movs	r3, #128	@ 0x80
100015fa:	4642      	mov	r2, r8
100015fc:	015b      	lsls	r3, r3, #5
100015fe:	18e3      	adds	r3, r4, r3
10001600:	601e      	str	r6, [r3, #0]
10001602:	2a01      	cmp	r2, #1
10001604:	d930      	bls.n	10001668 <clock_configure_int_divider+0xd0>
10001606:	2380      	movs	r3, #128	@ 0x80
10001608:	2280      	movs	r2, #128	@ 0x80
1000160a:	019b      	lsls	r3, r3, #6
1000160c:	18e3      	adds	r3, r4, r3
1000160e:	0112      	lsls	r2, r2, #4
10001610:	601a      	str	r2, [r3, #0]
10001612:	4653      	mov	r3, sl
10001614:	464a      	mov	r2, r9
10001616:	6067      	str	r7, [r4, #4]
10001618:	515a      	str	r2, [r3, r5]
1000161a:	bcf0      	pop	{r4, r5, r6, r7}
1000161c:	46bb      	mov	fp, r7
1000161e:	46b2      	mov	sl, r6
10001620:	46a9      	mov	r9, r5
10001622:	46a0      	mov	r8, r4
10001624:	bdf8      	pop	{r3, r4, r5, r6, r7, pc}
10001626:	6958      	ldr	r0, [r3, #20]
10001628:	f000 fab4 	bl	10001b94 <__wrap___aeabi_uidiv>
1000162c:	3001      	adds	r0, #1
1000162e:	0043      	lsls	r3, r0, #1
10001630:	181b      	adds	r3, r3, r0
10001632:	3b03      	subs	r3, #3
10001634:	d2fd      	bcs.n	10001632 <clock_configure_int_divider+0x9a>
10001636:	e7da      	b.n	100015ee <clock_configure_int_divider+0x56>
10001638:	465b      	mov	r3, fp
1000163a:	2b01      	cmp	r3, #1
1000163c:	d1cb      	bne.n	100015d6 <clock_configure_int_divider+0x3e>
1000163e:	23c0      	movs	r3, #192	@ 0xc0
10001640:	2203      	movs	r2, #3
10001642:	019b      	lsls	r3, r3, #6
10001644:	18e3      	adds	r3, r4, r3
10001646:	601a      	str	r2, [r3, #0]
10001648:	3a02      	subs	r2, #2
1000164a:	68a3      	ldr	r3, [r4, #8]
1000164c:	421a      	tst	r2, r3
1000164e:	d0fc      	beq.n	1000164a <clock_configure_int_divider+0xb2>
10001650:	0173      	lsls	r3, r6, #5
10001652:	26e0      	movs	r6, #224	@ 0xe0
10001654:	6822      	ldr	r2, [r4, #0]
10001656:	00ad      	lsls	r5, r5, #2
10001658:	4053      	eors	r3, r2
1000165a:	401e      	ands	r6, r3
1000165c:	2380      	movs	r3, #128	@ 0x80
1000165e:	4a0a      	ldr	r2, [pc, #40]	@ (10001688 <clock_configure_int_divider+0xf0>)
10001660:	015b      	lsls	r3, r3, #5
10001662:	4692      	mov	sl, r2
10001664:	18e3      	adds	r3, r4, r3
10001666:	601e      	str	r6, [r3, #0]
10001668:	465a      	mov	r2, fp
1000166a:	6821      	ldr	r1, [r4, #0]
1000166c:	4051      	eors	r1, r2
1000166e:	2203      	movs	r2, #3
10001670:	400a      	ands	r2, r1
10001672:	601a      	str	r2, [r3, #0]
10001674:	2201      	movs	r2, #1
10001676:	465b      	mov	r3, fp
10001678:	409a      	lsls	r2, r3
1000167a:	68a3      	ldr	r3, [r4, #8]
1000167c:	421a      	tst	r2, r3
1000167e:	d0fc      	beq.n	1000167a <clock_configure_int_divider+0xe2>
10001680:	e7c1      	b.n	10001606 <clock_configure_int_divider+0x6e>
10001682:	46c0      	nop			@ (mov r8, r8)
10001684:	40008000 	.word	0x40008000
10001688:	200011a0 	.word	0x200011a0

1000168c <clock_configure_undivided>:
1000168c:	b5f0      	push	{r4, r5, r6, r7, lr}
1000168e:	4646      	mov	r6, r8
10001690:	464f      	mov	r7, r9
10001692:	46d6      	mov	lr, sl
10001694:	b5c0      	push	{r6, r7, lr}
10001696:	001f      	movs	r7, r3
10001698:	4b34      	ldr	r3, [pc, #208]	@ (1000176c <clock_configure_undivided+0xe0>)
1000169a:	0044      	lsls	r4, r0, #1
1000169c:	469c      	mov	ip, r3
1000169e:	1824      	adds	r4, r4, r0
100016a0:	00a4      	lsls	r4, r4, #2
100016a2:	4464      	add	r4, ip
100016a4:	6863      	ldr	r3, [r4, #4]
100016a6:	4688      	mov	r8, r1
100016a8:	0016      	movs	r6, r2
100016aa:	2bff      	cmp	r3, #255	@ 0xff
100016ac:	d802      	bhi.n	100016b4 <clock_configure_undivided+0x28>
100016ae:	2380      	movs	r3, #128	@ 0x80
100016b0:	005b      	lsls	r3, r3, #1
100016b2:	6063      	str	r3, [r4, #4]
100016b4:	1f03      	subs	r3, r0, #4
100016b6:	b2db      	uxtb	r3, r3
100016b8:	469a      	mov	sl, r3
100016ba:	2b01      	cmp	r3, #1
100016bc:	d930      	bls.n	10001720 <clock_configure_undivided+0x94>
100016be:	23c0      	movs	r3, #192	@ 0xc0
100016c0:	2280      	movs	r2, #128	@ 0x80
100016c2:	019b      	lsls	r3, r3, #6
100016c4:	18e3      	adds	r3, r4, r3
100016c6:	0112      	lsls	r2, r2, #4
100016c8:	601a      	str	r2, [r3, #0]
100016ca:	4b29      	ldr	r3, [pc, #164]	@ (10001770 <clock_configure_undivided+0xe4>)
100016cc:	0085      	lsls	r5, r0, #2
100016ce:	5959      	ldr	r1, [r3, r5]
100016d0:	4699      	mov	r9, r3
100016d2:	2900      	cmp	r1, #0
100016d4:	d11b      	bne.n	1000170e <clock_configure_undivided+0x82>
100016d6:	0173      	lsls	r3, r6, #5
100016d8:	26e0      	movs	r6, #224	@ 0xe0
100016da:	6822      	ldr	r2, [r4, #0]
100016dc:	4053      	eors	r3, r2
100016de:	401e      	ands	r6, r3
100016e0:	2380      	movs	r3, #128	@ 0x80
100016e2:	4652      	mov	r2, sl
100016e4:	015b      	lsls	r3, r3, #5
100016e6:	18e3      	adds	r3, r4, r3
100016e8:	601e      	str	r6, [r3, #0]
100016ea:	2a01      	cmp	r2, #1
100016ec:	d930      	bls.n	10001750 <clock_configure_undivided+0xc4>
100016ee:	2380      	movs	r3, #128	@ 0x80
100016f0:	2280      	movs	r2, #128	@ 0x80
100016f2:	019b      	lsls	r3, r3, #6
100016f4:	18e3      	adds	r3, r4, r3
100016f6:	0112      	lsls	r2, r2, #4
100016f8:	601a      	str	r2, [r3, #0]
100016fa:	2380      	movs	r3, #128	@ 0x80
100016fc:	005b      	lsls	r3, r3, #1
100016fe:	6063      	str	r3, [r4, #4]
10001700:	464b      	mov	r3, r9
10001702:	515f      	str	r7, [r3, r5]
10001704:	bce0      	pop	{r5, r6, r7}
10001706:	46ba      	mov	sl, r7
10001708:	46b1      	mov	r9, r6
1000170a:	46a8      	mov	r8, r5
1000170c:	bdf0      	pop	{r4, r5, r6, r7, pc}
1000170e:	6958      	ldr	r0, [r3, #20]
10001710:	f000 fa40 	bl	10001b94 <__wrap___aeabi_uidiv>
10001714:	3001      	adds	r0, #1
10001716:	0043      	lsls	r3, r0, #1
10001718:	181b      	adds	r3, r3, r0
1000171a:	3b03      	subs	r3, #3
1000171c:	d2fd      	bcs.n	1000171a <clock_configure_undivided+0x8e>
1000171e:	e7da      	b.n	100016d6 <clock_configure_undivided+0x4a>
10001720:	4643      	mov	r3, r8
10001722:	2b01      	cmp	r3, #1
10001724:	d1cb      	bne.n	100016be <clock_configure_undivided+0x32>
10001726:	23c0      	movs	r3, #192	@ 0xc0
10001728:	2203      	movs	r2, #3
1000172a:	019b      	lsls	r3, r3, #6
1000172c:	18e3      	adds	r3, r4, r3
1000172e:	601a      	str	r2, [r3, #0]
10001730:	3a02      	subs	r2, #2
10001732:	68a3      	ldr	r3, [r4, #8]
10001734:	421a      	tst	r2, r3
10001736:	d0fc      	beq.n	10001732 <clock_configure_undivided+0xa6>
10001738:	0173      	lsls	r3, r6, #5
1000173a:	26e0      	movs	r6, #224	@ 0xe0
1000173c:	6822      	ldr	r2, [r4, #0]
1000173e:	0085      	lsls	r5, r0, #2
10001740:	4053      	eors	r3, r2
10001742:	401e      	ands	r6, r3
10001744:	2380      	movs	r3, #128	@ 0x80
10001746:	4a0a      	ldr	r2, [pc, #40]	@ (10001770 <clock_configure_undivided+0xe4>)
10001748:	015b      	lsls	r3, r3, #5
1000174a:	4691      	mov	r9, r2
1000174c:	18e3      	adds	r3, r4, r3
1000174e:	601e      	str	r6, [r3, #0]
10001750:	4642      	mov	r2, r8
10001752:	6821      	ldr	r1, [r4, #0]
10001754:	4051      	eors	r1, r2
10001756:	2203      	movs	r2, #3
10001758:	400a      	ands	r2, r1
1000175a:	601a      	str	r2, [r3, #0]
1000175c:	2301      	movs	r3, #1
1000175e:	4642      	mov	r2, r8
10001760:	4093      	lsls	r3, r2
10001762:	68a2      	ldr	r2, [r4, #8]
10001764:	4213      	tst	r3, r2
10001766:	d0fc      	beq.n	10001762 <clock_configure_undivided+0xd6>
10001768:	e7c1      	b.n	100016ee <clock_configure_undivided+0x62>
1000176a:	46c0      	nop			@ (mov r8, r8)
1000176c:	40008000 	.word	0x40008000
10001770:	200011a0 	.word	0x200011a0

10001774 <clock_get_hz>:
10001774:	4b01      	ldr	r3, [pc, #4]	@ (1000177c <clock_get_hz+0x8>)
10001776:	0080      	lsls	r0, r0, #2
10001778:	58c0      	ldr	r0, [r0, r3]
1000177a:	4770      	bx	lr
1000177c:	200011a0 	.word	0x200011a0

10001780 <pll_init>:
10001780:	b5f8      	push	{r3, r4, r5, r6, r7, lr}
10001782:	0004      	movs	r4, r0
10001784:	4821      	ldr	r0, [pc, #132]	@ (1000180c <pll_init+0x8c>)
10001786:	001e      	movs	r6, r3
10001788:	0017      	movs	r7, r2
1000178a:	000d      	movs	r5, r1
1000178c:	f000 fa02 	bl	10001b94 <__wrap___aeabi_uidiv>
10001790:	0001      	movs	r1, r0
10001792:	0038      	movs	r0, r7
10001794:	f000 f9fe 	bl	10001b94 <__wrap___aeabi_uidiv>
10001798:	9b06      	ldr	r3, [sp, #24]
1000179a:	0436      	lsls	r6, r6, #16
1000179c:	031b      	lsls	r3, r3, #12
1000179e:	431e      	orrs	r6, r3
100017a0:	6823      	ldr	r3, [r4, #0]
100017a2:	2b00      	cmp	r3, #0
100017a4:	db20      	blt.n	100017e8 <pll_init+0x68>
100017a6:	4b1a      	ldr	r3, [pc, #104]	@ (10001810 <pll_init+0x90>)
100017a8:	491a      	ldr	r1, [pc, #104]	@ (10001814 <pll_init+0x94>)
100017aa:	18e3      	adds	r3, r4, r3
100017ac:	1e5a      	subs	r2, r3, #1
100017ae:	4193      	sbcs	r3, r2
100017b0:	2280      	movs	r2, #128	@ 0x80
100017b2:	0192      	lsls	r2, r2, #6
100017b4:	4694      	mov	ip, r2
100017b6:	425b      	negs	r3, r3
100017b8:	0b1b      	lsrs	r3, r3, #12
100017ba:	4a17      	ldr	r2, [pc, #92]	@ (10001818 <pll_init+0x98>)
100017bc:	031b      	lsls	r3, r3, #12
100017be:	4463      	add	r3, ip
100017c0:	6013      	str	r3, [r2, #0]
100017c2:	4a16      	ldr	r2, [pc, #88]	@ (1000181c <pll_init+0x9c>)
100017c4:	6013      	str	r3, [r2, #0]
100017c6:	001f      	movs	r7, r3
100017c8:	680a      	ldr	r2, [r1, #0]
100017ca:	4397      	bics	r7, r2
100017cc:	d1fb      	bne.n	100017c6 <pll_init+0x46>
100017ce:	4b14      	ldr	r3, [pc, #80]	@ (10001820 <pll_init+0xa0>)
100017d0:	6025      	str	r5, [r4, #0]
100017d2:	18e2      	adds	r2, r4, r3
100017d4:	2321      	movs	r3, #33	@ 0x21
100017d6:	60a0      	str	r0, [r4, #8]
100017d8:	6013      	str	r3, [r2, #0]
100017da:	6823      	ldr	r3, [r4, #0]
100017dc:	2b00      	cmp	r3, #0
100017de:	dafc      	bge.n	100017da <pll_init+0x5a>
100017e0:	2308      	movs	r3, #8
100017e2:	60e6      	str	r6, [r4, #12]
100017e4:	6013      	str	r3, [r2, #0]
100017e6:	bdf8      	pop	{r3, r4, r5, r6, r7, pc}
100017e8:	233f      	movs	r3, #63	@ 0x3f
100017ea:	6822      	ldr	r2, [r4, #0]
100017ec:	4013      	ands	r3, r2
100017ee:	42ab      	cmp	r3, r5
100017f0:	d1d9      	bne.n	100017a6 <pll_init+0x26>
100017f2:	68a3      	ldr	r3, [r4, #8]
100017f4:	051b      	lsls	r3, r3, #20
100017f6:	0d1b      	lsrs	r3, r3, #20
100017f8:	4283      	cmp	r3, r0
100017fa:	d1d4      	bne.n	100017a6 <pll_init+0x26>
100017fc:	22ee      	movs	r2, #238	@ 0xee
100017fe:	68e3      	ldr	r3, [r4, #12]
10001800:	02d2      	lsls	r2, r2, #11
10001802:	4013      	ands	r3, r2
10001804:	42b3      	cmp	r3, r6
10001806:	d1ce      	bne.n	100017a6 <pll_init+0x26>
10001808:	e7ed      	b.n	100017e6 <pll_init+0x66>
1000180a:	46c0      	nop			@ (mov r8, r8)
1000180c:	00b71b00 	.word	0x00b71b00
10001810:	bffd4000 	.word	0xbffd4000
10001814:	4000c008 	.word	0x4000c008
10001818:	4000e000 	.word	0x4000e000
1000181c:	4000f000 	.word	0x4000f000
10001820:	00003004 	.word	0x00003004

10001824 <tick_start>:
10001824:	2380      	movs	r3, #128	@ 0x80
10001826:	4a02      	ldr	r2, [pc, #8]	@ (10001830 <tick_start+0xc>)
10001828:	009b      	lsls	r3, r3, #2
1000182a:	430b      	orrs	r3, r1
1000182c:	62d3      	str	r3, [r2, #44]	@ 0x2c
1000182e:	4770      	bx	lr
10001830:	40058000 	.word	0x40058000

10001834 <rom_func_lookup>:
10001834:	2314      	movs	r3, #20
10001836:	b510      	push	{r4, lr}
10001838:	0001      	movs	r1, r0
1000183a:	8818      	ldrh	r0, [r3, #0]
1000183c:	3304      	adds	r3, #4
1000183e:	881b      	ldrh	r3, [r3, #0]
10001840:	4798      	blx	r3
10001842:	bd10      	pop	{r4, pc}

10001844 <rom_data_lookup>:
10001844:	2316      	movs	r3, #22
10001846:	b510      	push	{r4, lr}
10001848:	0001      	movs	r1, r0
1000184a:	8818      	ldrh	r0, [r3, #0]
1000184c:	3302      	adds	r3, #2
1000184e:	881b      	ldrh	r3, [r3, #0]
10001850:	4798      	blx	r3
10001852:	bd10      	pop	{r4, pc}

10001854 <rom_funcs_lookup>:
10001854:	b5f8      	push	{r3, r4, r5, r6, r7, lr}
10001856:	4647      	mov	r7, r8
10001858:	46ce      	mov	lr, r9
1000185a:	b580      	push	{r7, lr}
1000185c:	1e0f      	subs	r7, r1, #0
1000185e:	d019      	beq.n	10001894 <rom_funcs_lookup+0x40>
10001860:	2314      	movs	r3, #20
10001862:	4699      	mov	r9, r3
10001864:	3304      	adds	r3, #4
10001866:	0004      	movs	r4, r0
10001868:	2500      	movs	r5, #0
1000186a:	2601      	movs	r6, #1
1000186c:	4698      	mov	r8, r3
1000186e:	464b      	mov	r3, r9
10001870:	8818      	ldrh	r0, [r3, #0]
10001872:	4643      	mov	r3, r8
10001874:	6821      	ldr	r1, [r4, #0]
10001876:	881b      	ldrh	r3, [r3, #0]
10001878:	4798      	blx	r3
1000187a:	c401      	stmia	r4!, {r0}
1000187c:	1e43      	subs	r3, r0, #1
1000187e:	4198      	sbcs	r0, r3
10001880:	3501      	adds	r5, #1
10001882:	4240      	negs	r0, r0
10001884:	4006      	ands	r6, r0
10001886:	42af      	cmp	r7, r5
10001888:	d1f1      	bne.n	1000186e <rom_funcs_lookup+0x1a>
1000188a:	0030      	movs	r0, r6
1000188c:	bcc0      	pop	{r6, r7}
1000188e:	46b9      	mov	r9, r7
10001890:	46b0      	mov	r8, r6
10001892:	bdf8      	pop	{r3, r4, r5, r6, r7, pc}
10001894:	2601      	movs	r6, #1
10001896:	e7f8      	b.n	1000188a <rom_funcs_lookup+0x36>

10001898 <rom_reset_usb_boot>:
10001898:	2314      	movs	r3, #20
1000189a:	b570      	push	{r4, r5, r6, lr}
1000189c:	0004      	movs	r4, r0
1000189e:	8818      	ldrh	r0, [r3, #0]
100018a0:	3304      	adds	r3, #4
100018a2:	000d      	movs	r5, r1
100018a4:	881b      	ldrh	r3, [r3, #0]
100018a6:	4903      	ldr	r1, [pc, #12]	@ (100018b4 <rom_reset_usb_boot+0x1c>)
100018a8:	4798      	blx	r3
100018aa:	0029      	movs	r1, r5
100018ac:	0003      	movs	r3, r0
100018ae:	0020      	movs	r0, r4
100018b0:	4798      	blx	r3
100018b2:	46c0      	nop			@ (mov r8, r8)
100018b4:	00004255 	.word	0x00004255

100018b8 <xosc_init>:
100018b8:	23aa      	movs	r3, #170	@ 0xaa
100018ba:	4a06      	ldr	r2, [pc, #24]	@ (100018d4 <xosc_init+0x1c>)
100018bc:	011b      	lsls	r3, r3, #4
100018be:	6013      	str	r3, [r2, #0]
100018c0:	238d      	movs	r3, #141	@ 0x8d
100018c2:	005b      	lsls	r3, r3, #1
100018c4:	60d3      	str	r3, [r2, #12]
100018c6:	4904      	ldr	r1, [pc, #16]	@ (100018d8 <xosc_init+0x20>)
100018c8:	4b04      	ldr	r3, [pc, #16]	@ (100018dc <xosc_init+0x24>)
100018ca:	6019      	str	r1, [r3, #0]
100018cc:	6853      	ldr	r3, [r2, #4]
100018ce:	2b00      	cmp	r3, #0
100018d0:	dafc      	bge.n	100018cc <xosc_init+0x14>
100018d2:	4770      	bx	lr
100018d4:	40024000 	.word	0x40024000
100018d8:	00fab000 	.word	0x00fab000
100018dc:	40026000 	.word	0x40026000

100018e0 <first_per_core_initializer>:
100018e0:	4770      	bx	lr
100018e2:	46c0      	nop			@ (mov r8, r8)

100018e4 <hard_assertion_failure>:
100018e4:	b510      	push	{r4, lr}
100018e6:	4801      	ldr	r0, [pc, #4]	@ (100018ec <hard_assertion_failure+0x8>)
100018e8:	f7fe fd8c 	bl	10000404 <panic>
100018ec:	1000998c 	.word	0x1000998c

100018f0 <runtime_run_initializers>:
100018f0:	b570      	push	{r4, r5, r6, lr}
100018f2:	4d07      	ldr	r5, [pc, #28]	@ (10001910 <runtime_run_initializers+0x20>)
100018f4:	4e07      	ldr	r6, [pc, #28]	@ (10001914 <runtime_run_initializers+0x24>)
100018f6:	42b5      	cmp	r5, r6
100018f8:	d209      	bcs.n	1000190e <runtime_run_initializers+0x1e>
100018fa:	2400      	movs	r4, #0
100018fc:	3e01      	subs	r6, #1
100018fe:	1b76      	subs	r6, r6, r5
10001900:	08b6      	lsrs	r6, r6, #2
10001902:	cd08      	ldmia	r5!, {r3}
10001904:	4798      	blx	r3
10001906:	0023      	movs	r3, r4
10001908:	3401      	adds	r4, #1
1000190a:	42b3      	cmp	r3, r6
1000190c:	d1f9      	bne.n	10001902 <runtime_run_initializers+0x12>
1000190e:	bd70      	pop	{r4, r5, r6, pc}
10001910:	100098e0 	.word	0x100098e0
10001914:	10009920 	.word	0x10009920

10001918 <runtime_init_early_resets>:
10001918:	4b05      	ldr	r3, [pc, #20]	@ (10001930 <runtime_init_early_resets+0x18>)
1000191a:	4a06      	ldr	r2, [pc, #24]	@ (10001934 <runtime_init_early_resets+0x1c>)
1000191c:	4906      	ldr	r1, [pc, #24]	@ (10001938 <runtime_init_early_resets+0x20>)
1000191e:	601a      	str	r2, [r3, #0]
10001920:	4a06      	ldr	r2, [pc, #24]	@ (1000193c <runtime_init_early_resets+0x24>)
10001922:	4b07      	ldr	r3, [pc, #28]	@ (10001940 <runtime_init_early_resets+0x28>)
10001924:	601a      	str	r2, [r3, #0]
10001926:	0010      	movs	r0, r2
10001928:	680b      	ldr	r3, [r1, #0]
1000192a:	4398      	bics	r0, r3
1000192c:	d1fb      	bne.n	10001926 <runtime_init_early_resets+0xe>
1000192e:	4770      	bx	lr
10001930:	4000e000 	.word	0x4000e000
10001934:	fefbcdbf 	.word	0xfefbcdbf
10001938:	4000c008 	.word	0x4000c008
1000193c:	003c7ffe 	.word	0x003c7ffe
10001940:	4000f000 	.word	0x4000f000

10001944 <runtime_init_usb_power_down>:
10001944:	4b04      	ldr	r3, [pc, #16]	@ (10001958 <runtime_init_usb_power_down+0x14>)
10001946:	6cdb      	ldr	r3, [r3, #76]	@ 0x4c
10001948:	2b00      	cmp	r3, #0
1000194a:	d103      	bne.n	10001954 <runtime_init_usb_power_down+0x10>
1000194c:	2280      	movs	r2, #128	@ 0x80
1000194e:	4b03      	ldr	r3, [pc, #12]	@ (1000195c <runtime_init_usb_power_down+0x18>)
10001950:	02d2      	lsls	r2, r2, #11
10001952:	601a      	str	r2, [r3, #0]
10001954:	4770      	bx	lr
10001956:	46c0      	nop			@ (mov r8, r8)
10001958:	50110000 	.word	0x50110000
1000195c:	5011204c 	.word	0x5011204c

10001960 <runtime_init_post_clock_resets>:
10001960:	4a04      	ldr	r2, [pc, #16]	@ (10001974 <runtime_init_post_clock_resets+0x14>)
10001962:	4b05      	ldr	r3, [pc, #20]	@ (10001978 <runtime_init_post_clock_resets+0x18>)
10001964:	601a      	str	r2, [r3, #0]
10001966:	4a05      	ldr	r2, [pc, #20]	@ (1000197c <runtime_init_post_clock_resets+0x1c>)
10001968:	6813      	ldr	r3, [r2, #0]
1000196a:	01db      	lsls	r3, r3, #7
1000196c:	3380      	adds	r3, #128	@ 0x80
1000196e:	d1fb      	bne.n	10001968 <runtime_init_post_clock_resets+0x8>
10001970:	4770      	bx	lr
10001972:	46c0      	nop			@ (mov r8, r8)
10001974:	01ffffff 	.word	0x01ffffff
10001978:	4000f000 	.word	0x4000f000
1000197c:	4000c008 	.word	0x4000c008

10001980 <runtime_init_rp2040_gpio_ie_disable>:
10001980:	2240      	movs	r2, #64	@ 0x40
10001982:	4b03      	ldr	r3, [pc, #12]	@ (10001990 <runtime_init_rp2040_gpio_ie_disable+0x10>)
10001984:	679a      	str	r2, [r3, #120]	@ 0x78
10001986:	675a      	str	r2, [r3, #116]	@ 0x74
10001988:	671a      	str	r2, [r3, #112]	@ 0x70
1000198a:	66da      	str	r2, [r3, #108]	@ 0x6c
1000198c:	4770      	bx	lr
1000198e:	46c0      	nop			@ (mov r8, r8)
10001990:	4001f000 	.word	0x4001f000

10001994 <runtime_init_spin_locks_reset>:
10001994:	b510      	push	{r4, lr}
10001996:	f7fe fdfb 	bl	10000590 <spin_locks_reset>
1000199a:	bd10      	pop	{r4, pc}

1000199c <runtime_init_install_ram_vector_table>:
1000199c:	b5f8      	push	{r3, r4, r5, r6, r7, lr}
1000199e:	4927      	ldr	r1, [pc, #156]	@ (10001a3c <runtime_init_install_ram_vector_table+0xa0>)
100019a0:	4c27      	ldr	r4, [pc, #156]	@ (10001a40 <runtime_init_install_ram_vector_table+0xa4>)
100019a2:	4d28      	ldr	r5, [pc, #160]	@ (10001a44 <runtime_init_install_ram_vector_table+0xa8>)
100019a4:	1a64      	subs	r4, r4, r1
100019a6:	08a4      	lsrs	r4, r4, #2
100019a8:	0022      	movs	r2, r4
100019aa:	2c30      	cmp	r4, #48	@ 0x30
100019ac:	d900      	bls.n	100019b0 <runtime_init_install_ram_vector_table+0x14>
100019ae:	2230      	movs	r2, #48	@ 0x30
100019b0:	0028      	movs	r0, r5
100019b2:	0092      	lsls	r2, r2, #2
100019b4:	f000 fd0c 	bl	100023d0 <__wrap___aeabi_memcpy>
100019b8:	2c2f      	cmp	r4, #47	@ 0x2f
100019ba:	d83b      	bhi.n	10001a34 <runtime_init_install_ram_vector_table+0x98>
100019bc:	2030      	movs	r0, #48	@ 0x30
100019be:	212f      	movs	r1, #47	@ 0x2f
100019c0:	00a7      	lsls	r7, r4, #2
100019c2:	19eb      	adds	r3, r5, r7
100019c4:	075b      	lsls	r3, r3, #29
100019c6:	4a20      	ldr	r2, [pc, #128]	@ (10001a48 <runtime_init_install_ram_vector_table+0xac>)
100019c8:	1b00      	subs	r0, r0, r4
100019ca:	0fdb      	lsrs	r3, r3, #31
100019cc:	1b09      	subs	r1, r1, r4
100019ce:	2905      	cmp	r1, #5
100019d0:	d916      	bls.n	10001a00 <runtime_init_install_ram_vector_table+0x64>
100019d2:	0026      	movs	r6, r4
100019d4:	2b00      	cmp	r3, #0
100019d6:	d001      	beq.n	100019dc <runtime_init_install_ram_vector_table+0x40>
100019d8:	51ea      	str	r2, [r5, r7]
100019da:	1c66      	adds	r6, r4, #1
100019dc:	1ac0      	subs	r0, r0, r3
100019de:	18e3      	adds	r3, r4, r3
100019e0:	009b      	lsls	r3, r3, #2
100019e2:	0841      	lsrs	r1, r0, #1
100019e4:	18eb      	adds	r3, r5, r3
100019e6:	00c9      	lsls	r1, r1, #3
100019e8:	18c9      	adds	r1, r1, r3
100019ea:	601a      	str	r2, [r3, #0]
100019ec:	605a      	str	r2, [r3, #4]
100019ee:	3308      	adds	r3, #8
100019f0:	428b      	cmp	r3, r1
100019f2:	d1fa      	bne.n	100019ea <runtime_init_install_ram_vector_table+0x4e>
100019f4:	2301      	movs	r3, #1
100019f6:	4203      	tst	r3, r0
100019f8:	d01c      	beq.n	10001a34 <runtime_init_install_ram_vector_table+0x98>
100019fa:	4398      	bics	r0, r3
100019fc:	1984      	adds	r4, r0, r6
100019fe:	00a7      	lsls	r7, r4, #2
10001a00:	51ea      	str	r2, [r5, r7]
10001a02:	1c63      	adds	r3, r4, #1
10001a04:	2c2f      	cmp	r4, #47	@ 0x2f
10001a06:	d015      	beq.n	10001a34 <runtime_init_install_ram_vector_table+0x98>
10001a08:	009b      	lsls	r3, r3, #2
10001a0a:	50ea      	str	r2, [r5, r3]
10001a0c:	1ca3      	adds	r3, r4, #2
10001a0e:	2c2e      	cmp	r4, #46	@ 0x2e
10001a10:	d010      	beq.n	10001a34 <runtime_init_install_ram_vector_table+0x98>
10001a12:	009b      	lsls	r3, r3, #2
10001a14:	50ea      	str	r2, [r5, r3]
10001a16:	1ce3      	adds	r3, r4, #3
10001a18:	2c2d      	cmp	r4, #45	@ 0x2d
10001a1a:	d00b      	beq.n	10001a34 <runtime_init_install_ram_vector_table+0x98>
10001a1c:	009b      	lsls	r3, r3, #2
10001a1e:	50ea      	str	r2, [r5, r3]
10001a20:	1d23      	adds	r3, r4, #4
10001a22:	2c2c      	cmp	r4, #44	@ 0x2c
10001a24:	d006      	beq.n	10001a34 <runtime_init_install_ram_vector_table+0x98>
10001a26:	009b      	lsls	r3, r3, #2
10001a28:	50ea      	str	r2, [r5, r3]
10001a2a:	1d63      	adds	r3, r4, #5
10001a2c:	2c2b      	cmp	r4, #43	@ 0x2b
10001a2e:	d001      	beq.n	10001a34 <runtime_init_install_ram_vector_table+0x98>
10001a30:	009b      	lsls	r3, r3, #2
10001a32:	50ea      	str	r2, [r5, r3]
10001a34:	4b05      	ldr	r3, [pc, #20]	@ (10001a4c <runtime_init_install_ram_vector_table+0xb0>)
10001a36:	609d      	str	r5, [r3, #8]
10001a38:	bdf8      	pop	{r3, r4, r5, r6, r7, pc}
10001a3a:	46c0      	nop			@ (mov r8, r8)
10001a3c:	10000100 	.word	0x10000100
10001a40:	100001c0 	.word	0x100001c0
10001a44:	20000000 	.word	0x20000000
10001a48:	100001c1 	.word	0x100001c1
10001a4c:	e000ed00 	.word	0xe000ed00

10001a50 <runtime_init_clocks>:
10001a50:	2300      	movs	r3, #0
10001a52:	b510      	push	{r4, lr}
10001a54:	4c29      	ldr	r4, [pc, #164]	@ (10001afc <runtime_init_clocks+0xac>)
10001a56:	b082      	sub	sp, #8
10001a58:	67a3      	str	r3, [r4, #120]	@ 0x78
10001a5a:	f7ff ff2d 	bl	100018b8 <xosc_init>
10001a5e:	2201      	movs	r2, #1
10001a60:	4b27      	ldr	r3, [pc, #156]	@ (10001b00 <runtime_init_clocks+0xb0>)
10001a62:	601a      	str	r2, [r3, #0]
10001a64:	6c63      	ldr	r3, [r4, #68]	@ 0x44
10001a66:	2b01      	cmp	r3, #1
10001a68:	d1fc      	bne.n	10001a64 <runtime_init_clocks+0x14>
10001a6a:	2203      	movs	r2, #3
10001a6c:	4b25      	ldr	r3, [pc, #148]	@ (10001b04 <runtime_init_clocks+0xb4>)
10001a6e:	601a      	str	r2, [r3, #0]
10001a70:	4a22      	ldr	r2, [pc, #136]	@ (10001afc <runtime_init_clocks+0xac>)
10001a72:	6b93      	ldr	r3, [r2, #56]	@ 0x38
10001a74:	2b01      	cmp	r3, #1
10001a76:	d1fc      	bne.n	10001a72 <runtime_init_clocks+0x22>
10001a78:	3301      	adds	r3, #1
10001a7a:	9300      	str	r3, [sp, #0]
10001a7c:	2101      	movs	r1, #1
10001a7e:	4a22      	ldr	r2, [pc, #136]	@ (10001b08 <runtime_init_clocks+0xb8>)
10001a80:	4822      	ldr	r0, [pc, #136]	@ (10001b0c <runtime_init_clocks+0xbc>)
10001a82:	3304      	adds	r3, #4
10001a84:	f7ff fe7c 	bl	10001780 <pll_init>
10001a88:	2305      	movs	r3, #5
10001a8a:	2101      	movs	r1, #1
10001a8c:	9300      	str	r3, [sp, #0]
10001a8e:	4a20      	ldr	r2, [pc, #128]	@ (10001b10 <runtime_init_clocks+0xc0>)
10001a90:	4820      	ldr	r0, [pc, #128]	@ (10001b14 <runtime_init_clocks+0xc4>)
10001a92:	f7ff fe75 	bl	10001780 <pll_init>
10001a96:	2200      	movs	r2, #0
10001a98:	2102      	movs	r1, #2
10001a9a:	2004      	movs	r0, #4
10001a9c:	4b1e      	ldr	r3, [pc, #120]	@ (10001b18 <runtime_init_clocks+0xc8>)
10001a9e:	f7ff fdf5 	bl	1000168c <clock_configure_undivided>
10001aa2:	2200      	movs	r2, #0
10001aa4:	2101      	movs	r1, #1
10001aa6:	2005      	movs	r0, #5
10001aa8:	4b1c      	ldr	r3, [pc, #112]	@ (10001b1c <runtime_init_clocks+0xcc>)
10001aaa:	f7ff fdef 	bl	1000168c <clock_configure_undivided>
10001aae:	2200      	movs	r2, #0
10001ab0:	2100      	movs	r1, #0
10001ab2:	2007      	movs	r0, #7
10001ab4:	4b1a      	ldr	r3, [pc, #104]	@ (10001b20 <runtime_init_clocks+0xd0>)
10001ab6:	f7ff fde9 	bl	1000168c <clock_configure_undivided>
10001aba:	2200      	movs	r2, #0
10001abc:	2100      	movs	r1, #0
10001abe:	2008      	movs	r0, #8
10001ac0:	4b17      	ldr	r3, [pc, #92]	@ (10001b20 <runtime_init_clocks+0xd0>)
10001ac2:	f7ff fde3 	bl	1000168c <clock_configure_undivided>
10001ac6:	2380      	movs	r3, #128	@ 0x80
10001ac8:	00db      	lsls	r3, r3, #3
10001aca:	9300      	str	r3, [sp, #0]
10001acc:	2200      	movs	r2, #0
10001ace:	2100      	movs	r1, #0
10001ad0:	2009      	movs	r0, #9
10001ad2:	4b13      	ldr	r3, [pc, #76]	@ (10001b20 <runtime_init_clocks+0xd0>)
10001ad4:	f7ff fd60 	bl	10001598 <clock_configure_int_divider>
10001ad8:	2200      	movs	r2, #0
10001ada:	4b10      	ldr	r3, [pc, #64]	@ (10001b1c <runtime_init_clocks+0xcc>)
10001adc:	2100      	movs	r1, #0
10001ade:	2006      	movs	r0, #6
10001ae0:	f7ff fdd4 	bl	1000168c <clock_configure_undivided>
10001ae4:	2004      	movs	r0, #4
10001ae6:	f7ff fe45 	bl	10001774 <clock_get_hz>
10001aea:	490e      	ldr	r1, [pc, #56]	@ (10001b24 <runtime_init_clocks+0xd4>)
10001aec:	f000 f852 	bl	10001b94 <__wrap___aeabi_uidiv>
10001af0:	0001      	movs	r1, r0
10001af2:	2000      	movs	r0, #0
10001af4:	f7ff fe96 	bl	10001824 <tick_start>
10001af8:	b002      	add	sp, #8
10001afa:	bd10      	pop	{r4, pc}
10001afc:	40008000 	.word	0x40008000
10001b00:	4000b03c 	.word	0x4000b03c
10001b04:	4000b030 	.word	0x4000b030
10001b08:	59682f00 	.word	0x59682f00
10001b0c:	40028000 	.word	0x40028000
10001b10:	47868c00 	.word	0x47868c00
10001b14:	4002c000 	.word	0x4002c000
10001b18:	00b71b00 	.word	0x00b71b00
10001b1c:	07735940 	.word	0x07735940
10001b20:	02dc6c00 	.word	0x02dc6c00
10001b24:	000f4240 	.word	0x000f4240

10001b28 <__aeabi_bits_init>:
10001b28:	4801      	ldr	r0, [pc, #4]	@ (10001b30 <__aeabi_bits_init+0x8>)
10001b2a:	2104      	movs	r1, #4
10001b2c:	4b01      	ldr	r3, [pc, #4]	@ (10001b34 <__aeabi_bits_init+0xc>)
10001b2e:	4718      	bx	r3
10001b30:	20000680 	.word	0x20000680
10001b34:	10001855 	.word	0x10001855

10001b38 <__wrap___ctzsi2>:
10001b38:	4b01      	ldr	r3, [pc, #4]	@ (10001b40 <__wrap___ctzsi2+0x8>)
10001b3a:	689b      	ldr	r3, [r3, #8]
10001b3c:	4718      	bx	r3
10001b3e:	0000      	.short	0x0000
10001b40:	20000680 	.word	0x20000680

10001b44 <__wrap___aeabi_idiv>:
10001b44:	4a12      	ldr	r2, [pc, #72]	@ (10001b90 <divmod_s32s32_savestate+0x18>)
10001b46:	6f93      	ldr	r3, [r2, #120]	@ 0x78
10001b48:	089b      	lsrs	r3, r3, #2
10001b4a:	d215      	bcs.n	10001b78 <divmod_s32s32_savestate>

10001b4c <divmod_s32s32_core>:
10001b4c:	6690      	str	r0, [r2, #104]	@ 0x68
10001b4e:	66d1      	str	r1, [r2, #108]	@ 0x6c
10001b50:	2900      	cmp	r1, #0
10001b52:	d005      	beq.n	10001b60 <divmod_s32s32_core+0x14>
10001b54:	e7ff      	b.n	10001b56 <divmod_s32s32_core+0xa>
10001b56:	e7ff      	b.n	10001b58 <divmod_s32s32_core+0xc>
10001b58:	e7ff      	b.n	10001b5a <divmod_s32s32_core+0xe>
10001b5a:	6f51      	ldr	r1, [r2, #116]	@ 0x74
10001b5c:	6f10      	ldr	r0, [r2, #112]	@ 0x70
10001b5e:	4770      	bx	lr
10001b60:	b504      	push	{r2, lr}
10001b62:	2180      	movs	r1, #128	@ 0x80
10001b64:	0609      	lsls	r1, r1, #24
10001b66:	17c2      	asrs	r2, r0, #31
10001b68:	4051      	eors	r1, r2
10001b6a:	2800      	cmp	r0, #0
10001b6c:	d000      	beq.n	10001b70 <divmod_s32s32_core+0x24>
10001b6e:	43c8      	mvns	r0, r1
10001b70:	f007 fe7e 	bl	10009870 <____aeabi_idiv0_veneer>
10001b74:	2100      	movs	r1, #0
10001b76:	bd04      	pop	{r2, pc}

10001b78 <divmod_s32s32_savestate>:
10001b78:	b5f0      	push	{r4, r5, r6, r7, lr}
10001b7a:	6e14      	ldr	r4, [r2, #96]	@ 0x60
10001b7c:	6e55      	ldr	r5, [r2, #100]	@ 0x64
10001b7e:	6f57      	ldr	r7, [r2, #116]	@ 0x74
10001b80:	6f16      	ldr	r6, [r2, #112]	@ 0x70
10001b82:	f7ff ffe3 	bl	10001b4c <divmod_s32s32_core>
10001b86:	6614      	str	r4, [r2, #96]	@ 0x60
10001b88:	6655      	str	r5, [r2, #100]	@ 0x64
10001b8a:	6757      	str	r7, [r2, #116]	@ 0x74
10001b8c:	6716      	str	r6, [r2, #112]	@ 0x70
10001b8e:	bdf0      	pop	{r4, r5, r6, r7, pc}
10001b90:	d0000000 	.word	0xd0000000

10001b94 <__wrap___aeabi_uidiv>:
10001b94:	4a11      	ldr	r2, [pc, #68]	@ (10001bdc <divmod_u32u32_savestate+0x18>)
10001b96:	6f93      	ldr	r3, [r2, #120]	@ 0x78
10001b98:	089b      	lsrs	r3, r3, #2
10001b9a:	d213      	bcs.n	10001bc4 <divmod_u32u32_savestate>

10001b9c <divmod_u32u32_core>:
10001b9c:	6610      	str	r0, [r2, #96]	@ 0x60
10001b9e:	6651      	str	r1, [r2, #100]	@ 0x64
10001ba0:	2900      	cmp	r1, #0
10001ba2:	d005      	beq.n	10001bb0 <divmod_u32u32_core+0x14>
10001ba4:	e7ff      	b.n	10001ba6 <divmod_u32u32_core+0xa>
10001ba6:	e7ff      	b.n	10001ba8 <divmod_u32u32_core+0xc>
10001ba8:	e7ff      	b.n	10001baa <divmod_u32u32_core+0xe>
10001baa:	6f51      	ldr	r1, [r2, #116]	@ 0x74
10001bac:	6f10      	ldr	r0, [r2, #112]	@ 0x70
10001bae:	4770      	bx	lr
10001bb0:	b504      	push	{r2, lr}
10001bb2:	2800      	cmp	r0, #0
10001bb4:	d001      	beq.n	10001bba <divmod_u32u32_core+0x1e>
10001bb6:	2000      	movs	r0, #0
10001bb8:	43c0      	mvns	r0, r0
10001bba:	f007 fe59 	bl	10009870 <____aeabi_idiv0_veneer>
10001bbe:	2100      	movs	r1, #0
10001bc0:	bd04      	pop	{r2, pc}
10001bc2:	46c0      	nop			@ (mov r8, r8)

10001bc4 <divmod_u32u32_savestate>:
10001bc4:	b5f0      	push	{r4, r5, r6, r7, lr}
10001bc6:	6e14      	ldr	r4, [r2, #96]	@ 0x60
10001bc8:	6e55      	ldr	r5, [r2, #100]	@ 0x64
10001bca:	6f57      	ldr	r7, [r2, #116]	@ 0x74
10001bcc:	6f16      	ldr	r6, [r2, #112]	@ 0x70
10001bce:	f7ff ffe5 	bl	10001b9c <divmod_u32u32_core>
10001bd2:	6614      	str	r4, [r2, #96]	@ 0x60
10001bd4:	6655      	str	r5, [r2, #100]	@ 0x64
10001bd6:	6757      	str	r7, [r2, #116]	@ 0x74
10001bd8:	6716      	str	r6, [r2, #112]	@ 0x70
10001bda:	bdf0      	pop	{r4, r5, r6, r7, pc}
10001bdc:	d0000000 	.word	0xd0000000

10001be0 <__wrap___aeabi_ldivmod>:
10001be0:	4694      	mov	ip, r2
10001be2:	4a4a      	ldr	r2, [pc, #296]	@ (10001d0c <udiv0+0x1a>)
10001be4:	6f92      	ldr	r2, [r2, #120]	@ 0x78
10001be6:	0892      	lsrs	r2, r2, #2
10001be8:	4662      	mov	r2, ip
10001bea:	d201      	bcs.n	10001bf0 <divmod_s64s64_savestate>
10001bec:	e028      	b.n	10001c40 <divmod_s64s64_unsafe>
10001bee:	46c0      	nop			@ (mov r8, r8)

10001bf0 <divmod_s64s64_savestate>:
10001bf0:	b5f0      	push	{r4, r5, r6, r7, lr}
10001bf2:	4e46      	ldr	r6, [pc, #280]	@ (10001d0c <udiv0+0x1a>)
10001bf4:	6e34      	ldr	r4, [r6, #96]	@ 0x60
10001bf6:	6e75      	ldr	r5, [r6, #100]	@ 0x64
10001bf8:	6f77      	ldr	r7, [r6, #116]	@ 0x74
10001bfa:	6f36      	ldr	r6, [r6, #112]	@ 0x70
10001bfc:	f000 f820 	bl	10001c40 <divmod_s64s64_unsafe>
10001c00:	4694      	mov	ip, r2
10001c02:	4a42      	ldr	r2, [pc, #264]	@ (10001d0c <udiv0+0x1a>)
10001c04:	6614      	str	r4, [r2, #96]	@ 0x60
10001c06:	6655      	str	r5, [r2, #100]	@ 0x64
10001c08:	6757      	str	r7, [r2, #116]	@ 0x74
10001c0a:	6716      	str	r6, [r2, #112]	@ 0x70
10001c0c:	4662      	mov	r2, ip
10001c0e:	bdf0      	pop	{r4, r5, r6, r7, pc}

10001c10 <__wrap___aeabi_uldivmod>:
10001c10:	4694      	mov	ip, r2
10001c12:	4a3e      	ldr	r2, [pc, #248]	@ (10001d0c <udiv0+0x1a>)
10001c14:	6f92      	ldr	r2, [r2, #120]	@ 0x78
10001c16:	0892      	lsrs	r2, r2, #2
10001c18:	4662      	mov	r2, ip
10001c1a:	d201      	bcs.n	10001c20 <divmod_u64u64_savestate>
10001c1c:	e054      	b.n	10001cc8 <divmod_u64u64_unsafe>
10001c1e:	46c0      	nop			@ (mov r8, r8)

10001c20 <divmod_u64u64_savestate>:
10001c20:	b5f0      	push	{r4, r5, r6, r7, lr}
10001c22:	4e3a      	ldr	r6, [pc, #232]	@ (10001d0c <udiv0+0x1a>)
10001c24:	6e34      	ldr	r4, [r6, #96]	@ 0x60
10001c26:	6e75      	ldr	r5, [r6, #100]	@ 0x64
10001c28:	6f77      	ldr	r7, [r6, #116]	@ 0x74
10001c2a:	6f36      	ldr	r6, [r6, #112]	@ 0x70
10001c2c:	f000 f84c 	bl	10001cc8 <divmod_u64u64_unsafe>
10001c30:	4694      	mov	ip, r2
10001c32:	4a36      	ldr	r2, [pc, #216]	@ (10001d0c <udiv0+0x1a>)
10001c34:	6614      	str	r4, [r2, #96]	@ 0x60
10001c36:	6655      	str	r5, [r2, #100]	@ 0x64
10001c38:	6757      	str	r7, [r2, #116]	@ 0x74
10001c3a:	6716      	str	r6, [r2, #112]	@ 0x70
10001c3c:	4662      	mov	r2, ip
10001c3e:	bdf0      	pop	{r4, r5, r6, r7, pc}

10001c40 <divmod_s64s64_unsafe>:
10001c40:	2b00      	cmp	r3, #0
10001c42:	db24      	blt.n	10001c8e <l46_1+0x26>
10001c44:	d011      	beq.n	10001c6a <l46_1+0x2>
10001c46:	2900      	cmp	r1, #0
10001c48:	da3e      	bge.n	10001cc8 <divmod_u64u64_unsafe>
10001c4a:	b500      	push	{lr}
10001c4c:	43c9      	mvns	r1, r1
10001c4e:	4240      	negs	r0, r0
10001c50:	d100      	bne.n	10001c54 <l44_1>
10001c52:	3101      	adds	r1, #1

10001c54 <l44_1>:
10001c54:	f000 f838 	bl	10001cc8 <divmod_u64u64_unsafe>
10001c58:	43c9      	mvns	r1, r1
10001c5a:	4240      	negs	r0, r0
10001c5c:	d100      	bne.n	10001c60 <l45_1>
10001c5e:	3101      	adds	r1, #1

10001c60 <l45_1>:
10001c60:	43db      	mvns	r3, r3
10001c62:	4252      	negs	r2, r2
10001c64:	d100      	bne.n	10001c68 <l46_1>
10001c66:	3301      	adds	r3, #1

10001c68 <l46_1>:
10001c68:	bd00      	pop	{pc}
10001c6a:	2a00      	cmp	r2, #0
10001c6c:	d1eb      	bne.n	10001c46 <divmod_s64s64_unsafe+0x6>
10001c6e:	2800      	cmp	r0, #0
10001c70:	d101      	bne.n	10001c76 <l46_1+0xe>
10001c72:	2900      	cmp	r1, #0
10001c74:	d005      	beq.n	10001c82 <l46_1+0x1a>
10001c76:	2000      	movs	r0, #0
10001c78:	0fc9      	lsrs	r1, r1, #31
10001c7a:	07c9      	lsls	r1, r1, #31
10001c7c:	d101      	bne.n	10001c82 <l46_1+0x1a>
10001c7e:	43c0      	mvns	r0, r0
10001c80:	0841      	lsrs	r1, r0, #1
10001c82:	b500      	push	{lr}
10001c84:	f007 fe0c 	bl	100098a0 <____aeabi_ldiv0_veneer>
10001c88:	2200      	movs	r2, #0
10001c8a:	2300      	movs	r3, #0
10001c8c:	bd00      	pop	{pc}
10001c8e:	b500      	push	{lr}
10001c90:	2900      	cmp	r1, #0
10001c92:	db0a      	blt.n	10001caa <l48_1+0x2>
10001c94:	43db      	mvns	r3, r3
10001c96:	4252      	negs	r2, r2
10001c98:	d100      	bne.n	10001c9c <l47_1>
10001c9a:	3301      	adds	r3, #1

10001c9c <l47_1>:
10001c9c:	f000 f814 	bl	10001cc8 <divmod_u64u64_unsafe>
10001ca0:	43c9      	mvns	r1, r1
10001ca2:	4240      	negs	r0, r0
10001ca4:	d100      	bne.n	10001ca8 <l48_1>
10001ca6:	3101      	adds	r1, #1

10001ca8 <l48_1>:
10001ca8:	bd00      	pop	{pc}
10001caa:	43c9      	mvns	r1, r1
10001cac:	4240      	negs	r0, r0
10001cae:	d100      	bne.n	10001cb2 <l49_1>
10001cb0:	3101      	adds	r1, #1

10001cb2 <l49_1>:
10001cb2:	43db      	mvns	r3, r3
10001cb4:	4252      	negs	r2, r2
10001cb6:	d100      	bne.n	10001cba <l50_1>
10001cb8:	3301      	adds	r3, #1

10001cba <l50_1>:
10001cba:	f000 f805 	bl	10001cc8 <divmod_u64u64_unsafe>
10001cbe:	43db      	mvns	r3, r3
10001cc0:	4252      	negs	r2, r2
10001cc2:	d100      	bne.n	10001cc6 <l51_1>
10001cc4:	3301      	adds	r3, #1

10001cc6 <l51_1>:
10001cc6:	bd00      	pop	{pc}

10001cc8 <divmod_u64u64_unsafe>:
10001cc8:	2900      	cmp	r1, #0
10001cca:	d123      	bne.n	10001d14 <y64>
10001ccc:	2b00      	cmp	r3, #0
10001cce:	d118      	bne.n	10001d02 <udiv0+0x10>
10001cd0:	2a00      	cmp	r2, #0
10001cd2:	d00c      	beq.n	10001cee <divmod_u64u64_unsafe+0x26>
10001cd4:	46bc      	mov	ip, r7
10001cd6:	4f0d      	ldr	r7, [pc, #52]	@ (10001d0c <udiv0+0x1a>)
10001cd8:	6638      	str	r0, [r7, #96]	@ 0x60
10001cda:	667a      	str	r2, [r7, #100]	@ 0x64
10001cdc:	2100      	movs	r1, #0
10001cde:	2300      	movs	r3, #0
10001ce0:	e7ff      	b.n	10001ce2 <divmod_u64u64_unsafe+0x1a>
10001ce2:	e7ff      	b.n	10001ce4 <divmod_u64u64_unsafe+0x1c>
10001ce4:	e7ff      	b.n	10001ce6 <divmod_u64u64_unsafe+0x1e>
10001ce6:	6f7a      	ldr	r2, [r7, #116]	@ 0x74
10001ce8:	6f38      	ldr	r0, [r7, #112]	@ 0x70
10001cea:	4667      	mov	r7, ip
10001cec:	4770      	bx	lr
10001cee:	2800      	cmp	r0, #0
10001cf0:	d001      	beq.n	10001cf6 <udiv0+0x4>

10001cf2 <udiv0>:
10001cf2:	4807      	ldr	r0, [pc, #28]	@ (10001d10 <udiv0+0x1e>)
10001cf4:	0001      	movs	r1, r0
10001cf6:	b500      	push	{lr}
10001cf8:	f007 fdd2 	bl	100098a0 <____aeabi_ldiv0_veneer>
10001cfc:	2200      	movs	r2, #0
10001cfe:	2300      	movs	r3, #0
10001d00:	bd00      	pop	{pc}
10001d02:	0002      	movs	r2, r0
10001d04:	000b      	movs	r3, r1
10001d06:	2000      	movs	r0, #0
10001d08:	2100      	movs	r1, #0
10001d0a:	4770      	bx	lr
10001d0c:	d0000000 	.word	0xd0000000
10001d10:	ffffffff 	.word	0xffffffff

10001d14 <y64>:
10001d14:	2b00      	cmp	r3, #0
10001d16:	d000      	beq.n	10001d1a <y64+0x6>
10001d18:	e0bf      	b.n	10001e9a <y64_x48>
10001d1a:	0c13      	lsrs	r3, r2, #16
10001d1c:	d128      	bne.n	10001d70 <y64_x32>
10001d1e:	2a00      	cmp	r2, #0
10001d20:	d0e7      	beq.n	10001cf2 <udiv0>
10001d22:	b480      	push	{r7}
10001d24:	4f11      	ldr	r7, [pc, #68]	@ (10001d6c <y64+0x58>)
10001d26:	6639      	str	r1, [r7, #96]	@ 0x60
10001d28:	667a      	str	r2, [r7, #100]	@ 0x64
10001d2a:	e7ff      	b.n	10001d2c <y64+0x18>
10001d2c:	e7ff      	b.n	10001d2e <y64+0x1a>
10001d2e:	b430      	push	{r4, r5}
10001d30:	0c04      	lsrs	r4, r0, #16
10001d32:	6f7b      	ldr	r3, [r7, #116]	@ 0x74
10001d34:	6f39      	ldr	r1, [r7, #112]	@ 0x70
10001d36:	041b      	lsls	r3, r3, #16
10001d38:	4323      	orrs	r3, r4
10001d3a:	663b      	str	r3, [r7, #96]	@ 0x60
10001d3c:	667a      	str	r2, [r7, #100]	@ 0x64
10001d3e:	e7ff      	b.n	10001d40 <y64+0x2c>
10001d40:	e7ff      	b.n	10001d42 <y64+0x2e>
10001d42:	e7ff      	b.n	10001d44 <y64+0x30>
10001d44:	46c0      	nop			@ (mov r8, r8)
10001d46:	b284      	uxth	r4, r0
10001d48:	6f7b      	ldr	r3, [r7, #116]	@ 0x74
10001d4a:	6f3d      	ldr	r5, [r7, #112]	@ 0x70
10001d4c:	041b      	lsls	r3, r3, #16
10001d4e:	4323      	orrs	r3, r4
10001d50:	663b      	str	r3, [r7, #96]	@ 0x60
10001d52:	667a      	str	r2, [r7, #100]	@ 0x64
10001d54:	e7ff      	b.n	10001d56 <y64+0x42>
10001d56:	e7ff      	b.n	10001d58 <y64+0x44>
10001d58:	46c0      	nop			@ (mov r8, r8)
10001d5a:	2300      	movs	r3, #0
10001d5c:	042c      	lsls	r4, r5, #16
10001d5e:	0c2d      	lsrs	r5, r5, #16
10001d60:	6f7a      	ldr	r2, [r7, #116]	@ 0x74
10001d62:	6f38      	ldr	r0, [r7, #112]	@ 0x70
10001d64:	1900      	adds	r0, r0, r4
10001d66:	4169      	adcs	r1, r5
10001d68:	bcb0      	pop	{r4, r5, r7}
10001d6a:	4770      	bx	lr
10001d6c:	d0000000 	.word	0xd0000000

10001d70 <y64_x32>:
10001d70:	b5f0      	push	{r4, r5, r6, r7, lr}
10001d72:	4694      	mov	ip, r2
10001d74:	2500      	movs	r5, #0
10001d76:	0e14      	lsrs	r4, r2, #24
10001d78:	d101      	bne.n	10001d7e <y64_x32+0xe>
10001d7a:	0212      	lsls	r2, r2, #8
10001d7c:	3508      	adds	r5, #8
10001d7e:	0f14      	lsrs	r4, r2, #28
10001d80:	d101      	bne.n	10001d86 <y64_x32+0x16>
10001d82:	0112      	lsls	r2, r2, #4
10001d84:	3504      	adds	r5, #4
10001d86:	0f94      	lsrs	r4, r2, #30
10001d88:	d101      	bne.n	10001d8e <y64_x32+0x1e>
10001d8a:	0092      	lsls	r2, r2, #2
10001d8c:	3502      	adds	r5, #2
10001d8e:	0fd4      	lsrs	r4, r2, #31
10001d90:	d101      	bne.n	10001d96 <y64_x32+0x26>
10001d92:	0052      	lsls	r2, r2, #1
10001d94:	3501      	adds	r5, #1
10001d96:	0bd4      	lsrs	r4, r2, #15
10001d98:	3401      	adds	r4, #1
10001d9a:	4f25      	ldr	r7, [pc, #148]	@ (10001e30 <y64_x32+0xc0>)
10001d9c:	667c      	str	r4, [r7, #100]	@ 0x64
10001d9e:	4c25      	ldr	r4, [pc, #148]	@ (10001e34 <y64_x32+0xc4>)
10001da0:	663c      	str	r4, [r7, #96]	@ 0x60
10001da2:	0c0e      	lsrs	r6, r1, #16
10001da4:	b293      	uxth	r3, r2
10001da6:	e7ff      	b.n	10001da8 <y64_x32+0x38>
10001da8:	e7ff      	b.n	10001daa <y64_x32+0x3a>
10001daa:	e7ff      	b.n	10001dac <y64_x32+0x3c>
10001dac:	6f3c      	ldr	r4, [r7, #112]	@ 0x70
10001dae:	4366      	muls	r6, r4
10001db0:	0c36      	lsrs	r6, r6, #16
10001db2:	0377      	lsls	r7, r6, #13
10001db4:	46be      	mov	lr, r7
10001db6:	4373      	muls	r3, r6
10001db8:	0bdf      	lsrs	r7, r3, #15
10001dba:	045b      	lsls	r3, r3, #17
10001dbc:	1ac0      	subs	r0, r0, r3
10001dbe:	41b9      	sbcs	r1, r7
10001dc0:	0c13      	lsrs	r3, r2, #16
10001dc2:	4373      	muls	r3, r6
10001dc4:	18db      	adds	r3, r3, r3
10001dc6:	1ac9      	subs	r1, r1, r3
10001dc8:	08ce      	lsrs	r6, r1, #3
10001dca:	4366      	muls	r6, r4
10001dcc:	0c36      	lsrs	r6, r6, #16
10001dce:	44b6      	add	lr, r6
10001dd0:	b293      	uxth	r3, r2
10001dd2:	4373      	muls	r3, r6
10001dd4:	0f1f      	lsrs	r7, r3, #28
10001dd6:	011b      	lsls	r3, r3, #4
10001dd8:	1ac0      	subs	r0, r0, r3
10001dda:	41b9      	sbcs	r1, r7
10001ddc:	0c13      	lsrs	r3, r2, #16
10001dde:	4373      	muls	r3, r6
10001de0:	0b1f      	lsrs	r7, r3, #12
10001de2:	051b      	lsls	r3, r3, #20
10001de4:	1ac0      	subs	r0, r0, r3
10001de6:	41b9      	sbcs	r1, r7
10001de8:	0d86      	lsrs	r6, r0, #22
10001dea:	028f      	lsls	r7, r1, #10
10001dec:	433e      	orrs	r6, r7
10001dee:	4366      	muls	r6, r4
10001df0:	0c36      	lsrs	r6, r6, #16
10001df2:	2d09      	cmp	r5, #9
10001df4:	db24      	blt.n	10001e40 <last0>
10001df6:	0a52      	lsrs	r2, r2, #9
10001df8:	4372      	muls	r2, r6
10001dfa:	1a80      	subs	r0, r0, r2
10001dfc:	0377      	lsls	r7, r6, #13
10001dfe:	0a46      	lsrs	r6, r0, #9
10001e00:	4366      	muls	r6, r4
10001e02:	0c36      	lsrs	r6, r6, #16
10001e04:	2316      	movs	r3, #22
10001e06:	1b5b      	subs	r3, r3, r5
10001e08:	40de      	lsrs	r6, r3
10001e0a:	40df      	lsrs	r7, r3
10001e0c:	19bf      	adds	r7, r7, r6
10001e0e:	4664      	mov	r4, ip
10001e10:	4366      	muls	r6, r4
10001e12:	1b82      	subs	r2, r0, r6
10001e14:	4670      	mov	r0, lr
10001e16:	3504      	adds	r5, #4
10001e18:	3306      	adds	r3, #6
10001e1a:	0001      	movs	r1, r0
10001e1c:	40d9      	lsrs	r1, r3
10001e1e:	40a8      	lsls	r0, r5
10001e20:	19c0      	adds	r0, r0, r7
10001e22:	d300      	bcc.n	10001e26 <y64_x32+0xb6>
10001e24:	3101      	adds	r1, #1
10001e26:	42a2      	cmp	r2, r4
10001e28:	d206      	bcs.n	10001e38 <y64_x32+0xc8>
10001e2a:	2300      	movs	r3, #0
10001e2c:	bdf0      	pop	{r4, r5, r6, r7, pc}
10001e2e:	0000      	.short	0x0000
10001e30:	d0000000 	.word	0xd0000000
10001e34:	ffffffff 	.word	0xffffffff
10001e38:	1b12      	subs	r2, r2, r4
10001e3a:	3001      	adds	r0, #1
10001e3c:	d3f3      	bcc.n	10001e26 <y64_x32+0xb6>
10001e3e:	e7f1      	b.n	10001e24 <y64_x32+0xb4>

10001e40 <last0>:
10001e40:	2709      	movs	r7, #9
10001e42:	1b7f      	subs	r7, r7, r5
10001e44:	40fe      	lsrs	r6, r7
10001e46:	4664      	mov	r4, ip
10001e48:	b2a2      	uxth	r2, r4
10001e4a:	4372      	muls	r2, r6
10001e4c:	1a80      	subs	r0, r0, r2
10001e4e:	d200      	bcs.n	10001e52 <last0+0x12>
10001e50:	3901      	subs	r1, #1
10001e52:	0c22      	lsrs	r2, r4, #16
10001e54:	4372      	muls	r2, r6
10001e56:	0c13      	lsrs	r3, r2, #16
10001e58:	0412      	lsls	r2, r2, #16
10001e5a:	1a82      	subs	r2, r0, r2
10001e5c:	4199      	sbcs	r1, r3
10001e5e:	000b      	movs	r3, r1
10001e60:	4670      	mov	r0, lr
10001e62:	3504      	adds	r5, #4
10001e64:	3713      	adds	r7, #19
10001e66:	0001      	movs	r1, r0
10001e68:	40f9      	lsrs	r1, r7
10001e6a:	40a8      	lsls	r0, r5
10001e6c:	1980      	adds	r0, r0, r6
10001e6e:	d300      	bcc.n	10001e72 <last0+0x32>
10001e70:	3101      	adds	r1, #1
10001e72:	2b00      	cmp	r3, #0
10001e74:	d102      	bne.n	10001e7c <last0+0x3c>
10001e76:	42a2      	cmp	r2, r4
10001e78:	d20a      	bcs.n	10001e90 <last0+0x50>
10001e7a:	bdf0      	pop	{r4, r5, r6, r7, pc}
10001e7c:	3001      	adds	r0, #1
10001e7e:	d300      	bcc.n	10001e82 <last0+0x42>
10001e80:	3101      	adds	r1, #1
10001e82:	1b12      	subs	r2, r2, r4
10001e84:	d2fa      	bcs.n	10001e7c <last0+0x3c>
10001e86:	3b01      	subs	r3, #1
10001e88:	d1f8      	bne.n	10001e7c <last0+0x3c>
10001e8a:	42a2      	cmp	r2, r4
10001e8c:	d200      	bcs.n	10001e90 <last0+0x50>
10001e8e:	bdf0      	pop	{r4, r5, r6, r7, pc}
10001e90:	3001      	adds	r0, #1
10001e92:	d300      	bcc.n	10001e96 <last0+0x56>
10001e94:	3101      	adds	r1, #1
10001e96:	1b12      	subs	r2, r2, r4
10001e98:	e7f7      	b.n	10001e8a <last0+0x4a>

10001e9a <y64_x48>:
10001e9a:	b5f0      	push	{r4, r5, r6, r7, lr}
10001e9c:	0c1c      	lsrs	r4, r3, #16
10001e9e:	d000      	beq.n	10001ea2 <y64_x48+0x8>
10001ea0:	e080      	b.n	10001fa4 <y64_x64>
10001ea2:	b40c      	push	{r2, r3}
10001ea4:	2500      	movs	r5, #0
10001ea6:	0a1c      	lsrs	r4, r3, #8
10001ea8:	d104      	bne.n	10001eb4 <y64_x48+0x1a>
10001eaa:	021b      	lsls	r3, r3, #8
10001eac:	0e16      	lsrs	r6, r2, #24
10001eae:	4333      	orrs	r3, r6
10001eb0:	0212      	lsls	r2, r2, #8
10001eb2:	3508      	adds	r5, #8
10001eb4:	0b1c      	lsrs	r4, r3, #12
10001eb6:	d104      	bne.n	10001ec2 <y64_x48+0x28>
10001eb8:	011b      	lsls	r3, r3, #4
10001eba:	0f16      	lsrs	r6, r2, #28
10001ebc:	4333      	orrs	r3, r6
10001ebe:	0112      	lsls	r2, r2, #4
10001ec0:	3504      	adds	r5, #4
10001ec2:	0b9c      	lsrs	r4, r3, #14
10001ec4:	d104      	bne.n	10001ed0 <y64_x48+0x36>
10001ec6:	009b      	lsls	r3, r3, #2
10001ec8:	0f96      	lsrs	r6, r2, #30
10001eca:	4333      	orrs	r3, r6
10001ecc:	0092      	lsls	r2, r2, #2
10001ece:	3502      	adds	r5, #2
10001ed0:	0bdc      	lsrs	r4, r3, #15
10001ed2:	d102      	bne.n	10001eda <y64_x48+0x40>
10001ed4:	1892      	adds	r2, r2, r2
10001ed6:	415b      	adcs	r3, r3
10001ed8:	3501      	adds	r5, #1
10001eda:	001c      	movs	r4, r3
10001edc:	1897      	adds	r7, r2, r2
10001ede:	4164      	adcs	r4, r4
10001ee0:	3401      	adds	r4, #1
10001ee2:	4f46      	ldr	r7, [pc, #280]	@ (10001ffc <y64_x64+0x58>)
10001ee4:	667c      	str	r4, [r7, #100]	@ 0x64
10001ee6:	4c46      	ldr	r4, [pc, #280]	@ (10002000 <y64_x64+0x5c>)
10001ee8:	663c      	str	r4, [r7, #96]	@ 0x60
10001eea:	0c0e      	lsrs	r6, r1, #16
10001eec:	e7ff      	b.n	10001eee <y64_x48+0x54>
10001eee:	e7ff      	b.n	10001ef0 <y64_x48+0x56>
10001ef0:	e7ff      	b.n	10001ef2 <y64_x48+0x58>
10001ef2:	46c0      	nop			@ (mov r8, r8)
10001ef4:	6f3c      	ldr	r4, [r7, #112]	@ 0x70
10001ef6:	4366      	muls	r6, r4
10001ef8:	0c36      	lsrs	r6, r6, #16
10001efa:	0377      	lsls	r7, r6, #13
10001efc:	46be      	mov	lr, r7
10001efe:	b297      	uxth	r7, r2
10001f00:	4377      	muls	r7, r6
10001f02:	1bc0      	subs	r0, r0, r7
10001f04:	d200      	bcs.n	10001f08 <y64_x48+0x6e>
10001f06:	3901      	subs	r1, #1
10001f08:	1bc0      	subs	r0, r0, r7
10001f0a:	d200      	bcs.n	10001f0e <y64_x48+0x74>
10001f0c:	3901      	subs	r1, #1
10001f0e:	b29f      	uxth	r7, r3
10001f10:	4377      	muls	r7, r6
10001f12:	1bc9      	subs	r1, r1, r7
10001f14:	1bc9      	subs	r1, r1, r7
10001f16:	0c17      	lsrs	r7, r2, #16
10001f18:	4377      	muls	r7, r6
10001f1a:	047e      	lsls	r6, r7, #17
10001f1c:	0bff      	lsrs	r7, r7, #15
10001f1e:	1b80      	subs	r0, r0, r6
10001f20:	41b9      	sbcs	r1, r7
10001f22:	08ce      	lsrs	r6, r1, #3
10001f24:	4366      	muls	r6, r4
10001f26:	0c36      	lsrs	r6, r6, #16
10001f28:	2d0c      	cmp	r5, #12
10001f2a:	db33      	blt.n	10001f94 <last1>
10001f2c:	44b6      	add	lr, r6
10001f2e:	0b12      	lsrs	r2, r2, #12
10001f30:	051f      	lsls	r7, r3, #20
10001f32:	433a      	orrs	r2, r7
10001f34:	0b1b      	lsrs	r3, r3, #12
10001f36:	b297      	uxth	r7, r2
10001f38:	4377      	muls	r7, r6
10001f3a:	1bc0      	subs	r0, r0, r7
10001f3c:	d200      	bcs.n	10001f40 <y64_x48+0xa6>
10001f3e:	3901      	subs	r1, #1
10001f40:	b29f      	uxth	r7, r3
10001f42:	4377      	muls	r7, r6
10001f44:	1bc9      	subs	r1, r1, r7
10001f46:	0c17      	lsrs	r7, r2, #16
10001f48:	4377      	muls	r7, r6
10001f4a:	043e      	lsls	r6, r7, #16
10001f4c:	0c3f      	lsrs	r7, r7, #16
10001f4e:	1b80      	subs	r0, r0, r6
10001f50:	41b9      	sbcs	r1, r7
10001f52:	0d86      	lsrs	r6, r0, #22
10001f54:	028f      	lsls	r7, r1, #10
10001f56:	433e      	orrs	r6, r7
10001f58:	4366      	muls	r6, r4
10001f5a:	2729      	movs	r7, #41	@ 0x29
10001f5c:	1b7f      	subs	r7, r7, r5
10001f5e:	40fe      	lsrs	r6, r7
10001f60:	3d0c      	subs	r5, #12
10001f62:	4677      	mov	r7, lr
10001f64:	40af      	lsls	r7, r5
10001f66:	19bf      	adds	r7, r7, r6
10001f68:	bc30      	pop	{r4, r5}
10001f6a:	b2a2      	uxth	r2, r4
10001f6c:	b2ab      	uxth	r3, r5
10001f6e:	4372      	muls	r2, r6
10001f70:	4373      	muls	r3, r6
10001f72:	1a80      	subs	r0, r0, r2
10001f74:	4199      	sbcs	r1, r3
10001f76:	0c22      	lsrs	r2, r4, #16
10001f78:	4372      	muls	r2, r6
10001f7a:	0c13      	lsrs	r3, r2, #16
10001f7c:	0412      	lsls	r2, r2, #16
10001f7e:	1a80      	subs	r0, r0, r2
10001f80:	4199      	sbcs	r1, r3
10001f82:	0002      	movs	r2, r0
10001f84:	000b      	movs	r3, r1
10001f86:	3701      	adds	r7, #1
10001f88:	1b00      	subs	r0, r0, r4
10001f8a:	41a9      	sbcs	r1, r5
10001f8c:	d2f9      	bcs.n	10001f82 <y64_x48+0xe8>
10001f8e:	1e78      	subs	r0, r7, #1
10001f90:	2100      	movs	r1, #0
10001f92:	bdf0      	pop	{r4, r5, r6, r7, pc}

10001f94 <last1>:
10001f94:	270c      	movs	r7, #12
10001f96:	1b7f      	subs	r7, r7, r5
10001f98:	40fe      	lsrs	r6, r7
10001f9a:	4677      	mov	r7, lr
10001f9c:	0b7f      	lsrs	r7, r7, #13
10001f9e:	40af      	lsls	r7, r5
10001fa0:	19ff      	adds	r7, r7, r7
10001fa2:	e7e0      	b.n	10001f66 <y64_x48+0xcc>

10001fa4 <y64_x64>:
10001fa4:	2400      	movs	r4, #0
10001fa6:	1c5d      	adds	r5, r3, #1
10001fa8:	d007      	beq.n	10001fba <y64_x64+0x16>
10001faa:	4f14      	ldr	r7, [pc, #80]	@ (10001ffc <y64_x64+0x58>)
10001fac:	667d      	str	r5, [r7, #100]	@ 0x64
10001fae:	6639      	str	r1, [r7, #96]	@ 0x60
10001fb0:	e7ff      	b.n	10001fb2 <y64_x64+0xe>
10001fb2:	e7ff      	b.n	10001fb4 <y64_x64+0x10>
10001fb4:	e7ff      	b.n	10001fb6 <y64_x64+0x12>
10001fb6:	e7ff      	b.n	10001fb8 <y64_x64+0x14>
10001fb8:	6f3c      	ldr	r4, [r7, #112]	@ 0x70
10001fba:	b295      	uxth	r5, r2
10001fbc:	b29e      	uxth	r6, r3
10001fbe:	4365      	muls	r5, r4
10001fc0:	4366      	muls	r6, r4
10001fc2:	1b40      	subs	r0, r0, r5
10001fc4:	41b1      	sbcs	r1, r6
10001fc6:	0c15      	lsrs	r5, r2, #16
10001fc8:	0c1e      	lsrs	r6, r3, #16
10001fca:	4365      	muls	r5, r4
10001fcc:	4366      	muls	r6, r4
10001fce:	0436      	lsls	r6, r6, #16
10001fd0:	0c2f      	lsrs	r7, r5, #16
10001fd2:	433e      	orrs	r6, r7
10001fd4:	042d      	lsls	r5, r5, #16
10001fd6:	1b40      	subs	r0, r0, r5
10001fd8:	41b1      	sbcs	r1, r6
10001fda:	4299      	cmp	r1, r3
10001fdc:	d204      	bcs.n	10001fe8 <y64_x64+0x44>
10001fde:	0002      	movs	r2, r0
10001fe0:	000b      	movs	r3, r1
10001fe2:	0020      	movs	r0, r4
10001fe4:	2100      	movs	r1, #0
10001fe6:	bdf0      	pop	{r4, r5, r6, r7, pc}
10001fe8:	d101      	bne.n	10001fee <y64_x64+0x4a>
10001fea:	4290      	cmp	r0, r2
10001fec:	d3f7      	bcc.n	10001fde <y64_x64+0x3a>
10001fee:	1a80      	subs	r0, r0, r2
10001ff0:	4199      	sbcs	r1, r3
10001ff2:	3401      	adds	r4, #1
10001ff4:	4299      	cmp	r1, r3
10001ff6:	d3f2      	bcc.n	10001fde <y64_x64+0x3a>
10001ff8:	e7f6      	b.n	10001fe8 <y64_x64+0x44>
10001ffa:	0000      	.short	0x0000
10001ffc:	d0000000 	.word	0xd0000000
10002000:	ffffffff 	.word	0xffffffff

10002004 <__wrap___aeabi_drsub>:
10002004:	4048      	eors	r0, r1
10002006:	4041      	eors	r1, r0
10002008:	4048      	eors	r0, r1

1000200a <__wrap___aeabi_dsub>:
1000200a:	b418      	push	{r3, r4}
1000200c:	4b13      	ldr	r3, [pc, #76]	@ (1000205c <__wrap___aeabi_dmul+0xa>)
1000200e:	685b      	ldr	r3, [r3, #4]
10002010:	9301      	str	r3, [sp, #4]
10002012:	bd08      	pop	{r3, pc}

10002014 <__wrap___aeabi_dadd>:
10002014:	b418      	push	{r3, r4}
10002016:	4b11      	ldr	r3, [pc, #68]	@ (1000205c <__wrap___aeabi_dmul+0xa>)
10002018:	681b      	ldr	r3, [r3, #0]
1000201a:	9301      	str	r3, [sp, #4]
1000201c:	bd08      	pop	{r3, pc}

1000201e <__wrap___aeabi_ddiv>:
1000201e:	4694      	mov	ip, r2
10002020:	4a0f      	ldr	r2, [pc, #60]	@ (10002060 <__wrap___aeabi_dmul+0xe>)
10002022:	6f92      	ldr	r2, [r2, #120]	@ 0x78
10002024:	0892      	lsrs	r2, r2, #2
10002026:	d205      	bcs.n	10002034 <ddiv_save_state>
10002028:	4662      	mov	r2, ip

1000202a <ddiv_shim_call>:
1000202a:	b418      	push	{r3, r4}
1000202c:	4b0b      	ldr	r3, [pc, #44]	@ (1000205c <__wrap___aeabi_dmul+0xa>)
1000202e:	68db      	ldr	r3, [r3, #12]
10002030:	9301      	str	r3, [sp, #4]
10002032:	bd08      	pop	{r3, pc}

10002034 <ddiv_save_state>:
10002034:	4a0a      	ldr	r2, [pc, #40]	@ (10002060 <__wrap___aeabi_dmul+0xe>)
10002036:	b5f0      	push	{r4, r5, r6, r7, lr}
10002038:	6e14      	ldr	r4, [r2, #96]	@ 0x60
1000203a:	6e55      	ldr	r5, [r2, #100]	@ 0x64
1000203c:	6f57      	ldr	r7, [r2, #116]	@ 0x74
1000203e:	6f16      	ldr	r6, [r2, #112]	@ 0x70
10002040:	4662      	mov	r2, ip
10002042:	f7ff fff2 	bl	1000202a <ddiv_shim_call>
10002046:	4a06      	ldr	r2, [pc, #24]	@ (10002060 <__wrap___aeabi_dmul+0xe>)
10002048:	6614      	str	r4, [r2, #96]	@ 0x60
1000204a:	6655      	str	r5, [r2, #100]	@ 0x64
1000204c:	6757      	str	r7, [r2, #116]	@ 0x74
1000204e:	6716      	str	r6, [r2, #112]	@ 0x70
10002050:	bdf0      	pop	{r4, r5, r6, r7, pc}

10002052 <__wrap___aeabi_dmul>:
10002052:	b418      	push	{r3, r4}
10002054:	4b01      	ldr	r3, [pc, #4]	@ (1000205c <__wrap___aeabi_dmul+0xa>)
10002056:	689b      	ldr	r3, [r3, #8]
10002058:	9301      	str	r3, [sp, #4]
1000205a:	bd08      	pop	{r3, pc}
1000205c:	20000de8 	.word	0x20000de8
10002060:	d0000000 	.word	0xd0000000

10002064 <__wrap___aeabi_cdrcmple>:
10002064:	b5ff      	push	{r0, r1, r2, r3, r4, r5, r6, r7, lr}
10002066:	4050      	eors	r0, r2
10002068:	4042      	eors	r2, r0
1000206a:	4050      	eors	r0, r2
1000206c:	4059      	eors	r1, r3
1000206e:	404b      	eors	r3, r1
10002070:	4059      	eors	r1, r3
10002072:	e000      	b.n	10002076 <__aeabi_dfcmple_guts>

10002074 <__wrap___aeabi_cdcmpeq>:
10002074:	b5ff      	push	{r0, r1, r2, r3, r4, r5, r6, r7, lr}

10002076 <__aeabi_dfcmple_guts>:
10002076:	4f15      	ldr	r7, [pc, #84]	@ (100020cc <__aeabi_dfcmple_guts+0x56>)
10002078:	004c      	lsls	r4, r1, #1
1000207a:	0d64      	lsrs	r4, r4, #21
1000207c:	d003      	beq.n	10002086 <__aeabi_dfcmple_guts+0x10>
1000207e:	42bc      	cmp	r4, r7
10002080:	d104      	bne.n	1000208c <__aeabi_dfcmple_guts+0x16>
10002082:	030c      	lsls	r4, r1, #12
10002084:	d814      	bhi.n	100020b0 <__aeabi_dfcmple_guts+0x3a>
10002086:	2000      	movs	r0, #0
10002088:	0d09      	lsrs	r1, r1, #20
1000208a:	0509      	lsls	r1, r1, #20
1000208c:	005c      	lsls	r4, r3, #1
1000208e:	0d64      	lsrs	r4, r4, #21
10002090:	d003      	beq.n	1000209a <__aeabi_dfcmple_guts+0x24>
10002092:	42bc      	cmp	r4, r7
10002094:	d104      	bne.n	100020a0 <__aeabi_dfcmple_guts+0x2a>
10002096:	031c      	lsls	r4, r3, #12
10002098:	d80a      	bhi.n	100020b0 <__aeabi_dfcmple_guts+0x3a>
1000209a:	2200      	movs	r2, #0
1000209c:	0d1b      	lsrs	r3, r3, #20
1000209e:	051b      	lsls	r3, r3, #20
100020a0:	2601      	movs	r6, #1
100020a2:	404b      	eors	r3, r1
100020a4:	d409      	bmi.n	100020ba <__aeabi_dfcmple_guts+0x44>
100020a6:	404b      	eors	r3, r1
100020a8:	d503      	bpl.n	100020b2 <__aeabi_dfcmple_guts+0x3c>
100020aa:	428b      	cmp	r3, r1
100020ac:	d100      	bne.n	100020b0 <__aeabi_dfcmple_guts+0x3a>
100020ae:	4282      	cmp	r2, r0
100020b0:	bdff      	pop	{r0, r1, r2, r3, r4, r5, r6, r7, pc}
100020b2:	4299      	cmp	r1, r3
100020b4:	d1fc      	bne.n	100020b0 <__aeabi_dfcmple_guts+0x3a>
100020b6:	4290      	cmp	r0, r2
100020b8:	bdff      	pop	{r0, r1, r2, r3, r4, r5, r6, r7, pc}
100020ba:	430b      	orrs	r3, r1
100020bc:	18db      	adds	r3, r3, r3
100020be:	4303      	orrs	r3, r0
100020c0:	4313      	orrs	r3, r2
100020c2:	d0f5      	beq.n	100020b0 <__aeabi_dfcmple_guts+0x3a>
100020c4:	43c9      	mvns	r1, r1
100020c6:	1849      	adds	r1, r1, r1
100020c8:	bdff      	pop	{r0, r1, r2, r3, r4, r5, r6, r7, pc}
100020ca:	0000      	.short	0x0000
100020cc:	000007ff 	.word	0x000007ff

100020d0 <__wrap___aeabi_dcmplt>:
100020d0:	b500      	push	{lr}
100020d2:	f7ff ffcf 	bl	10002074 <__wrap___aeabi_cdcmpeq>
100020d6:	4180      	sbcs	r0, r0
100020d8:	bd00      	pop	{pc}
100020da:	46c0      	nop			@ (mov r8, r8)

100020dc <__wrap___aeabi_dcmpge>:
100020dc:	b500      	push	{lr}
100020de:	f7ff ffc1 	bl	10002064 <__wrap___aeabi_cdrcmple>
100020e2:	d901      	bls.n	100020e8 <__wrap___aeabi_dcmpge+0xc>
100020e4:	2000      	movs	r0, #0
100020e6:	bd00      	pop	{pc}
100020e8:	2001      	movs	r0, #1
100020ea:	bd00      	pop	{pc}

100020ec <__wrap___aeabi_dcmpgt>:
100020ec:	b500      	push	{lr}
100020ee:	f7ff ffb9 	bl	10002064 <__wrap___aeabi_cdrcmple>
100020f2:	4180      	sbcs	r0, r0
100020f4:	bd00      	pop	{pc}

100020f6 <__wrap___aeabi_dcmpun>:
100020f6:	2001      	movs	r0, #1
100020f8:	0540      	lsls	r0, r0, #21
100020fa:	004a      	lsls	r2, r1, #1
100020fc:	1812      	adds	r2, r2, r0
100020fe:	d804      	bhi.n	1000210a <__wrap___aeabi_dcmpun+0x14>
10002100:	005a      	lsls	r2, r3, #1
10002102:	1812      	adds	r2, r2, r0
10002104:	d801      	bhi.n	1000210a <__wrap___aeabi_dcmpun+0x14>
10002106:	2000      	movs	r0, #0
10002108:	4770      	bx	lr
1000210a:	2001      	movs	r0, #1
1000210c:	4770      	bx	lr
	...

10002110 <__wrap___aeabi_ui2d>:
10002110:	2100      	movs	r1, #0
10002112:	2800      	cmp	r0, #0
10002114:	d105      	bne.n	10002122 <__wrap___aeabi_i2d+0xa>
10002116:	4770      	bx	lr

10002118 <__wrap___aeabi_i2d>:
10002118:	17c1      	asrs	r1, r0, #31
1000211a:	4048      	eors	r0, r1
1000211c:	1a40      	subs	r0, r0, r1
1000211e:	d0fa      	beq.n	10002116 <__wrap___aeabi_ui2d+0x6>
10002120:	07c9      	lsls	r1, r1, #31
10002122:	b513      	push	{r0, r1, r4, lr}
10002124:	4b06      	ldr	r3, [pc, #24]	@ (10002140 <__wrap___aeabi_i2d+0x28>)
10002126:	681b      	ldr	r3, [r3, #0]
10002128:	4798      	blx	r3
1000212a:	bc0c      	pop	{r2, r3}
1000212c:	1c44      	adds	r4, r0, #1
1000212e:	40a2      	lsls	r2, r4
10002130:	0510      	lsls	r0, r2, #20
10002132:	0b12      	lsrs	r2, r2, #12
10002134:	4903      	ldr	r1, [pc, #12]	@ (10002144 <__wrap___aeabi_i2d+0x2c>)
10002136:	1b09      	subs	r1, r1, r4
10002138:	0509      	lsls	r1, r1, #20
1000213a:	4319      	orrs	r1, r3
1000213c:	4311      	orrs	r1, r2
1000213e:	bd10      	pop	{r4, pc}
10002140:	20001d78 	.word	0x20001d78
10002144:	0000041f 	.word	0x0000041f

10002148 <__wrap___aeabi_d2iz>:
10002148:	b510      	push	{r4, lr}
1000214a:	004c      	lsls	r4, r1, #1
1000214c:	0d62      	lsrs	r2, r4, #21
1000214e:	2380      	movs	r3, #128	@ 0x80
10002150:	18d2      	adds	r2, r2, r3
10002152:	00db      	lsls	r3, r3, #3
10002154:	1ad2      	subs	r2, r2, r3
10002156:	055b      	lsls	r3, r3, #21
10002158:	2a7e      	cmp	r2, #126	@ 0x7e
1000215a:	dd10      	ble.n	1000217e <__wrap___aeabi_d2iz+0x36>
1000215c:	3a9e      	subs	r2, #158	@ 0x9e
1000215e:	da13      	bge.n	10002188 <__wrap___aeabi_d2iz+0x40>
10002160:	17cc      	asrs	r4, r1, #31
10002162:	0309      	lsls	r1, r1, #12
10002164:	0849      	lsrs	r1, r1, #1
10002166:	4319      	orrs	r1, r3
10002168:	4252      	negs	r2, r2
1000216a:	40d1      	lsrs	r1, r2
1000216c:	0064      	lsls	r4, r4, #1
1000216e:	3401      	adds	r4, #1
10002170:	3215      	adds	r2, #21
10002172:	2a20      	cmp	r2, #32
10002174:	da05      	bge.n	10002182 <__wrap___aeabi_d2iz+0x3a>
10002176:	40d0      	lsrs	r0, r2
10002178:	4308      	orrs	r0, r1
1000217a:	4360      	muls	r0, r4
1000217c:	bd10      	pop	{r4, pc}
1000217e:	2000      	movs	r0, #0
10002180:	bd10      	pop	{r4, pc}
10002182:	4608      	mov	r0, r1
10002184:	4360      	muls	r0, r4
10002186:	bd10      	pop	{r4, pc}
10002188:	0fc8      	lsrs	r0, r1, #31
1000218a:	18c0      	adds	r0, r0, r3
1000218c:	3801      	subs	r0, #1
1000218e:	bd10      	pop	{r4, pc}

10002190 <__wrap___aeabi_d2uiz>:
10002190:	b418      	push	{r3, r4}
10002192:	4b02      	ldr	r3, [pc, #8]	@ (1000219c <__wrap___aeabi_d2uiz+0xc>)
10002194:	6a5b      	ldr	r3, [r3, #36]	@ 0x24
10002196:	9301      	str	r3, [sp, #4]
10002198:	bd08      	pop	{r3, pc}
1000219a:	0000      	.short	0x0000
1000219c:	20000de8 	.word	0x20000de8

100021a0 <missing_double_func_shim>:
100021a0:	b510      	push	{r4, lr}
100021a2:	4801      	ldr	r0, [pc, #4]	@ (100021a8 <missing_double_func_shim+0x8>)
100021a4:	f7fe f92e 	bl	10000404 <panic>
100021a8:	10009998 	.word	0x10009998

100021ac <__aeabi_double_init>:
100021ac:	2313      	movs	r3, #19
100021ae:	b570      	push	{r4, r5, r6, lr}
100021b0:	781d      	ldrb	r5, [r3, #0]
100021b2:	2d01      	cmp	r5, #1
100021b4:	d019      	beq.n	100021ea <__aeabi_double_init+0x3e>
100021b6:	dd14      	ble.n	100021e2 <__aeabi_double_init+0x36>
100021b8:	481d      	ldr	r0, [pc, #116]	@ (10002230 <__aeabi_double_init+0x84>)
100021ba:	f7ff fb43 	bl	10001844 <rom_data_lookup>
100021be:	0006      	movs	r6, r0
100021c0:	481c      	ldr	r0, [pc, #112]	@ (10002234 <__aeabi_double_init+0x88>)
100021c2:	f7ff fb3f 	bl	10001844 <rom_data_lookup>
100021c6:	4c1c      	ldr	r4, [pc, #112]	@ (10002238 <__aeabi_double_init+0x8c>)
100021c8:	2280      	movs	r2, #128	@ 0x80
100021ca:	0031      	movs	r1, r6
100021cc:	0020      	movs	r0, r4
100021ce:	f000 f8ff 	bl	100023d0 <__wrap___aeabi_memcpy>
100021d2:	2d02      	cmp	r5, #2
100021d4:	d006      	beq.n	100021e4 <__aeabi_double_init+0x38>
100021d6:	4819      	ldr	r0, [pc, #100]	@ (1000223c <__aeabi_double_init+0x90>)
100021d8:	f7ff fb2c 	bl	10001834 <rom_func_lookup>
100021dc:	4b18      	ldr	r3, [pc, #96]	@ (10002240 <__aeabi_double_init+0x94>)
100021de:	6018      	str	r0, [r3, #0]
100021e0:	bd70      	pop	{r4, r5, r6, pc}
100021e2:	4c15      	ldr	r4, [pc, #84]	@ (10002238 <__aeabi_double_init+0x8c>)
100021e4:	4b17      	ldr	r3, [pc, #92]	@ (10002244 <__aeabi_double_init+0x98>)
100021e6:	64a3      	str	r3, [r4, #72]	@ 0x48
100021e8:	e7f5      	b.n	100021d6 <__aeabi_double_init+0x2a>
100021ea:	4b17      	ldr	r3, [pc, #92]	@ (10002248 <__aeabi_double_init+0x9c>)
100021ec:	4c12      	ldr	r4, [pc, #72]	@ (10002238 <__aeabi_double_init+0x8c>)
100021ee:	6023      	str	r3, [r4, #0]
100021f0:	6063      	str	r3, [r4, #4]
100021f2:	60a3      	str	r3, [r4, #8]
100021f4:	60e3      	str	r3, [r4, #12]
100021f6:	6123      	str	r3, [r4, #16]
100021f8:	6163      	str	r3, [r4, #20]
100021fa:	61a3      	str	r3, [r4, #24]
100021fc:	61e3      	str	r3, [r4, #28]
100021fe:	6223      	str	r3, [r4, #32]
10002200:	6263      	str	r3, [r4, #36]	@ 0x24
10002202:	62a3      	str	r3, [r4, #40]	@ 0x28
10002204:	62e3      	str	r3, [r4, #44]	@ 0x2c
10002206:	6323      	str	r3, [r4, #48]	@ 0x30
10002208:	6363      	str	r3, [r4, #52]	@ 0x34
1000220a:	63a3      	str	r3, [r4, #56]	@ 0x38
1000220c:	63e3      	str	r3, [r4, #60]	@ 0x3c
1000220e:	6423      	str	r3, [r4, #64]	@ 0x40
10002210:	6463      	str	r3, [r4, #68]	@ 0x44
10002212:	64a3      	str	r3, [r4, #72]	@ 0x48
10002214:	64e3      	str	r3, [r4, #76]	@ 0x4c
10002216:	6523      	str	r3, [r4, #80]	@ 0x50
10002218:	6563      	str	r3, [r4, #84]	@ 0x54
1000221a:	65a3      	str	r3, [r4, #88]	@ 0x58
1000221c:	65e3      	str	r3, [r4, #92]	@ 0x5c
1000221e:	6623      	str	r3, [r4, #96]	@ 0x60
10002220:	6663      	str	r3, [r4, #100]	@ 0x64
10002222:	66a3      	str	r3, [r4, #104]	@ 0x68
10002224:	66e3      	str	r3, [r4, #108]	@ 0x6c
10002226:	6723      	str	r3, [r4, #112]	@ 0x70
10002228:	6763      	str	r3, [r4, #116]	@ 0x74
1000222a:	67a3      	str	r3, [r4, #120]	@ 0x78
1000222c:	67e3      	str	r3, [r4, #124]	@ 0x7c
1000222e:	e7d9      	b.n	100021e4 <__aeabi_double_init+0x38>
10002230:	00004453 	.word	0x00004453
10002234:	00004653 	.word	0x00004653
10002238:	20000de8 	.word	0x20000de8
1000223c:	0000334c 	.word	0x0000334c
10002240:	20001d78 	.word	0x20001d78
10002244:	1000224d 	.word	0x1000224d
10002248:	100021a1 	.word	0x100021a1

1000224c <double_table_shim_on_use_helper>:
1000224c:	b507      	push	{r0, r1, r2, lr}
1000224e:	4660      	mov	r0, ip
10002250:	8801      	ldrh	r1, [r0, #0]
10002252:	0a0a      	lsrs	r2, r1, #8
10002254:	3002      	adds	r0, #2
10002256:	2adf      	cmp	r2, #223	@ 0xdf
10002258:	d1fa      	bne.n	10002250 <double_table_shim_on_use_helper+0x4>
1000225a:	b2c9      	uxtb	r1, r1
1000225c:	0882      	lsrs	r2, r0, #2
1000225e:	d304      	bcc.n	1000226a <double_table_shim_on_use_helper+0x1e>
10002260:	8802      	ldrh	r2, [r0, #0]
10002262:	8840      	ldrh	r0, [r0, #2]
10002264:	0400      	lsls	r0, r0, #16
10002266:	4310      	orrs	r0, r2
10002268:	e000      	b.n	1000226c <double_table_shim_on_use_helper+0x20>
1000226a:	6800      	ldr	r0, [r0, #0]
1000226c:	4a01      	ldr	r2, [pc, #4]	@ (10002274 <double_table_shim_on_use_helper+0x28>)
1000226e:	5050      	str	r0, [r2, r1]
10002270:	9003      	str	r0, [sp, #12]
10002272:	bd07      	pop	{r0, r1, r2, pc}
10002274:	20000de8 	.word	0x20000de8

10002278 <__wrap___aeabi_lmul>:
10002278:	4351      	muls	r1, r2
1000227a:	4343      	muls	r3, r0
1000227c:	18c9      	adds	r1, r1, r3
1000227e:	468c      	mov	ip, r1
10002280:	0c11      	lsrs	r1, r2, #16
10002282:	b283      	uxth	r3, r0
10002284:	434b      	muls	r3, r1
10002286:	b410      	push	{r4}
10002288:	0c04      	lsrs	r4, r0, #16
1000228a:	4361      	muls	r1, r4
1000228c:	b292      	uxth	r2, r2
1000228e:	b280      	uxth	r0, r0
10002290:	4350      	muls	r0, r2
10002292:	4362      	muls	r2, r4
10002294:	041c      	lsls	r4, r3, #16
10002296:	0c1b      	lsrs	r3, r3, #16
10002298:	1900      	adds	r0, r0, r4
1000229a:	bc10      	pop	{r4}
1000229c:	4159      	adcs	r1, r3
1000229e:	0413      	lsls	r3, r2, #16
100022a0:	0c12      	lsrs	r2, r2, #16
100022a2:	18c0      	adds	r0, r0, r3
100022a4:	4151      	adcs	r1, r2
100022a6:	4461      	add	r1, ip
100022a8:	4770      	bx	lr
	...

100022ac <missing_float_func_shim>:
100022ac:	b510      	push	{r4, lr}
100022ae:	4801      	ldr	r0, [pc, #4]	@ (100022b4 <missing_float_func_shim+0x8>)
100022b0:	f7fe f8a8 	bl	10000404 <panic>
100022b4:	10009aac 	.word	0x10009aac

100022b8 <__aeabi_float_init>:
100022b8:	2313      	movs	r3, #19
100022ba:	b510      	push	{r4, lr}
100022bc:	4810      	ldr	r0, [pc, #64]	@ (10002300 <__aeabi_float_init+0x48>)
100022be:	781c      	ldrb	r4, [r3, #0]
100022c0:	f7ff fac0 	bl	10001844 <rom_data_lookup>
100022c4:	0001      	movs	r1, r0
100022c6:	2c01      	cmp	r4, #1
100022c8:	d00a      	beq.n	100022e0 <__aeabi_float_init+0x28>
100022ca:	dd03      	ble.n	100022d4 <__aeabi_float_init+0x1c>
100022cc:	2280      	movs	r2, #128	@ 0x80
100022ce:	480d      	ldr	r0, [pc, #52]	@ (10002304 <__aeabi_float_init+0x4c>)
100022d0:	f000 f87e 	bl	100023d0 <__wrap___aeabi_memcpy>
100022d4:	480c      	ldr	r0, [pc, #48]	@ (10002308 <__aeabi_float_init+0x50>)
100022d6:	f7ff faad 	bl	10001834 <rom_func_lookup>
100022da:	4b0c      	ldr	r3, [pc, #48]	@ (1000230c <__aeabi_float_init+0x54>)
100022dc:	6018      	str	r0, [r3, #0]
100022de:	bd10      	pop	{r4, pc}
100022e0:	4c08      	ldr	r4, [pc, #32]	@ (10002304 <__aeabi_float_init+0x4c>)
100022e2:	2254      	movs	r2, #84	@ 0x54
100022e4:	0020      	movs	r0, r4
100022e6:	f000 f873 	bl	100023d0 <__wrap___aeabi_memcpy>
100022ea:	0022      	movs	r2, r4
100022ec:	4908      	ldr	r1, [pc, #32]	@ (10002310 <__aeabi_float_init+0x58>)
100022ee:	3280      	adds	r2, #128	@ 0x80
100022f0:	6823      	ldr	r3, [r4, #0]
100022f2:	2b00      	cmp	r3, #0
100022f4:	d100      	bne.n	100022f8 <__aeabi_float_init+0x40>
100022f6:	6021      	str	r1, [r4, #0]
100022f8:	3404      	adds	r4, #4
100022fa:	4294      	cmp	r4, r2
100022fc:	d1f8      	bne.n	100022f0 <__aeabi_float_init+0x38>
100022fe:	e7e9      	b.n	100022d4 <__aeabi_float_init+0x1c>
10002300:	00004653 	.word	0x00004653
10002304:	20001d7c 	.word	0x20001d7c
10002308:	0000334c 	.word	0x0000334c
1000230c:	20001d78 	.word	0x20001d78
10002310:	100022ad 	.word	0x100022ad

10002314 <__wrap_malloc>:
10002314:	b570      	push	{r4, r5, r6, lr}
10002316:	0004      	movs	r4, r0
10002318:	4e0a      	ldr	r6, [pc, #40]	@ (10002344 <__wrap_malloc+0x30>)
1000231a:	0030      	movs	r0, r6
1000231c:	f007 fa78 	bl	10009810 <__mutex_enter_blocking_veneer>
10002320:	0020      	movs	r0, r4
10002322:	f007 fa09 	bl	10009738 <malloc>
10002326:	0005      	movs	r5, r0
10002328:	0030      	movs	r0, r6
1000232a:	f007 faa9 	bl	10009880 <__mutex_exit_veneer>
1000232e:	2d00      	cmp	r5, #0
10002330:	d005      	beq.n	1000233e <__wrap_malloc+0x2a>
10002332:	4b05      	ldr	r3, [pc, #20]	@ (10002348 <__wrap_malloc+0x34>)
10002334:	192c      	adds	r4, r5, r4
10002336:	429c      	cmp	r4, r3
10002338:	d801      	bhi.n	1000233e <__wrap_malloc+0x2a>
1000233a:	0028      	movs	r0, r5
1000233c:	bd70      	pop	{r4, r5, r6, pc}
1000233e:	4803      	ldr	r0, [pc, #12]	@ (1000234c <__wrap_malloc+0x38>)
10002340:	f7fe f860 	bl	10000404 <panic>
10002344:	20000c08 	.word	0x20000c08
10002348:	20040000 	.word	0x20040000
1000234c:	100099b0 	.word	0x100099b0

10002350 <__wrap_calloc>:
10002350:	b5f8      	push	{r3, r4, r5, r6, r7, lr}
10002352:	0006      	movs	r6, r0
10002354:	000c      	movs	r4, r1
10002356:	4f0c      	ldr	r7, [pc, #48]	@ (10002388 <__wrap_calloc+0x38>)
10002358:	0038      	movs	r0, r7
1000235a:	f007 fa59 	bl	10009810 <__mutex_enter_blocking_veneer>
1000235e:	0021      	movs	r1, r4
10002360:	0030      	movs	r0, r6
10002362:	f006 fd6b 	bl	10008e3c <calloc>
10002366:	0005      	movs	r5, r0
10002368:	0038      	movs	r0, r7
1000236a:	f007 fa89 	bl	10009880 <__mutex_exit_veneer>
1000236e:	4374      	muls	r4, r6
10002370:	2d00      	cmp	r5, #0
10002372:	d005      	beq.n	10002380 <__wrap_calloc+0x30>
10002374:	4b05      	ldr	r3, [pc, #20]	@ (1000238c <__wrap_calloc+0x3c>)
10002376:	192c      	adds	r4, r5, r4
10002378:	429c      	cmp	r4, r3
1000237a:	d801      	bhi.n	10002380 <__wrap_calloc+0x30>
1000237c:	0028      	movs	r0, r5
1000237e:	bdf8      	pop	{r3, r4, r5, r6, r7, pc}
10002380:	4803      	ldr	r0, [pc, #12]	@ (10002390 <__wrap_calloc+0x40>)
10002382:	f7fe f83f 	bl	10000404 <panic>
10002386:	46c0      	nop			@ (mov r8, r8)
10002388:	20000c08 	.word	0x20000c08
1000238c:	20040000 	.word	0x20040000
10002390:	100099b0 	.word	0x100099b0

10002394 <__wrap_free>:
10002394:	b570      	push	{r4, r5, r6, lr}
10002396:	0004      	movs	r4, r0
10002398:	4d05      	ldr	r5, [pc, #20]	@ (100023b0 <__wrap_free+0x1c>)
1000239a:	0028      	movs	r0, r5
1000239c:	f007 fa38 	bl	10009810 <__mutex_enter_blocking_veneer>
100023a0:	0020      	movs	r0, r4
100023a2:	f007 f9d3 	bl	1000974c <free>
100023a6:	0028      	movs	r0, r5
100023a8:	f007 fa6a 	bl	10009880 <__mutex_exit_veneer>
100023ac:	bd70      	pop	{r4, r5, r6, pc}
100023ae:	46c0      	nop			@ (mov r8, r8)
100023b0:	20000c08 	.word	0x20000c08

100023b4 <__aeabi_mem_init>:
100023b4:	4801      	ldr	r0, [pc, #4]	@ (100023bc <__aeabi_mem_init+0x8>)
100023b6:	2104      	movs	r1, #4
100023b8:	4b01      	ldr	r3, [pc, #4]	@ (100023c0 <__aeabi_mem_init+0xc>)
100023ba:	4718      	bx	r3
100023bc:	20000690 	.word	0x20000690
100023c0:	10001855 	.word	0x10001855

100023c4 <__wrap_memset>:
100023c4:	4b01      	ldr	r3, [pc, #4]	@ (100023cc <__wrap_memset+0x8>)
100023c6:	681b      	ldr	r3, [r3, #0]
100023c8:	4718      	bx	r3
100023ca:	0000      	.short	0x0000
100023cc:	20000690 	.word	0x20000690

100023d0 <__wrap___aeabi_memcpy>:
100023d0:	4b01      	ldr	r3, [pc, #4]	@ (100023d8 <__wrap___aeabi_memcpy+0x8>)
100023d2:	685b      	ldr	r3, [r3, #4]
100023d4:	4718      	bx	r3
100023d6:	0000      	.short	0x0000
100023d8:	20000690 	.word	0x20000690

100023dc <_out_null>:
100023dc:	4770      	bx	lr
100023de:	46c0      	nop			@ (mov r8, r8)

100023e0 <_out_rev>:
100023e0:	b5f8      	push	{r3, r4, r5, r6, r7, lr}
100023e2:	4657      	mov	r7, sl
100023e4:	46de      	mov	lr, fp
100023e6:	464e      	mov	r6, r9
100023e8:	4645      	mov	r5, r8
100023ea:	b5e0      	push	{r5, r6, r7, lr}
100023ec:	4699      	mov	r9, r3
100023ee:	9b0a      	ldr	r3, [sp, #40]	@ 0x28
100023f0:	0007      	movs	r7, r0
100023f2:	469a      	mov	sl, r3
100023f4:	9b0d      	ldr	r3, [sp, #52]	@ 0x34
100023f6:	4688      	mov	r8, r1
100023f8:	4693      	mov	fp, r2
100023fa:	9c0b      	ldr	r4, [sp, #44]	@ 0x2c
100023fc:	079b      	lsls	r3, r3, #30
100023fe:	d13b      	bne.n	10002478 <_out_rev+0x98>
10002400:	9b0c      	ldr	r3, [sp, #48]	@ 0x30
10002402:	429c      	cmp	r4, r3
10002404:	d23d      	bcs.n	10002482 <_out_rev+0xa2>
10002406:	1b1e      	subs	r6, r3, r4
10002408:	940b      	str	r4, [sp, #44]	@ 0x2c
1000240a:	0015      	movs	r5, r2
1000240c:	000c      	movs	r4, r1
1000240e:	445e      	add	r6, fp
10002410:	002a      	movs	r2, r5
10002412:	464b      	mov	r3, r9
10002414:	3501      	adds	r5, #1
10002416:	0021      	movs	r1, r4
10002418:	2020      	movs	r0, #32
1000241a:	47b8      	blx	r7
1000241c:	42b5      	cmp	r5, r6
1000241e:	d1f7      	bne.n	10002410 <_out_rev+0x30>
10002420:	46a0      	mov	r8, r4
10002422:	9c0b      	ldr	r4, [sp, #44]	@ 0x2c
10002424:	2c00      	cmp	r4, #0
10002426:	d020      	beq.n	1000246a <_out_rev+0x8a>
10002428:	4645      	mov	r5, r8
1000242a:	1936      	adds	r6, r6, r4
1000242c:	4653      	mov	r3, sl
1000242e:	1b32      	subs	r2, r6, r4
10002430:	3c01      	subs	r4, #1
10002432:	5d18      	ldrb	r0, [r3, r4]
10002434:	0029      	movs	r1, r5
10002436:	464b      	mov	r3, r9
10002438:	47b8      	blx	r7
1000243a:	2c00      	cmp	r4, #0
1000243c:	d1f6      	bne.n	1000242c <_out_rev+0x4c>
1000243e:	002b      	movs	r3, r5
10002440:	0035      	movs	r5, r6
10002442:	4698      	mov	r8, r3
10002444:	9b0d      	ldr	r3, [sp, #52]	@ 0x34
10002446:	079b      	lsls	r3, r3, #30
10002448:	d50f      	bpl.n	1000246a <_out_rev+0x8a>
1000244a:	465b      	mov	r3, fp
1000244c:	1aec      	subs	r4, r5, r3
1000244e:	9b0c      	ldr	r3, [sp, #48]	@ 0x30
10002450:	42a3      	cmp	r3, r4
10002452:	d90a      	bls.n	1000246a <_out_rev+0x8a>
10002454:	4646      	mov	r6, r8
10002456:	4698      	mov	r8, r3
10002458:	002a      	movs	r2, r5
1000245a:	464b      	mov	r3, r9
1000245c:	0031      	movs	r1, r6
1000245e:	2020      	movs	r0, #32
10002460:	3401      	adds	r4, #1
10002462:	47b8      	blx	r7
10002464:	3501      	adds	r5, #1
10002466:	4544      	cmp	r4, r8
10002468:	d3f6      	bcc.n	10002458 <_out_rev+0x78>
1000246a:	0028      	movs	r0, r5
1000246c:	bcf0      	pop	{r4, r5, r6, r7}
1000246e:	46bb      	mov	fp, r7
10002470:	46b2      	mov	sl, r6
10002472:	46a9      	mov	r9, r5
10002474:	46a0      	mov	r8, r4
10002476:	bdf8      	pop	{r3, r4, r5, r6, r7, pc}
10002478:	0016      	movs	r6, r2
1000247a:	0015      	movs	r5, r2
1000247c:	2c00      	cmp	r4, #0
1000247e:	d1d3      	bne.n	10002428 <_out_rev+0x48>
10002480:	e7e0      	b.n	10002444 <_out_rev+0x64>
10002482:	0016      	movs	r6, r2
10002484:	2c00      	cmp	r4, #0
10002486:	d1cf      	bne.n	10002428 <_out_rev+0x48>
10002488:	0015      	movs	r5, r2
1000248a:	e7ee      	b.n	1000246a <_out_rev+0x8a>

1000248c <_ntoa_format>:
1000248c:	b5f0      	push	{r4, r5, r6, r7, lr}
1000248e:	464f      	mov	r7, r9
10002490:	4646      	mov	r6, r8
10002492:	46d6      	mov	lr, sl
10002494:	b5c0      	push	{r6, r7, lr}
10002496:	b084      	sub	sp, #16
10002498:	4698      	mov	r8, r3
1000249a:	ab0e      	add	r3, sp, #56	@ 0x38
1000249c:	781b      	ldrb	r3, [r3, #0]
1000249e:	4694      	mov	ip, r2
100024a0:	4699      	mov	r9, r3
100024a2:	9b12      	ldr	r3, [sp, #72]	@ 0x48
100024a4:	9c0d      	ldr	r4, [sp, #52]	@ 0x34
100024a6:	9f10      	ldr	r7, [sp, #64]	@ 0x40
100024a8:	9e11      	ldr	r6, [sp, #68]	@ 0x44
100024aa:	079a      	lsls	r2, r3, #30
100024ac:	d425      	bmi.n	100024fa <_ntoa_format+0x6e>
100024ae:	2e00      	cmp	r6, #0
100024b0:	d165      	bne.n	1000257e <_ntoa_format+0xf2>
100024b2:	42bc      	cmp	r4, r7
100024b4:	d221      	bcs.n	100024fa <_ntoa_format+0x6e>
100024b6:	2201      	movs	r2, #1
100024b8:	401a      	ands	r2, r3
100024ba:	4692      	mov	sl, r2
100024bc:	2c20      	cmp	r4, #32
100024be:	d100      	bne.n	100024c2 <_ntoa_format+0x36>
100024c0:	e0e9      	b.n	10002696 <_ntoa_format+0x20a>
100024c2:	9a0c      	ldr	r2, [sp, #48]	@ 0x30
100024c4:	1e55      	subs	r5, r2, #1
100024c6:	2230      	movs	r2, #48	@ 0x30
100024c8:	e002      	b.n	100024d0 <_ntoa_format+0x44>
100024ca:	2c20      	cmp	r4, #32
100024cc:	d100      	bne.n	100024d0 <_ntoa_format+0x44>
100024ce:	e07b      	b.n	100025c8 <_ntoa_format+0x13c>
100024d0:	3401      	adds	r4, #1
100024d2:	552a      	strb	r2, [r5, r4]
100024d4:	42a7      	cmp	r7, r4
100024d6:	d8f8      	bhi.n	100024ca <_ntoa_format+0x3e>
100024d8:	4652      	mov	r2, sl
100024da:	2a00      	cmp	r2, #0
100024dc:	d00d      	beq.n	100024fa <_ntoa_format+0x6e>
100024de:	42b4      	cmp	r4, r6
100024e0:	d20b      	bcs.n	100024fa <_ntoa_format+0x6e>
100024e2:	9a0c      	ldr	r2, [sp, #48]	@ 0x30
100024e4:	1e55      	subs	r5, r2, #1
100024e6:	2230      	movs	r2, #48	@ 0x30
100024e8:	2c20      	cmp	r4, #32
100024ea:	d102      	bne.n	100024f2 <_ntoa_format+0x66>
100024ec:	e071      	b.n	100025d2 <_ntoa_format+0x146>
100024ee:	2c20      	cmp	r4, #32
100024f0:	d02d      	beq.n	1000254e <_ntoa_format+0xc2>
100024f2:	3401      	adds	r4, #1
100024f4:	552a      	strb	r2, [r5, r4]
100024f6:	42b4      	cmp	r4, r6
100024f8:	d1f9      	bne.n	100024ee <_ntoa_format+0x62>
100024fa:	06da      	lsls	r2, r3, #27
100024fc:	d53c      	bpl.n	10002578 <_ntoa_format+0xec>
100024fe:	055a      	lsls	r2, r3, #21
10002500:	d42e      	bmi.n	10002560 <_ntoa_format+0xd4>
10002502:	2c00      	cmp	r4, #0
10002504:	d128      	bne.n	10002558 <_ntoa_format+0xcc>
10002506:	9a0f      	ldr	r2, [sp, #60]	@ 0x3c
10002508:	2a10      	cmp	r2, #16
1000250a:	d100      	bne.n	1000250e <_ntoa_format+0x82>
1000250c:	e0b6      	b.n	1000267c <_ntoa_format+0x1f0>
1000250e:	2a02      	cmp	r2, #2
10002510:	d100      	bne.n	10002514 <_ntoa_format+0x88>
10002512:	e0bc      	b.n	1000268e <_ntoa_format+0x202>
10002514:	2230      	movs	r2, #48	@ 0x30
10002516:	9c0c      	ldr	r4, [sp, #48]	@ 0x30
10002518:	7022      	strb	r2, [r4, #0]
1000251a:	2401      	movs	r4, #1
1000251c:	464a      	mov	r2, r9
1000251e:	2a00      	cmp	r2, #0
10002520:	d165      	bne.n	100025ee <_ntoa_format+0x162>
10002522:	075a      	lsls	r2, r3, #29
10002524:	d400      	bmi.n	10002528 <_ntoa_format+0x9c>
10002526:	e099      	b.n	1000265c <_ntoa_format+0x1d0>
10002528:	222b      	movs	r2, #43	@ 0x2b
1000252a:	9d0c      	ldr	r5, [sp, #48]	@ 0x30
1000252c:	552a      	strb	r2, [r5, r4]
1000252e:	3401      	adds	r4, #1
10002530:	9303      	str	r3, [sp, #12]
10002532:	9b0c      	ldr	r3, [sp, #48]	@ 0x30
10002534:	4662      	mov	r2, ip
10002536:	9300      	str	r3, [sp, #0]
10002538:	9602      	str	r6, [sp, #8]
1000253a:	4643      	mov	r3, r8
1000253c:	9401      	str	r4, [sp, #4]
1000253e:	f7ff ff4f 	bl	100023e0 <_out_rev>
10002542:	b004      	add	sp, #16
10002544:	bce0      	pop	{r5, r6, r7}
10002546:	46ba      	mov	sl, r7
10002548:	46b1      	mov	r9, r6
1000254a:	46a8      	mov	r8, r5
1000254c:	bdf0      	pop	{r4, r5, r6, r7, pc}
1000254e:	2420      	movs	r4, #32
10002550:	06da      	lsls	r2, r3, #27
10002552:	d5ed      	bpl.n	10002530 <_ntoa_format+0xa4>
10002554:	055a      	lsls	r2, r3, #21
10002556:	d403      	bmi.n	10002560 <_ntoa_format+0xd4>
10002558:	42a7      	cmp	r7, r4
1000255a:	d066      	beq.n	1000262a <_ntoa_format+0x19e>
1000255c:	42b4      	cmp	r4, r6
1000255e:	d064      	beq.n	1000262a <_ntoa_format+0x19e>
10002560:	9a0f      	ldr	r2, [sp, #60]	@ 0x3c
10002562:	2a10      	cmp	r2, #16
10002564:	d071      	beq.n	1000264a <_ntoa_format+0x1be>
10002566:	2a02      	cmp	r2, #2
10002568:	d057      	beq.n	1000261a <_ntoa_format+0x18e>
1000256a:	2c20      	cmp	r4, #32
1000256c:	d0e0      	beq.n	10002530 <_ntoa_format+0xa4>
1000256e:	0022      	movs	r2, r4
10002570:	3401      	adds	r4, #1
10002572:	2530      	movs	r5, #48	@ 0x30
10002574:	9f0c      	ldr	r7, [sp, #48]	@ 0x30
10002576:	54bd      	strb	r5, [r7, r2]
10002578:	2c20      	cmp	r4, #32
1000257a:	d0d9      	beq.n	10002530 <_ntoa_format+0xa4>
1000257c:	e7ce      	b.n	1000251c <_ntoa_format+0x90>
1000257e:	2201      	movs	r2, #1
10002580:	0015      	movs	r5, r2
10002582:	401d      	ands	r5, r3
10002584:	46aa      	mov	sl, r5
10002586:	421a      	tst	r2, r3
10002588:	d036      	beq.n	100025f8 <_ntoa_format+0x16c>
1000258a:	464a      	mov	r2, r9
1000258c:	2a00      	cmp	r2, #0
1000258e:	d14a      	bne.n	10002626 <_ntoa_format+0x19a>
10002590:	320c      	adds	r2, #12
10002592:	421a      	tst	r2, r3
10002594:	d147      	bne.n	10002626 <_ntoa_format+0x19a>
10002596:	42bc      	cmp	r4, r7
10002598:	d2a1      	bcs.n	100024de <_ntoa_format+0x52>
1000259a:	2c20      	cmp	r4, #32
1000259c:	d191      	bne.n	100024c2 <_ntoa_format+0x36>
1000259e:	2e20      	cmp	r6, #32
100025a0:	d817      	bhi.n	100025d2 <_ntoa_format+0x146>
100025a2:	2420      	movs	r4, #32
100025a4:	06da      	lsls	r2, r3, #27
100025a6:	d5c3      	bpl.n	10002530 <_ntoa_format+0xa4>
100025a8:	055a      	lsls	r2, r3, #21
100025aa:	d41b      	bmi.n	100025e4 <_ntoa_format+0x158>
100025ac:	2f20      	cmp	r7, #32
100025ae:	d001      	beq.n	100025b4 <_ntoa_format+0x128>
100025b0:	2e20      	cmp	r6, #32
100025b2:	d1d5      	bne.n	10002560 <_ntoa_format+0xd4>
100025b4:	221f      	movs	r2, #31
100025b6:	9d0f      	ldr	r5, [sp, #60]	@ 0x3c
100025b8:	2d10      	cmp	r5, #16
100025ba:	d06f      	beq.n	1000269c <_ntoa_format+0x210>
100025bc:	2d02      	cmp	r5, #2
100025be:	d1d8      	bne.n	10002572 <_ntoa_format+0xe6>
100025c0:	2562      	movs	r5, #98	@ 0x62
100025c2:	9f0c      	ldr	r7, [sp, #48]	@ 0x30
100025c4:	54bd      	strb	r5, [r7, r2]
100025c6:	e7d0      	b.n	1000256a <_ntoa_format+0xde>
100025c8:	4652      	mov	r2, sl
100025ca:	2a00      	cmp	r2, #0
100025cc:	d079      	beq.n	100026c2 <_ntoa_format+0x236>
100025ce:	2e20      	cmp	r6, #32
100025d0:	d9bd      	bls.n	1000254e <_ntoa_format+0xc2>
100025d2:	2420      	movs	r4, #32
100025d4:	06da      	lsls	r2, r3, #27
100025d6:	d5ab      	bpl.n	10002530 <_ntoa_format+0xa4>
100025d8:	055a      	lsls	r2, r3, #21
100025da:	d403      	bmi.n	100025e4 <_ntoa_format+0x158>
100025dc:	2f20      	cmp	r7, #32
100025de:	d0e9      	beq.n	100025b4 <_ntoa_format+0x128>
100025e0:	2e20      	cmp	r6, #32
100025e2:	d0e7      	beq.n	100025b4 <_ntoa_format+0x128>
100025e4:	9a0f      	ldr	r2, [sp, #60]	@ 0x3c
100025e6:	2a10      	cmp	r2, #16
100025e8:	d1a2      	bne.n	10002530 <_ntoa_format+0xa4>
100025ea:	2420      	movs	r4, #32
100025ec:	e7a0      	b.n	10002530 <_ntoa_format+0xa4>
100025ee:	222d      	movs	r2, #45	@ 0x2d
100025f0:	9d0c      	ldr	r5, [sp, #48]	@ 0x30
100025f2:	552a      	strb	r2, [r5, r4]
100025f4:	3401      	adds	r4, #1
100025f6:	e79b      	b.n	10002530 <_ntoa_format+0xa4>
100025f8:	42bc      	cmp	r4, r7
100025fa:	d300      	bcc.n	100025fe <_ntoa_format+0x172>
100025fc:	e77d      	b.n	100024fa <_ntoa_format+0x6e>
100025fe:	2c20      	cmp	r4, #32
10002600:	d000      	beq.n	10002604 <_ntoa_format+0x178>
10002602:	e75e      	b.n	100024c2 <_ntoa_format+0x36>
10002604:	06da      	lsls	r2, r3, #27
10002606:	d5f0      	bpl.n	100025ea <_ntoa_format+0x15e>
10002608:	055a      	lsls	r2, r3, #21
1000260a:	d4ee      	bmi.n	100025ea <_ntoa_format+0x15e>
1000260c:	2f20      	cmp	r7, #32
1000260e:	d062      	beq.n	100026d6 <_ntoa_format+0x24a>
10002610:	2e20      	cmp	r6, #32
10002612:	d1ea      	bne.n	100025ea <_ntoa_format+0x15e>
10002614:	0034      	movs	r4, r6
10002616:	221f      	movs	r2, #31
10002618:	e7cd      	b.n	100025b6 <_ntoa_format+0x12a>
1000261a:	2c20      	cmp	r4, #32
1000261c:	d100      	bne.n	10002620 <_ntoa_format+0x194>
1000261e:	e787      	b.n	10002530 <_ntoa_format+0xa4>
10002620:	0022      	movs	r2, r4
10002622:	3401      	adds	r4, #1
10002624:	e7cc      	b.n	100025c0 <_ntoa_format+0x134>
10002626:	3e01      	subs	r6, #1
10002628:	e7b5      	b.n	10002596 <_ntoa_format+0x10a>
1000262a:	1e62      	subs	r2, r4, #1
1000262c:	2c01      	cmp	r4, #1
1000262e:	d1c2      	bne.n	100025b6 <_ntoa_format+0x12a>
10002630:	9a0f      	ldr	r2, [sp, #60]	@ 0x3c
10002632:	2a10      	cmp	r2, #16
10002634:	d000      	beq.n	10002638 <_ntoa_format+0x1ac>
10002636:	e76a      	b.n	1000250e <_ntoa_format+0x82>
10002638:	069a      	lsls	r2, r3, #26
1000263a:	d53b      	bpl.n	100026b4 <_ntoa_format+0x228>
1000263c:	2258      	movs	r2, #88	@ 0x58
1000263e:	9c0c      	ldr	r4, [sp, #48]	@ 0x30
10002640:	7022      	strb	r2, [r4, #0]
10002642:	3a28      	subs	r2, #40	@ 0x28
10002644:	7062      	strb	r2, [r4, #1]
10002646:	2402      	movs	r4, #2
10002648:	e768      	b.n	1000251c <_ntoa_format+0x90>
1000264a:	069a      	lsls	r2, r3, #26
1000264c:	d40e      	bmi.n	1000266c <_ntoa_format+0x1e0>
1000264e:	2c20      	cmp	r4, #32
10002650:	d0cb      	beq.n	100025ea <_ntoa_format+0x15e>
10002652:	2278      	movs	r2, #120	@ 0x78
10002654:	9d0c      	ldr	r5, [sp, #48]	@ 0x30
10002656:	552a      	strb	r2, [r5, r4]
10002658:	3401      	adds	r4, #1
1000265a:	e786      	b.n	1000256a <_ntoa_format+0xde>
1000265c:	071a      	lsls	r2, r3, #28
1000265e:	d400      	bmi.n	10002662 <_ntoa_format+0x1d6>
10002660:	e766      	b.n	10002530 <_ntoa_format+0xa4>
10002662:	2220      	movs	r2, #32
10002664:	9d0c      	ldr	r5, [sp, #48]	@ 0x30
10002666:	552a      	strb	r2, [r5, r4]
10002668:	3401      	adds	r4, #1
1000266a:	e761      	b.n	10002530 <_ntoa_format+0xa4>
1000266c:	2c20      	cmp	r4, #32
1000266e:	d0bc      	beq.n	100025ea <_ntoa_format+0x15e>
10002670:	2558      	movs	r5, #88	@ 0x58
10002672:	9a0c      	ldr	r2, [sp, #48]	@ 0x30
10002674:	1912      	adds	r2, r2, r4
10002676:	7015      	strb	r5, [r2, #0]
10002678:	3401      	adds	r4, #1
1000267a:	e776      	b.n	1000256a <_ntoa_format+0xde>
1000267c:	069a      	lsls	r2, r3, #26
1000267e:	d508      	bpl.n	10002692 <_ntoa_format+0x206>
10002680:	2258      	movs	r2, #88	@ 0x58
10002682:	9c0c      	ldr	r4, [sp, #48]	@ 0x30
10002684:	7022      	strb	r2, [r4, #0]
10002686:	2230      	movs	r2, #48	@ 0x30
10002688:	7062      	strb	r2, [r4, #1]
1000268a:	2402      	movs	r4, #2
1000268c:	e746      	b.n	1000251c <_ntoa_format+0x90>
1000268e:	3260      	adds	r2, #96	@ 0x60
10002690:	e7f7      	b.n	10002682 <_ntoa_format+0x1f6>
10002692:	2278      	movs	r2, #120	@ 0x78
10002694:	e7f5      	b.n	10002682 <_ntoa_format+0x1f6>
10002696:	2a00      	cmp	r2, #0
10002698:	d183      	bne.n	100025a2 <_ntoa_format+0x116>
1000269a:	e7b3      	b.n	10002604 <_ntoa_format+0x178>
1000269c:	1ea2      	subs	r2, r4, #2
1000269e:	3c01      	subs	r4, #1
100026a0:	069d      	lsls	r5, r3, #26
100026a2:	d403      	bmi.n	100026ac <_ntoa_format+0x220>
100026a4:	2578      	movs	r5, #120	@ 0x78
100026a6:	9f0c      	ldr	r7, [sp, #48]	@ 0x30
100026a8:	54bd      	strb	r5, [r7, r2]
100026aa:	e760      	b.n	1000256e <_ntoa_format+0xe2>
100026ac:	2558      	movs	r5, #88	@ 0x58
100026ae:	9f0c      	ldr	r7, [sp, #48]	@ 0x30
100026b0:	54bd      	strb	r5, [r7, r2]
100026b2:	e75c      	b.n	1000256e <_ntoa_format+0xe2>
100026b4:	2278      	movs	r2, #120	@ 0x78
100026b6:	9c0c      	ldr	r4, [sp, #48]	@ 0x30
100026b8:	7022      	strb	r2, [r4, #0]
100026ba:	3a48      	subs	r2, #72	@ 0x48
100026bc:	7062      	strb	r2, [r4, #1]
100026be:	2402      	movs	r4, #2
100026c0:	e72c      	b.n	1000251c <_ntoa_format+0x90>
100026c2:	06da      	lsls	r2, r3, #27
100026c4:	d400      	bmi.n	100026c8 <_ntoa_format+0x23c>
100026c6:	e733      	b.n	10002530 <_ntoa_format+0xa4>
100026c8:	055a      	lsls	r2, r3, #21
100026ca:	d48b      	bmi.n	100025e4 <_ntoa_format+0x158>
100026cc:	2f20      	cmp	r7, #32
100026ce:	d000      	beq.n	100026d2 <_ntoa_format+0x246>
100026d0:	e744      	b.n	1000255c <_ntoa_format+0xd0>
100026d2:	221f      	movs	r2, #31
100026d4:	e76f      	b.n	100025b6 <_ntoa_format+0x12a>
100026d6:	003c      	movs	r4, r7
100026d8:	221f      	movs	r2, #31
100026da:	e76c      	b.n	100025b6 <_ntoa_format+0x12a>

100026dc <_out_char>:
100026dc:	b510      	push	{r4, lr}
100026de:	2800      	cmp	r0, #0
100026e0:	d100      	bne.n	100026e4 <_out_char+0x8>
100026e2:	bd10      	pop	{r4, pc}
100026e4:	f001 fb62 	bl	10003dac <__wrap_putchar>
100026e8:	e7fb      	b.n	100026e2 <_out_char+0x6>
100026ea:	46c0      	nop			@ (mov r8, r8)

100026ec <_out_fct>:
100026ec:	000b      	movs	r3, r1
100026ee:	b510      	push	{r4, lr}
100026f0:	2800      	cmp	r0, #0
100026f2:	d002      	beq.n	100026fa <_out_fct+0xe>
100026f4:	6849      	ldr	r1, [r1, #4]
100026f6:	681b      	ldr	r3, [r3, #0]
100026f8:	4798      	blx	r3
100026fa:	bd10      	pop	{r4, pc}

100026fc <_etoa>:
100026fc:	b5f0      	push	{r4, r5, r6, r7, lr}
100026fe:	4657      	mov	r7, sl
10002700:	464e      	mov	r6, r9
10002702:	4645      	mov	r5, r8
10002704:	46de      	mov	lr, fp
10002706:	b5e0      	push	{r5, r6, r7, lr}
10002708:	b099      	sub	sp, #100	@ 0x64
1000270a:	4682      	mov	sl, r0
1000270c:	4689      	mov	r9, r1
1000270e:	4690      	mov	r8, r2
10002710:	9308      	str	r3, [sp, #32]
10002712:	9a22      	ldr	r2, [sp, #136]	@ 0x88
10002714:	9b23      	ldr	r3, [sp, #140]	@ 0x8c
10002716:	0010      	movs	r0, r2
10002718:	0019      	movs	r1, r3
1000271a:	f7ff fcec 	bl	100020f6 <__wrap___aeabi_dcmpun>
1000271e:	2800      	cmp	r0, #0
10002720:	d000      	beq.n	10002724 <_etoa+0x28>
10002722:	e0cd      	b.n	100028c0 <_etoa+0x1c4>
10002724:	9822      	ldr	r0, [sp, #136]	@ 0x88
10002726:	9923      	ldr	r1, [sp, #140]	@ 0x8c
10002728:	2201      	movs	r2, #1
1000272a:	4bd9      	ldr	r3, [pc, #868]	@ (10002a90 <_etoa+0x394>)
1000272c:	4252      	negs	r2, r2
1000272e:	f7ff fcdd 	bl	100020ec <__wrap___aeabi_dcmpgt>
10002732:	2800      	cmp	r0, #0
10002734:	d000      	beq.n	10002738 <_etoa+0x3c>
10002736:	e0c3      	b.n	100028c0 <_etoa+0x1c4>
10002738:	9822      	ldr	r0, [sp, #136]	@ 0x88
1000273a:	9923      	ldr	r1, [sp, #140]	@ 0x8c
1000273c:	2201      	movs	r2, #1
1000273e:	4bd5      	ldr	r3, [pc, #852]	@ (10002a94 <_etoa+0x398>)
10002740:	4252      	negs	r2, r2
10002742:	f7ff fcc5 	bl	100020d0 <__wrap___aeabi_dcmplt>
10002746:	2800      	cmp	r0, #0
10002748:	d000      	beq.n	1000274c <_etoa+0x50>
1000274a:	e0b9      	b.n	100028c0 <_etoa+0x1c4>
1000274c:	9822      	ldr	r0, [sp, #136]	@ 0x88
1000274e:	9923      	ldr	r1, [sp, #140]	@ 0x8c
10002750:	2200      	movs	r2, #0
10002752:	2300      	movs	r3, #0
10002754:	f7ff fcbc 	bl	100020d0 <__wrap___aeabi_dcmplt>
10002758:	2800      	cmp	r0, #0
1000275a:	d000      	beq.n	1000275e <_etoa+0x62>
1000275c:	e1f1      	b.n	10002b42 <_etoa+0x446>
1000275e:	9e22      	ldr	r6, [sp, #136]	@ 0x88
10002760:	9f23      	ldr	r7, [sp, #140]	@ 0x8c
10002762:	2380      	movs	r3, #128	@ 0x80
10002764:	9a26      	ldr	r2, [sp, #152]	@ 0x98
10002766:	00db      	lsls	r3, r3, #3
10002768:	401a      	ands	r2, r3
1000276a:	920d      	str	r2, [sp, #52]	@ 0x34
1000276c:	9a26      	ldr	r2, [sp, #152]	@ 0x98
1000276e:	421a      	tst	r2, r3
10002770:	d101      	bne.n	10002776 <_etoa+0x7a>
10002772:	2306      	movs	r3, #6
10002774:	9324      	str	r3, [sp, #144]	@ 0x90
10002776:	2380      	movs	r3, #128	@ 0x80
10002778:	9a26      	ldr	r2, [sp, #152]	@ 0x98
1000277a:	011b      	lsls	r3, r3, #4
1000277c:	401a      	ands	r2, r3
1000277e:	003b      	movs	r3, r7
10002780:	4693      	mov	fp, r2
10002782:	9609      	str	r6, [sp, #36]	@ 0x24
10002784:	4333      	orrs	r3, r6
10002786:	d000      	beq.n	1000278a <_etoa+0x8e>
10002788:	e0b3      	b.n	100028f2 <_etoa+0x1f6>
1000278a:	2a00      	cmp	r2, #0
1000278c:	d000      	beq.n	10002790 <_etoa+0x94>
1000278e:	e1c2      	b.n	10002b16 <_etoa+0x41a>
10002790:	2300      	movs	r3, #0
10002792:	2400      	movs	r4, #0
10002794:	930a      	str	r3, [sp, #40]	@ 0x28
10002796:	940b      	str	r4, [sp, #44]	@ 0x2c
10002798:	2300      	movs	r3, #0
1000279a:	2504      	movs	r5, #4
1000279c:	9309      	str	r3, [sp, #36]	@ 0x24
1000279e:	9b25      	ldr	r3, [sp, #148]	@ 0x94
100027a0:	2400      	movs	r4, #0
100027a2:	42ab      	cmp	r3, r5
100027a4:	d900      	bls.n	100027a8 <_etoa+0xac>
100027a6:	1b5c      	subs	r4, r3, r5
100027a8:	2302      	movs	r3, #2
100027aa:	9a26      	ldr	r2, [sp, #152]	@ 0x98
100027ac:	401a      	ands	r2, r3
100027ae:	920c      	str	r2, [sp, #48]	@ 0x30
100027b0:	9a26      	ldr	r2, [sp, #152]	@ 0x98
100027b2:	4213      	tst	r3, r2
100027b4:	d003      	beq.n	100027be <_etoa+0xc2>
100027b6:	426b      	negs	r3, r5
100027b8:	416b      	adcs	r3, r5
100027ba:	425b      	negs	r3, r3
100027bc:	401c      	ands	r4, r3
100027be:	9b09      	ldr	r3, [sp, #36]	@ 0x24
100027c0:	2b00      	cmp	r3, #0
100027c2:	d007      	beq.n	100027d4 <_etoa+0xd8>
100027c4:	9a0a      	ldr	r2, [sp, #40]	@ 0x28
100027c6:	9b0b      	ldr	r3, [sp, #44]	@ 0x2c
100027c8:	0030      	movs	r0, r6
100027ca:	0039      	movs	r1, r7
100027cc:	f7ff fc27 	bl	1000201e <__wrap___aeabi_ddiv>
100027d0:	0006      	movs	r6, r0
100027d2:	000f      	movs	r7, r1
100027d4:	9822      	ldr	r0, [sp, #136]	@ 0x88
100027d6:	9923      	ldr	r1, [sp, #140]	@ 0x8c
100027d8:	2200      	movs	r2, #0
100027da:	2300      	movs	r3, #0
100027dc:	f7ff fc78 	bl	100020d0 <__wrap___aeabi_dcmplt>
100027e0:	2800      	cmp	r0, #0
100027e2:	d003      	beq.n	100027ec <_etoa+0xf0>
100027e4:	2180      	movs	r1, #128	@ 0x80
100027e6:	0609      	lsls	r1, r1, #24
100027e8:	187b      	adds	r3, r7, r1
100027ea:	001f      	movs	r7, r3
100027ec:	9a26      	ldr	r2, [sp, #152]	@ 0x98
100027ee:	4baa      	ldr	r3, [pc, #680]	@ (10002a98 <_etoa+0x39c>)
100027f0:	9600      	str	r6, [sp, #0]
100027f2:	9701      	str	r7, [sp, #4]
100027f4:	4013      	ands	r3, r2
100027f6:	9e08      	ldr	r6, [sp, #32]
100027f8:	9304      	str	r3, [sp, #16]
100027fa:	9b24      	ldr	r3, [sp, #144]	@ 0x90
100027fc:	9403      	str	r4, [sp, #12]
100027fe:	9302      	str	r3, [sp, #8]
10002800:	4642      	mov	r2, r8
10002802:	0033      	movs	r3, r6
10002804:	4649      	mov	r1, r9
10002806:	4650      	mov	r0, sl
10002808:	f000 f9aa 	bl	10002b60 <_ftoa>
1000280c:	0004      	movs	r4, r0
1000280e:	2d00      	cmp	r5, #0
10002810:	d067      	beq.n	100028e2 <_etoa+0x1e6>
10002812:	2020      	movs	r0, #32
10002814:	9a26      	ldr	r2, [sp, #152]	@ 0x98
10002816:	4649      	mov	r1, r9
10002818:	4002      	ands	r2, r0
1000281a:	0013      	movs	r3, r2
1000281c:	425a      	negs	r2, r3
1000281e:	4153      	adcs	r3, r2
10002820:	425b      	negs	r3, r3
10002822:	1c62      	adds	r2, r4, #1
10002824:	4018      	ands	r0, r3
10002826:	920a      	str	r2, [sp, #40]	@ 0x28
10002828:	0033      	movs	r3, r6
1000282a:	0022      	movs	r2, r4
1000282c:	3045      	adds	r0, #69	@ 0x45
1000282e:	47d0      	blx	sl
10002830:	9a09      	ldr	r2, [sp, #36]	@ 0x24
10002832:	1e6f      	subs	r7, r5, #1
10002834:	17d3      	asrs	r3, r2, #31
10002836:	18d4      	adds	r4, r2, r3
10002838:	405c      	eors	r4, r3
1000283a:	0fd3      	lsrs	r3, r2, #31
1000283c:	469b      	mov	fp, r3
1000283e:	2500      	movs	r5, #0
10002840:	e001      	b.n	10002846 <_etoa+0x14a>
10002842:	2d20      	cmp	r5, #32
10002844:	d013      	beq.n	1000286e <_etoa+0x172>
10002846:	aa08      	add	r2, sp, #32
10002848:	4694      	mov	ip, r2
1000284a:	231f      	movs	r3, #31
1000284c:	0020      	movs	r0, r4
1000284e:	4463      	add	r3, ip
10002850:	210a      	movs	r1, #10
10002852:	3501      	adds	r5, #1
10002854:	195e      	adds	r6, r3, r5
10002856:	f7ff f99d 	bl	10001b94 <__wrap___aeabi_uidiv>
1000285a:	3130      	adds	r1, #48	@ 0x30
1000285c:	7031      	strb	r1, [r6, #0]
1000285e:	0020      	movs	r0, r4
10002860:	210a      	movs	r1, #10
10002862:	f7ff f997 	bl	10001b94 <__wrap___aeabi_uidiv>
10002866:	0026      	movs	r6, r4
10002868:	0004      	movs	r4, r0
1000286a:	2e09      	cmp	r6, #9
1000286c:	d8e9      	bhi.n	10002842 <_etoa+0x146>
1000286e:	2305      	movs	r3, #5
10002870:	9306      	str	r3, [sp, #24]
10002872:	2300      	movs	r3, #0
10002874:	9304      	str	r3, [sp, #16]
10002876:	330a      	adds	r3, #10
10002878:	9303      	str	r3, [sp, #12]
1000287a:	465b      	mov	r3, fp
1000287c:	9e08      	ldr	r6, [sp, #32]
1000287e:	9302      	str	r3, [sp, #8]
10002880:	ab10      	add	r3, sp, #64	@ 0x40
10002882:	9a0a      	ldr	r2, [sp, #40]	@ 0x28
10002884:	9300      	str	r3, [sp, #0]
10002886:	4649      	mov	r1, r9
10002888:	0033      	movs	r3, r6
1000288a:	4650      	mov	r0, sl
1000288c:	9705      	str	r7, [sp, #20]
1000288e:	9501      	str	r5, [sp, #4]
10002890:	f7ff fdfc 	bl	1000248c <_ntoa_format>
10002894:	9a0c      	ldr	r2, [sp, #48]	@ 0x30
10002896:	0004      	movs	r4, r0
10002898:	2a00      	cmp	r2, #0
1000289a:	d022      	beq.n	100028e2 <_etoa+0x1e6>
1000289c:	4642      	mov	r2, r8
1000289e:	1a85      	subs	r5, r0, r2
100028a0:	9a25      	ldr	r2, [sp, #148]	@ 0x94
100028a2:	42aa      	cmp	r2, r5
100028a4:	d91d      	bls.n	100028e2 <_etoa+0x1e6>
100028a6:	46b0      	mov	r8, r6
100028a8:	4657      	mov	r7, sl
100028aa:	0016      	movs	r6, r2
100028ac:	0022      	movs	r2, r4
100028ae:	4643      	mov	r3, r8
100028b0:	4649      	mov	r1, r9
100028b2:	2020      	movs	r0, #32
100028b4:	3501      	adds	r5, #1
100028b6:	47b8      	blx	r7
100028b8:	3401      	adds	r4, #1
100028ba:	42ae      	cmp	r6, r5
100028bc:	d8f6      	bhi.n	100028ac <_etoa+0x1b0>
100028be:	e010      	b.n	100028e2 <_etoa+0x1e6>
100028c0:	9b26      	ldr	r3, [sp, #152]	@ 0x98
100028c2:	4642      	mov	r2, r8
100028c4:	9304      	str	r3, [sp, #16]
100028c6:	9b25      	ldr	r3, [sp, #148]	@ 0x94
100028c8:	4649      	mov	r1, r9
100028ca:	9303      	str	r3, [sp, #12]
100028cc:	9b24      	ldr	r3, [sp, #144]	@ 0x90
100028ce:	4650      	mov	r0, sl
100028d0:	9302      	str	r3, [sp, #8]
100028d2:	9b22      	ldr	r3, [sp, #136]	@ 0x88
100028d4:	9c23      	ldr	r4, [sp, #140]	@ 0x8c
100028d6:	9300      	str	r3, [sp, #0]
100028d8:	9401      	str	r4, [sp, #4]
100028da:	9b08      	ldr	r3, [sp, #32]
100028dc:	f000 f940 	bl	10002b60 <_ftoa>
100028e0:	0004      	movs	r4, r0
100028e2:	0020      	movs	r0, r4
100028e4:	b019      	add	sp, #100	@ 0x64
100028e6:	bcf0      	pop	{r4, r5, r6, r7}
100028e8:	46bb      	mov	fp, r7
100028ea:	46b2      	mov	sl, r6
100028ec:	46a9      	mov	r9, r5
100028ee:	46a0      	mov	r8, r4
100028f0:	bdf0      	pop	{r4, r5, r6, r7, pc}
100028f2:	4b6a      	ldr	r3, [pc, #424]	@ (10002a9c <_etoa+0x3a0>)
100028f4:	0078      	lsls	r0, r7, #1
100028f6:	469c      	mov	ip, r3
100028f8:	0d40      	lsrs	r0, r0, #21
100028fa:	4460      	add	r0, ip
100028fc:	f7ff fc0c 	bl	10002118 <__wrap___aeabi_i2d>
10002900:	4a67      	ldr	r2, [pc, #412]	@ (10002aa0 <_etoa+0x3a4>)
10002902:	4b68      	ldr	r3, [pc, #416]	@ (10002aa4 <_etoa+0x3a8>)
10002904:	f7ff fba5 	bl	10002052 <__wrap___aeabi_dmul>
10002908:	4a67      	ldr	r2, [pc, #412]	@ (10002aa8 <_etoa+0x3ac>)
1000290a:	4b68      	ldr	r3, [pc, #416]	@ (10002aac <_etoa+0x3b0>)
1000290c:	f7ff fb82 	bl	10002014 <__wrap___aeabi_dadd>
10002910:	4a67      	ldr	r2, [pc, #412]	@ (10002ab0 <_etoa+0x3b4>)
10002912:	033b      	lsls	r3, r7, #12
10002914:	0b1b      	lsrs	r3, r3, #12
10002916:	431a      	orrs	r2, r3
10002918:	0004      	movs	r4, r0
1000291a:	000d      	movs	r5, r1
1000291c:	9809      	ldr	r0, [sp, #36]	@ 0x24
1000291e:	0011      	movs	r1, r2
10002920:	4b64      	ldr	r3, [pc, #400]	@ (10002ab4 <_etoa+0x3b8>)
10002922:	2200      	movs	r2, #0
10002924:	f7ff fb71 	bl	1000200a <__wrap___aeabi_dsub>
10002928:	4a63      	ldr	r2, [pc, #396]	@ (10002ab8 <_etoa+0x3bc>)
1000292a:	4b64      	ldr	r3, [pc, #400]	@ (10002abc <_etoa+0x3c0>)
1000292c:	f7ff fb91 	bl	10002052 <__wrap___aeabi_dmul>
10002930:	0002      	movs	r2, r0
10002932:	000b      	movs	r3, r1
10002934:	0020      	movs	r0, r4
10002936:	0029      	movs	r1, r5
10002938:	f7ff fb6c 	bl	10002014 <__wrap___aeabi_dadd>
1000293c:	f7ff fc04 	bl	10002148 <__wrap___aeabi_d2iz>
10002940:	9009      	str	r0, [sp, #36]	@ 0x24
10002942:	f7ff fbe9 	bl	10002118 <__wrap___aeabi_i2d>
10002946:	4a5e      	ldr	r2, [pc, #376]	@ (10002ac0 <_etoa+0x3c4>)
10002948:	4b5e      	ldr	r3, [pc, #376]	@ (10002ac4 <_etoa+0x3c8>)
1000294a:	0004      	movs	r4, r0
1000294c:	000d      	movs	r5, r1
1000294e:	f7ff fb80 	bl	10002052 <__wrap___aeabi_dmul>
10002952:	2200      	movs	r2, #0
10002954:	4b5c      	ldr	r3, [pc, #368]	@ (10002ac8 <_etoa+0x3cc>)
10002956:	f7ff fb5d 	bl	10002014 <__wrap___aeabi_dadd>
1000295a:	f7ff fbf5 	bl	10002148 <__wrap___aeabi_d2iz>
1000295e:	4a5b      	ldr	r2, [pc, #364]	@ (10002acc <_etoa+0x3d0>)
10002960:	4b5b      	ldr	r3, [pc, #364]	@ (10002ad0 <_etoa+0x3d4>)
10002962:	0029      	movs	r1, r5
10002964:	900c      	str	r0, [sp, #48]	@ 0x30
10002966:	0020      	movs	r0, r4
10002968:	f7ff fb73 	bl	10002052 <__wrap___aeabi_dmul>
1000296c:	0004      	movs	r4, r0
1000296e:	980c      	ldr	r0, [sp, #48]	@ 0x30
10002970:	000d      	movs	r5, r1
10002972:	f7ff fbd1 	bl	10002118 <__wrap___aeabi_i2d>
10002976:	4a57      	ldr	r2, [pc, #348]	@ (10002ad4 <_etoa+0x3d8>)
10002978:	4b57      	ldr	r3, [pc, #348]	@ (10002ad8 <_etoa+0x3dc>)
1000297a:	f7ff fb6a 	bl	10002052 <__wrap___aeabi_dmul>
1000297e:	0002      	movs	r2, r0
10002980:	000b      	movs	r3, r1
10002982:	0020      	movs	r0, r4
10002984:	0029      	movs	r1, r5
10002986:	f7ff fb40 	bl	1000200a <__wrap___aeabi_dsub>
1000298a:	0004      	movs	r4, r0
1000298c:	000d      	movs	r5, r1
1000298e:	0002      	movs	r2, r0
10002990:	000b      	movs	r3, r1
10002992:	940a      	str	r4, [sp, #40]	@ 0x28
10002994:	950b      	str	r5, [sp, #44]	@ 0x2c
10002996:	f7ff fb5c 	bl	10002052 <__wrap___aeabi_dmul>
1000299a:	0004      	movs	r4, r0
1000299c:	000d      	movs	r5, r1
1000299e:	980a      	ldr	r0, [sp, #40]	@ 0x28
100029a0:	990b      	ldr	r1, [sp, #44]	@ 0x2c
100029a2:	0002      	movs	r2, r0
100029a4:	000b      	movs	r3, r1
100029a6:	f7ff fb35 	bl	10002014 <__wrap___aeabi_dadd>
100029aa:	2200      	movs	r2, #0
100029ac:	900e      	str	r0, [sp, #56]	@ 0x38
100029ae:	910f      	str	r1, [sp, #60]	@ 0x3c
100029b0:	4b4a      	ldr	r3, [pc, #296]	@ (10002adc <_etoa+0x3e0>)
100029b2:	0020      	movs	r0, r4
100029b4:	0029      	movs	r1, r5
100029b6:	f7ff fb32 	bl	1000201e <__wrap___aeabi_ddiv>
100029ba:	2200      	movs	r2, #0
100029bc:	4b48      	ldr	r3, [pc, #288]	@ (10002ae0 <_etoa+0x3e4>)
100029be:	f7ff fb29 	bl	10002014 <__wrap___aeabi_dadd>
100029c2:	0002      	movs	r2, r0
100029c4:	000b      	movs	r3, r1
100029c6:	0020      	movs	r0, r4
100029c8:	0029      	movs	r1, r5
100029ca:	f7ff fb28 	bl	1000201e <__wrap___aeabi_ddiv>
100029ce:	2200      	movs	r2, #0
100029d0:	4b44      	ldr	r3, [pc, #272]	@ (10002ae4 <_etoa+0x3e8>)
100029d2:	f7ff fb1f 	bl	10002014 <__wrap___aeabi_dadd>
100029d6:	0002      	movs	r2, r0
100029d8:	000b      	movs	r3, r1
100029da:	0020      	movs	r0, r4
100029dc:	0029      	movs	r1, r5
100029de:	f7ff fb1e 	bl	1000201e <__wrap___aeabi_ddiv>
100029e2:	9a0a      	ldr	r2, [sp, #40]	@ 0x28
100029e4:	9b0b      	ldr	r3, [sp, #44]	@ 0x2c
100029e6:	000d      	movs	r5, r1
100029e8:	2180      	movs	r1, #128	@ 0x80
100029ea:	0004      	movs	r4, r0
100029ec:	05c9      	lsls	r1, r1, #23
100029ee:	2000      	movs	r0, #0
100029f0:	f7ff fb0b 	bl	1000200a <__wrap___aeabi_dsub>
100029f4:	0002      	movs	r2, r0
100029f6:	000b      	movs	r3, r1
100029f8:	0020      	movs	r0, r4
100029fa:	0029      	movs	r1, r5
100029fc:	f7ff fb0a 	bl	10002014 <__wrap___aeabi_dadd>
10002a00:	0002      	movs	r2, r0
10002a02:	000b      	movs	r3, r1
10002a04:	980e      	ldr	r0, [sp, #56]	@ 0x38
10002a06:	990f      	ldr	r1, [sp, #60]	@ 0x3c
10002a08:	f7ff fb09 	bl	1000201e <__wrap___aeabi_ddiv>
10002a0c:	2200      	movs	r2, #0
10002a0e:	4b28      	ldr	r3, [pc, #160]	@ (10002ab0 <_etoa+0x3b4>)
10002a10:	f7ff fb00 	bl	10002014 <__wrap___aeabi_dadd>
10002a14:	4b34      	ldr	r3, [pc, #208]	@ (10002ae8 <_etoa+0x3ec>)
10002a16:	9c0c      	ldr	r4, [sp, #48]	@ 0x30
10002a18:	469c      	mov	ip, r3
10002a1a:	4464      	add	r4, ip
10002a1c:	0523      	lsls	r3, r4, #20
10002a1e:	2200      	movs	r2, #0
10002a20:	f7ff fb17 	bl	10002052 <__wrap___aeabi_dmul>
10002a24:	0004      	movs	r4, r0
10002a26:	000d      	movs	r5, r1
10002a28:	0002      	movs	r2, r0
10002a2a:	000b      	movs	r3, r1
10002a2c:	0030      	movs	r0, r6
10002a2e:	0039      	movs	r1, r7
10002a30:	940a      	str	r4, [sp, #40]	@ 0x28
10002a32:	950b      	str	r5, [sp, #44]	@ 0x2c
10002a34:	f7ff fb4c 	bl	100020d0 <__wrap___aeabi_dcmplt>
10002a38:	2800      	cmp	r0, #0
10002a3a:	d15d      	bne.n	10002af8 <_etoa+0x3fc>
10002a3c:	0023      	movs	r3, r4
10002a3e:	002a      	movs	r2, r5
10002a40:	25c6      	movs	r5, #198	@ 0xc6
10002a42:	9909      	ldr	r1, [sp, #36]	@ 0x24
10002a44:	3163      	adds	r1, #99	@ 0x63
10002a46:	428d      	cmp	r5, r1
10002a48:	41ad      	sbcs	r5, r5
10002a4a:	4659      	mov	r1, fp
10002a4c:	426d      	negs	r5, r5
10002a4e:	3504      	adds	r5, #4
10002a50:	2900      	cmp	r1, #0
10002a52:	d100      	bne.n	10002a56 <_etoa+0x35a>
10002a54:	e6a3      	b.n	1000279e <_etoa+0xa2>
10002a56:	4313      	orrs	r3, r2
10002a58:	d063      	beq.n	10002b22 <_etoa+0x426>
10002a5a:	0030      	movs	r0, r6
10002a5c:	0039      	movs	r1, r7
10002a5e:	4a23      	ldr	r2, [pc, #140]	@ (10002aec <_etoa+0x3f0>)
10002a60:	4b23      	ldr	r3, [pc, #140]	@ (10002af0 <_etoa+0x3f4>)
10002a62:	f7ff fb3b 	bl	100020dc <__wrap___aeabi_dcmpge>
10002a66:	2800      	cmp	r0, #0
10002a68:	d007      	beq.n	10002a7a <_etoa+0x37e>
10002a6a:	2200      	movs	r2, #0
10002a6c:	0030      	movs	r0, r6
10002a6e:	0039      	movs	r1, r7
10002a70:	4b20      	ldr	r3, [pc, #128]	@ (10002af4 <_etoa+0x3f8>)
10002a72:	f7ff fb2d 	bl	100020d0 <__wrap___aeabi_dcmplt>
10002a76:	2800      	cmp	r0, #0
10002a78:	d153      	bne.n	10002b22 <_etoa+0x426>
10002a7a:	9b24      	ldr	r3, [sp, #144]	@ 0x90
10002a7c:	2b00      	cmp	r3, #0
10002a7e:	d100      	bne.n	10002a82 <_etoa+0x386>
10002a80:	e68d      	b.n	1000279e <_etoa+0xa2>
10002a82:	9b0d      	ldr	r3, [sp, #52]	@ 0x34
10002a84:	1e5a      	subs	r2, r3, #1
10002a86:	4193      	sbcs	r3, r2
10002a88:	9a24      	ldr	r2, [sp, #144]	@ 0x90
10002a8a:	1ad3      	subs	r3, r2, r3
10002a8c:	9324      	str	r3, [sp, #144]	@ 0x90
10002a8e:	e686      	b.n	1000279e <_etoa+0xa2>
10002a90:	7fefffff 	.word	0x7fefffff
10002a94:	ffefffff 	.word	0xffefffff
10002a98:	fffff7ff 	.word	0xfffff7ff
10002a9c:	fffffc01 	.word	0xfffffc01
10002aa0:	509f79fb 	.word	0x509f79fb
10002aa4:	3fd34413 	.word	0x3fd34413
10002aa8:	8b60c8b3 	.word	0x8b60c8b3
10002aac:	3fc68a28 	.word	0x3fc68a28
10002ab0:	3ff00000 	.word	0x3ff00000
10002ab4:	3ff80000 	.word	0x3ff80000
10002ab8:	636f4361 	.word	0x636f4361
10002abc:	3fd287a7 	.word	0x3fd287a7
10002ac0:	0979a371 	.word	0x0979a371
10002ac4:	400a934f 	.word	0x400a934f
10002ac8:	3fe00000 	.word	0x3fe00000
10002acc:	bbb55516 	.word	0xbbb55516
10002ad0:	40026bb1 	.word	0x40026bb1
10002ad4:	fefa39ef 	.word	0xfefa39ef
10002ad8:	3fe62e42 	.word	0x3fe62e42
10002adc:	402c0000 	.word	0x402c0000
10002ae0:	40240000 	.word	0x40240000
10002ae4:	40180000 	.word	0x40180000
10002ae8:	000003ff 	.word	0x000003ff
10002aec:	eb1c432d 	.word	0xeb1c432d
10002af0:	3f1a36e2 	.word	0x3f1a36e2
10002af4:	412e8480 	.word	0x412e8480
10002af8:	9b09      	ldr	r3, [sp, #36]	@ 0x24
10002afa:	2200      	movs	r2, #0
10002afc:	3b01      	subs	r3, #1
10002afe:	9309      	str	r3, [sp, #36]	@ 0x24
10002b00:	0020      	movs	r0, r4
10002b02:	4b16      	ldr	r3, [pc, #88]	@ (10002b5c <_etoa+0x460>)
10002b04:	0029      	movs	r1, r5
10002b06:	f7ff fa8a 	bl	1000201e <__wrap___aeabi_ddiv>
10002b0a:	000a      	movs	r2, r1
10002b0c:	0001      	movs	r1, r0
10002b0e:	0003      	movs	r3, r0
10002b10:	910a      	str	r1, [sp, #40]	@ 0x28
10002b12:	920b      	str	r2, [sp, #44]	@ 0x2c
10002b14:	e794      	b.n	10002a40 <_etoa+0x344>
10002b16:	2300      	movs	r3, #0
10002b18:	2400      	movs	r4, #0
10002b1a:	930a      	str	r3, [sp, #40]	@ 0x28
10002b1c:	940b      	str	r4, [sp, #44]	@ 0x2c
10002b1e:	2300      	movs	r3, #0
10002b20:	9309      	str	r3, [sp, #36]	@ 0x24
10002b22:	9a24      	ldr	r2, [sp, #144]	@ 0x90
10002b24:	9b09      	ldr	r3, [sp, #36]	@ 0x24
10002b26:	429a      	cmp	r2, r3
10002b28:	dd14      	ble.n	10002b54 <_etoa+0x458>
10002b2a:	1ad3      	subs	r3, r2, r3
10002b2c:	3b01      	subs	r3, #1
10002b2e:	9324      	str	r3, [sp, #144]	@ 0x90
10002b30:	2380      	movs	r3, #128	@ 0x80
10002b32:	9a26      	ldr	r2, [sp, #152]	@ 0x98
10002b34:	00db      	lsls	r3, r3, #3
10002b36:	431a      	orrs	r2, r3
10002b38:	2300      	movs	r3, #0
10002b3a:	2500      	movs	r5, #0
10002b3c:	9226      	str	r2, [sp, #152]	@ 0x98
10002b3e:	9309      	str	r3, [sp, #36]	@ 0x24
10002b40:	e62d      	b.n	1000279e <_etoa+0xa2>
10002b42:	2280      	movs	r2, #128	@ 0x80
10002b44:	0612      	lsls	r2, r2, #24
10002b46:	4694      	mov	ip, r2
10002b48:	9b22      	ldr	r3, [sp, #136]	@ 0x88
10002b4a:	001e      	movs	r6, r3
10002b4c:	9b23      	ldr	r3, [sp, #140]	@ 0x8c
10002b4e:	4463      	add	r3, ip
10002b50:	001f      	movs	r7, r3
10002b52:	e606      	b.n	10002762 <_etoa+0x66>
10002b54:	2300      	movs	r3, #0
10002b56:	9324      	str	r3, [sp, #144]	@ 0x90
10002b58:	e7ea      	b.n	10002b30 <_etoa+0x434>
10002b5a:	46c0      	nop			@ (mov r8, r8)
10002b5c:	40240000 	.word	0x40240000

10002b60 <_ftoa>:
10002b60:	b5f0      	push	{r4, r5, r6, r7, lr}
10002b62:	4645      	mov	r5, r8
10002b64:	46de      	mov	lr, fp
10002b66:	464e      	mov	r6, r9
10002b68:	4657      	mov	r7, sl
10002b6a:	b5e0      	push	{r5, r6, r7, lr}
10002b6c:	b095      	sub	sp, #84	@ 0x54
10002b6e:	468b      	mov	fp, r1
10002b70:	4690      	mov	r8, r2
10002b72:	4699      	mov	r9, r3
10002b74:	9a1e      	ldr	r2, [sp, #120]	@ 0x78
10002b76:	9b1f      	ldr	r3, [sp, #124]	@ 0x7c
10002b78:	900a      	str	r0, [sp, #40]	@ 0x28
10002b7a:	0019      	movs	r1, r3
10002b7c:	0010      	movs	r0, r2
10002b7e:	9d20      	ldr	r5, [sp, #128]	@ 0x80
10002b80:	f7ff fab9 	bl	100020f6 <__wrap___aeabi_dcmpun>
10002b84:	2800      	cmp	r0, #0
10002b86:	d000      	beq.n	10002b8a <_ftoa+0x2a>
10002b88:	e1b0      	b.n	10002eec <_ftoa+0x38c>
10002b8a:	981e      	ldr	r0, [sp, #120]	@ 0x78
10002b8c:	991f      	ldr	r1, [sp, #124]	@ 0x7c
10002b8e:	2201      	movs	r2, #1
10002b90:	4bc7      	ldr	r3, [pc, #796]	@ (10002eb0 <_ftoa+0x350>)
10002b92:	4252      	negs	r2, r2
10002b94:	f7ff fa9c 	bl	100020d0 <__wrap___aeabi_dcmplt>
10002b98:	2800      	cmp	r0, #0
10002b9a:	d000      	beq.n	10002b9e <_ftoa+0x3e>
10002b9c:	e137      	b.n	10002e0e <_ftoa+0x2ae>
10002b9e:	981e      	ldr	r0, [sp, #120]	@ 0x78
10002ba0:	991f      	ldr	r1, [sp, #124]	@ 0x7c
10002ba2:	2201      	movs	r2, #1
10002ba4:	4bc3      	ldr	r3, [pc, #780]	@ (10002eb4 <_ftoa+0x354>)
10002ba6:	4252      	negs	r2, r2
10002ba8:	f7ff faa0 	bl	100020ec <__wrap___aeabi_dcmpgt>
10002bac:	2800      	cmp	r0, #0
10002bae:	d000      	beq.n	10002bb2 <_ftoa+0x52>
10002bb0:	e0a7      	b.n	10002d02 <_ftoa+0x1a2>
10002bb2:	981e      	ldr	r0, [sp, #120]	@ 0x78
10002bb4:	991f      	ldr	r1, [sp, #124]	@ 0x7c
10002bb6:	2200      	movs	r2, #0
10002bb8:	4bbf      	ldr	r3, [pc, #764]	@ (10002eb8 <_ftoa+0x358>)
10002bba:	f7ff fa97 	bl	100020ec <__wrap___aeabi_dcmpgt>
10002bbe:	2800      	cmp	r0, #0
10002bc0:	d000      	beq.n	10002bc4 <_ftoa+0x64>
10002bc2:	e088      	b.n	10002cd6 <_ftoa+0x176>
10002bc4:	981e      	ldr	r0, [sp, #120]	@ 0x78
10002bc6:	991f      	ldr	r1, [sp, #124]	@ 0x7c
10002bc8:	2200      	movs	r2, #0
10002bca:	4bbc      	ldr	r3, [pc, #752]	@ (10002ebc <_ftoa+0x35c>)
10002bcc:	f7ff fa80 	bl	100020d0 <__wrap___aeabi_dcmplt>
10002bd0:	2800      	cmp	r0, #0
10002bd2:	d000      	beq.n	10002bd6 <_ftoa+0x76>
10002bd4:	e07f      	b.n	10002cd6 <_ftoa+0x176>
10002bd6:	981e      	ldr	r0, [sp, #120]	@ 0x78
10002bd8:	991f      	ldr	r1, [sp, #124]	@ 0x7c
10002bda:	2200      	movs	r2, #0
10002bdc:	2300      	movs	r3, #0
10002bde:	f7ff fa77 	bl	100020d0 <__wrap___aeabi_dcmplt>
10002be2:	2800      	cmp	r0, #0
10002be4:	d000      	beq.n	10002be8 <_ftoa+0x88>
10002be6:	e0fa      	b.n	10002dde <_ftoa+0x27e>
10002be8:	2300      	movs	r3, #0
10002bea:	930b      	str	r3, [sp, #44]	@ 0x2c
10002bec:	2380      	movs	r3, #128	@ 0x80
10002bee:	9c22      	ldr	r4, [sp, #136]	@ 0x88
10002bf0:	9a22      	ldr	r2, [sp, #136]	@ 0x88
10002bf2:	00db      	lsls	r3, r3, #3
10002bf4:	401c      	ands	r4, r3
10002bf6:	421a      	tst	r2, r3
10002bf8:	d100      	bne.n	10002bfc <_ftoa+0x9c>
10002bfa:	e102      	b.n	10002e02 <_ftoa+0x2a2>
10002bfc:	2d09      	cmp	r5, #9
10002bfe:	d800      	bhi.n	10002c02 <_ftoa+0xa2>
10002c00:	e17c      	b.n	10002efc <_ftoa+0x39c>
10002c02:	a906      	add	r1, sp, #24
10002c04:	468c      	mov	ip, r1
10002c06:	002c      	movs	r4, r5
10002c08:	2217      	movs	r2, #23
10002c0a:	2300      	movs	r3, #0
10002c0c:	2130      	movs	r1, #48	@ 0x30
10002c0e:	3c09      	subs	r4, #9
10002c10:	4462      	add	r2, ip
10002c12:	3301      	adds	r3, #1
10002c14:	54d1      	strb	r1, [r2, r3]
10002c16:	1aef      	subs	r7, r5, r3
10002c18:	2b20      	cmp	r3, #32
10002c1a:	d100      	bne.n	10002c1e <_ftoa+0xbe>
10002c1c:	e132      	b.n	10002e84 <_ftoa+0x324>
10002c1e:	42a3      	cmp	r3, r4
10002c20:	d1f7      	bne.n	10002c12 <_ftoa+0xb2>
10002c22:	2200      	movs	r2, #0
10002c24:	4ba4      	ldr	r3, [pc, #656]	@ (10002eb8 <_ftoa+0x358>)
10002c26:	9206      	str	r2, [sp, #24]
10002c28:	9307      	str	r3, [sp, #28]
10002c2a:	981e      	ldr	r0, [sp, #120]	@ 0x78
10002c2c:	991f      	ldr	r1, [sp, #124]	@ 0x7c
10002c2e:	f7ff fa8b 	bl	10002148 <__wrap___aeabi_d2iz>
10002c32:	0005      	movs	r5, r0
10002c34:	f7ff fa70 	bl	10002118 <__wrap___aeabi_i2d>
10002c38:	0002      	movs	r2, r0
10002c3a:	000b      	movs	r3, r1
10002c3c:	981e      	ldr	r0, [sp, #120]	@ 0x78
10002c3e:	991f      	ldr	r1, [sp, #124]	@ 0x7c
10002c40:	f7ff f9e3 	bl	1000200a <__wrap___aeabi_dsub>
10002c44:	9a06      	ldr	r2, [sp, #24]
10002c46:	9b07      	ldr	r3, [sp, #28]
10002c48:	f7ff fa03 	bl	10002052 <__wrap___aeabi_dmul>
10002c4c:	9008      	str	r0, [sp, #32]
10002c4e:	9109      	str	r1, [sp, #36]	@ 0x24
10002c50:	f7ff fa9e 	bl	10002190 <__wrap___aeabi_d2uiz>
10002c54:	0006      	movs	r6, r0
10002c56:	f7ff fa5b 	bl	10002110 <__wrap___aeabi_ui2d>
10002c5a:	0002      	movs	r2, r0
10002c5c:	000b      	movs	r3, r1
10002c5e:	9808      	ldr	r0, [sp, #32]
10002c60:	9909      	ldr	r1, [sp, #36]	@ 0x24
10002c62:	f7ff f9d2 	bl	1000200a <__wrap___aeabi_dsub>
10002c66:	2200      	movs	r2, #0
10002c68:	4b95      	ldr	r3, [pc, #596]	@ (10002ec0 <_ftoa+0x360>)
10002c6a:	9008      	str	r0, [sp, #32]
10002c6c:	9109      	str	r1, [sp, #36]	@ 0x24
10002c6e:	f7ff fa3d 	bl	100020ec <__wrap___aeabi_dcmpgt>
10002c72:	2800      	cmp	r0, #0
10002c74:	d100      	bne.n	10002c78 <_ftoa+0x118>
10002c76:	e0d2      	b.n	10002e1e <_ftoa+0x2be>
10002c78:	3601      	adds	r6, #1
10002c7a:	0030      	movs	r0, r6
10002c7c:	f7ff fa48 	bl	10002110 <__wrap___aeabi_ui2d>
10002c80:	9a06      	ldr	r2, [sp, #24]
10002c82:	9b07      	ldr	r3, [sp, #28]
10002c84:	f7ff fa2a 	bl	100020dc <__wrap___aeabi_dcmpge>
10002c88:	2800      	cmp	r0, #0
10002c8a:	d001      	beq.n	10002c90 <_ftoa+0x130>
10002c8c:	2600      	movs	r6, #0
10002c8e:	3501      	adds	r5, #1
10002c90:	46aa      	mov	sl, r5
10002c92:	2f00      	cmp	r7, #0
10002c94:	d000      	beq.n	10002c98 <_ftoa+0x138>
10002c96:	e098      	b.n	10002dca <_ftoa+0x26a>
10002c98:	0028      	movs	r0, r5
10002c9a:	f7ff fa3d 	bl	10002118 <__wrap___aeabi_i2d>
10002c9e:	0002      	movs	r2, r0
10002ca0:	000b      	movs	r3, r1
10002ca2:	981e      	ldr	r0, [sp, #120]	@ 0x78
10002ca4:	991f      	ldr	r1, [sp, #124]	@ 0x7c
10002ca6:	f7ff f9b0 	bl	1000200a <__wrap___aeabi_dsub>
10002caa:	4b85      	ldr	r3, [pc, #532]	@ (10002ec0 <_ftoa+0x360>)
10002cac:	2200      	movs	r2, #0
10002cae:	0006      	movs	r6, r0
10002cb0:	000f      	movs	r7, r1
10002cb2:	f7ff fa0d 	bl	100020d0 <__wrap___aeabi_dcmplt>
10002cb6:	ab0c      	add	r3, sp, #48	@ 0x30
10002cb8:	469a      	mov	sl, r3
10002cba:	2800      	cmp	r0, #0
10002cbc:	d145      	bne.n	10002d4a <_ftoa+0x1ea>
10002cbe:	2200      	movs	r2, #0
10002cc0:	0030      	movs	r0, r6
10002cc2:	0039      	movs	r1, r7
10002cc4:	4b7e      	ldr	r3, [pc, #504]	@ (10002ec0 <_ftoa+0x360>)
10002cc6:	f7ff fa11 	bl	100020ec <__wrap___aeabi_dcmpgt>
10002cca:	2800      	cmp	r0, #0
10002ccc:	d13d      	bne.n	10002d4a <_ftoa+0x1ea>
10002cce:	07eb      	lsls	r3, r5, #31
10002cd0:	d53b      	bpl.n	10002d4a <_ftoa+0x1ea>
10002cd2:	3501      	adds	r5, #1
10002cd4:	e039      	b.n	10002d4a <_ftoa+0x1ea>
10002cd6:	9b22      	ldr	r3, [sp, #136]	@ 0x88
10002cd8:	4642      	mov	r2, r8
10002cda:	9304      	str	r3, [sp, #16]
10002cdc:	9b21      	ldr	r3, [sp, #132]	@ 0x84
10002cde:	4659      	mov	r1, fp
10002ce0:	9303      	str	r3, [sp, #12]
10002ce2:	980a      	ldr	r0, [sp, #40]	@ 0x28
10002ce4:	9b1e      	ldr	r3, [sp, #120]	@ 0x78
10002ce6:	9c1f      	ldr	r4, [sp, #124]	@ 0x7c
10002ce8:	9502      	str	r5, [sp, #8]
10002cea:	9300      	str	r3, [sp, #0]
10002cec:	9401      	str	r4, [sp, #4]
10002cee:	464b      	mov	r3, r9
10002cf0:	f7ff fd04 	bl	100026fc <_etoa>
10002cf4:	b015      	add	sp, #84	@ 0x54
10002cf6:	bcf0      	pop	{r4, r5, r6, r7}
10002cf8:	46bb      	mov	fp, r7
10002cfa:	46b2      	mov	sl, r6
10002cfc:	46a9      	mov	r9, r5
10002cfe:	46a0      	mov	r8, r4
10002d00:	bdf0      	pop	{r4, r5, r6, r7, pc}
10002d02:	9b22      	ldr	r3, [sp, #136]	@ 0x88
10002d04:	075b      	lsls	r3, r3, #29
10002d06:	d467      	bmi.n	10002dd8 <_ftoa+0x278>
10002d08:	2203      	movs	r2, #3
10002d0a:	4b6e      	ldr	r3, [pc, #440]	@ (10002ec4 <_ftoa+0x364>)
10002d0c:	9922      	ldr	r1, [sp, #136]	@ 0x88
10002d0e:	9201      	str	r2, [sp, #4]
10002d10:	9103      	str	r1, [sp, #12]
10002d12:	9921      	ldr	r1, [sp, #132]	@ 0x84
10002d14:	9102      	str	r1, [sp, #8]
10002d16:	9300      	str	r3, [sp, #0]
10002d18:	4642      	mov	r2, r8
10002d1a:	464b      	mov	r3, r9
10002d1c:	4659      	mov	r1, fp
10002d1e:	980a      	ldr	r0, [sp, #40]	@ 0x28
10002d20:	f7ff fb5e 	bl	100023e0 <_out_rev>
10002d24:	e7e6      	b.n	10002cf4 <_ftoa+0x194>
10002d26:	aa06      	add	r2, sp, #24
10002d28:	4694      	mov	ip, r2
10002d2a:	2317      	movs	r3, #23
10002d2c:	0028      	movs	r0, r5
10002d2e:	4463      	add	r3, ip
10002d30:	210a      	movs	r1, #10
10002d32:	3401      	adds	r4, #1
10002d34:	191e      	adds	r6, r3, r4
10002d36:	f7fe ff05 	bl	10001b44 <__wrap___aeabi_idiv>
10002d3a:	3130      	adds	r1, #48	@ 0x30
10002d3c:	0028      	movs	r0, r5
10002d3e:	7031      	strb	r1, [r6, #0]
10002d40:	210a      	movs	r1, #10
10002d42:	f7fe feff 	bl	10001b44 <__wrap___aeabi_idiv>
10002d46:	1e05      	subs	r5, r0, #0
10002d48:	d076      	beq.n	10002e38 <_ftoa+0x2d8>
10002d4a:	2c20      	cmp	r4, #32
10002d4c:	d1eb      	bne.n	10002d26 <_ftoa+0x1c6>
10002d4e:	2303      	movs	r3, #3
10002d50:	9a22      	ldr	r2, [sp, #136]	@ 0x88
10002d52:	4013      	ands	r3, r2
10002d54:	2b01      	cmp	r3, #1
10002d56:	d11d      	bne.n	10002d94 <_ftoa+0x234>
10002d58:	9b21      	ldr	r3, [sp, #132]	@ 0x84
10002d5a:	2b00      	cmp	r3, #0
10002d5c:	d01a      	beq.n	10002d94 <_ftoa+0x234>
10002d5e:	9b0b      	ldr	r3, [sp, #44]	@ 0x2c
10002d60:	2b00      	cmp	r3, #0
10002d62:	d000      	beq.n	10002d66 <_ftoa+0x206>
10002d64:	e0bb      	b.n	10002ede <_ftoa+0x37e>
10002d66:	9a22      	ldr	r2, [sp, #136]	@ 0x88
10002d68:	330c      	adds	r3, #12
10002d6a:	4213      	tst	r3, r2
10002d6c:	d000      	beq.n	10002d70 <_ftoa+0x210>
10002d6e:	e0b6      	b.n	10002ede <_ftoa+0x37e>
10002d70:	9b21      	ldr	r3, [sp, #132]	@ 0x84
10002d72:	42a3      	cmp	r3, r4
10002d74:	d800      	bhi.n	10002d78 <_ftoa+0x218>
10002d76:	e087      	b.n	10002e88 <_ftoa+0x328>
10002d78:	ab06      	add	r3, sp, #24
10002d7a:	469c      	mov	ip, r3
10002d7c:	2217      	movs	r2, #23
10002d7e:	2330      	movs	r3, #48	@ 0x30
10002d80:	4462      	add	r2, ip
10002d82:	e004      	b.n	10002d8e <_ftoa+0x22e>
10002d84:	9921      	ldr	r1, [sp, #132]	@ 0x84
10002d86:	3401      	adds	r4, #1
10002d88:	5513      	strb	r3, [r2, r4]
10002d8a:	428c      	cmp	r4, r1
10002d8c:	d059      	beq.n	10002e42 <_ftoa+0x2e2>
10002d8e:	2c20      	cmp	r4, #32
10002d90:	d1f8      	bne.n	10002d84 <_ftoa+0x224>
10002d92:	2420      	movs	r4, #32
10002d94:	9b22      	ldr	r3, [sp, #136]	@ 0x88
10002d96:	9401      	str	r4, [sp, #4]
10002d98:	9303      	str	r3, [sp, #12]
10002d9a:	9b21      	ldr	r3, [sp, #132]	@ 0x84
10002d9c:	9302      	str	r3, [sp, #8]
10002d9e:	4653      	mov	r3, sl
10002da0:	e7b9      	b.n	10002d16 <_ftoa+0x1b6>
10002da2:	aa06      	add	r2, sp, #24
10002da4:	4694      	mov	ip, r2
10002da6:	2317      	movs	r3, #23
10002da8:	210a      	movs	r1, #10
10002daa:	4463      	add	r3, ip
10002dac:	0030      	movs	r0, r6
10002dae:	3401      	adds	r4, #1
10002db0:	191d      	adds	r5, r3, r4
10002db2:	f7fe feef 	bl	10001b94 <__wrap___aeabi_uidiv>
10002db6:	3130      	adds	r1, #48	@ 0x30
10002db8:	7029      	strb	r1, [r5, #0]
10002dba:	0030      	movs	r0, r6
10002dbc:	210a      	movs	r1, #10
10002dbe:	3f01      	subs	r7, #1
10002dc0:	f7fe fee8 	bl	10001b94 <__wrap___aeabi_uidiv>
10002dc4:	2e09      	cmp	r6, #9
10002dc6:	d946      	bls.n	10002e56 <_ftoa+0x2f6>
10002dc8:	0006      	movs	r6, r0
10002dca:	2c20      	cmp	r4, #32
10002dcc:	d1e9      	bne.n	10002da2 <_ftoa+0x242>
10002dce:	4655      	mov	r5, sl
10002dd0:	ab0c      	add	r3, sp, #48	@ 0x30
10002dd2:	2420      	movs	r4, #32
10002dd4:	469a      	mov	sl, r3
10002dd6:	e7b8      	b.n	10002d4a <_ftoa+0x1ea>
10002dd8:	2204      	movs	r2, #4
10002dda:	4b3b      	ldr	r3, [pc, #236]	@ (10002ec8 <_ftoa+0x368>)
10002ddc:	e796      	b.n	10002d0c <_ftoa+0x1ac>
10002dde:	9a1e      	ldr	r2, [sp, #120]	@ 0x78
10002de0:	9b1f      	ldr	r3, [sp, #124]	@ 0x7c
10002de2:	2000      	movs	r0, #0
10002de4:	2100      	movs	r1, #0
10002de6:	f7ff f910 	bl	1000200a <__wrap___aeabi_dsub>
10002dea:	2301      	movs	r3, #1
10002dec:	930b      	str	r3, [sp, #44]	@ 0x2c
10002dee:	2380      	movs	r3, #128	@ 0x80
10002df0:	9c22      	ldr	r4, [sp, #136]	@ 0x88
10002df2:	9a22      	ldr	r2, [sp, #136]	@ 0x88
10002df4:	00db      	lsls	r3, r3, #3
10002df6:	901e      	str	r0, [sp, #120]	@ 0x78
10002df8:	911f      	str	r1, [sp, #124]	@ 0x7c
10002dfa:	401c      	ands	r4, r3
10002dfc:	421a      	tst	r2, r3
10002dfe:	d000      	beq.n	10002e02 <_ftoa+0x2a2>
10002e00:	e6fc      	b.n	10002bfc <_ftoa+0x9c>
10002e02:	2200      	movs	r2, #0
10002e04:	4b31      	ldr	r3, [pc, #196]	@ (10002ecc <_ftoa+0x36c>)
10002e06:	2706      	movs	r7, #6
10002e08:	9206      	str	r2, [sp, #24]
10002e0a:	9307      	str	r3, [sp, #28]
10002e0c:	e70d      	b.n	10002c2a <_ftoa+0xca>
10002e0e:	9b22      	ldr	r3, [sp, #136]	@ 0x88
10002e10:	9303      	str	r3, [sp, #12]
10002e12:	9b21      	ldr	r3, [sp, #132]	@ 0x84
10002e14:	9302      	str	r3, [sp, #8]
10002e16:	2304      	movs	r3, #4
10002e18:	9301      	str	r3, [sp, #4]
10002e1a:	4b2d      	ldr	r3, [pc, #180]	@ (10002ed0 <_ftoa+0x370>)
10002e1c:	e77b      	b.n	10002d16 <_ftoa+0x1b6>
10002e1e:	2200      	movs	r2, #0
10002e20:	9808      	ldr	r0, [sp, #32]
10002e22:	9909      	ldr	r1, [sp, #36]	@ 0x24
10002e24:	4b26      	ldr	r3, [pc, #152]	@ (10002ec0 <_ftoa+0x360>)
10002e26:	f7ff f953 	bl	100020d0 <__wrap___aeabi_dcmplt>
10002e2a:	2800      	cmp	r0, #0
10002e2c:	d000      	beq.n	10002e30 <_ftoa+0x2d0>
10002e2e:	e72f      	b.n	10002c90 <_ftoa+0x130>
10002e30:	2e00      	cmp	r6, #0
10002e32:	d14f      	bne.n	10002ed4 <_ftoa+0x374>
10002e34:	3601      	adds	r6, #1
10002e36:	e72b      	b.n	10002c90 <_ftoa+0x130>
10002e38:	2303      	movs	r3, #3
10002e3a:	9a22      	ldr	r2, [sp, #136]	@ 0x88
10002e3c:	4013      	ands	r3, r2
10002e3e:	2b01      	cmp	r3, #1
10002e40:	d066      	beq.n	10002f10 <_ftoa+0x3b0>
10002e42:	2c20      	cmp	r4, #32
10002e44:	d0a6      	beq.n	10002d94 <_ftoa+0x234>
10002e46:	9b0b      	ldr	r3, [sp, #44]	@ 0x2c
10002e48:	2b00      	cmp	r3, #0
10002e4a:	d01f      	beq.n	10002e8c <_ftoa+0x32c>
10002e4c:	232d      	movs	r3, #45	@ 0x2d
10002e4e:	4652      	mov	r2, sl
10002e50:	5513      	strb	r3, [r2, r4]
10002e52:	3401      	adds	r4, #1
10002e54:	e79e      	b.n	10002d94 <_ftoa+0x234>
10002e56:	4655      	mov	r5, sl
10002e58:	2c20      	cmp	r4, #32
10002e5a:	d0b9      	beq.n	10002dd0 <_ftoa+0x270>
10002e5c:	2330      	movs	r3, #48	@ 0x30
10002e5e:	193a      	adds	r2, r7, r4
10002e60:	2f00      	cmp	r7, #0
10002e62:	d008      	beq.n	10002e76 <_ftoa+0x316>
10002e64:	2017      	movs	r0, #23
10002e66:	a906      	add	r1, sp, #24
10002e68:	3401      	adds	r4, #1
10002e6a:	1809      	adds	r1, r1, r0
10002e6c:	550b      	strb	r3, [r1, r4]
10002e6e:	2c20      	cmp	r4, #32
10002e70:	d0ae      	beq.n	10002dd0 <_ftoa+0x270>
10002e72:	4294      	cmp	r4, r2
10002e74:	d1f6      	bne.n	10002e64 <_ftoa+0x304>
10002e76:	ab0c      	add	r3, sp, #48	@ 0x30
10002e78:	469a      	mov	sl, r3
10002e7a:	232e      	movs	r3, #46	@ 0x2e
10002e7c:	4652      	mov	r2, sl
10002e7e:	5513      	strb	r3, [r2, r4]
10002e80:	3401      	adds	r4, #1
10002e82:	e762      	b.n	10002d4a <_ftoa+0x1ea>
10002e84:	2420      	movs	r4, #32
10002e86:	e6cc      	b.n	10002c22 <_ftoa+0xc2>
10002e88:	2c20      	cmp	r4, #32
10002e8a:	d083      	beq.n	10002d94 <_ftoa+0x234>
10002e8c:	9b22      	ldr	r3, [sp, #136]	@ 0x88
10002e8e:	075b      	lsls	r3, r3, #29
10002e90:	d408      	bmi.n	10002ea4 <_ftoa+0x344>
10002e92:	9b22      	ldr	r3, [sp, #136]	@ 0x88
10002e94:	071b      	lsls	r3, r3, #28
10002e96:	d400      	bmi.n	10002e9a <_ftoa+0x33a>
10002e98:	e77c      	b.n	10002d94 <_ftoa+0x234>
10002e9a:	2320      	movs	r3, #32
10002e9c:	4652      	mov	r2, sl
10002e9e:	5513      	strb	r3, [r2, r4]
10002ea0:	3401      	adds	r4, #1
10002ea2:	e777      	b.n	10002d94 <_ftoa+0x234>
10002ea4:	232b      	movs	r3, #43	@ 0x2b
10002ea6:	4652      	mov	r2, sl
10002ea8:	5513      	strb	r3, [r2, r4]
10002eaa:	3401      	adds	r4, #1
10002eac:	e772      	b.n	10002d94 <_ftoa+0x234>
10002eae:	46c0      	nop			@ (mov r8, r8)
10002eb0:	ffefffff 	.word	0xffefffff
10002eb4:	7fefffff 	.word	0x7fefffff
10002eb8:	41cdcd65 	.word	0x41cdcd65
10002ebc:	c1cdcd65 	.word	0xc1cdcd65
10002ec0:	3fe00000 	.word	0x3fe00000
10002ec4:	10009a08 	.word	0x10009a08
10002ec8:	10009a00 	.word	0x10009a00
10002ecc:	412e8480 	.word	0x412e8480
10002ed0:	10009a10 	.word	0x10009a10
10002ed4:	07f3      	lsls	r3, r6, #31
10002ed6:	d400      	bmi.n	10002eda <_ftoa+0x37a>
10002ed8:	e6da      	b.n	10002c90 <_ftoa+0x130>
10002eda:	3601      	adds	r6, #1
10002edc:	e6d8      	b.n	10002c90 <_ftoa+0x130>
10002ede:	9b21      	ldr	r3, [sp, #132]	@ 0x84
10002ee0:	3b01      	subs	r3, #1
10002ee2:	9321      	str	r3, [sp, #132]	@ 0x84
10002ee4:	42a3      	cmp	r3, r4
10002ee6:	d900      	bls.n	10002eea <_ftoa+0x38a>
10002ee8:	e746      	b.n	10002d78 <_ftoa+0x218>
10002eea:	e7aa      	b.n	10002e42 <_ftoa+0x2e2>
10002eec:	9b22      	ldr	r3, [sp, #136]	@ 0x88
10002eee:	9303      	str	r3, [sp, #12]
10002ef0:	9b21      	ldr	r3, [sp, #132]	@ 0x84
10002ef2:	9302      	str	r3, [sp, #8]
10002ef4:	2303      	movs	r3, #3
10002ef6:	9301      	str	r3, [sp, #4]
10002ef8:	4b07      	ldr	r3, [pc, #28]	@ (10002f18 <_ftoa+0x3b8>)
10002efa:	e70c      	b.n	10002d16 <_ftoa+0x1b6>
10002efc:	4b07      	ldr	r3, [pc, #28]	@ (10002f1c <_ftoa+0x3bc>)
10002efe:	00ea      	lsls	r2, r5, #3
10002f00:	189b      	adds	r3, r3, r2
10002f02:	685c      	ldr	r4, [r3, #4]
10002f04:	681b      	ldr	r3, [r3, #0]
10002f06:	002f      	movs	r7, r5
10002f08:	9306      	str	r3, [sp, #24]
10002f0a:	9407      	str	r4, [sp, #28]
10002f0c:	2400      	movs	r4, #0
10002f0e:	e68c      	b.n	10002c2a <_ftoa+0xca>
10002f10:	9b21      	ldr	r3, [sp, #132]	@ 0x84
10002f12:	2b00      	cmp	r3, #0
10002f14:	d095      	beq.n	10002e42 <_ftoa+0x2e2>
10002f16:	e722      	b.n	10002d5e <_ftoa+0x1fe>
10002f18:	10009a0c 	.word	0x10009a0c
10002f1c:	10009fe0 	.word	0x10009fe0

10002f20 <_vsnprintf>:
10002f20:	b5f0      	push	{r4, r5, r6, r7, lr}
10002f22:	4657      	mov	r7, sl
10002f24:	46de      	mov	lr, fp
10002f26:	464e      	mov	r6, r9
10002f28:	4645      	mov	r5, r8
10002f2a:	b5e0      	push	{r5, r6, r7, lr}
10002f2c:	b0a5      	sub	sp, #148	@ 0x94
10002f2e:	001f      	movs	r7, r3
10002f30:	9b2e      	ldr	r3, [sp, #184]	@ 0xb8
10002f32:	4691      	mov	r9, r2
10002f34:	930d      	str	r3, [sp, #52]	@ 0x34
10002f36:	4aca      	ldr	r2, [pc, #808]	@ (10003260 <_vsnprintf+0x340>)
10002f38:	4bca      	ldr	r3, [pc, #808]	@ (10003264 <_vsnprintf+0x344>)
10002f3a:	4682      	mov	sl, r0
10002f3c:	468b      	mov	fp, r1
10002f3e:	601a      	str	r2, [r3, #0]
10002f40:	2900      	cmp	r1, #0
10002f42:	d100      	bne.n	10002f46 <_vsnprintf+0x26>
10002f44:	e229      	b.n	1000339a <_vsnprintf+0x47a>
10002f46:	2300      	movs	r3, #0
10002f48:	7838      	ldrb	r0, [r7, #0]
10002f4a:	4698      	mov	r8, r3
10002f4c:	2800      	cmp	r0, #0
10002f4e:	d100      	bne.n	10002f52 <_vsnprintf+0x32>
10002f50:	e22b      	b.n	100033aa <_vsnprintf+0x48a>
10002f52:	4bc5      	ldr	r3, [pc, #788]	@ (10003268 <_vsnprintf+0x348>)
10002f54:	4644      	mov	r4, r8
10002f56:	930c      	str	r3, [sp, #48]	@ 0x30
10002f58:	4bc4      	ldr	r3, [pc, #784]	@ (1000326c <_vsnprintf+0x34c>)
10002f5a:	4655      	mov	r5, sl
10002f5c:	464e      	mov	r6, r9
10002f5e:	930e      	str	r3, [sp, #56]	@ 0x38
10002f60:	e00a      	b.n	10002f78 <_vsnprintf+0x58>
10002f62:	1c63      	adds	r3, r4, #1
10002f64:	4698      	mov	r8, r3
10002f66:	0022      	movs	r2, r4
10002f68:	0033      	movs	r3, r6
10002f6a:	4659      	mov	r1, fp
10002f6c:	47a8      	blx	r5
10002f6e:	4644      	mov	r4, r8
10002f70:	7838      	ldrb	r0, [r7, #0]
10002f72:	2800      	cmp	r0, #0
10002f74:	d100      	bne.n	10002f78 <_vsnprintf+0x58>
10002f76:	e087      	b.n	10003088 <_vsnprintf+0x168>
10002f78:	3701      	adds	r7, #1
10002f7a:	2825      	cmp	r0, #37	@ 0x25
10002f7c:	d1f1      	bne.n	10002f62 <_vsnprintf+0x42>
10002f7e:	2308      	movs	r3, #8
10002f80:	469a      	mov	sl, r3
10002f82:	3b04      	subs	r3, #4
10002f84:	4699      	mov	r9, r3
10002f86:	3b02      	subs	r3, #2
10002f88:	4698      	mov	r8, r3
10002f8a:	3b01      	subs	r3, #1
10002f8c:	2200      	movs	r2, #0
10002f8e:	469c      	mov	ip, r3
10002f90:	940b      	str	r4, [sp, #44]	@ 0x2c
10002f92:	7838      	ldrb	r0, [r7, #0]
10002f94:	1c79      	adds	r1, r7, #1
10002f96:	0003      	movs	r3, r0
10002f98:	3b20      	subs	r3, #32
10002f9a:	b2db      	uxtb	r3, r3
10002f9c:	2b10      	cmp	r3, #16
10002f9e:	d803      	bhi.n	10002fa8 <_vsnprintf+0x88>
10002fa0:	9c0c      	ldr	r4, [sp, #48]	@ 0x30
10002fa2:	009b      	lsls	r3, r3, #2
10002fa4:	58e3      	ldr	r3, [r4, r3]
10002fa6:	469f      	mov	pc, r3
10002fa8:	0003      	movs	r3, r0
10002faa:	3b30      	subs	r3, #48	@ 0x30
10002fac:	9c0b      	ldr	r4, [sp, #44]	@ 0x2c
10002fae:	920b      	str	r2, [sp, #44]	@ 0x2c
10002fb0:	2b09      	cmp	r3, #9
10002fb2:	d93a      	bls.n	1000302a <_vsnprintf+0x10a>
10002fb4:	2300      	movs	r3, #0
10002fb6:	4698      	mov	r8, r3
10002fb8:	282a      	cmp	r0, #42	@ 0x2a
10002fba:	d100      	bne.n	10002fbe <_vsnprintf+0x9e>
10002fbc:	e0dd      	b.n	1000317a <_vsnprintf+0x25a>
10002fbe:	2300      	movs	r3, #0
10002fc0:	469a      	mov	sl, r3
10002fc2:	282e      	cmp	r0, #46	@ 0x2e
10002fc4:	d04b      	beq.n	1000305e <_vsnprintf+0x13e>
10002fc6:	0003      	movs	r3, r0
10002fc8:	3b68      	subs	r3, #104	@ 0x68
10002fca:	b2db      	uxtb	r3, r3
10002fcc:	2b12      	cmp	r3, #18
10002fce:	d81e      	bhi.n	1000300e <_vsnprintf+0xee>
10002fd0:	9a0e      	ldr	r2, [sp, #56]	@ 0x38
10002fd2:	009b      	lsls	r3, r3, #2
10002fd4:	58d3      	ldr	r3, [r2, r3]
10002fd6:	469f      	mov	pc, r3
10002fd8:	4663      	mov	r3, ip
10002fda:	000f      	movs	r7, r1
10002fdc:	431a      	orrs	r2, r3
10002fde:	e7d8      	b.n	10002f92 <_vsnprintf+0x72>
10002fe0:	4643      	mov	r3, r8
10002fe2:	000f      	movs	r7, r1
10002fe4:	431a      	orrs	r2, r3
10002fe6:	e7d4      	b.n	10002f92 <_vsnprintf+0x72>
10002fe8:	464b      	mov	r3, r9
10002fea:	000f      	movs	r7, r1
10002fec:	431a      	orrs	r2, r3
10002fee:	e7d0      	b.n	10002f92 <_vsnprintf+0x72>
10002ff0:	2310      	movs	r3, #16
10002ff2:	000f      	movs	r7, r1
10002ff4:	431a      	orrs	r2, r3
10002ff6:	e7cc      	b.n	10002f92 <_vsnprintf+0x72>
10002ff8:	4653      	mov	r3, sl
10002ffa:	000f      	movs	r7, r1
10002ffc:	431a      	orrs	r2, r3
10002ffe:	e7c8      	b.n	10002f92 <_vsnprintf+0x72>
10003000:	2380      	movs	r3, #128	@ 0x80
10003002:	005b      	lsls	r3, r3, #1
10003004:	9a0b      	ldr	r2, [sp, #44]	@ 0x2c
10003006:	7878      	ldrb	r0, [r7, #1]
10003008:	431a      	orrs	r2, r3
1000300a:	920b      	str	r2, [sp, #44]	@ 0x2c
1000300c:	3101      	adds	r1, #1
1000300e:	000f      	movs	r7, r1
10003010:	2867      	cmp	r0, #103	@ 0x67
10003012:	d84f      	bhi.n	100030b4 <_vsnprintf+0x194>
10003014:	2824      	cmp	r0, #36	@ 0x24
10003016:	d9a4      	bls.n	10002f62 <_vsnprintf+0x42>
10003018:	0003      	movs	r3, r0
1000301a:	3b25      	subs	r3, #37	@ 0x25
1000301c:	b2db      	uxtb	r3, r3
1000301e:	2b42      	cmp	r3, #66	@ 0x42
10003020:	d89f      	bhi.n	10002f62 <_vsnprintf+0x42>
10003022:	4993      	ldr	r1, [pc, #588]	@ (10003270 <_vsnprintf+0x350>)
10003024:	009b      	lsls	r3, r3, #2
10003026:	58cb      	ldr	r3, [r1, r3]
10003028:	469f      	mov	pc, r3
1000302a:	2300      	movs	r3, #0
1000302c:	4698      	mov	r8, r3
1000302e:	9b0b      	ldr	r3, [sp, #44]	@ 0x2c
10003030:	4647      	mov	r7, r8
10003032:	469c      	mov	ip, r3
10003034:	e000      	b.n	10003038 <_vsnprintf+0x118>
10003036:	3101      	adds	r1, #1
10003038:	00bb      	lsls	r3, r7, #2
1000303a:	19db      	adds	r3, r3, r7
1000303c:	005b      	lsls	r3, r3, #1
1000303e:	181f      	adds	r7, r3, r0
10003040:	7808      	ldrb	r0, [r1, #0]
10003042:	3f30      	subs	r7, #48	@ 0x30
10003044:	0003      	movs	r3, r0
10003046:	3b30      	subs	r3, #48	@ 0x30
10003048:	2b09      	cmp	r3, #9
1000304a:	d9f4      	bls.n	10003036 <_vsnprintf+0x116>
1000304c:	4663      	mov	r3, ip
1000304e:	930b      	str	r3, [sp, #44]	@ 0x2c
10003050:	2300      	movs	r3, #0
10003052:	46b8      	mov	r8, r7
10003054:	469a      	mov	sl, r3
10003056:	000f      	movs	r7, r1
10003058:	3101      	adds	r1, #1
1000305a:	282e      	cmp	r0, #46	@ 0x2e
1000305c:	d1b3      	bne.n	10002fc6 <_vsnprintf+0xa6>
1000305e:	2080      	movs	r0, #128	@ 0x80
10003060:	9a0b      	ldr	r2, [sp, #44]	@ 0x2c
10003062:	00c0      	lsls	r0, r0, #3
10003064:	4302      	orrs	r2, r0
10003066:	920b      	str	r2, [sp, #44]	@ 0x2c
10003068:	2230      	movs	r2, #48	@ 0x30
1000306a:	4252      	negs	r2, r2
1000306c:	4694      	mov	ip, r2
1000306e:	7878      	ldrb	r0, [r7, #1]
10003070:	000b      	movs	r3, r1
10003072:	4484      	add	ip, r0
10003074:	4662      	mov	r2, ip
10003076:	2a09      	cmp	r2, #9
10003078:	d800      	bhi.n	1000307c <_vsnprintf+0x15c>
1000307a:	e1aa      	b.n	100033d2 <_vsnprintf+0x4b2>
1000307c:	282a      	cmp	r0, #42	@ 0x2a
1000307e:	d100      	bne.n	10003082 <_vsnprintf+0x162>
10003080:	e1b9      	b.n	100033f6 <_vsnprintf+0x4d6>
10003082:	000f      	movs	r7, r1
10003084:	3101      	adds	r1, #1
10003086:	e79e      	b.n	10002fc6 <_vsnprintf+0xa6>
10003088:	46a0      	mov	r8, r4
1000308a:	46aa      	mov	sl, r5
1000308c:	46b1      	mov	r9, r6
1000308e:	45c8      	cmp	r8, r9
10003090:	d303      	bcc.n	1000309a <_vsnprintf+0x17a>
10003092:	2301      	movs	r3, #1
10003094:	425b      	negs	r3, r3
10003096:	444b      	add	r3, r9
10003098:	4698      	mov	r8, r3
1000309a:	464b      	mov	r3, r9
1000309c:	4642      	mov	r2, r8
1000309e:	4659      	mov	r1, fp
100030a0:	2000      	movs	r0, #0
100030a2:	47d0      	blx	sl
100030a4:	0020      	movs	r0, r4
100030a6:	b025      	add	sp, #148	@ 0x94
100030a8:	bcf0      	pop	{r4, r5, r6, r7}
100030aa:	46bb      	mov	fp, r7
100030ac:	46b2      	mov	sl, r6
100030ae:	46a9      	mov	r9, r5
100030b0:	46a0      	mov	r8, r4
100030b2:	bdf0      	pop	{r4, r5, r6, r7, pc}
100030b4:	0001      	movs	r1, r0
100030b6:	3969      	subs	r1, #105	@ 0x69
100030b8:	b2c9      	uxtb	r1, r1
100030ba:	290f      	cmp	r1, #15
100030bc:	d900      	bls.n	100030c0 <_vsnprintf+0x1a0>
100030be:	e750      	b.n	10002f62 <_vsnprintf+0x42>
100030c0:	2301      	movs	r3, #1
100030c2:	408b      	lsls	r3, r1
100030c4:	469c      	mov	ip, r3
100030c6:	4b6b      	ldr	r3, [pc, #428]	@ (10003274 <_vsnprintf+0x354>)
100030c8:	4699      	mov	r9, r3
100030ca:	4663      	mov	r3, ip
100030cc:	464a      	mov	r2, r9
100030ce:	4013      	ands	r3, r2
100030d0:	930f      	str	r3, [sp, #60]	@ 0x3c
100030d2:	4662      	mov	r2, ip
100030d4:	464b      	mov	r3, r9
100030d6:	421a      	tst	r2, r3
100030d8:	d000      	beq.n	100030dc <_vsnprintf+0x1bc>
100030da:	e168      	b.n	100033ae <_vsnprintf+0x48e>
100030dc:	290a      	cmp	r1, #10
100030de:	d056      	beq.n	1000318e <_vsnprintf+0x26e>
100030e0:	2907      	cmp	r1, #7
100030e2:	d000      	beq.n	100030e6 <_vsnprintf+0x1c6>
100030e4:	e73d      	b.n	10002f62 <_vsnprintf+0x42>
100030e6:	9b0d      	ldr	r3, [sp, #52]	@ 0x34
100030e8:	cb02      	ldmia	r3!, {r1}
100030ea:	4698      	mov	r8, r3
100030ec:	2900      	cmp	r1, #0
100030ee:	d000      	beq.n	100030f2 <_vsnprintf+0x1d2>
100030f0:	e192      	b.n	10003418 <_vsnprintf+0x4f8>
100030f2:	9b0b      	ldr	r3, [sp, #44]	@ 0x2c
100030f4:	2110      	movs	r1, #16
100030f6:	001a      	movs	r2, r3
100030f8:	438a      	bics	r2, r1
100030fa:	0010      	movs	r0, r2
100030fc:	3111      	adds	r1, #17
100030fe:	4308      	orrs	r0, r1
10003100:	4681      	mov	r9, r0
10003102:	2080      	movs	r0, #128	@ 0x80
10003104:	001a      	movs	r2, r3
10003106:	00c0      	lsls	r0, r0, #3
10003108:	4002      	ands	r2, r0
1000310a:	0011      	movs	r1, r2
1000310c:	4203      	tst	r3, r0
1000310e:	d11c      	bne.n	1000314a <_vsnprintf+0x22a>
10003110:	ab14      	add	r3, sp, #80	@ 0x50
10003112:	469c      	mov	ip, r3
10003114:	221f      	movs	r2, #31
10003116:	230f      	movs	r3, #15
10003118:	4462      	add	r2, ip
1000311a:	950d      	str	r5, [sp, #52]	@ 0x34
1000311c:	469c      	mov	ip, r3
1000311e:	0015      	movs	r5, r2
10003120:	9b0f      	ldr	r3, [sp, #60]	@ 0x3c
10003122:	940b      	str	r4, [sp, #44]	@ 0x2c
10003124:	e002      	b.n	1000312c <_vsnprintf+0x20c>
10003126:	2b20      	cmp	r3, #32
10003128:	d00c      	beq.n	10003144 <_vsnprintf+0x224>
1000312a:	0011      	movs	r1, r2
1000312c:	4664      	mov	r4, ip
1000312e:	400c      	ands	r4, r1
10003130:	0020      	movs	r0, r4
10003132:	3037      	adds	r0, #55	@ 0x37
10003134:	2c09      	cmp	r4, #9
10003136:	d800      	bhi.n	1000313a <_vsnprintf+0x21a>
10003138:	3807      	subs	r0, #7
1000313a:	3301      	adds	r3, #1
1000313c:	54e8      	strb	r0, [r5, r3]
1000313e:	090a      	lsrs	r2, r1, #4
10003140:	290f      	cmp	r1, #15
10003142:	d8f0      	bhi.n	10003126 <_vsnprintf+0x206>
10003144:	9c0b      	ldr	r4, [sp, #44]	@ 0x2c
10003146:	9d0d      	ldr	r5, [sp, #52]	@ 0x34
10003148:	930f      	str	r3, [sp, #60]	@ 0x3c
1000314a:	464b      	mov	r3, r9
1000314c:	2208      	movs	r2, #8
1000314e:	9306      	str	r3, [sp, #24]
10003150:	4653      	mov	r3, sl
10003152:	9205      	str	r2, [sp, #20]
10003154:	3208      	adds	r2, #8
10003156:	9203      	str	r2, [sp, #12]
10003158:	2200      	movs	r2, #0
1000315a:	9304      	str	r3, [sp, #16]
1000315c:	9b0f      	ldr	r3, [sp, #60]	@ 0x3c
1000315e:	9202      	str	r2, [sp, #8]
10003160:	9301      	str	r3, [sp, #4]
10003162:	ab1c      	add	r3, sp, #112	@ 0x70
10003164:	0022      	movs	r2, r4
10003166:	9300      	str	r3, [sp, #0]
10003168:	4659      	mov	r1, fp
1000316a:	0033      	movs	r3, r6
1000316c:	0028      	movs	r0, r5
1000316e:	f7ff f98d 	bl	1000248c <_ntoa_format>
10003172:	4643      	mov	r3, r8
10003174:	0004      	movs	r4, r0
10003176:	930d      	str	r3, [sp, #52]	@ 0x34
10003178:	e6fa      	b.n	10002f70 <_vsnprintf+0x50>
1000317a:	9b0d      	ldr	r3, [sp, #52]	@ 0x34
1000317c:	cb04      	ldmia	r3!, {r2}
1000317e:	4690      	mov	r8, r2
10003180:	2a00      	cmp	r2, #0
10003182:	db79      	blt.n	10003278 <_vsnprintf+0x358>
10003184:	7878      	ldrb	r0, [r7, #1]
10003186:	930d      	str	r3, [sp, #52]	@ 0x34
10003188:	000f      	movs	r7, r1
1000318a:	3101      	adds	r1, #1
1000318c:	e717      	b.n	10002fbe <_vsnprintf+0x9e>
1000318e:	9b0d      	ldr	r3, [sp, #52]	@ 0x34
10003190:	cb02      	ldmia	r3!, {r1}
10003192:	9314      	str	r3, [sp, #80]	@ 0x50
10003194:	780b      	ldrb	r3, [r1, #0]
10003196:	469c      	mov	ip, r3
10003198:	0018      	movs	r0, r3
1000319a:	4653      	mov	r3, sl
1000319c:	2b00      	cmp	r3, #0
1000319e:	d100      	bne.n	100031a2 <_vsnprintf+0x282>
100031a0:	e134      	b.n	1000340c <_vsnprintf+0x4ec>
100031a2:	2800      	cmp	r0, #0
100031a4:	d015      	beq.n	100031d2 <_vsnprintf+0x2b2>
100031a6:	4653      	mov	r3, sl
100031a8:	3b01      	subs	r3, #1
100031aa:	3301      	adds	r3, #1
100031ac:	4699      	mov	r9, r3
100031ae:	940d      	str	r4, [sp, #52]	@ 0x34
100031b0:	9c0b      	ldr	r4, [sp, #44]	@ 0x2c
100031b2:	4489      	add	r9, r1
100031b4:	464a      	mov	r2, r9
100031b6:	000b      	movs	r3, r1
100031b8:	46a1      	mov	r9, r4
100031ba:	e001      	b.n	100031c0 <_vsnprintf+0x2a0>
100031bc:	4293      	cmp	r3, r2
100031be:	d003      	beq.n	100031c8 <_vsnprintf+0x2a8>
100031c0:	785c      	ldrb	r4, [r3, #1]
100031c2:	3301      	adds	r3, #1
100031c4:	2c00      	cmp	r4, #0
100031c6:	d1f9      	bne.n	100031bc <_vsnprintf+0x29c>
100031c8:	464a      	mov	r2, r9
100031ca:	1a5b      	subs	r3, r3, r1
100031cc:	9c0d      	ldr	r4, [sp, #52]	@ 0x34
100031ce:	920b      	str	r2, [sp, #44]	@ 0x2c
100031d0:	930f      	str	r3, [sp, #60]	@ 0x3c
100031d2:	2380      	movs	r3, #128	@ 0x80
100031d4:	00db      	lsls	r3, r3, #3
100031d6:	4699      	mov	r9, r3
100031d8:	9a0b      	ldr	r2, [sp, #44]	@ 0x2c
100031da:	4013      	ands	r3, r2
100031dc:	930d      	str	r3, [sp, #52]	@ 0x34
100031de:	464b      	mov	r3, r9
100031e0:	421a      	tst	r2, r3
100031e2:	d004      	beq.n	100031ee <_vsnprintf+0x2ce>
100031e4:	9b0f      	ldr	r3, [sp, #60]	@ 0x3c
100031e6:	4553      	cmp	r3, sl
100031e8:	d901      	bls.n	100031ee <_vsnprintf+0x2ce>
100031ea:	4653      	mov	r3, sl
100031ec:	930f      	str	r3, [sp, #60]	@ 0x3c
100031ee:	2302      	movs	r3, #2
100031f0:	4699      	mov	r9, r3
100031f2:	9a0b      	ldr	r2, [sp, #44]	@ 0x2c
100031f4:	4013      	ands	r3, r2
100031f6:	930b      	str	r3, [sp, #44]	@ 0x2c
100031f8:	464b      	mov	r3, r9
100031fa:	4213      	tst	r3, r2
100031fc:	d100      	bne.n	10003200 <_vsnprintf+0x2e0>
100031fe:	e1f5      	b.n	100035ec <_vsnprintf+0x6cc>
10003200:	4663      	mov	r3, ip
10003202:	2b00      	cmp	r3, #0
10003204:	d100      	bne.n	10003208 <_vsnprintf+0x2e8>
10003206:	e1d6      	b.n	100035b6 <_vsnprintf+0x696>
10003208:	9b0d      	ldr	r3, [sp, #52]	@ 0x34
1000320a:	2b00      	cmp	r3, #0
1000320c:	d100      	bne.n	10003210 <_vsnprintf+0x2f0>
1000320e:	e182      	b.n	10003516 <_vsnprintf+0x5f6>
10003210:	1b0b      	subs	r3, r1, r4
10003212:	46d1      	mov	r9, sl
10003214:	0031      	movs	r1, r6
10003216:	469a      	mov	sl, r3
10003218:	003b      	movs	r3, r7
1000321a:	44a1      	add	r9, r4
1000321c:	002e      	movs	r6, r5
1000321e:	465f      	mov	r7, fp
10003220:	464d      	mov	r5, r9
10003222:	0022      	movs	r2, r4
10003224:	469b      	mov	fp, r3
10003226:	4689      	mov	r9, r1
10003228:	e009      	b.n	1000323e <_vsnprintf+0x31e>
1000322a:	464b      	mov	r3, r9
1000322c:	0039      	movs	r1, r7
1000322e:	1c54      	adds	r4, r2, #1
10003230:	47b0      	blx	r6
10003232:	4653      	mov	r3, sl
10003234:	5d18      	ldrb	r0, [r3, r4]
10003236:	2800      	cmp	r0, #0
10003238:	d100      	bne.n	1000323c <_vsnprintf+0x31c>
1000323a:	e192      	b.n	10003562 <_vsnprintf+0x642>
1000323c:	0022      	movs	r2, r4
1000323e:	4295      	cmp	r5, r2
10003240:	d1f3      	bne.n	1000322a <_vsnprintf+0x30a>
10003242:	464b      	mov	r3, r9
10003244:	465a      	mov	r2, fp
10003246:	46a9      	mov	r9, r5
10003248:	46bb      	mov	fp, r7
1000324a:	0035      	movs	r5, r6
1000324c:	0017      	movs	r7, r2
1000324e:	001e      	movs	r6, r3
10003250:	464c      	mov	r4, r9
10003252:	9b0b      	ldr	r3, [sp, #44]	@ 0x2c
10003254:	2b00      	cmp	r3, #0
10003256:	d000      	beq.n	1000325a <_vsnprintf+0x33a>
10003258:	e1ad      	b.n	100035b6 <_vsnprintf+0x696>
1000325a:	9b14      	ldr	r3, [sp, #80]	@ 0x50
1000325c:	930d      	str	r3, [sp, #52]	@ 0x34
1000325e:	e687      	b.n	10002f70 <_vsnprintf+0x50>
10003260:	10002f21 	.word	0x10002f21
10003264:	20001abc 	.word	0x20001abc
10003268:	10009e40 	.word	0x10009e40
1000326c:	10009e84 	.word	0x10009e84
10003270:	10009ed0 	.word	0x10009ed0
10003274:	00009041 	.word	0x00009041
10003278:	9a0b      	ldr	r2, [sp, #44]	@ 0x2c
1000327a:	3828      	subs	r0, #40	@ 0x28
1000327c:	4302      	orrs	r2, r0
1000327e:	920b      	str	r2, [sp, #44]	@ 0x2c
10003280:	4642      	mov	r2, r8
10003282:	4252      	negs	r2, r2
10003284:	7878      	ldrb	r0, [r7, #1]
10003286:	4690      	mov	r8, r2
10003288:	000f      	movs	r7, r1
1000328a:	930d      	str	r3, [sp, #52]	@ 0x34
1000328c:	3101      	adds	r1, #1
1000328e:	e696      	b.n	10002fbe <_vsnprintf+0x9e>
10003290:	7878      	ldrb	r0, [r7, #1]
10003292:	286c      	cmp	r0, #108	@ 0x6c
10003294:	d100      	bne.n	10003298 <_vsnprintf+0x378>
10003296:	e15d      	b.n	10003554 <_vsnprintf+0x634>
10003298:	2380      	movs	r3, #128	@ 0x80
1000329a:	9a0b      	ldr	r2, [sp, #44]	@ 0x2c
1000329c:	005b      	lsls	r3, r3, #1
1000329e:	431a      	orrs	r2, r3
100032a0:	920b      	str	r2, [sp, #44]	@ 0x2c
100032a2:	3101      	adds	r1, #1
100032a4:	e6b3      	b.n	1000300e <_vsnprintf+0xee>
100032a6:	2380      	movs	r3, #128	@ 0x80
100032a8:	009b      	lsls	r3, r3, #2
100032aa:	e6ab      	b.n	10003004 <_vsnprintf+0xe4>
100032ac:	7878      	ldrb	r0, [r7, #1]
100032ae:	2868      	cmp	r0, #104	@ 0x68
100032b0:	d100      	bne.n	100032b4 <_vsnprintf+0x394>
100032b2:	e148      	b.n	10003546 <_vsnprintf+0x626>
100032b4:	2380      	movs	r3, #128	@ 0x80
100032b6:	9a0b      	ldr	r2, [sp, #44]	@ 0x2c
100032b8:	3101      	adds	r1, #1
100032ba:	431a      	orrs	r2, r3
100032bc:	920b      	str	r2, [sp, #44]	@ 0x2c
100032be:	e6a6      	b.n	1000300e <_vsnprintf+0xee>
100032c0:	2867      	cmp	r0, #103	@ 0x67
100032c2:	d100      	bne.n	100032c6 <_vsnprintf+0x3a6>
100032c4:	e0b2      	b.n	1000342c <_vsnprintf+0x50c>
100032c6:	2847      	cmp	r0, #71	@ 0x47
100032c8:	d100      	bne.n	100032cc <_vsnprintf+0x3ac>
100032ca:	e11a      	b.n	10003502 <_vsnprintf+0x5e2>
100032cc:	2845      	cmp	r0, #69	@ 0x45
100032ce:	d100      	bne.n	100032d2 <_vsnprintf+0x3b2>
100032d0:	e11c      	b.n	1000350c <_vsnprintf+0x5ec>
100032d2:	9a0b      	ldr	r2, [sp, #44]	@ 0x2c
100032d4:	2107      	movs	r1, #7
100032d6:	9204      	str	r2, [sp, #16]
100032d8:	4642      	mov	r2, r8
100032da:	9b0d      	ldr	r3, [sp, #52]	@ 0x34
100032dc:	9203      	str	r2, [sp, #12]
100032de:	3307      	adds	r3, #7
100032e0:	4652      	mov	r2, sl
100032e2:	438b      	bics	r3, r1
100032e4:	0019      	movs	r1, r3
100032e6:	9202      	str	r2, [sp, #8]
100032e8:	c90c      	ldmia	r1!, {r2, r3}
100032ea:	0028      	movs	r0, r5
100032ec:	9200      	str	r2, [sp, #0]
100032ee:	9301      	str	r3, [sp, #4]
100032f0:	910d      	str	r1, [sp, #52]	@ 0x34
100032f2:	0022      	movs	r2, r4
100032f4:	0033      	movs	r3, r6
100032f6:	4659      	mov	r1, fp
100032f8:	f7ff fa00 	bl	100026fc <_etoa>
100032fc:	0004      	movs	r4, r0
100032fe:	e637      	b.n	10002f70 <_vsnprintf+0x50>
10003300:	2846      	cmp	r0, #70	@ 0x46
10003302:	d100      	bne.n	10003306 <_vsnprintf+0x3e6>
10003304:	e08d      	b.n	10003422 <_vsnprintf+0x502>
10003306:	9a0b      	ldr	r2, [sp, #44]	@ 0x2c
10003308:	2107      	movs	r1, #7
1000330a:	9204      	str	r2, [sp, #16]
1000330c:	4642      	mov	r2, r8
1000330e:	9b0d      	ldr	r3, [sp, #52]	@ 0x34
10003310:	9203      	str	r2, [sp, #12]
10003312:	3307      	adds	r3, #7
10003314:	4652      	mov	r2, sl
10003316:	438b      	bics	r3, r1
10003318:	0019      	movs	r1, r3
1000331a:	9202      	str	r2, [sp, #8]
1000331c:	c90c      	ldmia	r1!, {r2, r3}
1000331e:	0028      	movs	r0, r5
10003320:	9200      	str	r2, [sp, #0]
10003322:	9301      	str	r3, [sp, #4]
10003324:	910d      	str	r1, [sp, #52]	@ 0x34
10003326:	0022      	movs	r2, r4
10003328:	0033      	movs	r3, r6
1000332a:	4659      	mov	r1, fp
1000332c:	f7ff fc18 	bl	10002b60 <_ftoa>
10003330:	0004      	movs	r4, r0
10003332:	e61d      	b.n	10002f70 <_vsnprintf+0x50>
10003334:	1c63      	adds	r3, r4, #1
10003336:	4698      	mov	r8, r3
10003338:	0022      	movs	r2, r4
1000333a:	0033      	movs	r3, r6
1000333c:	4659      	mov	r1, fp
1000333e:	2025      	movs	r0, #37	@ 0x25
10003340:	47a8      	blx	r5
10003342:	4644      	mov	r4, r8
10003344:	e614      	b.n	10002f70 <_vsnprintf+0x50>
10003346:	9b0d      	ldr	r3, [sp, #52]	@ 0x34
10003348:	3304      	adds	r3, #4
1000334a:	930f      	str	r3, [sp, #60]	@ 0x3c
1000334c:	1c63      	adds	r3, r4, #1
1000334e:	4699      	mov	r9, r3
10003350:	9b0b      	ldr	r3, [sp, #44]	@ 0x2c
10003352:	079a      	lsls	r2, r3, #30
10003354:	d400      	bmi.n	10003358 <_vsnprintf+0x438>
10003356:	e10a      	b.n	1000356e <_vsnprintf+0x64e>
10003358:	9b0d      	ldr	r3, [sp, #52]	@ 0x34
1000335a:	0022      	movs	r2, r4
1000335c:	7818      	ldrb	r0, [r3, #0]
1000335e:	4659      	mov	r1, fp
10003360:	0033      	movs	r3, r6
10003362:	47a8      	blx	r5
10003364:	4643      	mov	r3, r8
10003366:	4444      	add	r4, r8
10003368:	2b01      	cmp	r3, #1
1000336a:	d800      	bhi.n	1000336e <_vsnprintf+0x44e>
1000336c:	e16f      	b.n	1000364e <_vsnprintf+0x72e>
1000336e:	46b0      	mov	r8, r6
10003370:	002e      	movs	r6, r5
10003372:	0025      	movs	r5, r4
10003374:	464c      	mov	r4, r9
10003376:	46b9      	mov	r9, r7
10003378:	465f      	mov	r7, fp
1000337a:	0022      	movs	r2, r4
1000337c:	4643      	mov	r3, r8
1000337e:	3401      	adds	r4, #1
10003380:	0039      	movs	r1, r7
10003382:	2020      	movs	r0, #32
10003384:	47b0      	blx	r6
10003386:	42ac      	cmp	r4, r5
10003388:	d1f7      	bne.n	1000337a <_vsnprintf+0x45a>
1000338a:	002c      	movs	r4, r5
1000338c:	46bb      	mov	fp, r7
1000338e:	0035      	movs	r5, r6
10003390:	464f      	mov	r7, r9
10003392:	4646      	mov	r6, r8
10003394:	9b0f      	ldr	r3, [sp, #60]	@ 0x3c
10003396:	930d      	str	r3, [sp, #52]	@ 0x34
10003398:	e5ea      	b.n	10002f70 <_vsnprintf+0x50>
1000339a:	4bd6      	ldr	r3, [pc, #856]	@ (100036f4 <_vsnprintf+0x7d4>)
1000339c:	7838      	ldrb	r0, [r7, #0]
1000339e:	469a      	mov	sl, r3
100033a0:	2300      	movs	r3, #0
100033a2:	4698      	mov	r8, r3
100033a4:	2800      	cmp	r0, #0
100033a6:	d000      	beq.n	100033aa <_vsnprintf+0x48a>
100033a8:	e5d3      	b.n	10002f52 <_vsnprintf+0x32>
100033aa:	2400      	movs	r4, #0
100033ac:	e66f      	b.n	1000308e <_vsnprintf+0x16e>
100033ae:	286f      	cmp	r0, #111	@ 0x6f
100033b0:	d042      	beq.n	10003438 <_vsnprintf+0x518>
100033b2:	d800      	bhi.n	100033b6 <_vsnprintf+0x496>
100033b4:	e1fd      	b.n	100037b2 <_vsnprintf+0x892>
100033b6:	2310      	movs	r3, #16
100033b8:	2878      	cmp	r0, #120	@ 0x78
100033ba:	d100      	bne.n	100033be <_vsnprintf+0x49e>
100033bc:	e09b      	b.n	100034f6 <_vsnprintf+0x5d6>
100033be:	9a0b      	ldr	r2, [sp, #44]	@ 0x2c
100033c0:	439a      	bics	r2, r3
100033c2:	920b      	str	r2, [sp, #44]	@ 0x2c
100033c4:	230a      	movs	r3, #10
100033c6:	469c      	mov	ip, r3
100033c8:	2300      	movs	r3, #0
100033ca:	9314      	str	r3, [sp, #80]	@ 0x50
100033cc:	330a      	adds	r3, #10
100033ce:	930f      	str	r3, [sp, #60]	@ 0x3c
100033d0:	e038      	b.n	10003444 <_vsnprintf+0x524>
100033d2:	4657      	mov	r7, sl
100033d4:	9a0b      	ldr	r2, [sp, #44]	@ 0x2c
100033d6:	00b9      	lsls	r1, r7, #2
100033d8:	19c9      	adds	r1, r1, r7
100033da:	0049      	lsls	r1, r1, #1
100033dc:	3301      	adds	r3, #1
100033de:	180f      	adds	r7, r1, r0
100033e0:	7818      	ldrb	r0, [r3, #0]
100033e2:	3f30      	subs	r7, #48	@ 0x30
100033e4:	0001      	movs	r1, r0
100033e6:	3930      	subs	r1, #48	@ 0x30
100033e8:	2909      	cmp	r1, #9
100033ea:	d9f4      	bls.n	100033d6 <_vsnprintf+0x4b6>
100033ec:	46ba      	mov	sl, r7
100033ee:	920b      	str	r2, [sp, #44]	@ 0x2c
100033f0:	001f      	movs	r7, r3
100033f2:	1c59      	adds	r1, r3, #1
100033f4:	e5e7      	b.n	10002fc6 <_vsnprintf+0xa6>
100033f6:	9b0d      	ldr	r3, [sp, #52]	@ 0x34
100033f8:	78b8      	ldrb	r0, [r7, #2]
100033fa:	cb04      	ldmia	r3!, {r2}
100033fc:	3702      	adds	r7, #2
100033fe:	43d1      	mvns	r1, r2
10003400:	17c9      	asrs	r1, r1, #31
10003402:	400a      	ands	r2, r1
10003404:	4692      	mov	sl, r2
10003406:	930d      	str	r3, [sp, #52]	@ 0x34
10003408:	1c79      	adds	r1, r7, #1
1000340a:	e5dc      	b.n	10002fc6 <_vsnprintf+0xa6>
1000340c:	2800      	cmp	r0, #0
1000340e:	d100      	bne.n	10003412 <_vsnprintf+0x4f2>
10003410:	e6df      	b.n	100031d2 <_vsnprintf+0x2b2>
10003412:	2302      	movs	r3, #2
10003414:	425b      	negs	r3, r3
10003416:	e6c8      	b.n	100031aa <_vsnprintf+0x28a>
10003418:	2021      	movs	r0, #33	@ 0x21
1000341a:	9a0b      	ldr	r2, [sp, #44]	@ 0x2c
1000341c:	4302      	orrs	r2, r0
1000341e:	4691      	mov	r9, r2
10003420:	e676      	b.n	10003110 <_vsnprintf+0x1f0>
10003422:	2320      	movs	r3, #32
10003424:	9a0b      	ldr	r2, [sp, #44]	@ 0x2c
10003426:	431a      	orrs	r2, r3
10003428:	920b      	str	r2, [sp, #44]	@ 0x2c
1000342a:	e76c      	b.n	10003306 <_vsnprintf+0x3e6>
1000342c:	2380      	movs	r3, #128	@ 0x80
1000342e:	9a0b      	ldr	r2, [sp, #44]	@ 0x2c
10003430:	011b      	lsls	r3, r3, #4
10003432:	431a      	orrs	r2, r3
10003434:	920b      	str	r2, [sp, #44]	@ 0x2c
10003436:	e74c      	b.n	100032d2 <_vsnprintf+0x3b2>
10003438:	2308      	movs	r3, #8
1000343a:	469c      	mov	ip, r3
1000343c:	2300      	movs	r3, #0
1000343e:	9314      	str	r3, [sp, #80]	@ 0x50
10003440:	3308      	adds	r3, #8
10003442:	930f      	str	r3, [sp, #60]	@ 0x3c
10003444:	980b      	ldr	r0, [sp, #44]	@ 0x2c
10003446:	2380      	movs	r3, #128	@ 0x80
10003448:	0002      	movs	r2, r0
1000344a:	00db      	lsls	r3, r3, #3
1000344c:	401a      	ands	r2, r3
1000344e:	0011      	movs	r1, r2
10003450:	0002      	movs	r2, r0
10003452:	4218      	tst	r0, r3
10003454:	d000      	beq.n	10003458 <_vsnprintf+0x538>
10003456:	e080      	b.n	1000355a <_vsnprintf+0x63a>
10003458:	230c      	movs	r3, #12
1000345a:	439a      	bics	r2, r3
1000345c:	0010      	movs	r0, r2
1000345e:	2380      	movs	r3, #128	@ 0x80
10003460:	0002      	movs	r2, r0
10003462:	009b      	lsls	r3, r3, #2
10003464:	401a      	ands	r2, r3
10003466:	920b      	str	r2, [sp, #44]	@ 0x2c
10003468:	4218      	tst	r0, r3
1000346a:	d000      	beq.n	1000346e <_vsnprintf+0x54e>
1000346c:	e0f1      	b.n	10003652 <_vsnprintf+0x732>
1000346e:	2380      	movs	r3, #128	@ 0x80
10003470:	0002      	movs	r2, r0
10003472:	005b      	lsls	r3, r3, #1
10003474:	401a      	ands	r2, r3
10003476:	4691      	mov	r9, r2
10003478:	9a0d      	ldr	r2, [sp, #52]	@ 0x34
1000347a:	3204      	adds	r2, #4
1000347c:	9214      	str	r2, [sp, #80]	@ 0x50
1000347e:	4218      	tst	r0, r3
10003480:	d000      	beq.n	10003484 <_vsnprintf+0x564>
10003482:	e2c3      	b.n	10003a0c <_vsnprintf+0xaec>
10003484:	0643      	lsls	r3, r0, #25
10003486:	d500      	bpl.n	1000348a <_vsnprintf+0x56a>
10003488:	e0d7      	b.n	1000363a <_vsnprintf+0x71a>
1000348a:	0603      	lsls	r3, r0, #24
1000348c:	d400      	bmi.n	10003490 <_vsnprintf+0x570>
1000348e:	e321      	b.n	10003ad4 <_vsnprintf+0xbb4>
10003490:	9b0d      	ldr	r3, [sp, #52]	@ 0x34
10003492:	881b      	ldrh	r3, [r3, #0]
10003494:	9309      	str	r3, [sp, #36]	@ 0x24
10003496:	2b00      	cmp	r3, #0
10003498:	d000      	beq.n	1000349c <_vsnprintf+0x57c>
1000349a:	e12d      	b.n	100036f8 <_vsnprintf+0x7d8>
1000349c:	3310      	adds	r3, #16
1000349e:	4398      	bics	r0, r3
100034a0:	2900      	cmp	r1, #0
100034a2:	d100      	bne.n	100034a6 <_vsnprintf+0x586>
100034a4:	e128      	b.n	100036f8 <_vsnprintf+0x7d8>
100034a6:	2300      	movs	r3, #0
100034a8:	4699      	mov	r9, r3
100034aa:	4643      	mov	r3, r8
100034ac:	9305      	str	r3, [sp, #20]
100034ae:	4653      	mov	r3, sl
100034b0:	9304      	str	r3, [sp, #16]
100034b2:	9b0f      	ldr	r3, [sp, #60]	@ 0x3c
100034b4:	9006      	str	r0, [sp, #24]
100034b6:	9303      	str	r3, [sp, #12]
100034b8:	2300      	movs	r3, #0
100034ba:	9302      	str	r3, [sp, #8]
100034bc:	464b      	mov	r3, r9
100034be:	9301      	str	r3, [sp, #4]
100034c0:	ab1c      	add	r3, sp, #112	@ 0x70
100034c2:	0022      	movs	r2, r4
100034c4:	9300      	str	r3, [sp, #0]
100034c6:	4659      	mov	r1, fp
100034c8:	0033      	movs	r3, r6
100034ca:	0028      	movs	r0, r5
100034cc:	f7fe ffde 	bl	1000248c <_ntoa_format>
100034d0:	0004      	movs	r4, r0
100034d2:	e6c2      	b.n	1000325a <_vsnprintf+0x33a>
100034d4:	2858      	cmp	r0, #88	@ 0x58
100034d6:	d009      	beq.n	100034ec <_vsnprintf+0x5cc>
100034d8:	2862      	cmp	r0, #98	@ 0x62
100034da:	d000      	beq.n	100034de <_vsnprintf+0x5be>
100034dc:	e2e3      	b.n	10003aa6 <_vsnprintf+0xb86>
100034de:	2302      	movs	r3, #2
100034e0:	469c      	mov	ip, r3
100034e2:	2300      	movs	r3, #0
100034e4:	9314      	str	r3, [sp, #80]	@ 0x50
100034e6:	3302      	adds	r3, #2
100034e8:	930f      	str	r3, [sp, #60]	@ 0x3c
100034ea:	e7ab      	b.n	10003444 <_vsnprintf+0x524>
100034ec:	2320      	movs	r3, #32
100034ee:	9a0b      	ldr	r2, [sp, #44]	@ 0x2c
100034f0:	431a      	orrs	r2, r3
100034f2:	920b      	str	r2, [sp, #44]	@ 0x2c
100034f4:	3b10      	subs	r3, #16
100034f6:	469c      	mov	ip, r3
100034f8:	2300      	movs	r3, #0
100034fa:	9314      	str	r3, [sp, #80]	@ 0x50
100034fc:	3310      	adds	r3, #16
100034fe:	930f      	str	r3, [sp, #60]	@ 0x3c
10003500:	e7a0      	b.n	10003444 <_vsnprintf+0x524>
10003502:	2380      	movs	r3, #128	@ 0x80
10003504:	9a0b      	ldr	r2, [sp, #44]	@ 0x2c
10003506:	011b      	lsls	r3, r3, #4
10003508:	431a      	orrs	r2, r3
1000350a:	920b      	str	r2, [sp, #44]	@ 0x2c
1000350c:	2320      	movs	r3, #32
1000350e:	9a0b      	ldr	r2, [sp, #44]	@ 0x2c
10003510:	431a      	orrs	r2, r3
10003512:	920b      	str	r2, [sp, #44]	@ 0x2c
10003514:	e6dd      	b.n	100032d2 <_vsnprintf+0x3b2>
10003516:	1b0b      	subs	r3, r1, r4
10003518:	469a      	mov	sl, r3
1000351a:	9b0f      	ldr	r3, [sp, #60]	@ 0x3c
1000351c:	4699      	mov	r9, r3
1000351e:	003b      	movs	r3, r7
10003520:	0037      	movs	r7, r6
10003522:	465e      	mov	r6, fp
10003524:	469b      	mov	fp, r3
10003526:	0022      	movs	r2, r4
10003528:	003b      	movs	r3, r7
1000352a:	0031      	movs	r1, r6
1000352c:	47a8      	blx	r5
1000352e:	4653      	mov	r3, sl
10003530:	3401      	adds	r4, #1
10003532:	5d18      	ldrb	r0, [r3, r4]
10003534:	2800      	cmp	r0, #0
10003536:	d1f6      	bne.n	10003526 <_vsnprintf+0x606>
10003538:	464b      	mov	r3, r9
1000353a:	930f      	str	r3, [sp, #60]	@ 0x3c
1000353c:	465b      	mov	r3, fp
1000353e:	46b3      	mov	fp, r6
10003540:	003e      	movs	r6, r7
10003542:	001f      	movs	r7, r3
10003544:	e685      	b.n	10003252 <_vsnprintf+0x332>
10003546:	23c0      	movs	r3, #192	@ 0xc0
10003548:	9a0b      	ldr	r2, [sp, #44]	@ 0x2c
1000354a:	78b8      	ldrb	r0, [r7, #2]
1000354c:	431a      	orrs	r2, r3
1000354e:	920b      	str	r2, [sp, #44]	@ 0x2c
10003550:	1cf9      	adds	r1, r7, #3
10003552:	e55c      	b.n	1000300e <_vsnprintf+0xee>
10003554:	23c0      	movs	r3, #192	@ 0xc0
10003556:	009b      	lsls	r3, r3, #2
10003558:	e7f6      	b.n	10003548 <_vsnprintf+0x628>
1000355a:	230d      	movs	r3, #13
1000355c:	439a      	bics	r2, r3
1000355e:	0010      	movs	r0, r2
10003560:	e77d      	b.n	1000345e <_vsnprintf+0x53e>
10003562:	465b      	mov	r3, fp
10003564:	0035      	movs	r5, r6
10003566:	46bb      	mov	fp, r7
10003568:	464e      	mov	r6, r9
1000356a:	001f      	movs	r7, r3
1000356c:	e671      	b.n	10003252 <_vsnprintf+0x332>
1000356e:	4643      	mov	r3, r8
10003570:	2b01      	cmp	r3, #1
10003572:	d966      	bls.n	10003642 <_vsnprintf+0x722>
10003574:	1e63      	subs	r3, r4, #1
10003576:	4443      	add	r3, r8
10003578:	0032      	movs	r2, r6
1000357a:	002e      	movs	r6, r5
1000357c:	001d      	movs	r5, r3
1000357e:	003b      	movs	r3, r7
10003580:	46a2      	mov	sl, r4
10003582:	465f      	mov	r7, fp
10003584:	4691      	mov	r9, r2
10003586:	469b      	mov	fp, r3
10003588:	0022      	movs	r2, r4
1000358a:	464b      	mov	r3, r9
1000358c:	3401      	adds	r4, #1
1000358e:	0039      	movs	r1, r7
10003590:	2020      	movs	r0, #32
10003592:	47b0      	blx	r6
10003594:	42ac      	cmp	r4, r5
10003596:	d1f7      	bne.n	10003588 <_vsnprintf+0x668>
10003598:	465b      	mov	r3, fp
1000359a:	0035      	movs	r5, r6
1000359c:	46bb      	mov	fp, r7
1000359e:	464e      	mov	r6, r9
100035a0:	46a1      	mov	r9, r4
100035a2:	4654      	mov	r4, sl
100035a4:	001f      	movs	r7, r3
100035a6:	9b0d      	ldr	r3, [sp, #52]	@ 0x34
100035a8:	464a      	mov	r2, r9
100035aa:	7818      	ldrb	r0, [r3, #0]
100035ac:	4659      	mov	r1, fp
100035ae:	0033      	movs	r3, r6
100035b0:	4444      	add	r4, r8
100035b2:	47a8      	blx	r5
100035b4:	e6ee      	b.n	10003394 <_vsnprintf+0x474>
100035b6:	9b0f      	ldr	r3, [sp, #60]	@ 0x3c
100035b8:	46a1      	mov	r9, r4
100035ba:	4598      	cmp	r8, r3
100035bc:	d800      	bhi.n	100035c0 <_vsnprintf+0x6a0>
100035be:	e64c      	b.n	1000325a <_vsnprintf+0x33a>
100035c0:	4444      	add	r4, r8
100035c2:	1ae4      	subs	r4, r4, r3
100035c4:	46b0      	mov	r8, r6
100035c6:	002e      	movs	r6, r5
100035c8:	0025      	movs	r5, r4
100035ca:	464c      	mov	r4, r9
100035cc:	46b9      	mov	r9, r7
100035ce:	465f      	mov	r7, fp
100035d0:	0022      	movs	r2, r4
100035d2:	4643      	mov	r3, r8
100035d4:	3401      	adds	r4, #1
100035d6:	0039      	movs	r1, r7
100035d8:	2020      	movs	r0, #32
100035da:	47b0      	blx	r6
100035dc:	42ac      	cmp	r4, r5
100035de:	d1f7      	bne.n	100035d0 <_vsnprintf+0x6b0>
100035e0:	002c      	movs	r4, r5
100035e2:	46bb      	mov	fp, r7
100035e4:	0035      	movs	r5, r6
100035e6:	464f      	mov	r7, r9
100035e8:	4646      	mov	r6, r8
100035ea:	e636      	b.n	1000325a <_vsnprintf+0x33a>
100035ec:	980f      	ldr	r0, [sp, #60]	@ 0x3c
100035ee:	4580      	cmp	r8, r0
100035f0:	d800      	bhi.n	100035f4 <_vsnprintf+0x6d4>
100035f2:	e273      	b.n	10003adc <_vsnprintf+0xbbc>
100035f4:	4643      	mov	r3, r8
100035f6:	18e2      	adds	r2, r4, r3
100035f8:	1a13      	subs	r3, r2, r0
100035fa:	0032      	movs	r2, r6
100035fc:	002e      	movs	r6, r5
100035fe:	001d      	movs	r5, r3
10003600:	003b      	movs	r3, r7
10003602:	4691      	mov	r9, r2
10003604:	465f      	mov	r7, fp
10003606:	469b      	mov	fp, r3
10003608:	910f      	str	r1, [sp, #60]	@ 0x3c
1000360a:	0022      	movs	r2, r4
1000360c:	464b      	mov	r3, r9
1000360e:	3401      	adds	r4, #1
10003610:	0039      	movs	r1, r7
10003612:	2020      	movs	r0, #32
10003614:	47b0      	blx	r6
10003616:	42ac      	cmp	r4, r5
10003618:	d1f7      	bne.n	1000360a <_vsnprintf+0x6ea>
1000361a:	465b      	mov	r3, fp
1000361c:	46bb      	mov	fp, r7
1000361e:	001f      	movs	r7, r3
10003620:	4643      	mov	r3, r8
10003622:	990f      	ldr	r1, [sp, #60]	@ 0x3c
10003624:	3301      	adds	r3, #1
10003626:	930f      	str	r3, [sp, #60]	@ 0x3c
10003628:	780b      	ldrb	r3, [r1, #0]
1000362a:	0035      	movs	r5, r6
1000362c:	469c      	mov	ip, r3
1000362e:	464e      	mov	r6, r9
10003630:	4660      	mov	r0, ip
10003632:	2800      	cmp	r0, #0
10003634:	d000      	beq.n	10003638 <_vsnprintf+0x718>
10003636:	e5e7      	b.n	10003208 <_vsnprintf+0x2e8>
10003638:	e60f      	b.n	1000325a <_vsnprintf+0x33a>
1000363a:	9b0d      	ldr	r3, [sp, #52]	@ 0x34
1000363c:	781b      	ldrb	r3, [r3, #0]
1000363e:	9309      	str	r3, [sp, #36]	@ 0x24
10003640:	e729      	b.n	10003496 <_vsnprintf+0x576>
10003642:	9b0d      	ldr	r3, [sp, #52]	@ 0x34
10003644:	0022      	movs	r2, r4
10003646:	7818      	ldrb	r0, [r3, #0]
10003648:	4659      	mov	r1, fp
1000364a:	0033      	movs	r3, r6
1000364c:	47a8      	blx	r5
1000364e:	464c      	mov	r4, r9
10003650:	e6a0      	b.n	10003394 <_vsnprintf+0x474>
10003652:	9a0d      	ldr	r2, [sp, #52]	@ 0x34
10003654:	3bfa      	subs	r3, #250	@ 0xfa
10003656:	3bff      	subs	r3, #255	@ 0xff
10003658:	3207      	adds	r2, #7
1000365a:	439a      	bics	r2, r3
1000365c:	3301      	adds	r3, #1
1000365e:	4699      	mov	r9, r3
10003660:	4491      	add	r9, r2
10003662:	464b      	mov	r3, r9
10003664:	930d      	str	r3, [sp, #52]	@ 0x34
10003666:	6813      	ldr	r3, [r2, #0]
10003668:	6852      	ldr	r2, [r2, #4]
1000366a:	9215      	str	r2, [sp, #84]	@ 0x54
1000366c:	431a      	orrs	r2, r3
1000366e:	d106      	bne.n	1000367e <_vsnprintf+0x75e>
10003670:	3210      	adds	r2, #16
10003672:	4390      	bics	r0, r2
10003674:	2200      	movs	r2, #0
10003676:	9209      	str	r2, [sp, #36]	@ 0x24
10003678:	2900      	cmp	r1, #0
1000367a:	d000      	beq.n	1000367e <_vsnprintf+0x75e>
1000367c:	e083      	b.n	10003786 <_vsnprintf+0x866>
1000367e:	2261      	movs	r2, #97	@ 0x61
10003680:	0681      	lsls	r1, r0, #26
10003682:	d500      	bpl.n	10003686 <_vsnprintf+0x766>
10003684:	2241      	movs	r2, #65	@ 0x41
10003686:	b2d2      	uxtb	r2, r2
10003688:	920a      	str	r2, [sp, #40]	@ 0x28
1000368a:	aa14      	add	r2, sp, #80	@ 0x50
1000368c:	4691      	mov	r9, r2
1000368e:	9a0a      	ldr	r2, [sp, #40]	@ 0x28
10003690:	2100      	movs	r1, #0
10003692:	3a0a      	subs	r2, #10
10003694:	920b      	str	r2, [sp, #44]	@ 0x2c
10003696:	4642      	mov	r2, r8
10003698:	9217      	str	r2, [sp, #92]	@ 0x5c
1000369a:	4652      	mov	r2, sl
1000369c:	9218      	str	r2, [sp, #96]	@ 0x60
1000369e:	465a      	mov	r2, fp
100036a0:	46b2      	mov	sl, r6
100036a2:	9109      	str	r1, [sp, #36]	@ 0x24
100036a4:	001e      	movs	r6, r3
100036a6:	311f      	adds	r1, #31
100036a8:	9b14      	ldr	r3, [sp, #80]	@ 0x50
100036aa:	4449      	add	r1, r9
100036ac:	46bb      	mov	fp, r7
100036ae:	9416      	str	r4, [sp, #88]	@ 0x58
100036b0:	951a      	str	r5, [sp, #104]	@ 0x68
100036b2:	2400      	movs	r4, #0
100036b4:	4667      	mov	r7, ip
100036b6:	4698      	mov	r8, r3
100036b8:	4689      	mov	r9, r1
100036ba:	9d15      	ldr	r5, [sp, #84]	@ 0x54
100036bc:	9019      	str	r0, [sp, #100]	@ 0x64
100036be:	921b      	str	r2, [sp, #108]	@ 0x6c
100036c0:	e00a      	b.n	100036d8 <_vsnprintf+0x7b8>
100036c2:	3230      	adds	r2, #48	@ 0x30
100036c4:	b2d2      	uxtb	r2, r2
100036c6:	464b      	mov	r3, r9
100036c8:	3401      	adds	r4, #1
100036ca:	551a      	strb	r2, [r3, r4]
100036cc:	45a8      	cmp	r8, r5
100036ce:	d04c      	beq.n	1000376a <_vsnprintf+0x84a>
100036d0:	2c20      	cmp	r4, #32
100036d2:	d04c      	beq.n	1000376e <_vsnprintf+0x84e>
100036d4:	0006      	movs	r6, r0
100036d6:	000d      	movs	r5, r1
100036d8:	003a      	movs	r2, r7
100036da:	2300      	movs	r3, #0
100036dc:	0030      	movs	r0, r6
100036de:	0029      	movs	r1, r5
100036e0:	f7fe fa96 	bl	10001c10 <__wrap___aeabi_uldivmod>
100036e4:	b2d2      	uxtb	r2, r2
100036e6:	2a09      	cmp	r2, #9
100036e8:	d9eb      	bls.n	100036c2 <_vsnprintf+0x7a2>
100036ea:	9b0b      	ldr	r3, [sp, #44]	@ 0x2c
100036ec:	469c      	mov	ip, r3
100036ee:	4462      	add	r2, ip
100036f0:	b2d2      	uxtb	r2, r2
100036f2:	e7e8      	b.n	100036c6 <_vsnprintf+0x7a6>
100036f4:	100023dd 	.word	0x100023dd
100036f8:	2361      	movs	r3, #97	@ 0x61
100036fa:	0682      	lsls	r2, r0, #26
100036fc:	d500      	bpl.n	10003700 <_vsnprintf+0x7e0>
100036fe:	2341      	movs	r3, #65	@ 0x41
10003700:	b2db      	uxtb	r3, r3
10003702:	3b0a      	subs	r3, #10
10003704:	930b      	str	r3, [sp, #44]	@ 0x2c
10003706:	4643      	mov	r3, r8
10003708:	a914      	add	r1, sp, #80	@ 0x50
1000370a:	221f      	movs	r2, #31
1000370c:	468c      	mov	ip, r1
1000370e:	9315      	str	r3, [sp, #84]	@ 0x54
10003710:	4653      	mov	r3, sl
10003712:	4462      	add	r2, ip
10003714:	46b2      	mov	sl, r6
10003716:	940d      	str	r4, [sp, #52]	@ 0x34
10003718:	9717      	str	r7, [sp, #92]	@ 0x5c
1000371a:	464c      	mov	r4, r9
1000371c:	4680      	mov	r8, r0
1000371e:	46a9      	mov	r9, r5
10003720:	0017      	movs	r7, r2
10003722:	9d09      	ldr	r5, [sp, #36]	@ 0x24
10003724:	9e0f      	ldr	r6, [sp, #60]	@ 0x3c
10003726:	9316      	str	r3, [sp, #88]	@ 0x58
10003728:	e008      	b.n	1000373c <_vsnprintf+0x81c>
1000372a:	3330      	adds	r3, #48	@ 0x30
1000372c:	b2db      	uxtb	r3, r3
1000372e:	3401      	adds	r4, #1
10003730:	553b      	strb	r3, [r7, r4]
10003732:	42b5      	cmp	r5, r6
10003734:	d30e      	bcc.n	10003754 <_vsnprintf+0x834>
10003736:	2c20      	cmp	r4, #32
10003738:	d00c      	beq.n	10003754 <_vsnprintf+0x834>
1000373a:	0005      	movs	r5, r0
1000373c:	0031      	movs	r1, r6
1000373e:	0028      	movs	r0, r5
10003740:	f7fe fa28 	bl	10001b94 <__wrap___aeabi_uidiv>
10003744:	b2cb      	uxtb	r3, r1
10003746:	2909      	cmp	r1, #9
10003748:	d9ef      	bls.n	1000372a <_vsnprintf+0x80a>
1000374a:	9a0b      	ldr	r2, [sp, #44]	@ 0x2c
1000374c:	4694      	mov	ip, r2
1000374e:	4463      	add	r3, ip
10003750:	b2db      	uxtb	r3, r3
10003752:	e7ec      	b.n	1000372e <_vsnprintf+0x80e>
10003754:	9b15      	ldr	r3, [sp, #84]	@ 0x54
10003756:	4640      	mov	r0, r8
10003758:	4698      	mov	r8, r3
1000375a:	9b16      	ldr	r3, [sp, #88]	@ 0x58
1000375c:	464d      	mov	r5, r9
1000375e:	4656      	mov	r6, sl
10003760:	46a1      	mov	r9, r4
10003762:	469a      	mov	sl, r3
10003764:	9c0d      	ldr	r4, [sp, #52]	@ 0x34
10003766:	9f17      	ldr	r7, [sp, #92]	@ 0x5c
10003768:	e69f      	b.n	100034aa <_vsnprintf+0x58a>
1000376a:	42b7      	cmp	r7, r6
1000376c:	d9b0      	bls.n	100036d0 <_vsnprintf+0x7b0>
1000376e:	9b17      	ldr	r3, [sp, #92]	@ 0x5c
10003770:	4656      	mov	r6, sl
10003772:	4698      	mov	r8, r3
10003774:	9b18      	ldr	r3, [sp, #96]	@ 0x60
10003776:	465f      	mov	r7, fp
10003778:	469a      	mov	sl, r3
1000377a:	9b1b      	ldr	r3, [sp, #108]	@ 0x6c
1000377c:	9409      	str	r4, [sp, #36]	@ 0x24
1000377e:	469b      	mov	fp, r3
10003780:	9c16      	ldr	r4, [sp, #88]	@ 0x58
10003782:	9819      	ldr	r0, [sp, #100]	@ 0x64
10003784:	9d1a      	ldr	r5, [sp, #104]	@ 0x68
10003786:	4643      	mov	r3, r8
10003788:	9305      	str	r3, [sp, #20]
1000378a:	4653      	mov	r3, sl
1000378c:	9304      	str	r3, [sp, #16]
1000378e:	9b0f      	ldr	r3, [sp, #60]	@ 0x3c
10003790:	9006      	str	r0, [sp, #24]
10003792:	9303      	str	r3, [sp, #12]
10003794:	2300      	movs	r3, #0
10003796:	9302      	str	r3, [sp, #8]
10003798:	9b09      	ldr	r3, [sp, #36]	@ 0x24
1000379a:	9301      	str	r3, [sp, #4]
1000379c:	ab1c      	add	r3, sp, #112	@ 0x70
1000379e:	0022      	movs	r2, r4
100037a0:	9300      	str	r3, [sp, #0]
100037a2:	4659      	mov	r1, fp
100037a4:	0033      	movs	r3, r6
100037a6:	0028      	movs	r0, r5
100037a8:	f7fe fe70 	bl	1000248c <_ntoa_format>
100037ac:	0004      	movs	r4, r0
100037ae:	f7ff fbdf 	bl	10002f70 <_vsnprintf+0x50>
100037b2:	2310      	movs	r3, #16
100037b4:	9a0b      	ldr	r2, [sp, #44]	@ 0x2c
100037b6:	439a      	bics	r2, r3
100037b8:	920f      	str	r2, [sp, #60]	@ 0x3c
100037ba:	2869      	cmp	r0, #105	@ 0x69
100037bc:	d000      	beq.n	100037c0 <_vsnprintf+0x8a0>
100037be:	e191      	b.n	10003ae4 <_vsnprintf+0xbc4>
100037c0:	990b      	ldr	r1, [sp, #44]	@ 0x2c
100037c2:	2380      	movs	r3, #128	@ 0x80
100037c4:	000a      	movs	r2, r1
100037c6:	00db      	lsls	r3, r3, #3
100037c8:	401a      	ands	r2, r3
100037ca:	0010      	movs	r0, r2
100037cc:	000a      	movs	r2, r1
100037ce:	4219      	tst	r1, r3
100037d0:	d003      	beq.n	100037da <_vsnprintf+0x8ba>
100037d2:	2111      	movs	r1, #17
100037d4:	0018      	movs	r0, r3
100037d6:	438a      	bics	r2, r1
100037d8:	920f      	str	r2, [sp, #60]	@ 0x3c
100037da:	9a0f      	ldr	r2, [sp, #60]	@ 0x3c
100037dc:	2380      	movs	r3, #128	@ 0x80
100037de:	0011      	movs	r1, r2
100037e0:	009b      	lsls	r3, r3, #2
100037e2:	4019      	ands	r1, r3
100037e4:	468c      	mov	ip, r1
100037e6:	421a      	tst	r2, r3
100037e8:	d15b      	bne.n	100038a2 <_vsnprintf+0x982>
100037ea:	2380      	movs	r3, #128	@ 0x80
100037ec:	0011      	movs	r1, r2
100037ee:	005b      	lsls	r3, r3, #1
100037f0:	4019      	ands	r1, r3
100037f2:	4689      	mov	r9, r1
100037f4:	990d      	ldr	r1, [sp, #52]	@ 0x34
100037f6:	3104      	adds	r1, #4
100037f8:	910b      	str	r1, [sp, #44]	@ 0x2c
100037fa:	421a      	tst	r2, r3
100037fc:	d000      	beq.n	10003800 <_vsnprintf+0x8e0>
100037fe:	e0b2      	b.n	10003966 <_vsnprintf+0xa46>
10003800:	0013      	movs	r3, r2
10003802:	065b      	lsls	r3, r3, #25
10003804:	d400      	bmi.n	10003808 <_vsnprintf+0x8e8>
10003806:	e0ed      	b.n	100039e4 <_vsnprintf+0xac4>
10003808:	9b0d      	ldr	r3, [sp, #52]	@ 0x34
1000380a:	781b      	ldrb	r3, [r3, #0]
1000380c:	001a      	movs	r2, r3
1000380e:	0fd9      	lsrs	r1, r3, #31
10003810:	910d      	str	r1, [sp, #52]	@ 0x34
10003812:	2b00      	cmp	r3, #0
10003814:	d100      	bne.n	10003818 <_vsnprintf+0x8f8>
10003816:	e0a3      	b.n	10003960 <_vsnprintf+0xa40>
10003818:	0010      	movs	r0, r2
1000381a:	aa14      	add	r2, sp, #80	@ 0x50
1000381c:	4694      	mov	ip, r2
1000381e:	4642      	mov	r2, r8
10003820:	231f      	movs	r3, #31
10003822:	9215      	str	r2, [sp, #84]	@ 0x54
10003824:	4652      	mov	r2, sl
10003826:	4463      	add	r3, ip
10003828:	46a8      	mov	r8, r5
1000382a:	46ba      	mov	sl, r7
1000382c:	464d      	mov	r5, r9
1000382e:	9414      	str	r4, [sp, #80]	@ 0x50
10003830:	46b1      	mov	r9, r6
10003832:	0004      	movs	r4, r0
10003834:	001f      	movs	r7, r3
10003836:	9216      	str	r2, [sp, #88]	@ 0x58
10003838:	e001      	b.n	1000383e <_vsnprintf+0x91e>
1000383a:	2d20      	cmp	r5, #32
1000383c:	d00f      	beq.n	1000385e <_vsnprintf+0x93e>
1000383e:	0020      	movs	r0, r4
10003840:	210a      	movs	r1, #10
10003842:	f7fe f9a7 	bl	10001b94 <__wrap___aeabi_uidiv>
10003846:	3501      	adds	r5, #1
10003848:	197e      	adds	r6, r7, r5
1000384a:	3130      	adds	r1, #48	@ 0x30
1000384c:	7031      	strb	r1, [r6, #0]
1000384e:	0020      	movs	r0, r4
10003850:	210a      	movs	r1, #10
10003852:	f7fe f99f 	bl	10001b94 <__wrap___aeabi_uidiv>
10003856:	0026      	movs	r6, r4
10003858:	0004      	movs	r4, r0
1000385a:	2e09      	cmp	r6, #9
1000385c:	d8ed      	bhi.n	1000383a <_vsnprintf+0x91a>
1000385e:	9b15      	ldr	r3, [sp, #84]	@ 0x54
10003860:	464e      	mov	r6, r9
10003862:	46a9      	mov	r9, r5
10003864:	4645      	mov	r5, r8
10003866:	4698      	mov	r8, r3
10003868:	9b16      	ldr	r3, [sp, #88]	@ 0x58
1000386a:	4657      	mov	r7, sl
1000386c:	469a      	mov	sl, r3
1000386e:	9c14      	ldr	r4, [sp, #80]	@ 0x50
10003870:	9b0f      	ldr	r3, [sp, #60]	@ 0x3c
10003872:	9306      	str	r3, [sp, #24]
10003874:	4643      	mov	r3, r8
10003876:	9305      	str	r3, [sp, #20]
10003878:	4653      	mov	r3, sl
1000387a:	9304      	str	r3, [sp, #16]
1000387c:	230a      	movs	r3, #10
1000387e:	9303      	str	r3, [sp, #12]
10003880:	9b0d      	ldr	r3, [sp, #52]	@ 0x34
10003882:	9302      	str	r3, [sp, #8]
10003884:	464b      	mov	r3, r9
10003886:	9301      	str	r3, [sp, #4]
10003888:	ab1c      	add	r3, sp, #112	@ 0x70
1000388a:	0022      	movs	r2, r4
1000388c:	9300      	str	r3, [sp, #0]
1000388e:	4659      	mov	r1, fp
10003890:	0033      	movs	r3, r6
10003892:	0028      	movs	r0, r5
10003894:	f7fe fdfa 	bl	1000248c <_ntoa_format>
10003898:	9b0b      	ldr	r3, [sp, #44]	@ 0x2c
1000389a:	0004      	movs	r4, r0
1000389c:	930d      	str	r3, [sp, #52]	@ 0x34
1000389e:	f7ff fb67 	bl	10002f70 <_vsnprintf+0x50>
100038a2:	2207      	movs	r2, #7
100038a4:	9b0d      	ldr	r3, [sp, #52]	@ 0x34
100038a6:	3307      	adds	r3, #7
100038a8:	4393      	bics	r3, r2
100038aa:	3201      	adds	r2, #1
100038ac:	4694      	mov	ip, r2
100038ae:	449c      	add	ip, r3
100038b0:	4662      	mov	r2, ip
100038b2:	920d      	str	r2, [sp, #52]	@ 0x34
100038b4:	cb0c      	ldmia	r3, {r2, r3}
100038b6:	0fd9      	lsrs	r1, r3, #31
100038b8:	910b      	str	r1, [sp, #44]	@ 0x2c
100038ba:	0011      	movs	r1, r2
100038bc:	4319      	orrs	r1, r3
100038be:	d100      	bne.n	100038c2 <_vsnprintf+0x9a2>
100038c0:	e09b      	b.n	100039fa <_vsnprintf+0xada>
100038c2:	17d9      	asrs	r1, r3, #31
100038c4:	9113      	str	r1, [sp, #76]	@ 0x4c
100038c6:	9112      	str	r1, [sp, #72]	@ 0x48
100038c8:	4051      	eors	r1, r2
100038ca:	9110      	str	r1, [sp, #64]	@ 0x40
100038cc:	9913      	ldr	r1, [sp, #76]	@ 0x4c
100038ce:	4059      	eors	r1, r3
100038d0:	9111      	str	r1, [sp, #68]	@ 0x44
100038d2:	9810      	ldr	r0, [sp, #64]	@ 0x40
100038d4:	9911      	ldr	r1, [sp, #68]	@ 0x44
100038d6:	9a12      	ldr	r2, [sp, #72]	@ 0x48
100038d8:	9b13      	ldr	r3, [sp, #76]	@ 0x4c
100038da:	1a80      	subs	r0, r0, r2
100038dc:	4199      	sbcs	r1, r3
100038de:	9010      	str	r0, [sp, #64]	@ 0x40
100038e0:	9111      	str	r1, [sp, #68]	@ 0x44
100038e2:	aa14      	add	r2, sp, #80	@ 0x50
100038e4:	4694      	mov	ip, r2
100038e6:	4642      	mov	r2, r8
100038e8:	2300      	movs	r3, #0
100038ea:	9215      	str	r2, [sp, #84]	@ 0x54
100038ec:	4652      	mov	r2, sl
100038ee:	4699      	mov	r9, r3
100038f0:	9216      	str	r2, [sp, #88]	@ 0x58
100038f2:	0032      	movs	r2, r6
100038f4:	331f      	adds	r3, #31
100038f6:	4463      	add	r3, ip
100038f8:	46a8      	mov	r8, r5
100038fa:	464e      	mov	r6, r9
100038fc:	46ba      	mov	sl, r7
100038fe:	9414      	str	r4, [sp, #80]	@ 0x50
10003900:	001f      	movs	r7, r3
10003902:	9c10      	ldr	r4, [sp, #64]	@ 0x40
10003904:	9d11      	ldr	r5, [sp, #68]	@ 0x44
10003906:	4691      	mov	r9, r2
10003908:	e001      	b.n	1000390e <_vsnprintf+0x9ee>
1000390a:	2e20      	cmp	r6, #32
1000390c:	d010      	beq.n	10003930 <_vsnprintf+0xa10>
1000390e:	0020      	movs	r0, r4
10003910:	0029      	movs	r1, r5
10003912:	220a      	movs	r2, #10
10003914:	2300      	movs	r3, #0
10003916:	f7fe f97b 	bl	10001c10 <__wrap___aeabi_uldivmod>
1000391a:	3601      	adds	r6, #1
1000391c:	3230      	adds	r2, #48	@ 0x30
1000391e:	002b      	movs	r3, r5
10003920:	55ba      	strb	r2, [r7, r6]
10003922:	000d      	movs	r5, r1
10003924:	0022      	movs	r2, r4
10003926:	0004      	movs	r4, r0
10003928:	2b00      	cmp	r3, #0
1000392a:	d1ee      	bne.n	1000390a <_vsnprintf+0x9ea>
1000392c:	2a09      	cmp	r2, #9
1000392e:	d8ec      	bhi.n	1000390a <_vsnprintf+0x9ea>
10003930:	9b15      	ldr	r3, [sp, #84]	@ 0x54
10003932:	9410      	str	r4, [sp, #64]	@ 0x40
10003934:	9511      	str	r5, [sp, #68]	@ 0x44
10003936:	4645      	mov	r5, r8
10003938:	4698      	mov	r8, r3
1000393a:	464b      	mov	r3, r9
1000393c:	9a16      	ldr	r2, [sp, #88]	@ 0x58
1000393e:	46b1      	mov	r9, r6
10003940:	4657      	mov	r7, sl
10003942:	001e      	movs	r6, r3
10003944:	4692      	mov	sl, r2
10003946:	9c14      	ldr	r4, [sp, #80]	@ 0x50
10003948:	9b0f      	ldr	r3, [sp, #60]	@ 0x3c
1000394a:	9306      	str	r3, [sp, #24]
1000394c:	4643      	mov	r3, r8
1000394e:	9305      	str	r3, [sp, #20]
10003950:	4653      	mov	r3, sl
10003952:	9304      	str	r3, [sp, #16]
10003954:	230a      	movs	r3, #10
10003956:	9303      	str	r3, [sp, #12]
10003958:	9b0b      	ldr	r3, [sp, #44]	@ 0x2c
1000395a:	9302      	str	r3, [sp, #8]
1000395c:	464b      	mov	r3, r9
1000395e:	e71c      	b.n	1000379a <_vsnprintf+0x87a>
10003960:	2800      	cmp	r0, #0
10003962:	d185      	bne.n	10003870 <_vsnprintf+0x950>
10003964:	e759      	b.n	1000381a <_vsnprintf+0x8fa>
10003966:	9b0d      	ldr	r3, [sp, #52]	@ 0x34
10003968:	681b      	ldr	r3, [r3, #0]
1000396a:	0fda      	lsrs	r2, r3, #31
1000396c:	0011      	movs	r1, r2
1000396e:	2b00      	cmp	r3, #0
10003970:	d100      	bne.n	10003974 <_vsnprintf+0xa54>
10003972:	e0a6      	b.n	10003ac2 <_vsnprintf+0xba2>
10003974:	17da      	asrs	r2, r3, #31
10003976:	1898      	adds	r0, r3, r2
10003978:	4050      	eors	r0, r2
1000397a:	aa14      	add	r2, sp, #80	@ 0x50
1000397c:	4691      	mov	r9, r2
1000397e:	231f      	movs	r3, #31
10003980:	4642      	mov	r2, r8
10003982:	444b      	add	r3, r9
10003984:	46a8      	mov	r8, r5
10003986:	940d      	str	r4, [sp, #52]	@ 0x34
10003988:	9716      	str	r7, [sp, #88]	@ 0x58
1000398a:	0004      	movs	r4, r0
1000398c:	4665      	mov	r5, ip
1000398e:	46b1      	mov	r9, r6
10003990:	001f      	movs	r7, r3
10003992:	9114      	str	r1, [sp, #80]	@ 0x50
10003994:	9215      	str	r2, [sp, #84]	@ 0x54
10003996:	e001      	b.n	1000399c <_vsnprintf+0xa7c>
10003998:	2d20      	cmp	r5, #32
1000399a:	d00f      	beq.n	100039bc <_vsnprintf+0xa9c>
1000399c:	0020      	movs	r0, r4
1000399e:	210a      	movs	r1, #10
100039a0:	f7fe f8f8 	bl	10001b94 <__wrap___aeabi_uidiv>
100039a4:	3501      	adds	r5, #1
100039a6:	197e      	adds	r6, r7, r5
100039a8:	3130      	adds	r1, #48	@ 0x30
100039aa:	7031      	strb	r1, [r6, #0]
100039ac:	0020      	movs	r0, r4
100039ae:	210a      	movs	r1, #10
100039b0:	f7fe f8f0 	bl	10001b94 <__wrap___aeabi_uidiv>
100039b4:	0026      	movs	r6, r4
100039b6:	0004      	movs	r4, r0
100039b8:	2e09      	cmp	r6, #9
100039ba:	d8ed      	bhi.n	10003998 <_vsnprintf+0xa78>
100039bc:	9b15      	ldr	r3, [sp, #84]	@ 0x54
100039be:	46ac      	mov	ip, r5
100039c0:	4645      	mov	r5, r8
100039c2:	4698      	mov	r8, r3
100039c4:	9b14      	ldr	r3, [sp, #80]	@ 0x50
100039c6:	464e      	mov	r6, r9
100039c8:	0019      	movs	r1, r3
100039ca:	9c0d      	ldr	r4, [sp, #52]	@ 0x34
100039cc:	9f16      	ldr	r7, [sp, #88]	@ 0x58
100039ce:	9b0f      	ldr	r3, [sp, #60]	@ 0x3c
100039d0:	9102      	str	r1, [sp, #8]
100039d2:	9306      	str	r3, [sp, #24]
100039d4:	4643      	mov	r3, r8
100039d6:	9305      	str	r3, [sp, #20]
100039d8:	4653      	mov	r3, sl
100039da:	9304      	str	r3, [sp, #16]
100039dc:	230a      	movs	r3, #10
100039de:	9303      	str	r3, [sp, #12]
100039e0:	4663      	mov	r3, ip
100039e2:	e750      	b.n	10003886 <_vsnprintf+0x966>
100039e4:	0013      	movs	r3, r2
100039e6:	061b      	lsls	r3, r3, #24
100039e8:	d56e      	bpl.n	10003ac8 <_vsnprintf+0xba8>
100039ea:	9b0d      	ldr	r3, [sp, #52]	@ 0x34
100039ec:	2200      	movs	r2, #0
100039ee:	5e9b      	ldrsh	r3, [r3, r2]
100039f0:	17d9      	asrs	r1, r3, #31
100039f2:	185a      	adds	r2, r3, r1
100039f4:	404a      	eors	r2, r1
100039f6:	b292      	uxth	r2, r2
100039f8:	e709      	b.n	1000380e <_vsnprintf+0x8ee>
100039fa:	2300      	movs	r3, #0
100039fc:	4699      	mov	r9, r3
100039fe:	2800      	cmp	r0, #0
10003a00:	d1a2      	bne.n	10003948 <_vsnprintf+0xa28>
10003a02:	2200      	movs	r2, #0
10003a04:	2300      	movs	r3, #0
10003a06:	9210      	str	r2, [sp, #64]	@ 0x40
10003a08:	9311      	str	r3, [sp, #68]	@ 0x44
10003a0a:	e76a      	b.n	100038e2 <_vsnprintf+0x9c2>
10003a0c:	9b0d      	ldr	r3, [sp, #52]	@ 0x34
10003a0e:	681b      	ldr	r3, [r3, #0]
10003a10:	4699      	mov	r9, r3
10003a12:	2b00      	cmp	r3, #0
10003a14:	d103      	bne.n	10003a1e <_vsnprintf+0xafe>
10003a16:	3310      	adds	r3, #16
10003a18:	4398      	bics	r0, r3
10003a1a:	2900      	cmp	r1, #0
10003a1c:	d138      	bne.n	10003a90 <_vsnprintf+0xb70>
10003a1e:	2361      	movs	r3, #97	@ 0x61
10003a20:	0682      	lsls	r2, r0, #26
10003a22:	d500      	bpl.n	10003a26 <_vsnprintf+0xb06>
10003a24:	2341      	movs	r3, #65	@ 0x41
10003a26:	b2db      	uxtb	r3, r3
10003a28:	3b0a      	subs	r3, #10
10003a2a:	930d      	str	r3, [sp, #52]	@ 0x34
10003a2c:	4643      	mov	r3, r8
10003a2e:	9316      	str	r3, [sp, #88]	@ 0x58
10003a30:	4653      	mov	r3, sl
10003a32:	a914      	add	r1, sp, #80	@ 0x50
10003a34:	221f      	movs	r2, #31
10003a36:	468c      	mov	ip, r1
10003a38:	9317      	str	r3, [sp, #92]	@ 0x5c
10003a3a:	002b      	movs	r3, r5
10003a3c:	4462      	add	r2, ip
10003a3e:	464d      	mov	r5, r9
10003a40:	46b2      	mov	sl, r6
10003a42:	9415      	str	r4, [sp, #84]	@ 0x54
10003a44:	9718      	str	r7, [sp, #96]	@ 0x60
10003a46:	4680      	mov	r8, r0
10003a48:	0017      	movs	r7, r2
10003a4a:	4699      	mov	r9, r3
10003a4c:	9c0b      	ldr	r4, [sp, #44]	@ 0x2c
10003a4e:	9e0f      	ldr	r6, [sp, #60]	@ 0x3c
10003a50:	e008      	b.n	10003a64 <_vsnprintf+0xb44>
10003a52:	3330      	adds	r3, #48	@ 0x30
10003a54:	b2db      	uxtb	r3, r3
10003a56:	3401      	adds	r4, #1
10003a58:	553b      	strb	r3, [r7, r4]
10003a5a:	42b5      	cmp	r5, r6
10003a5c:	d30e      	bcc.n	10003a7c <_vsnprintf+0xb5c>
10003a5e:	2c20      	cmp	r4, #32
10003a60:	d00c      	beq.n	10003a7c <_vsnprintf+0xb5c>
10003a62:	0005      	movs	r5, r0
10003a64:	0031      	movs	r1, r6
10003a66:	0028      	movs	r0, r5
10003a68:	f7fe f894 	bl	10001b94 <__wrap___aeabi_uidiv>
10003a6c:	b2cb      	uxtb	r3, r1
10003a6e:	2909      	cmp	r1, #9
10003a70:	d9ef      	bls.n	10003a52 <_vsnprintf+0xb32>
10003a72:	9a0d      	ldr	r2, [sp, #52]	@ 0x34
10003a74:	4694      	mov	ip, r2
10003a76:	4463      	add	r3, ip
10003a78:	b2db      	uxtb	r3, r3
10003a7a:	e7ec      	b.n	10003a56 <_vsnprintf+0xb36>
10003a7c:	9b16      	ldr	r3, [sp, #88]	@ 0x58
10003a7e:	4640      	mov	r0, r8
10003a80:	4698      	mov	r8, r3
10003a82:	9b17      	ldr	r3, [sp, #92]	@ 0x5c
10003a84:	4656      	mov	r6, sl
10003a86:	464d      	mov	r5, r9
10003a88:	469a      	mov	sl, r3
10003a8a:	940b      	str	r4, [sp, #44]	@ 0x2c
10003a8c:	9f18      	ldr	r7, [sp, #96]	@ 0x60
10003a8e:	9c15      	ldr	r4, [sp, #84]	@ 0x54
10003a90:	4643      	mov	r3, r8
10003a92:	9305      	str	r3, [sp, #20]
10003a94:	4653      	mov	r3, sl
10003a96:	9304      	str	r3, [sp, #16]
10003a98:	9b0f      	ldr	r3, [sp, #60]	@ 0x3c
10003a9a:	9006      	str	r0, [sp, #24]
10003a9c:	9303      	str	r3, [sp, #12]
10003a9e:	2300      	movs	r3, #0
10003aa0:	9302      	str	r3, [sp, #8]
10003aa2:	9b0b      	ldr	r3, [sp, #44]	@ 0x2c
10003aa4:	e50b      	b.n	100034be <_vsnprintf+0x59e>
10003aa6:	990b      	ldr	r1, [sp, #44]	@ 0x2c
10003aa8:	2380      	movs	r3, #128	@ 0x80
10003aaa:	000a      	movs	r2, r1
10003aac:	00db      	lsls	r3, r3, #3
10003aae:	401a      	ands	r2, r3
10003ab0:	0010      	movs	r0, r2
10003ab2:	000a      	movs	r2, r1
10003ab4:	4219      	tst	r1, r3
10003ab6:	d000      	beq.n	10003aba <_vsnprintf+0xb9a>
10003ab8:	e68b      	b.n	100037d2 <_vsnprintf+0x8b2>
10003aba:	2310      	movs	r3, #16
10003abc:	439a      	bics	r2, r3
10003abe:	920f      	str	r2, [sp, #60]	@ 0x3c
10003ac0:	e68b      	b.n	100037da <_vsnprintf+0x8ba>
10003ac2:	2800      	cmp	r0, #0
10003ac4:	d183      	bne.n	100039ce <_vsnprintf+0xaae>
10003ac6:	e758      	b.n	1000397a <_vsnprintf+0xa5a>
10003ac8:	9b0d      	ldr	r3, [sp, #52]	@ 0x34
10003aca:	681b      	ldr	r3, [r3, #0]
10003acc:	17d9      	asrs	r1, r3, #31
10003ace:	185a      	adds	r2, r3, r1
10003ad0:	404a      	eors	r2, r1
10003ad2:	e69c      	b.n	1000380e <_vsnprintf+0x8ee>
10003ad4:	9b0d      	ldr	r3, [sp, #52]	@ 0x34
10003ad6:	681b      	ldr	r3, [r3, #0]
10003ad8:	9309      	str	r3, [sp, #36]	@ 0x24
10003ada:	e4dc      	b.n	10003496 <_vsnprintf+0x576>
10003adc:	0003      	movs	r3, r0
10003ade:	3301      	adds	r3, #1
10003ae0:	930f      	str	r3, [sp, #60]	@ 0x3c
10003ae2:	e5a5      	b.n	10003630 <_vsnprintf+0x710>
10003ae4:	920b      	str	r2, [sp, #44]	@ 0x2c
10003ae6:	e46d      	b.n	100033c4 <_vsnprintf+0x4a4>

10003ae8 <vfctprintf>:
10003ae8:	b500      	push	{lr}
10003aea:	b085      	sub	sp, #20
10003aec:	9103      	str	r1, [sp, #12]
10003aee:	2101      	movs	r1, #1
10003af0:	9002      	str	r0, [sp, #8]
10003af2:	9300      	str	r3, [sp, #0]
10003af4:	4803      	ldr	r0, [pc, #12]	@ (10003b04 <vfctprintf+0x1c>)
10003af6:	0013      	movs	r3, r2
10003af8:	424a      	negs	r2, r1
10003afa:	a902      	add	r1, sp, #8
10003afc:	f7ff fa10 	bl	10002f20 <_vsnprintf>
10003b00:	b005      	add	sp, #20
10003b02:	bd00      	pop	{pc}
10003b04:	100026ed 	.word	0x100026ed

10003b08 <weak_raw_vprintf>:
10003b08:	b510      	push	{r4, lr}
10003b0a:	4a09      	ldr	r2, [pc, #36]	@ (10003b30 <weak_raw_vprintf+0x28>)
10003b0c:	0003      	movs	r3, r0
10003b0e:	6814      	ldr	r4, [r2, #0]
10003b10:	b084      	sub	sp, #16
10003b12:	2c00      	cmp	r4, #0
10003b14:	d008      	beq.n	10003b28 <weak_raw_vprintf+0x20>
10003b16:	2201      	movs	r2, #1
10003b18:	9100      	str	r1, [sp, #0]
10003b1a:	4806      	ldr	r0, [pc, #24]	@ (10003b34 <weak_raw_vprintf+0x2c>)
10003b1c:	4252      	negs	r2, r2
10003b1e:	a903      	add	r1, sp, #12
10003b20:	47a0      	blx	r4
10003b22:	2001      	movs	r0, #1
10003b24:	b004      	add	sp, #16
10003b26:	bd10      	pop	{r4, pc}
10003b28:	f000 f98c 	bl	10003e44 <__wrap_puts>
10003b2c:	2000      	movs	r0, #0
10003b2e:	e7f9      	b.n	10003b24 <weak_raw_vprintf+0x1c>
10003b30:	20001abc 	.word	0x20001abc
10003b34:	100026dd 	.word	0x100026dd

10003b38 <_exit>:
10003b38:	2100      	movs	r1, #0
10003b3a:	2000      	movs	r0, #0
10003b3c:	b510      	push	{r4, lr}
10003b3e:	f7fd feab 	bl	10001898 <rom_reset_usb_boot>
10003b42:	46c0      	nop			@ (mov r8, r8)

10003b44 <_fini>:
10003b44:	4770      	bx	lr
10003b46:	46c0      	nop			@ (mov r8, r8)

10003b48 <_sbrk>:
10003b48:	4a09      	ldr	r2, [pc, #36]	@ (10003b70 <_sbrk+0x28>)
10003b4a:	0003      	movs	r3, r0
10003b4c:	6810      	ldr	r0, [r2, #0]
10003b4e:	2800      	cmp	r0, #0
10003b50:	d005      	beq.n	10003b5e <_sbrk+0x16>
10003b52:	4908      	ldr	r1, [pc, #32]	@ (10003b74 <_sbrk+0x2c>)
10003b54:	18c3      	adds	r3, r0, r3
10003b56:	428b      	cmp	r3, r1
10003b58:	d807      	bhi.n	10003b6a <_sbrk+0x22>
10003b5a:	6013      	str	r3, [r2, #0]
10003b5c:	4770      	bx	lr
10003b5e:	4806      	ldr	r0, [pc, #24]	@ (10003b78 <_sbrk+0x30>)
10003b60:	4904      	ldr	r1, [pc, #16]	@ (10003b74 <_sbrk+0x2c>)
10003b62:	18c3      	adds	r3, r0, r3
10003b64:	6010      	str	r0, [r2, #0]
10003b66:	428b      	cmp	r3, r1
10003b68:	d9f7      	bls.n	10003b5a <_sbrk+0x12>
10003b6a:	2001      	movs	r0, #1
10003b6c:	4240      	negs	r0, r0
10003b6e:	e7f5      	b.n	10003b5c <_sbrk+0x14>
10003b70:	20001ab8 	.word	0x20001ab8
10003b74:	20040000 	.word	0x20040000
10003b78:	20021ef8 	.word	0x20021ef8

10003b7c <exit>:
10003b7c:	b510      	push	{r4, lr}
10003b7e:	f7ff ffdb 	bl	10003b38 <_exit>
10003b82:	46c0      	nop			@ (mov r8, r8)

10003b84 <runtime_init>:
10003b84:	b570      	push	{r4, r5, r6, lr}
10003b86:	f7fd feb3 	bl	100018f0 <runtime_run_initializers>
10003b8a:	4d07      	ldr	r5, [pc, #28]	@ (10003ba8 <runtime_init+0x24>)
10003b8c:	4e07      	ldr	r6, [pc, #28]	@ (10003bac <runtime_init+0x28>)
10003b8e:	42b5      	cmp	r5, r6
10003b90:	d209      	bcs.n	10003ba6 <runtime_init+0x22>
10003b92:	2400      	movs	r4, #0
10003b94:	3e01      	subs	r6, #1
10003b96:	1b76      	subs	r6, r6, r5
10003b98:	08b6      	lsrs	r6, r6, #2
10003b9a:	cd08      	ldmia	r5!, {r3}
10003b9c:	4798      	blx	r3
10003b9e:	0023      	movs	r3, r4
10003ba0:	3401      	adds	r4, #1
10003ba2:	42b3      	cmp	r3, r6
10003ba4:	d1f9      	bne.n	10003b9a <runtime_init+0x16>
10003ba6:	bd70      	pop	{r4, r5, r6, pc}
10003ba8:	10009920 	.word	0x10009920
10003bac:	10009928 	.word	0x10009928

10003bb0 <stdio_out_chars_no_crlf>:
10003bb0:	0003      	movs	r3, r0
10003bb2:	b510      	push	{r4, lr}
10003bb4:	0008      	movs	r0, r1
10003bb6:	0011      	movs	r1, r2
10003bb8:	681b      	ldr	r3, [r3, #0]
10003bba:	4798      	blx	r3
10003bbc:	bd10      	pop	{r4, pc}
10003bbe:	46c0      	nop			@ (mov r8, r8)

10003bc0 <stdio_out_chars_crlf>:
10003bc0:	b5f0      	push	{r4, r5, r6, r7, lr}
10003bc2:	46c6      	mov	lr, r8
10003bc4:	b500      	push	{lr}
10003bc6:	7d43      	ldrb	r3, [r0, #21]
10003bc8:	0007      	movs	r7, r0
10003bca:	000d      	movs	r5, r1
10003bcc:	0016      	movs	r6, r2
10003bce:	2b00      	cmp	r3, #0
10003bd0:	d038      	beq.n	10003c44 <stdio_out_chars_crlf+0x84>
10003bd2:	2a00      	cmp	r2, #0
10003bd4:	dd2e      	ble.n	10003c34 <stdio_out_chars_crlf+0x74>
10003bd6:	2100      	movs	r1, #0
10003bd8:	1e6a      	subs	r2, r5, #1
10003bda:	4690      	mov	r8, r2
10003bdc:	5c6a      	ldrb	r2, [r5, r1]
10003bde:	7d03      	ldrb	r3, [r0, #20]
10003be0:	1c4c      	adds	r4, r1, #1
10003be2:	2000      	movs	r0, #0
10003be4:	2a0a      	cmp	r2, #10
10003be6:	d00c      	beq.n	10003c02 <stdio_out_chars_crlf+0x42>
10003be8:	42a6      	cmp	r6, r4
10003bea:	d016      	beq.n	10003c1a <stdio_out_chars_crlf+0x5a>
10003bec:	4643      	mov	r3, r8
10003bee:	5d1b      	ldrb	r3, [r3, r4]
10003bf0:	0021      	movs	r1, r4
10003bf2:	3b0d      	subs	r3, #13
10003bf4:	425a      	negs	r2, r3
10003bf6:	4153      	adcs	r3, r2
10003bf8:	5c6a      	ldrb	r2, [r5, r1]
10003bfa:	b2db      	uxtb	r3, r3
10003bfc:	1c4c      	adds	r4, r1, #1
10003bfe:	2a0a      	cmp	r2, #10
10003c00:	d1f2      	bne.n	10003be8 <stdio_out_chars_crlf+0x28>
10003c02:	2b00      	cmp	r3, #0
10003c04:	d1f0      	bne.n	10003be8 <stdio_out_chars_crlf+0x28>
10003c06:	4288      	cmp	r0, r1
10003c08:	db17      	blt.n	10003c3a <stdio_out_chars_crlf+0x7a>
10003c0a:	2102      	movs	r1, #2
10003c0c:	4810      	ldr	r0, [pc, #64]	@ (10003c50 <stdio_out_chars_crlf+0x90>)
10003c0e:	683b      	ldr	r3, [r7, #0]
10003c10:	4798      	blx	r3
10003c12:	42a6      	cmp	r6, r4
10003c14:	d007      	beq.n	10003c26 <stdio_out_chars_crlf+0x66>
10003c16:	0020      	movs	r0, r4
10003c18:	e7e8      	b.n	10003bec <stdio_out_chars_crlf+0x2c>
10003c1a:	4286      	cmp	r6, r0
10003c1c:	dd03      	ble.n	10003c26 <stdio_out_chars_crlf+0x66>
10003c1e:	1a31      	subs	r1, r6, r0
10003c20:	683b      	ldr	r3, [r7, #0]
10003c22:	1828      	adds	r0, r5, r0
10003c24:	4798      	blx	r3
10003c26:	19ad      	adds	r5, r5, r6
10003c28:	3d01      	subs	r5, #1
10003c2a:	782b      	ldrb	r3, [r5, #0]
10003c2c:	3b0d      	subs	r3, #13
10003c2e:	425a      	negs	r2, r3
10003c30:	4153      	adcs	r3, r2
10003c32:	753b      	strb	r3, [r7, #20]
10003c34:	bc80      	pop	{r7}
10003c36:	46b8      	mov	r8, r7
10003c38:	bdf0      	pop	{r4, r5, r6, r7, pc}
10003c3a:	1a09      	subs	r1, r1, r0
10003c3c:	683b      	ldr	r3, [r7, #0]
10003c3e:	1828      	adds	r0, r5, r0
10003c40:	4798      	blx	r3
10003c42:	e7e2      	b.n	10003c0a <stdio_out_chars_crlf+0x4a>
10003c44:	6803      	ldr	r3, [r0, #0]
10003c46:	0011      	movs	r1, r2
10003c48:	0028      	movs	r0, r5
10003c4a:	4798      	blx	r3
10003c4c:	e7f2      	b.n	10003c34 <stdio_out_chars_crlf+0x74>
10003c4e:	46c0      	nop			@ (mov r8, r8)
10003c50:	1000a030 	.word	0x1000a030

10003c54 <stdio_buffered_printer>:
10003c54:	b5f8      	push	{r3, r4, r5, r6, r7, lr}
10003c56:	680b      	ldr	r3, [r1, #0]
10003c58:	000d      	movs	r5, r1
10003c5a:	1c5a      	adds	r2, r3, #1
10003c5c:	18cb      	adds	r3, r1, r3
10003c5e:	600a      	str	r2, [r1, #0]
10003c60:	7118      	strb	r0, [r3, #4]
10003c62:	2a80      	cmp	r2, #128	@ 0x80
10003c64:	d000      	beq.n	10003c68 <stdio_buffered_printer+0x14>
10003c66:	bdf8      	pop	{r3, r4, r5, r6, r7, pc}
10003c68:	4b0e      	ldr	r3, [pc, #56]	@ (10003ca4 <stdio_buffered_printer+0x50>)
10003c6a:	681c      	ldr	r4, [r3, #0]
10003c6c:	2c00      	cmp	r4, #0
10003c6e:	d015      	beq.n	10003c9c <stdio_buffered_printer+0x48>
10003c70:	4e0d      	ldr	r6, [pc, #52]	@ (10003ca8 <stdio_buffered_printer+0x54>)
10003c72:	1d0f      	adds	r7, r1, #4
10003c74:	e002      	b.n	10003c7c <stdio_buffered_printer+0x28>
10003c76:	6924      	ldr	r4, [r4, #16]
10003c78:	2c00      	cmp	r4, #0
10003c7a:	d00f      	beq.n	10003c9c <stdio_buffered_printer+0x48>
10003c7c:	6823      	ldr	r3, [r4, #0]
10003c7e:	2b00      	cmp	r3, #0
10003c80:	d0f9      	beq.n	10003c76 <stdio_buffered_printer+0x22>
10003c82:	6833      	ldr	r3, [r6, #0]
10003c84:	2b00      	cmp	r3, #0
10003c86:	d001      	beq.n	10003c8c <stdio_buffered_printer+0x38>
10003c88:	42a3      	cmp	r3, r4
10003c8a:	d1f4      	bne.n	10003c76 <stdio_buffered_printer+0x22>
10003c8c:	0020      	movs	r0, r4
10003c8e:	0039      	movs	r1, r7
10003c90:	682a      	ldr	r2, [r5, #0]
10003c92:	f7ff ff95 	bl	10003bc0 <stdio_out_chars_crlf>
10003c96:	6924      	ldr	r4, [r4, #16]
10003c98:	2c00      	cmp	r4, #0
10003c9a:	d1ef      	bne.n	10003c7c <stdio_buffered_printer+0x28>
10003c9c:	2300      	movs	r3, #0
10003c9e:	602b      	str	r3, [r5, #0]
10003ca0:	e7e1      	b.n	10003c66 <stdio_buffered_printer+0x12>
10003ca2:	46c0      	nop			@ (mov r8, r8)
10003ca4:	20001ab0 	.word	0x20001ab0
10003ca8:	20001ab4 	.word	0x20001ab4

10003cac <stdio_put_string>:
10003cac:	b5f0      	push	{r4, r5, r6, r7, lr}
10003cae:	46de      	mov	lr, fp
10003cb0:	4657      	mov	r7, sl
10003cb2:	464e      	mov	r6, r9
10003cb4:	4645      	mov	r5, r8
10003cb6:	b5e0      	push	{r5, r6, r7, lr}
10003cb8:	b085      	sub	sp, #20
10003cba:	0017      	movs	r7, r2
10003cbc:	001c      	movs	r4, r3
10003cbe:	0006      	movs	r6, r0
10003cc0:	000d      	movs	r5, r1
10003cc2:	f7fd fc4f 	bl	10001564 <time_us_64>
10003cc6:	2300      	movs	r3, #0
10003cc8:	4a31      	ldr	r2, [pc, #196]	@ (10003d90 <stdio_put_string+0xe4>)
10003cca:	1812      	adds	r2, r2, r0
10003ccc:	414b      	adcs	r3, r1
10003cce:	2180      	movs	r1, #128	@ 0x80
10003cd0:	0609      	lsls	r1, r1, #24
10003cd2:	428b      	cmp	r3, r1
10003cd4:	d302      	bcc.n	10003cdc <stdio_put_string+0x30>
10003cd6:	2201      	movs	r2, #1
10003cd8:	4b2e      	ldr	r3, [pc, #184]	@ (10003d94 <stdio_put_string+0xe8>)
10003cda:	4252      	negs	r2, r2
10003cdc:	492e      	ldr	r1, [pc, #184]	@ (10003d98 <stdio_put_string+0xec>)
10003cde:	0008      	movs	r0, r1
10003ce0:	468a      	mov	sl, r1
10003ce2:	f005 fded 	bl	100098c0 <__mutex_try_enter_block_until_veneer>
10003ce6:	9001      	str	r0, [sp, #4]
10003ce8:	1c6b      	adds	r3, r5, #1
10003cea:	d103      	bne.n	10003cf4 <stdio_put_string+0x48>
10003cec:	0030      	movs	r0, r6
10003cee:	f005 fd49 	bl	10009784 <strlen>
10003cf2:	0005      	movs	r5, r0
10003cf4:	2c00      	cmp	r4, #0
10003cf6:	d026      	beq.n	10003d46 <stdio_put_string+0x9a>
10003cf8:	4b28      	ldr	r3, [pc, #160]	@ (10003d9c <stdio_put_string+0xf0>)
10003cfa:	4698      	mov	r8, r3
10003cfc:	4b28      	ldr	r3, [pc, #160]	@ (10003da0 <stdio_put_string+0xf4>)
10003cfe:	681c      	ldr	r4, [r3, #0]
10003d00:	2c00      	cmp	r4, #0
10003d02:	d015      	beq.n	10003d30 <stdio_put_string+0x84>
10003d04:	2f00      	cmp	r7, #0
10003d06:	d121      	bne.n	10003d4c <stdio_put_string+0xa0>
10003d08:	4f26      	ldr	r7, [pc, #152]	@ (10003da4 <stdio_put_string+0xf8>)
10003d0a:	e002      	b.n	10003d12 <stdio_put_string+0x66>
10003d0c:	6924      	ldr	r4, [r4, #16]
10003d0e:	2c00      	cmp	r4, #0
10003d10:	d00e      	beq.n	10003d30 <stdio_put_string+0x84>
10003d12:	6823      	ldr	r3, [r4, #0]
10003d14:	2b00      	cmp	r3, #0
10003d16:	d0f9      	beq.n	10003d0c <stdio_put_string+0x60>
10003d18:	683b      	ldr	r3, [r7, #0]
10003d1a:	2b00      	cmp	r3, #0
10003d1c:	d001      	beq.n	10003d22 <stdio_put_string+0x76>
10003d1e:	429c      	cmp	r4, r3
10003d20:	d1f4      	bne.n	10003d0c <stdio_put_string+0x60>
10003d22:	0020      	movs	r0, r4
10003d24:	002a      	movs	r2, r5
10003d26:	0031      	movs	r1, r6
10003d28:	47c0      	blx	r8
10003d2a:	6924      	ldr	r4, [r4, #16]
10003d2c:	2c00      	cmp	r4, #0
10003d2e:	d1f0      	bne.n	10003d12 <stdio_put_string+0x66>
10003d30:	9b01      	ldr	r3, [sp, #4]
10003d32:	2b00      	cmp	r3, #0
10003d34:	d128      	bne.n	10003d88 <stdio_put_string+0xdc>
10003d36:	0028      	movs	r0, r5
10003d38:	b005      	add	sp, #20
10003d3a:	bcf0      	pop	{r4, r5, r6, r7}
10003d3c:	46bb      	mov	fp, r7
10003d3e:	46b2      	mov	sl, r6
10003d40:	46a9      	mov	r9, r5
10003d42:	46a0      	mov	r8, r4
10003d44:	bdf0      	pop	{r4, r5, r6, r7, pc}
10003d46:	4b18      	ldr	r3, [pc, #96]	@ (10003da8 <stdio_put_string+0xfc>)
10003d48:	4698      	mov	r8, r3
10003d4a:	e7d7      	b.n	10003cfc <stdio_put_string+0x50>
10003d4c:	4b15      	ldr	r3, [pc, #84]	@ (10003da4 <stdio_put_string+0xf8>)
10003d4e:	4699      	mov	r9, r3
10003d50:	ab02      	add	r3, sp, #8
10003d52:	1ddf      	adds	r7, r3, #7
10003d54:	230a      	movs	r3, #10
10003d56:	469b      	mov	fp, r3
10003d58:	e002      	b.n	10003d60 <stdio_put_string+0xb4>
10003d5a:	6924      	ldr	r4, [r4, #16]
10003d5c:	2c00      	cmp	r4, #0
10003d5e:	d0e7      	beq.n	10003d30 <stdio_put_string+0x84>
10003d60:	6823      	ldr	r3, [r4, #0]
10003d62:	2b00      	cmp	r3, #0
10003d64:	d0f9      	beq.n	10003d5a <stdio_put_string+0xae>
10003d66:	464b      	mov	r3, r9
10003d68:	681b      	ldr	r3, [r3, #0]
10003d6a:	2b00      	cmp	r3, #0
10003d6c:	d001      	beq.n	10003d72 <stdio_put_string+0xc6>
10003d6e:	42a3      	cmp	r3, r4
10003d70:	d1f3      	bne.n	10003d5a <stdio_put_string+0xae>
10003d72:	002a      	movs	r2, r5
10003d74:	0031      	movs	r1, r6
10003d76:	0020      	movs	r0, r4
10003d78:	47c0      	blx	r8
10003d7a:	465b      	mov	r3, fp
10003d7c:	2201      	movs	r2, #1
10003d7e:	0039      	movs	r1, r7
10003d80:	0020      	movs	r0, r4
10003d82:	703b      	strb	r3, [r7, #0]
10003d84:	47c0      	blx	r8
10003d86:	e7e8      	b.n	10003d5a <stdio_put_string+0xae>
10003d88:	4650      	mov	r0, sl
10003d8a:	f005 fd79 	bl	10009880 <__mutex_exit_veneer>
10003d8e:	e7d2      	b.n	10003d36 <stdio_put_string+0x8a>
10003d90:	000f4240 	.word	0x000f4240
10003d94:	7fffffff 	.word	0x7fffffff
10003d98:	20000c10 	.word	0x20000c10
10003d9c:	10003bc1 	.word	0x10003bc1
10003da0:	20001ab0 	.word	0x20001ab0
10003da4:	20001ab4 	.word	0x20001ab4
10003da8:	10003bb1 	.word	0x10003bb1

10003dac <__wrap_putchar>:
10003dac:	b5f0      	push	{r4, r5, r6, r7, lr}
10003dae:	46ce      	mov	lr, r9
10003db0:	4647      	mov	r7, r8
10003db2:	b580      	push	{r7, lr}
10003db4:	b083      	sub	sp, #12
10003db6:	466b      	mov	r3, sp
10003db8:	0006      	movs	r6, r0
10003dba:	1ddd      	adds	r5, r3, #7
10003dbc:	7028      	strb	r0, [r5, #0]
10003dbe:	f7fd fbd1 	bl	10001564 <time_us_64>
10003dc2:	2300      	movs	r3, #0
10003dc4:	4a1a      	ldr	r2, [pc, #104]	@ (10003e30 <__wrap_putchar+0x84>)
10003dc6:	1812      	adds	r2, r2, r0
10003dc8:	414b      	adcs	r3, r1
10003dca:	2180      	movs	r1, #128	@ 0x80
10003dcc:	0609      	lsls	r1, r1, #24
10003dce:	428b      	cmp	r3, r1
10003dd0:	d302      	bcc.n	10003dd8 <__wrap_putchar+0x2c>
10003dd2:	2201      	movs	r2, #1
10003dd4:	4b17      	ldr	r3, [pc, #92]	@ (10003e34 <__wrap_putchar+0x88>)
10003dd6:	4252      	negs	r2, r2
10003dd8:	4917      	ldr	r1, [pc, #92]	@ (10003e38 <__wrap_putchar+0x8c>)
10003dda:	0008      	movs	r0, r1
10003ddc:	4688      	mov	r8, r1
10003dde:	f005 fd6f 	bl	100098c0 <__mutex_try_enter_block_until_veneer>
10003de2:	4b16      	ldr	r3, [pc, #88]	@ (10003e3c <__wrap_putchar+0x90>)
10003de4:	4681      	mov	r9, r0
10003de6:	681c      	ldr	r4, [r3, #0]
10003de8:	2c00      	cmp	r4, #0
10003dea:	d014      	beq.n	10003e16 <__wrap_putchar+0x6a>
10003dec:	4f14      	ldr	r7, [pc, #80]	@ (10003e40 <__wrap_putchar+0x94>)
10003dee:	e002      	b.n	10003df6 <__wrap_putchar+0x4a>
10003df0:	6924      	ldr	r4, [r4, #16]
10003df2:	2c00      	cmp	r4, #0
10003df4:	d00f      	beq.n	10003e16 <__wrap_putchar+0x6a>
10003df6:	6823      	ldr	r3, [r4, #0]
10003df8:	2b00      	cmp	r3, #0
10003dfa:	d0f9      	beq.n	10003df0 <__wrap_putchar+0x44>
10003dfc:	683b      	ldr	r3, [r7, #0]
10003dfe:	2b00      	cmp	r3, #0
10003e00:	d001      	beq.n	10003e06 <__wrap_putchar+0x5a>
10003e02:	429c      	cmp	r4, r3
10003e04:	d1f4      	bne.n	10003df0 <__wrap_putchar+0x44>
10003e06:	0020      	movs	r0, r4
10003e08:	2201      	movs	r2, #1
10003e0a:	0029      	movs	r1, r5
10003e0c:	f7ff fed8 	bl	10003bc0 <stdio_out_chars_crlf>
10003e10:	6924      	ldr	r4, [r4, #16]
10003e12:	2c00      	cmp	r4, #0
10003e14:	d1ef      	bne.n	10003df6 <__wrap_putchar+0x4a>
10003e16:	464b      	mov	r3, r9
10003e18:	2b00      	cmp	r3, #0
10003e1a:	d105      	bne.n	10003e28 <__wrap_putchar+0x7c>
10003e1c:	0030      	movs	r0, r6
10003e1e:	b003      	add	sp, #12
10003e20:	bcc0      	pop	{r6, r7}
10003e22:	46b9      	mov	r9, r7
10003e24:	46b0      	mov	r8, r6
10003e26:	bdf0      	pop	{r4, r5, r6, r7, pc}
10003e28:	4640      	mov	r0, r8
10003e2a:	f005 fd29 	bl	10009880 <__mutex_exit_veneer>
10003e2e:	e7f5      	b.n	10003e1c <__wrap_putchar+0x70>
10003e30:	000f4240 	.word	0x000f4240
10003e34:	7fffffff 	.word	0x7fffffff
10003e38:	20000c10 	.word	0x20000c10
10003e3c:	20001ab0 	.word	0x20001ab0
10003e40:	20001ab4 	.word	0x20001ab4

10003e44 <__wrap_puts>:
10003e44:	b570      	push	{r4, r5, r6, lr}
10003e46:	0004      	movs	r4, r0
10003e48:	f005 fc9c 	bl	10009784 <strlen>
10003e4c:	2301      	movs	r3, #1
10003e4e:	0001      	movs	r1, r0
10003e50:	0005      	movs	r5, r0
10003e52:	2201      	movs	r2, #1
10003e54:	0020      	movs	r0, r4
10003e56:	f7ff ff29 	bl	10003cac <stdio_put_string>
10003e5a:	4b08      	ldr	r3, [pc, #32]	@ (10003e7c <__wrap_puts+0x38>)
10003e5c:	681c      	ldr	r4, [r3, #0]
10003e5e:	2c00      	cmp	r4, #0
10003e60:	d006      	beq.n	10003e70 <__wrap_puts+0x2c>
10003e62:	6863      	ldr	r3, [r4, #4]
10003e64:	2b00      	cmp	r3, #0
10003e66:	d005      	beq.n	10003e74 <__wrap_puts+0x30>
10003e68:	4798      	blx	r3
10003e6a:	6924      	ldr	r4, [r4, #16]
10003e6c:	2c00      	cmp	r4, #0
10003e6e:	d1f8      	bne.n	10003e62 <__wrap_puts+0x1e>
10003e70:	0028      	movs	r0, r5
10003e72:	bd70      	pop	{r4, r5, r6, pc}
10003e74:	6924      	ldr	r4, [r4, #16]
10003e76:	2c00      	cmp	r4, #0
10003e78:	d1f3      	bne.n	10003e62 <__wrap_puts+0x1e>
10003e7a:	e7f9      	b.n	10003e70 <__wrap_puts+0x2c>
10003e7c:	20001ab0 	.word	0x20001ab0

10003e80 <__wrap_vprintf>:
10003e80:	b5f0      	push	{r4, r5, r6, r7, lr}
10003e82:	46ce      	mov	lr, r9
10003e84:	4647      	mov	r7, r8
10003e86:	b580      	push	{r7, lr}
10003e88:	b0a3      	sub	sp, #140	@ 0x8c
10003e8a:	0004      	movs	r4, r0
10003e8c:	000d      	movs	r5, r1
10003e8e:	f7fd fb69 	bl	10001564 <time_us_64>
10003e92:	2300      	movs	r3, #0
10003e94:	4a29      	ldr	r2, [pc, #164]	@ (10003f3c <__wrap_vprintf+0xbc>)
10003e96:	1812      	adds	r2, r2, r0
10003e98:	414b      	adcs	r3, r1
10003e9a:	2180      	movs	r1, #128	@ 0x80
10003e9c:	0609      	lsls	r1, r1, #24
10003e9e:	428b      	cmp	r3, r1
10003ea0:	d302      	bcc.n	10003ea8 <__wrap_vprintf+0x28>
10003ea2:	2201      	movs	r2, #1
10003ea4:	4b26      	ldr	r3, [pc, #152]	@ (10003f40 <__wrap_vprintf+0xc0>)
10003ea6:	4252      	negs	r2, r2
10003ea8:	4f26      	ldr	r7, [pc, #152]	@ (10003f44 <__wrap_vprintf+0xc4>)
10003eaa:	0038      	movs	r0, r7
10003eac:	f005 fd08 	bl	100098c0 <__mutex_try_enter_block_until_veneer>
10003eb0:	2300      	movs	r3, #0
10003eb2:	0006      	movs	r6, r0
10003eb4:	9301      	str	r3, [sp, #4]
10003eb6:	0022      	movs	r2, r4
10003eb8:	002b      	movs	r3, r5
10003eba:	4823      	ldr	r0, [pc, #140]	@ (10003f48 <__wrap_vprintf+0xc8>)
10003ebc:	a901      	add	r1, sp, #4
10003ebe:	f7ff fe13 	bl	10003ae8 <vfctprintf>
10003ec2:	9b01      	ldr	r3, [sp, #4]
10003ec4:	4680      	mov	r8, r0
10003ec6:	2b00      	cmp	r3, #0
10003ec8:	d114      	bne.n	10003ef4 <__wrap_vprintf+0x74>
10003eca:	4b20      	ldr	r3, [pc, #128]	@ (10003f4c <__wrap_vprintf+0xcc>)
10003ecc:	681c      	ldr	r4, [r3, #0]
10003ece:	2c00      	cmp	r4, #0
10003ed0:	d006      	beq.n	10003ee0 <__wrap_vprintf+0x60>
10003ed2:	6863      	ldr	r3, [r4, #4]
10003ed4:	2b00      	cmp	r3, #0
10003ed6:	d00b      	beq.n	10003ef0 <__wrap_vprintf+0x70>
10003ed8:	4798      	blx	r3
10003eda:	6924      	ldr	r4, [r4, #16]
10003edc:	2c00      	cmp	r4, #0
10003ede:	d1f8      	bne.n	10003ed2 <__wrap_vprintf+0x52>
10003ee0:	2e00      	cmp	r6, #0
10003ee2:	d125      	bne.n	10003f30 <__wrap_vprintf+0xb0>
10003ee4:	4640      	mov	r0, r8
10003ee6:	b023      	add	sp, #140	@ 0x8c
10003ee8:	bcc0      	pop	{r6, r7}
10003eea:	46b9      	mov	r9, r7
10003eec:	46b0      	mov	r8, r6
10003eee:	bdf0      	pop	{r4, r5, r6, r7, pc}
10003ef0:	6924      	ldr	r4, [r4, #16]
10003ef2:	e7ec      	b.n	10003ece <__wrap_vprintf+0x4e>
10003ef4:	4b15      	ldr	r3, [pc, #84]	@ (10003f4c <__wrap_vprintf+0xcc>)
10003ef6:	681d      	ldr	r5, [r3, #0]
10003ef8:	4699      	mov	r9, r3
10003efa:	2d00      	cmp	r5, #0
10003efc:	d01c      	beq.n	10003f38 <__wrap_vprintf+0xb8>
10003efe:	4c14      	ldr	r4, [pc, #80]	@ (10003f50 <__wrap_vprintf+0xd0>)
10003f00:	e002      	b.n	10003f08 <__wrap_vprintf+0x88>
10003f02:	692d      	ldr	r5, [r5, #16]
10003f04:	2d00      	cmp	r5, #0
10003f06:	d00f      	beq.n	10003f28 <__wrap_vprintf+0xa8>
10003f08:	682b      	ldr	r3, [r5, #0]
10003f0a:	2b00      	cmp	r3, #0
10003f0c:	d0f9      	beq.n	10003f02 <__wrap_vprintf+0x82>
10003f0e:	6823      	ldr	r3, [r4, #0]
10003f10:	2b00      	cmp	r3, #0
10003f12:	d001      	beq.n	10003f18 <__wrap_vprintf+0x98>
10003f14:	42ab      	cmp	r3, r5
10003f16:	d1f4      	bne.n	10003f02 <__wrap_vprintf+0x82>
10003f18:	0028      	movs	r0, r5
10003f1a:	9a01      	ldr	r2, [sp, #4]
10003f1c:	a902      	add	r1, sp, #8
10003f1e:	f7ff fe4f 	bl	10003bc0 <stdio_out_chars_crlf>
10003f22:	692d      	ldr	r5, [r5, #16]
10003f24:	2d00      	cmp	r5, #0
10003f26:	d1ef      	bne.n	10003f08 <__wrap_vprintf+0x88>
10003f28:	464b      	mov	r3, r9
10003f2a:	9501      	str	r5, [sp, #4]
10003f2c:	681c      	ldr	r4, [r3, #0]
10003f2e:	e7ce      	b.n	10003ece <__wrap_vprintf+0x4e>
10003f30:	0038      	movs	r0, r7
10003f32:	f005 fca5 	bl	10009880 <__mutex_exit_veneer>
10003f36:	e7d5      	b.n	10003ee4 <__wrap_vprintf+0x64>
10003f38:	9501      	str	r5, [sp, #4]
10003f3a:	e7d1      	b.n	10003ee0 <__wrap_vprintf+0x60>
10003f3c:	000f4240 	.word	0x000f4240
10003f40:	7fffffff 	.word	0x7fffffff
10003f44:	20000c10 	.word	0x20000c10
10003f48:	10003c55 	.word	0x10003c55
10003f4c:	20001ab0 	.word	0x20001ab0
10003f50:	20001ab4 	.word	0x20001ab4

10003f54 <__wrap_printf>:
10003f54:	b40f      	push	{r0, r1, r2, r3}
10003f56:	b500      	push	{lr}
10003f58:	b083      	sub	sp, #12
10003f5a:	a904      	add	r1, sp, #16
10003f5c:	c901      	ldmia	r1!, {r0}
10003f5e:	9101      	str	r1, [sp, #4]
10003f60:	f7ff ff8e 	bl	10003e80 <__wrap_vprintf>
10003f64:	b003      	add	sp, #12
10003f66:	bc08      	pop	{r3}
10003f68:	b004      	add	sp, #16
10003f6a:	4718      	bx	r3

10003f6c <_retrieve_unique_id_on_boot>:
10003f6c:	b510      	push	{r4, lr}
10003f6e:	4802      	ldr	r0, [pc, #8]	@ (10003f78 <_retrieve_unique_id_on_boot+0xc>)
10003f70:	f000 f80c 	bl	10003f8c <flash_get_unique_id>
10003f74:	bd10      	pop	{r4, pc}
10003f76:	46c0      	nop			@ (mov r8, r8)
10003f78:	20001d70 	.word	0x20001d70

10003f7c <pico_get_unique_board_id>:
10003f7c:	b510      	push	{r4, lr}
10003f7e:	2208      	movs	r2, #8
10003f80:	4901      	ldr	r1, [pc, #4]	@ (10003f88 <pico_get_unique_board_id+0xc>)
10003f82:	f7fe fa25 	bl	100023d0 <__wrap___aeabi_memcpy>
10003f86:	bd10      	pop	{r4, pc}
10003f88:	20001d70 	.word	0x20001d70

10003f8c <flash_get_unique_id>:
10003f8c:	b510      	push	{r4, lr}
10003f8e:	b088      	sub	sp, #32
10003f90:	0004      	movs	r4, r0
10003f92:	220d      	movs	r2, #13
10003f94:	2100      	movs	r1, #0
10003f96:	4668      	mov	r0, sp
10003f98:	f7fe fa14 	bl	100023c4 <__wrap_memset>
10003f9c:	220d      	movs	r2, #13
10003f9e:	2100      	movs	r1, #0
10003fa0:	a804      	add	r0, sp, #16
10003fa2:	f7fe fa0f 	bl	100023c4 <__wrap_memset>
10003fa6:	466a      	mov	r2, sp
10003fa8:	234b      	movs	r3, #75	@ 0x4b
10003faa:	4668      	mov	r0, sp
10003fac:	7013      	strb	r3, [r2, #0]
10003fae:	a904      	add	r1, sp, #16
10003fb0:	2300      	movs	r3, #0
10003fb2:	220d      	movs	r2, #13
10003fb4:	f005 fc3c 	bl	10009830 <__flash_do_cmd_cs_veneer>
10003fb8:	2115      	movs	r1, #21
10003fba:	2208      	movs	r2, #8
10003fbc:	0020      	movs	r0, r4
10003fbe:	4469      	add	r1, sp
10003fc0:	f7fe fa06 	bl	100023d0 <__wrap___aeabi_memcpy>
10003fc4:	b008      	add	sp, #32
10003fc6:	bd10      	pop	{r4, pc}

10003fc8 <runtime_init_per_core_tls_setup>:
10003fc8:	2200      	movs	r2, #0
10003fca:	4b01      	ldr	r3, [pc, #4]	@ (10003fd0 <runtime_init_per_core_tls_setup+0x8>)
10003fcc:	605a      	str	r2, [r3, #4]
10003fce:	4770      	bx	lr
10003fd0:	2000105c 	.word	0x2000105c

10003fd4 <async_context_base_add_at_time_worker>:
10003fd4:	6883      	ldr	r3, [r0, #8]
10003fd6:	3008      	adds	r0, #8
10003fd8:	2b00      	cmp	r3, #0
10003fda:	d104      	bne.n	10003fe6 <async_context_base_add_at_time_worker+0x12>
10003fdc:	e007      	b.n	10003fee <async_context_base_add_at_time_worker+0x1a>
10003fde:	0018      	movs	r0, r3
10003fe0:	681b      	ldr	r3, [r3, #0]
10003fe2:	2b00      	cmp	r3, #0
10003fe4:	d003      	beq.n	10003fee <async_context_base_add_at_time_worker+0x1a>
10003fe6:	4299      	cmp	r1, r3
10003fe8:	d1f9      	bne.n	10003fde <async_context_base_add_at_time_worker+0xa>
10003fea:	2000      	movs	r0, #0
10003fec:	e003      	b.n	10003ff6 <async_context_base_add_at_time_worker+0x22>
10003fee:	2300      	movs	r3, #0
10003ff0:	6001      	str	r1, [r0, #0]
10003ff2:	2001      	movs	r0, #1
10003ff4:	600b      	str	r3, [r1, #0]
10003ff6:	4770      	bx	lr

10003ff8 <async_context_base_remove_at_time_worker>:
10003ff8:	6883      	ldr	r3, [r0, #8]
10003ffa:	2b00      	cmp	r3, #0
10003ffc:	d008      	beq.n	10004010 <async_context_base_remove_at_time_worker+0x18>
10003ffe:	428b      	cmp	r3, r1
10004000:	d102      	bne.n	10004008 <async_context_base_remove_at_time_worker+0x10>
10004002:	e007      	b.n	10004014 <async_context_base_remove_at_time_worker+0x1c>
10004004:	4299      	cmp	r1, r3
10004006:	d006      	beq.n	10004016 <async_context_base_remove_at_time_worker+0x1e>
10004008:	0018      	movs	r0, r3
1000400a:	681b      	ldr	r3, [r3, #0]
1000400c:	2b00      	cmp	r3, #0
1000400e:	d1f9      	bne.n	10004004 <async_context_base_remove_at_time_worker+0xc>
10004010:	2000      	movs	r0, #0
10004012:	4770      	bx	lr
10004014:	3008      	adds	r0, #8
10004016:	680b      	ldr	r3, [r1, #0]
10004018:	6003      	str	r3, [r0, #0]
1000401a:	2001      	movs	r0, #1
1000401c:	e7f9      	b.n	10004012 <async_context_base_remove_at_time_worker+0x1a>
1000401e:	46c0      	nop			@ (mov r8, r8)

10004020 <async_context_base_add_when_pending_worker>:
10004020:	6843      	ldr	r3, [r0, #4]
10004022:	3004      	adds	r0, #4
10004024:	2b00      	cmp	r3, #0
10004026:	d104      	bne.n	10004032 <async_context_base_add_when_pending_worker+0x12>
10004028:	e007      	b.n	1000403a <async_context_base_add_when_pending_worker+0x1a>
1000402a:	0018      	movs	r0, r3
1000402c:	681b      	ldr	r3, [r3, #0]
1000402e:	2b00      	cmp	r3, #0
10004030:	d003      	beq.n	1000403a <async_context_base_add_when_pending_worker+0x1a>
10004032:	4299      	cmp	r1, r3
10004034:	d1f9      	bne.n	1000402a <async_context_base_add_when_pending_worker+0xa>
10004036:	2000      	movs	r0, #0
10004038:	e003      	b.n	10004042 <async_context_base_add_when_pending_worker+0x22>
1000403a:	2300      	movs	r3, #0
1000403c:	6001      	str	r1, [r0, #0]
1000403e:	2001      	movs	r0, #1
10004040:	600b      	str	r3, [r1, #0]
10004042:	4770      	bx	lr

10004044 <async_context_base_remove_when_pending_worker>:
10004044:	6843      	ldr	r3, [r0, #4]
10004046:	2b00      	cmp	r3, #0
10004048:	d008      	beq.n	1000405c <async_context_base_remove_when_pending_worker+0x18>
1000404a:	428b      	cmp	r3, r1
1000404c:	d102      	bne.n	10004054 <async_context_base_remove_when_pending_worker+0x10>
1000404e:	e007      	b.n	10004060 <async_context_base_remove_when_pending_worker+0x1c>
10004050:	4299      	cmp	r1, r3
10004052:	d006      	beq.n	10004062 <async_context_base_remove_when_pending_worker+0x1e>
10004054:	0018      	movs	r0, r3
10004056:	681b      	ldr	r3, [r3, #0]
10004058:	2b00      	cmp	r3, #0
1000405a:	d1f9      	bne.n	10004050 <async_context_base_remove_when_pending_worker+0xc>
1000405c:	2000      	movs	r0, #0
1000405e:	4770      	bx	lr
10004060:	3004      	adds	r0, #4
10004062:	680b      	ldr	r3, [r1, #0]
10004064:	6003      	str	r3, [r0, #0]
10004066:	2001      	movs	r0, #1
10004068:	e7f9      	b.n	1000405e <async_context_base_remove_when_pending_worker+0x1a>
1000406a:	46c0      	nop			@ (mov r8, r8)

1000406c <async_context_base_execute_once>:
1000406c:	b5f0      	push	{r4, r5, r6, r7, lr}
1000406e:	4657      	mov	r7, sl
10004070:	46de      	mov	lr, fp
10004072:	4646      	mov	r6, r8
10004074:	b5c0      	push	{r6, r7, lr}
10004076:	4b3e      	ldr	r3, [pc, #248]	@ (10004170 <async_context_base_execute_once+0x104>)
10004078:	b082      	sub	sp, #8
1000407a:	685c      	ldr	r4, [r3, #4]
1000407c:	681b      	ldr	r3, [r3, #0]
1000407e:	9300      	str	r3, [sp, #0]
10004080:	9401      	str	r4, [sp, #4]
10004082:	6883      	ldr	r3, [r0, #8]
10004084:	4682      	mov	sl, r0
10004086:	2b00      	cmp	r3, #0
10004088:	d02c      	beq.n	100040e4 <async_context_base_execute_once+0x78>
1000408a:	2308      	movs	r3, #8
1000408c:	4453      	add	r3, sl
1000408e:	469b      	mov	fp, r3
10004090:	f7fd fa68 	bl	10001564 <time_us_64>
10004094:	4653      	mov	r3, sl
10004096:	689b      	ldr	r3, [r3, #8]
10004098:	0004      	movs	r4, r0
1000409a:	000d      	movs	r5, r1
1000409c:	465f      	mov	r7, fp
1000409e:	2b00      	cmp	r3, #0
100040a0:	d020      	beq.n	100040e4 <async_context_base_execute_once+0x78>
100040a2:	2200      	movs	r2, #0
100040a4:	001e      	movs	r6, r3
100040a6:	4694      	mov	ip, r2
100040a8:	4698      	mov	r8, r3
100040aa:	68b2      	ldr	r2, [r6, #8]
100040ac:	68f3      	ldr	r3, [r6, #12]
100040ae:	0020      	movs	r0, r4
100040b0:	0029      	movs	r1, r5
100040b2:	1a80      	subs	r0, r0, r2
100040b4:	4199      	sbcs	r1, r3
100040b6:	2900      	cmp	r1, #0
100040b8:	db02      	blt.n	100040c0 <async_context_base_execute_once+0x54>
100040ba:	0014      	movs	r4, r2
100040bc:	001d      	movs	r5, r3
100040be:	46bc      	mov	ip, r7
100040c0:	0037      	movs	r7, r6
100040c2:	6836      	ldr	r6, [r6, #0]
100040c4:	2e00      	cmp	r6, #0
100040c6:	d1f0      	bne.n	100040aa <async_context_base_execute_once+0x3e>
100040c8:	4662      	mov	r2, ip
100040ca:	4643      	mov	r3, r8
100040cc:	2a00      	cmp	r2, #0
100040ce:	d048      	beq.n	10004162 <async_context_base_execute_once+0xf6>
100040d0:	6811      	ldr	r1, [r2, #0]
100040d2:	4650      	mov	r0, sl
100040d4:	680b      	ldr	r3, [r1, #0]
100040d6:	6013      	str	r3, [r2, #0]
100040d8:	684b      	ldr	r3, [r1, #4]
100040da:	4798      	blx	r3
100040dc:	4653      	mov	r3, sl
100040de:	689b      	ldr	r3, [r3, #8]
100040e0:	2b00      	cmp	r3, #0
100040e2:	d1d5      	bne.n	10004090 <async_context_base_execute_once+0x24>
100040e4:	4653      	mov	r3, sl
100040e6:	685c      	ldr	r4, [r3, #4]
100040e8:	2c00      	cmp	r4, #0
100040ea:	d029      	beq.n	10004140 <async_context_base_execute_once+0xd4>
100040ec:	2500      	movs	r5, #0
100040ee:	4656      	mov	r6, sl
100040f0:	7a23      	ldrb	r3, [r4, #8]
100040f2:	2b00      	cmp	r3, #0
100040f4:	d031      	beq.n	1000415a <async_context_base_execute_once+0xee>
100040f6:	0021      	movs	r1, r4
100040f8:	6863      	ldr	r3, [r4, #4]
100040fa:	7225      	strb	r5, [r4, #8]
100040fc:	0030      	movs	r0, r6
100040fe:	4798      	blx	r3
10004100:	6824      	ldr	r4, [r4, #0]
10004102:	2c00      	cmp	r4, #0
10004104:	d1f4      	bne.n	100040f0 <async_context_base_execute_once+0x84>
10004106:	68b1      	ldr	r1, [r6, #8]
10004108:	46b2      	mov	sl, r6
1000410a:	2900      	cmp	r1, #0
1000410c:	d018      	beq.n	10004140 <async_context_base_execute_once+0xd4>
1000410e:	9c00      	ldr	r4, [sp, #0]
10004110:	9d01      	ldr	r5, [sp, #4]
10004112:	000e      	movs	r6, r1
10004114:	e003      	b.n	1000411e <async_context_base_execute_once+0xb2>
10004116:	0004      	movs	r4, r0
10004118:	000d      	movs	r5, r1
1000411a:	2e00      	cmp	r6, #0
1000411c:	d00e      	beq.n	1000413c <async_context_base_execute_once+0xd0>
1000411e:	0033      	movs	r3, r6
10004120:	0022      	movs	r2, r4
10004122:	6898      	ldr	r0, [r3, #8]
10004124:	68d9      	ldr	r1, [r3, #12]
10004126:	002b      	movs	r3, r5
10004128:	1a12      	subs	r2, r2, r0
1000412a:	418b      	sbcs	r3, r1
1000412c:	6836      	ldr	r6, [r6, #0]
1000412e:	2b00      	cmp	r3, #0
10004130:	dcf1      	bgt.n	10004116 <async_context_base_execute_once+0xaa>
10004132:	d1f2      	bne.n	1000411a <async_context_base_execute_once+0xae>
10004134:	2a00      	cmp	r2, #0
10004136:	d1ee      	bne.n	10004116 <async_context_base_execute_once+0xaa>
10004138:	2e00      	cmp	r6, #0
1000413a:	d1f0      	bne.n	1000411e <async_context_base_execute_once+0xb2>
1000413c:	9400      	str	r4, [sp, #0]
1000413e:	9501      	str	r5, [sp, #4]
10004140:	9b00      	ldr	r3, [sp, #0]
10004142:	9c01      	ldr	r4, [sp, #4]
10004144:	4652      	mov	r2, sl
10004146:	0018      	movs	r0, r3
10004148:	0021      	movs	r1, r4
1000414a:	6113      	str	r3, [r2, #16]
1000414c:	6154      	str	r4, [r2, #20]
1000414e:	b002      	add	sp, #8
10004150:	bce0      	pop	{r5, r6, r7}
10004152:	46bb      	mov	fp, r7
10004154:	46b2      	mov	sl, r6
10004156:	46a8      	mov	r8, r5
10004158:	bdf0      	pop	{r4, r5, r6, r7, pc}
1000415a:	6824      	ldr	r4, [r4, #0]
1000415c:	2c00      	cmp	r4, #0
1000415e:	d1c7      	bne.n	100040f0 <async_context_base_execute_once+0x84>
10004160:	e7d1      	b.n	10004106 <async_context_base_execute_once+0x9a>
10004162:	0019      	movs	r1, r3
10004164:	4653      	mov	r3, sl
10004166:	685c      	ldr	r4, [r3, #4]
10004168:	2c00      	cmp	r4, #0
1000416a:	d1bf      	bne.n	100040ec <async_context_base_execute_once+0x80>
1000416c:	e7cf      	b.n	1000410e <async_context_base_execute_once+0xa2>
1000416e:	46c0      	nop			@ (mov r8, r8)
10004170:	10009dd8 	.word	0x10009dd8

10004174 <async_context_base_needs_servicing>:
10004174:	b5f0      	push	{r4, r5, r6, r7, lr}
10004176:	46c6      	mov	lr, r8
10004178:	4680      	mov	r8, r0
1000417a:	b500      	push	{lr}
1000417c:	f7fd f9f2 	bl	10001564 <time_us_64>
10004180:	4643      	mov	r3, r8
10004182:	689b      	ldr	r3, [r3, #8]
10004184:	0006      	movs	r6, r0
10004186:	000f      	movs	r7, r1
10004188:	2b00      	cmp	r3, #0
1000418a:	d103      	bne.n	10004194 <async_context_base_needs_servicing+0x20>
1000418c:	e00e      	b.n	100041ac <async_context_base_needs_servicing+0x38>
1000418e:	681b      	ldr	r3, [r3, #0]
10004190:	2b00      	cmp	r3, #0
10004192:	d00b      	beq.n	100041ac <async_context_base_needs_servicing+0x38>
10004194:	689c      	ldr	r4, [r3, #8]
10004196:	68dd      	ldr	r5, [r3, #12]
10004198:	0031      	movs	r1, r6
1000419a:	003a      	movs	r2, r7
1000419c:	1b09      	subs	r1, r1, r4
1000419e:	41aa      	sbcs	r2, r5
100041a0:	2a00      	cmp	r2, #0
100041a2:	dbf4      	blt.n	1000418e <async_context_base_needs_servicing+0x1a>
100041a4:	2001      	movs	r0, #1
100041a6:	bc80      	pop	{r7}
100041a8:	46b8      	mov	r8, r7
100041aa:	bdf0      	pop	{r4, r5, r6, r7, pc}
100041ac:	4643      	mov	r3, r8
100041ae:	685b      	ldr	r3, [r3, #4]
100041b0:	2b00      	cmp	r3, #0
100041b2:	d103      	bne.n	100041bc <async_context_base_needs_servicing+0x48>
100041b4:	e006      	b.n	100041c4 <async_context_base_needs_servicing+0x50>
100041b6:	681b      	ldr	r3, [r3, #0]
100041b8:	2b00      	cmp	r3, #0
100041ba:	d0f4      	beq.n	100041a6 <async_context_base_needs_servicing+0x32>
100041bc:	7a18      	ldrb	r0, [r3, #8]
100041be:	2800      	cmp	r0, #0
100041c0:	d0f9      	beq.n	100041b6 <async_context_base_needs_servicing+0x42>
100041c2:	e7f0      	b.n	100041a6 <async_context_base_needs_servicing+0x32>
100041c4:	2000      	movs	r0, #0
100041c6:	e7ee      	b.n	100041a6 <async_context_base_needs_servicing+0x32>

100041c8 <pvPortMalloc>:
100041c8:	b5f0      	push	{r4, r5, r6, r7, lr}
100041ca:	46c6      	mov	lr, r8
100041cc:	1e43      	subs	r3, r0, #1
100041ce:	b500      	push	{lr}
100041d0:	330a      	adds	r3, #10
100041d2:	d814      	bhi.n	100041fe <pvPortMalloc+0x36>
100041d4:	2307      	movs	r3, #7
100041d6:	0004      	movs	r4, r0
100041d8:	001a      	movs	r2, r3
100041da:	3408      	adds	r4, #8
100041dc:	4022      	ands	r2, r4
100041de:	4223      	tst	r3, r4
100041e0:	d06c      	beq.n	100042bc <pvPortMalloc+0xf4>
100041e2:	0013      	movs	r3, r2
100041e4:	3b09      	subs	r3, #9
100041e6:	42a3      	cmp	r3, r4
100041e8:	d309      	bcc.n	100041fe <pvPortMalloc+0x36>
100041ea:	3010      	adds	r0, #16
100041ec:	1a84      	subs	r4, r0, r2
100041ee:	f000 fcdb 	bl	10004ba8 <vTaskSuspendAll>
100041f2:	4a37      	ldr	r2, [pc, #220]	@ (100042d0 <pvPortMalloc+0x108>)
100041f4:	0027      	movs	r7, r4
100041f6:	6815      	ldr	r5, [r2, #0]
100041f8:	2d00      	cmp	r5, #0
100041fa:	d128      	bne.n	1000424e <pvPortMalloc+0x86>
100041fc:	e00e      	b.n	1000421c <pvPortMalloc+0x54>
100041fe:	f000 fcd3 	bl	10004ba8 <vTaskSuspendAll>
10004202:	4a33      	ldr	r2, [pc, #204]	@ (100042d0 <pvPortMalloc+0x108>)
10004204:	6813      	ldr	r3, [r2, #0]
10004206:	2b00      	cmp	r3, #0
10004208:	d006      	beq.n	10004218 <pvPortMalloc+0x50>
1000420a:	2500      	movs	r5, #0
1000420c:	f000 fcd4 	bl	10004bb8 <xTaskResumeAll>
10004210:	0028      	movs	r0, r5
10004212:	bc80      	pop	{r7}
10004214:	46b8      	mov	r8, r7
10004216:	bdf0      	pop	{r4, r5, r6, r7, pc}
10004218:	2700      	movs	r7, #0
1000421a:	2400      	movs	r4, #0
1000421c:	2007      	movs	r0, #7
1000421e:	4d2d      	ldr	r5, [pc, #180]	@ (100042d4 <pvPortMalloc+0x10c>)
10004220:	002b      	movs	r3, r5
10004222:	0029      	movs	r1, r5
10004224:	4228      	tst	r0, r5
10004226:	d145      	bne.n	100042b4 <pvPortMalloc+0xec>
10004228:	2000      	movs	r0, #0
1000422a:	4e2b      	ldr	r6, [pc, #172]	@ (100042d8 <pvPortMalloc+0x110>)
1000422c:	6070      	str	r0, [r6, #4]
1000422e:	6031      	str	r1, [r6, #0]
10004230:	4e2a      	ldr	r6, [pc, #168]	@ (100042dc <pvPortMalloc+0x114>)
10004232:	46b4      	mov	ip, r6
10004234:	2607      	movs	r6, #7
10004236:	4465      	add	r5, ip
10004238:	43b5      	bics	r5, r6
1000423a:	6015      	str	r5, [r2, #0]
1000423c:	4a28      	ldr	r2, [pc, #160]	@ (100042e0 <pvPortMalloc+0x118>)
1000423e:	1aeb      	subs	r3, r5, r3
10004240:	6013      	str	r3, [r2, #0]
10004242:	4a28      	ldr	r2, [pc, #160]	@ (100042e4 <pvPortMalloc+0x11c>)
10004244:	6068      	str	r0, [r5, #4]
10004246:	6028      	str	r0, [r5, #0]
10004248:	6013      	str	r3, [r2, #0]
1000424a:	604b      	str	r3, [r1, #4]
1000424c:	600d      	str	r5, [r1, #0]
1000424e:	2f00      	cmp	r7, #0
10004250:	dddb      	ble.n	1000420a <pvPortMalloc+0x42>
10004252:	4f24      	ldr	r7, [pc, #144]	@ (100042e4 <pvPortMalloc+0x11c>)
10004254:	683e      	ldr	r6, [r7, #0]
10004256:	42a6      	cmp	r6, r4
10004258:	d3d7      	bcc.n	1000420a <pvPortMalloc+0x42>
1000425a:	481f      	ldr	r0, [pc, #124]	@ (100042d8 <pvPortMalloc+0x110>)
1000425c:	6803      	ldr	r3, [r0, #0]
1000425e:	e004      	b.n	1000426a <pvPortMalloc+0xa2>
10004260:	681a      	ldr	r2, [r3, #0]
10004262:	2a00      	cmp	r2, #0
10004264:	d004      	beq.n	10004270 <pvPortMalloc+0xa8>
10004266:	0018      	movs	r0, r3
10004268:	0013      	movs	r3, r2
1000426a:	6859      	ldr	r1, [r3, #4]
1000426c:	42a1      	cmp	r1, r4
1000426e:	d3f7      	bcc.n	10004260 <pvPortMalloc+0x98>
10004270:	42ab      	cmp	r3, r5
10004272:	d0ca      	beq.n	1000420a <pvPortMalloc+0x42>
10004274:	001d      	movs	r5, r3
10004276:	681a      	ldr	r2, [r3, #0]
10004278:	3508      	adds	r5, #8
1000427a:	4690      	mov	r8, r2
1000427c:	6002      	str	r2, [r0, #0]
1000427e:	1b0a      	subs	r2, r1, r4
10004280:	2a10      	cmp	r2, #16
10004282:	d905      	bls.n	10004290 <pvPortMalloc+0xc8>
10004284:	1919      	adds	r1, r3, r4
10004286:	604a      	str	r2, [r1, #4]
10004288:	4642      	mov	r2, r8
1000428a:	600a      	str	r2, [r1, #0]
1000428c:	6001      	str	r1, [r0, #0]
1000428e:	0021      	movs	r1, r4
10004290:	4a13      	ldr	r2, [pc, #76]	@ (100042e0 <pvPortMalloc+0x118>)
10004292:	1a76      	subs	r6, r6, r1
10004294:	6810      	ldr	r0, [r2, #0]
10004296:	603e      	str	r6, [r7, #0]
10004298:	4286      	cmp	r6, r0
1000429a:	d200      	bcs.n	1000429e <pvPortMalloc+0xd6>
1000429c:	6016      	str	r6, [r2, #0]
1000429e:	2280      	movs	r2, #128	@ 0x80
100042a0:	0612      	lsls	r2, r2, #24
100042a2:	430a      	orrs	r2, r1
100042a4:	605a      	str	r2, [r3, #4]
100042a6:	2200      	movs	r2, #0
100042a8:	601a      	str	r2, [r3, #0]
100042aa:	4a0f      	ldr	r2, [pc, #60]	@ (100042e8 <pvPortMalloc+0x120>)
100042ac:	6813      	ldr	r3, [r2, #0]
100042ae:	3301      	adds	r3, #1
100042b0:	6013      	str	r3, [r2, #0]
100042b2:	e7ab      	b.n	1000420c <pvPortMalloc+0x44>
100042b4:	1deb      	adds	r3, r5, #7
100042b6:	4383      	bics	r3, r0
100042b8:	0019      	movs	r1, r3
100042ba:	e7b5      	b.n	10004228 <pvPortMalloc+0x60>
100042bc:	f000 fc74 	bl	10004ba8 <vTaskSuspendAll>
100042c0:	4a03      	ldr	r2, [pc, #12]	@ (100042d0 <pvPortMalloc+0x108>)
100042c2:	0027      	movs	r7, r4
100042c4:	6815      	ldr	r5, [r2, #0]
100042c6:	2d00      	cmp	r5, #0
100042c8:	d0a8      	beq.n	1000421c <pvPortMalloc+0x54>
100042ca:	2c00      	cmp	r4, #0
100042cc:	dac1      	bge.n	10004252 <pvPortMalloc+0x8a>
100042ce:	e79c      	b.n	1000420a <pvPortMalloc+0x42>
100042d0:	20001adc 	.word	0x20001adc
100042d4:	20001e80 	.word	0x20001e80
100042d8:	20021ec8 	.word	0x20021ec8
100042dc:	0001fff8 	.word	0x0001fff8
100042e0:	20021ea0 	.word	0x20021ea0
100042e4:	20021e9c 	.word	0x20021e9c
100042e8:	20021eac 	.word	0x20021eac

100042ec <vPortYield>:
100042ec:	2280      	movs	r2, #128	@ 0x80
100042ee:	4b04      	ldr	r3, [pc, #16]	@ (10004300 <vPortYield+0x14>)
100042f0:	0552      	lsls	r2, r2, #21
100042f2:	601a      	str	r2, [r3, #0]
100042f4:	f3bf 8f4f 	dsb	sy
100042f8:	f3bf 8f6f 	isb	sy
100042fc:	4770      	bx	lr
100042fe:	46c0      	nop			@ (mov r8, r8)
10004300:	e000ed04 	.word	0xe000ed04

10004304 <vPortEnterCritical>:
10004304:	b672      	cpsid	i
10004306:	4a04      	ldr	r2, [pc, #16]	@ (10004318 <vPortEnterCritical+0x14>)
10004308:	6813      	ldr	r3, [r2, #0]
1000430a:	3301      	adds	r3, #1
1000430c:	6013      	str	r3, [r2, #0]
1000430e:	f3bf 8f4f 	dsb	sy
10004312:	f3bf 8f6f 	isb	sy
10004316:	4770      	bx	lr
10004318:	20021e84 	.word	0x20021e84

1000431c <vPortExitCritical>:
1000431c:	4a09      	ldr	r2, [pc, #36]	@ (10004344 <vPortExitCritical+0x28>)
1000431e:	6813      	ldr	r3, [r2, #0]
10004320:	3b01      	subs	r3, #1
10004322:	6013      	str	r3, [r2, #0]
10004324:	2b00      	cmp	r3, #0
10004326:	d10c      	bne.n	10004342 <vPortExitCritical+0x26>
10004328:	4907      	ldr	r1, [pc, #28]	@ (10004348 <vPortExitCritical+0x2c>)
1000432a:	680a      	ldr	r2, [r1, #0]
1000432c:	2a00      	cmp	r2, #0
1000432e:	d007      	beq.n	10004340 <vPortExitCritical+0x24>
10004330:	600b      	str	r3, [r1, #0]
10004332:	4906      	ldr	r1, [pc, #24]	@ (1000434c <vPortExitCritical+0x30>)
10004334:	6809      	ldr	r1, [r1, #0]
10004336:	f3bf 8f5f 	dmb	sy
1000433a:	6013      	str	r3, [r2, #0]
1000433c:	f381 8810 	msr	PRIMASK, r1
10004340:	b662      	cpsie	i
10004342:	4770      	bx	lr
10004344:	20021e84 	.word	0x20021e84
10004348:	20001d64 	.word	0x20001d64
1000434c:	20021e80 	.word	0x20021e80

10004350 <ulSetInterruptMaskFromISR>:
10004350:	f3ef 8010 	mrs	r0, PRIMASK
10004354:	b672      	cpsid	i
10004356:	4770      	bx	lr

10004358 <vClearInterruptMaskFromISR>:
10004358:	f380 8810 	msr	PRIMASK, r0
1000435c:	4770      	bx	lr
1000435e:	46c0      	nop			@ (mov r8, r8)

10004360 <ulPortLockGetCurrentOwnerId>:
10004360:	23d0      	movs	r3, #208	@ 0xd0
10004362:	b510      	push	{r4, lr}
10004364:	061b      	lsls	r3, r3, #24
10004366:	6818      	ldr	r0, [r3, #0]
10004368:	4b07      	ldr	r3, [pc, #28]	@ (10004388 <ulPortLockGetCurrentOwnerId+0x28>)
1000436a:	781b      	ldrb	r3, [r3, #0]
1000436c:	4283      	cmp	r3, r0
1000436e:	d000      	beq.n	10004372 <ulPortLockGetCurrentOwnerId+0x12>
10004370:	bd10      	pop	{r4, pc}
10004372:	f3ef 8305 	mrs	r3, IPSR
10004376:	2b00      	cmp	r3, #0
10004378:	d002      	beq.n	10004380 <ulPortLockGetCurrentOwnerId+0x20>
1000437a:	005b      	lsls	r3, r3, #1
1000437c:	18c0      	adds	r0, r0, r3
1000437e:	e7f7      	b.n	10004370 <ulPortLockGetCurrentOwnerId+0x10>
10004380:	f000 fdf6 	bl	10004f70 <xTaskGetCurrentTaskHandle>
10004384:	e7f4      	b.n	10004370 <ulPortLockGetCurrentOwnerId+0x10>
10004386:	46c0      	nop			@ (mov r8, r8)
10004388:	200006a0 	.word	0x200006a0

1000438c <vPortLockInternalSpinUnlockWithWait>:
1000438c:	b500      	push	{lr}
1000438e:	4a14      	ldr	r2, [pc, #80]	@ (100043e0 <vPortLockInternalSpinUnlockWithWait+0x54>)
10004390:	6803      	ldr	r3, [r0, #0]
10004392:	7810      	ldrb	r0, [r2, #0]
10004394:	22d0      	movs	r2, #208	@ 0xd0
10004396:	0612      	lsls	r2, r2, #24
10004398:	6812      	ldr	r2, [r2, #0]
1000439a:	b083      	sub	sp, #12
1000439c:	4290      	cmp	r0, r2
1000439e:	d008      	beq.n	100043b2 <vPortLockInternalSpinUnlockWithWait+0x26>
100043a0:	f3bf 8f5f 	dmb	sy
100043a4:	2200      	movs	r2, #0
100043a6:	601a      	str	r2, [r3, #0]
100043a8:	f381 8810 	msr	PRIMASK, r1
100043ac:	bf20      	wfe
100043ae:	b003      	add	sp, #12
100043b0:	bd00      	pop	{pc}
100043b2:	4a0c      	ldr	r2, [pc, #48]	@ (100043e4 <vPortLockInternalSpinUnlockWithWait+0x58>)
100043b4:	6013      	str	r3, [r2, #0]
100043b6:	4a0c      	ldr	r2, [pc, #48]	@ (100043e8 <vPortLockInternalSpinUnlockWithWait+0x5c>)
100043b8:	6011      	str	r1, [r2, #0]
100043ba:	4a0c      	ldr	r2, [pc, #48]	@ (100043ec <vPortLockInternalSpinUnlockWithWait+0x60>)
100043bc:	2102      	movs	r1, #2
100043be:	4694      	mov	ip, r2
100043c0:	4463      	add	r3, ip
100043c2:	109b      	asrs	r3, r3, #2
100043c4:	31ff      	adds	r1, #255	@ 0xff
100043c6:	4099      	lsls	r1, r3
100043c8:	4b09      	ldr	r3, [pc, #36]	@ (100043f0 <vPortLockInternalSpinUnlockWithWait+0x64>)
100043ca:	2201      	movs	r2, #1
100043cc:	6818      	ldr	r0, [r3, #0]
100043ce:	2301      	movs	r3, #1
100043d0:	425b      	negs	r3, r3
100043d2:	9300      	str	r3, [sp, #0]
100043d4:	0a09      	lsrs	r1, r1, #8
100043d6:	2300      	movs	r3, #0
100043d8:	f000 f956 	bl	10004688 <xEventGroupWaitBits>
100043dc:	e7e7      	b.n	100043ae <vPortLockInternalSpinUnlockWithWait+0x22>
100043de:	46c0      	nop			@ (mov r8, r8)
100043e0:	200006a0 	.word	0x200006a0
100043e4:	20001d64 	.word	0x20001d64
100043e8:	20021e80 	.word	0x20021e80
100043ec:	2fffff00 	.word	0x2fffff00
100043f0:	20021e98 	.word	0x20021e98

100043f4 <vPortLockInternalSpinUnlockWithNotify>:
100043f4:	000a      	movs	r2, r1
100043f6:	492b      	ldr	r1, [pc, #172]	@ (100044a4 <vPortLockInternalSpinUnlockWithNotify+0xb0>)
100043f8:	6803      	ldr	r3, [r0, #0]
100043fa:	468c      	mov	ip, r1
100043fc:	2102      	movs	r1, #2
100043fe:	b530      	push	{r4, r5, lr}
10004400:	4463      	add	r3, ip
10004402:	109b      	asrs	r3, r3, #2
10004404:	31ff      	adds	r1, #255	@ 0xff
10004406:	4099      	lsls	r1, r3
10004408:	4b27      	ldr	r3, [pc, #156]	@ (100044a8 <vPortLockInternalSpinUnlockWithNotify+0xb4>)
1000440a:	b083      	sub	sp, #12
1000440c:	781c      	ldrb	r4, [r3, #0]
1000440e:	23d0      	movs	r3, #208	@ 0xd0
10004410:	061b      	lsls	r3, r3, #24
10004412:	681b      	ldr	r3, [r3, #0]
10004414:	0a09      	lsrs	r1, r1, #8
10004416:	429c      	cmp	r4, r3
10004418:	d01f      	beq.n	1000445a <vPortLockInternalSpinUnlockWithNotify+0x66>
1000441a:	bf40      	sev
1000441c:	4d23      	ldr	r5, [pc, #140]	@ (100044ac <vPortLockInternalSpinUnlockWithNotify+0xb8>)
1000441e:	6803      	ldr	r3, [r0, #0]
10004420:	682c      	ldr	r4, [r5, #0]
10004422:	42a3      	cmp	r3, r4
10004424:	d034      	beq.n	10004490 <vPortLockInternalSpinUnlockWithNotify+0x9c>
10004426:	6823      	ldr	r3, [r4, #0]
10004428:	2b00      	cmp	r3, #0
1000442a:	d0fc      	beq.n	10004426 <vPortLockInternalSpinUnlockWithNotify+0x32>
1000442c:	f3bf 8f5f 	dmb	sy
10004430:	4c1f      	ldr	r4, [pc, #124]	@ (100044b0 <vPortLockInternalSpinUnlockWithNotify+0xbc>)
10004432:	6823      	ldr	r3, [r4, #0]
10004434:	430b      	orrs	r3, r1
10004436:	6023      	str	r3, [r4, #0]
10004438:	682b      	ldr	r3, [r5, #0]
1000443a:	f3bf 8f5f 	dmb	sy
1000443e:	2100      	movs	r1, #0
10004440:	6019      	str	r1, [r3, #0]
10004442:	6803      	ldr	r3, [r0, #0]
10004444:	20d0      	movs	r0, #208	@ 0xd0
10004446:	2100      	movs	r1, #0
10004448:	0600      	lsls	r0, r0, #24
1000444a:	6541      	str	r1, [r0, #84]	@ 0x54
1000444c:	f3bf 8f5f 	dmb	sy
10004450:	6019      	str	r1, [r3, #0]
10004452:	f382 8810 	msr	PRIMASK, r2
10004456:	b003      	add	sp, #12
10004458:	bd30      	pop	{r4, r5, pc}
1000445a:	bf40      	sev
1000445c:	6803      	ldr	r3, [r0, #0]
1000445e:	f3bf 8f5f 	dmb	sy
10004462:	2000      	movs	r0, #0
10004464:	6018      	str	r0, [r3, #0]
10004466:	f382 8810 	msr	PRIMASK, r2
1000446a:	f3ef 8305 	mrs	r3, IPSR
1000446e:	b2db      	uxtb	r3, r3
10004470:	2b00      	cmp	r3, #0
10004472:	d012      	beq.n	1000449a <vPortLockInternalSpinUnlockWithNotify+0xa6>
10004474:	4b0f      	ldr	r3, [pc, #60]	@ (100044b4 <vPortLockInternalSpinUnlockWithNotify+0xc0>)
10004476:	9001      	str	r0, [sp, #4]
10004478:	aa01      	add	r2, sp, #4
1000447a:	6818      	ldr	r0, [r3, #0]
1000447c:	f000 f9aa 	bl	100047d4 <xEventGroupSetBitsFromISR>
10004480:	9b01      	ldr	r3, [sp, #4]
10004482:	2b00      	cmp	r3, #0
10004484:	d0e7      	beq.n	10004456 <vPortLockInternalSpinUnlockWithNotify+0x62>
10004486:	2280      	movs	r2, #128	@ 0x80
10004488:	4b0b      	ldr	r3, [pc, #44]	@ (100044b8 <vPortLockInternalSpinUnlockWithNotify+0xc4>)
1000448a:	0552      	lsls	r2, r2, #21
1000448c:	601a      	str	r2, [r3, #0]
1000448e:	e7e2      	b.n	10004456 <vPortLockInternalSpinUnlockWithNotify+0x62>
10004490:	4c07      	ldr	r4, [pc, #28]	@ (100044b0 <vPortLockInternalSpinUnlockWithNotify+0xbc>)
10004492:	6820      	ldr	r0, [r4, #0]
10004494:	4308      	orrs	r0, r1
10004496:	6020      	str	r0, [r4, #0]
10004498:	e7d4      	b.n	10004444 <vPortLockInternalSpinUnlockWithNotify+0x50>
1000449a:	4b06      	ldr	r3, [pc, #24]	@ (100044b4 <vPortLockInternalSpinUnlockWithNotify+0xc0>)
1000449c:	6818      	ldr	r0, [r3, #0]
1000449e:	f000 f94f 	bl	10004740 <xEventGroupSetBits>
100044a2:	e7d8      	b.n	10004456 <vPortLockInternalSpinUnlockWithNotify+0x62>
100044a4:	2fffff00 	.word	0x2fffff00
100044a8:	200006a0 	.word	0x200006a0
100044ac:	20001ad0 	.word	0x20001ad0
100044b0:	20021e88 	.word	0x20021e88
100044b4:	20021e98 	.word	0x20021e98
100044b8:	e000ed04 	.word	0xe000ed04

100044bc <xPortLockInternalSpinUnlockWithBestEffortWaitOrTimeout>:
100044bc:	b5f0      	push	{r4, r5, r6, r7, lr}
100044be:	46ce      	mov	lr, r9
100044c0:	4647      	mov	r7, r8
100044c2:	b580      	push	{r7, lr}
100044c4:	001d      	movs	r5, r3
100044c6:	4b34      	ldr	r3, [pc, #208]	@ (10004598 <xPortLockInternalSpinUnlockWithBestEffortWaitOrTimeout+0xdc>)
100044c8:	0014      	movs	r4, r2
100044ca:	781a      	ldrb	r2, [r3, #0]
100044cc:	23d0      	movs	r3, #208	@ 0xd0
100044ce:	061b      	lsls	r3, r3, #24
100044d0:	681b      	ldr	r3, [r3, #0]
100044d2:	4681      	mov	r9, r0
100044d4:	4688      	mov	r8, r1
100044d6:	b083      	sub	sp, #12
100044d8:	429a      	cmp	r2, r3
100044da:	d00f      	beq.n	100044fc <xPortLockInternalSpinUnlockWithBestEffortWaitOrTimeout+0x40>
100044dc:	6803      	ldr	r3, [r0, #0]
100044de:	f3bf 8f5f 	dmb	sy
100044e2:	2200      	movs	r2, #0
100044e4:	601a      	str	r2, [r3, #0]
100044e6:	f381 8810 	msr	PRIMASK, r1
100044ea:	0020      	movs	r0, r4
100044ec:	0029      	movs	r1, r5
100044ee:	f7fc ff7f 	bl	100013f0 <best_effort_wfe_or_timeout>
100044f2:	b003      	add	sp, #12
100044f4:	bcc0      	pop	{r6, r7}
100044f6:	46b9      	mov	r9, r7
100044f8:	46b0      	mov	r8, r6
100044fa:	bdf0      	pop	{r4, r5, r6, r7, pc}
100044fc:	f7fd f832 	bl	10001564 <time_us_64>
10004500:	0022      	movs	r2, r4
10004502:	002b      	movs	r3, r5
10004504:	2701      	movs	r7, #1
10004506:	1a12      	subs	r2, r2, r0
10004508:	418b      	sbcs	r3, r1
1000450a:	4e24      	ldr	r6, [pc, #144]	@ (1000459c <xPortLockInternalSpinUnlockWithBestEffortWaitOrTimeout+0xe0>)
1000450c:	427f      	negs	r7, r7
1000450e:	18b6      	adds	r6, r6, r2
10004510:	415f      	adcs	r7, r3
10004512:	2f00      	cmp	r7, #0
10004514:	dc20      	bgt.n	10004558 <xPortLockInternalSpinUnlockWithBestEffortWaitOrTimeout+0x9c>
10004516:	d01b      	beq.n	10004550 <xPortLockInternalSpinUnlockWithBestEffortWaitOrTimeout+0x94>
10004518:	464b      	mov	r3, r9
1000451a:	681b      	ldr	r3, [r3, #0]
1000451c:	f3bf 8f5f 	dmb	sy
10004520:	2200      	movs	r2, #0
10004522:	601a      	str	r2, [r3, #0]
10004524:	f388 8810 	msr	PRIMASK, r8
10004528:	4b1d      	ldr	r3, [pc, #116]	@ (100045a0 <xPortLockInternalSpinUnlockWithBestEffortWaitOrTimeout+0xe4>)
1000452a:	6a5a      	ldr	r2, [r3, #36]	@ 0x24
1000452c:	4295      	cmp	r5, r2
1000452e:	d805      	bhi.n	1000453c <xPortLockInternalSpinUnlockWithBestEffortWaitOrTimeout+0x80>
10004530:	6a9b      	ldr	r3, [r3, #40]	@ 0x28
10004532:	2001      	movs	r0, #1
10004534:	42a3      	cmp	r3, r4
10004536:	d2dc      	bcs.n	100044f2 <xPortLockInternalSpinUnlockWithBestEffortWaitOrTimeout+0x36>
10004538:	4295      	cmp	r5, r2
1000453a:	d1da      	bne.n	100044f2 <xPortLockInternalSpinUnlockWithBestEffortWaitOrTimeout+0x36>
1000453c:	2280      	movs	r2, #128	@ 0x80
1000453e:	4b19      	ldr	r3, [pc, #100]	@ (100045a4 <xPortLockInternalSpinUnlockWithBestEffortWaitOrTimeout+0xe8>)
10004540:	0552      	lsls	r2, r2, #21
10004542:	601a      	str	r2, [r3, #0]
10004544:	f3bf 8f4f 	dsb	sy
10004548:	f3bf 8f6f 	isb	sy
1000454c:	2000      	movs	r0, #0
1000454e:	e7d0      	b.n	100044f2 <xPortLockInternalSpinUnlockWithBestEffortWaitOrTimeout+0x36>
10004550:	23fa      	movs	r3, #250	@ 0xfa
10004552:	009b      	lsls	r3, r3, #2
10004554:	429e      	cmp	r6, r3
10004556:	d3df      	bcc.n	10004518 <xPortLockInternalSpinUnlockWithBestEffortWaitOrTimeout+0x5c>
10004558:	22fa      	movs	r2, #250	@ 0xfa
1000455a:	2300      	movs	r3, #0
1000455c:	0030      	movs	r0, r6
1000455e:	0039      	movs	r1, r7
10004560:	0092      	lsls	r2, r2, #2
10004562:	f7fd fb3d 	bl	10001be0 <__wrap___aeabi_ldivmod>
10004566:	1e03      	subs	r3, r0, #0
10004568:	d0d6      	beq.n	10004518 <xPortLockInternalSpinUnlockWithBestEffortWaitOrTimeout+0x5c>
1000456a:	464a      	mov	r2, r9
1000456c:	4640      	mov	r0, r8
1000456e:	6812      	ldr	r2, [r2, #0]
10004570:	490d      	ldr	r1, [pc, #52]	@ (100045a8 <xPortLockInternalSpinUnlockWithBestEffortWaitOrTimeout+0xec>)
10004572:	600a      	str	r2, [r1, #0]
10004574:	490d      	ldr	r1, [pc, #52]	@ (100045ac <xPortLockInternalSpinUnlockWithBestEffortWaitOrTimeout+0xf0>)
10004576:	6008      	str	r0, [r1, #0]
10004578:	490d      	ldr	r1, [pc, #52]	@ (100045b0 <xPortLockInternalSpinUnlockWithBestEffortWaitOrTimeout+0xf4>)
1000457a:	468c      	mov	ip, r1
1000457c:	2102      	movs	r1, #2
1000457e:	4462      	add	r2, ip
10004580:	1092      	asrs	r2, r2, #2
10004582:	31ff      	adds	r1, #255	@ 0xff
10004584:	4091      	lsls	r1, r2
10004586:	4a0b      	ldr	r2, [pc, #44]	@ (100045b4 <xPortLockInternalSpinUnlockWithBestEffortWaitOrTimeout+0xf8>)
10004588:	0a09      	lsrs	r1, r1, #8
1000458a:	6810      	ldr	r0, [r2, #0]
1000458c:	9300      	str	r3, [sp, #0]
1000458e:	2201      	movs	r2, #1
10004590:	2300      	movs	r3, #0
10004592:	f000 f879 	bl	10004688 <xEventGroupWaitBits>
10004596:	e7c7      	b.n	10004528 <xPortLockInternalSpinUnlockWithBestEffortWaitOrTimeout+0x6c>
10004598:	200006a0 	.word	0x200006a0
1000459c:	fffffc18 	.word	0xfffffc18
100045a0:	40054000 	.word	0x40054000
100045a4:	e000ed04 	.word	0xe000ed04
100045a8:	20001d64 	.word	0x20001d64
100045ac:	20021e80 	.word	0x20021e80
100045b0:	2fffff00 	.word	0x2fffff00
100045b4:	20021e98 	.word	0x20021e98

100045b8 <prvRuntimeInitializer>:
100045b8:	b510      	push	{r4, lr}
100045ba:	f7fb ffdd 	bl	10000578 <next_striped_spin_lock_num>
100045be:	4a05      	ldr	r2, [pc, #20]	@ (100045d4 <prvRuntimeInitializer+0x1c>)
100045c0:	4b05      	ldr	r3, [pc, #20]	@ (100045d8 <prvRuntimeInitializer+0x20>)
100045c2:	4694      	mov	ip, r2
100045c4:	4460      	add	r0, ip
100045c6:	0080      	lsls	r0, r0, #2
100045c8:	6018      	str	r0, [r3, #0]
100045ca:	f000 f851 	bl	10004670 <xEventGroupCreate>
100045ce:	4b03      	ldr	r3, [pc, #12]	@ (100045dc <prvRuntimeInitializer+0x24>)
100045d0:	6018      	str	r0, [r3, #0]
100045d2:	bd10      	pop	{r4, pc}
100045d4:	34000040 	.word	0x34000040
100045d8:	20001ad0 	.word	0x20001ad0
100045dc:	20021e98 	.word	0x20021e98

100045e0 <vEventGroupSetBitsCallback>:
100045e0:	b5f8      	push	{r3, r4, r5, r6, r7, lr}
100045e2:	46de      	mov	lr, fp
100045e4:	4657      	mov	r7, sl
100045e6:	464e      	mov	r6, r9
100045e8:	4645      	mov	r5, r8
100045ea:	b5e0      	push	{r5, r6, r7, lr}
100045ec:	0005      	movs	r5, r0
100045ee:	000f      	movs	r7, r1
100045f0:	0006      	movs	r6, r0
100045f2:	f000 fad9 	bl	10004ba8 <vTaskSuspendAll>
100045f6:	6829      	ldr	r1, [r5, #0]
100045f8:	692c      	ldr	r4, [r5, #16]
100045fa:	4339      	orrs	r1, r7
100045fc:	360c      	adds	r6, #12
100045fe:	6029      	str	r1, [r5, #0]
10004600:	42a6      	cmp	r6, r4
10004602:	d02c      	beq.n	1000465e <vEventGroupSetBitsCallback+0x7e>
10004604:	2300      	movs	r3, #0
10004606:	4698      	mov	r8, r3
10004608:	2380      	movs	r3, #128	@ 0x80
1000460a:	04db      	lsls	r3, r3, #19
1000460c:	469b      	mov	fp, r3
1000460e:	2380      	movs	r3, #128	@ 0x80
10004610:	045b      	lsls	r3, r3, #17
10004612:	469a      	mov	sl, r3
10004614:	2380      	movs	r3, #128	@ 0x80
10004616:	049b      	lsls	r3, r3, #18
10004618:	4699      	mov	r9, r3
1000461a:	e00f      	b.n	1000463c <vEventGroupSetBitsCallback+0x5c>
1000461c:	4667      	mov	r7, ip
1000461e:	2f00      	cmp	r7, #0
10004620:	d00a      	beq.n	10004638 <vEventGroupSetBitsCallback+0x58>
10004622:	4657      	mov	r7, sl
10004624:	423a      	tst	r2, r7
10004626:	d002      	beq.n	1000462e <vEventGroupSetBitsCallback+0x4e>
10004628:	4642      	mov	r2, r8
1000462a:	431a      	orrs	r2, r3
1000462c:	4690      	mov	r8, r2
1000462e:	464b      	mov	r3, r9
10004630:	4319      	orrs	r1, r3
10004632:	f000 fc53 	bl	10004edc <vTaskRemoveFromUnorderedEventList>
10004636:	6829      	ldr	r1, [r5, #0]
10004638:	42a6      	cmp	r6, r4
1000463a:	d00e      	beq.n	1000465a <vEventGroupSetBitsCallback+0x7a>
1000463c:	0020      	movs	r0, r4
1000463e:	000f      	movs	r7, r1
10004640:	6802      	ldr	r2, [r0, #0]
10004642:	6864      	ldr	r4, [r4, #4]
10004644:	0213      	lsls	r3, r2, #8
10004646:	0a1b      	lsrs	r3, r3, #8
10004648:	401f      	ands	r7, r3
1000464a:	46bc      	mov	ip, r7
1000464c:	465f      	mov	r7, fp
1000464e:	423a      	tst	r2, r7
10004650:	d0e4      	beq.n	1000461c <vEventGroupSetBitsCallback+0x3c>
10004652:	4563      	cmp	r3, ip
10004654:	d0e5      	beq.n	10004622 <vEventGroupSetBitsCallback+0x42>
10004656:	42a6      	cmp	r6, r4
10004658:	d1f0      	bne.n	1000463c <vEventGroupSetBitsCallback+0x5c>
1000465a:	4643      	mov	r3, r8
1000465c:	4399      	bics	r1, r3
1000465e:	6029      	str	r1, [r5, #0]
10004660:	f000 faaa 	bl	10004bb8 <xTaskResumeAll>
10004664:	bcf0      	pop	{r4, r5, r6, r7}
10004666:	46bb      	mov	fp, r7
10004668:	46b2      	mov	sl, r6
1000466a:	46a9      	mov	r9, r5
1000466c:	46a0      	mov	r8, r4
1000466e:	bdf8      	pop	{r3, r4, r5, r6, r7, pc}

10004670 <xEventGroupCreate>:
10004670:	b510      	push	{r4, lr}
10004672:	201c      	movs	r0, #28
10004674:	f7ff fda8 	bl	100041c8 <pvPortMalloc>
10004678:	1e04      	subs	r4, r0, #0
1000467a:	d003      	beq.n	10004684 <xEventGroupCreate+0x14>
1000467c:	2300      	movs	r3, #0
1000467e:	c008      	stmia	r0!, {r3}
10004680:	f000 f8b4 	bl	100047ec <vListInitialise>
10004684:	0020      	movs	r0, r4
10004686:	bd10      	pop	{r4, pc}

10004688 <xEventGroupWaitBits>:
10004688:	b5f0      	push	{r4, r5, r6, r7, lr}
1000468a:	46c6      	mov	lr, r8
1000468c:	0006      	movs	r6, r0
1000468e:	b500      	push	{lr}
10004690:	000d      	movs	r5, r1
10004692:	4690      	mov	r8, r2
10004694:	001f      	movs	r7, r3
10004696:	f000 fa87 	bl	10004ba8 <vTaskSuspendAll>
1000469a:	6834      	ldr	r4, [r6, #0]
1000469c:	2f00      	cmp	r7, #0
1000469e:	d113      	bne.n	100046c8 <xEventGroupWaitBits+0x40>
100046a0:	4225      	tst	r5, r4
100046a2:	d00b      	beq.n	100046bc <xEventGroupWaitBits+0x34>
100046a4:	4643      	mov	r3, r8
100046a6:	2b00      	cmp	r3, #0
100046a8:	d00b      	beq.n	100046c2 <xEventGroupWaitBits+0x3a>
100046aa:	0023      	movs	r3, r4
100046ac:	43ab      	bics	r3, r5
100046ae:	6033      	str	r3, [r6, #0]
100046b0:	f000 fa82 	bl	10004bb8 <xTaskResumeAll>
100046b4:	0020      	movs	r0, r4
100046b6:	bc80      	pop	{r7}
100046b8:	46b8      	mov	r8, r7
100046ba:	bdf0      	pop	{r4, r5, r6, r7, pc}
100046bc:	9b06      	ldr	r3, [sp, #24]
100046be:	2b00      	cmp	r3, #0
100046c0:	d121      	bne.n	10004706 <xEventGroupWaitBits+0x7e>
100046c2:	f000 fa79 	bl	10004bb8 <xTaskResumeAll>
100046c6:	e7f5      	b.n	100046b4 <xEventGroupWaitBits+0x2c>
100046c8:	002b      	movs	r3, r5
100046ca:	4023      	ands	r3, r4
100046cc:	429d      	cmp	r5, r3
100046ce:	d0e9      	beq.n	100046a4 <xEventGroupWaitBits+0x1c>
100046d0:	9b06      	ldr	r3, [sp, #24]
100046d2:	2b00      	cmp	r3, #0
100046d4:	d0f5      	beq.n	100046c2 <xEventGroupWaitBits+0x3a>
100046d6:	4643      	mov	r3, r8
100046d8:	2180      	movs	r1, #128	@ 0x80
100046da:	1e5a      	subs	r2, r3, #1
100046dc:	4193      	sbcs	r3, r2
100046de:	04c9      	lsls	r1, r1, #19
100046e0:	061b      	lsls	r3, r3, #24
100046e2:	4319      	orrs	r1, r3
100046e4:	9a06      	ldr	r2, [sp, #24]
100046e6:	4329      	orrs	r1, r5
100046e8:	1d30      	adds	r0, r6, #4
100046ea:	f000 fb2f 	bl	10004d4c <vTaskPlaceOnUnorderedEventList>
100046ee:	f000 fa63 	bl	10004bb8 <xTaskResumeAll>
100046f2:	2800      	cmp	r0, #0
100046f4:	d01c      	beq.n	10004730 <xEventGroupWaitBits+0xa8>
100046f6:	f000 fc73 	bl	10004fe0 <uxTaskResetEventItemValue>
100046fa:	0004      	movs	r4, r0
100046fc:	0183      	lsls	r3, r0, #6
100046fe:	d507      	bpl.n	10004710 <xEventGroupWaitBits+0x88>
10004700:	0224      	lsls	r4, r4, #8
10004702:	0a24      	lsrs	r4, r4, #8
10004704:	e7d6      	b.n	100046b4 <xEventGroupWaitBits+0x2c>
10004706:	4641      	mov	r1, r8
10004708:	1e4b      	subs	r3, r1, #1
1000470a:	4199      	sbcs	r1, r3
1000470c:	0609      	lsls	r1, r1, #24
1000470e:	e7e9      	b.n	100046e4 <xEventGroupWaitBits+0x5c>
10004710:	f7ff fdf8 	bl	10004304 <vPortEnterCritical>
10004714:	6834      	ldr	r4, [r6, #0]
10004716:	2f00      	cmp	r7, #0
10004718:	d10d      	bne.n	10004736 <xEventGroupWaitBits+0xae>
1000471a:	422c      	tst	r4, r5
1000471c:	d005      	beq.n	1000472a <xEventGroupWaitBits+0xa2>
1000471e:	4643      	mov	r3, r8
10004720:	2b00      	cmp	r3, #0
10004722:	d002      	beq.n	1000472a <xEventGroupWaitBits+0xa2>
10004724:	0023      	movs	r3, r4
10004726:	43ab      	bics	r3, r5
10004728:	6033      	str	r3, [r6, #0]
1000472a:	f7ff fdf7 	bl	1000431c <vPortExitCritical>
1000472e:	e7e7      	b.n	10004700 <xEventGroupWaitBits+0x78>
10004730:	f7ff fddc 	bl	100042ec <vPortYield>
10004734:	e7df      	b.n	100046f6 <xEventGroupWaitBits+0x6e>
10004736:	0023      	movs	r3, r4
10004738:	402b      	ands	r3, r5
1000473a:	429d      	cmp	r5, r3
1000473c:	d1f5      	bne.n	1000472a <xEventGroupWaitBits+0xa2>
1000473e:	e7ee      	b.n	1000471e <xEventGroupWaitBits+0x96>

10004740 <xEventGroupSetBits>:
10004740:	b5f8      	push	{r3, r4, r5, r6, r7, lr}
10004742:	46de      	mov	lr, fp
10004744:	4657      	mov	r7, sl
10004746:	464e      	mov	r6, r9
10004748:	4645      	mov	r5, r8
1000474a:	b5e0      	push	{r5, r6, r7, lr}
1000474c:	0005      	movs	r5, r0
1000474e:	000f      	movs	r7, r1
10004750:	0006      	movs	r6, r0
10004752:	f000 fa29 	bl	10004ba8 <vTaskSuspendAll>
10004756:	6829      	ldr	r1, [r5, #0]
10004758:	692c      	ldr	r4, [r5, #16]
1000475a:	4339      	orrs	r1, r7
1000475c:	360c      	adds	r6, #12
1000475e:	6029      	str	r1, [r5, #0]
10004760:	42a6      	cmp	r6, r4
10004762:	d02c      	beq.n	100047be <xEventGroupSetBits+0x7e>
10004764:	2300      	movs	r3, #0
10004766:	4698      	mov	r8, r3
10004768:	2380      	movs	r3, #128	@ 0x80
1000476a:	04db      	lsls	r3, r3, #19
1000476c:	469b      	mov	fp, r3
1000476e:	2380      	movs	r3, #128	@ 0x80
10004770:	045b      	lsls	r3, r3, #17
10004772:	469a      	mov	sl, r3
10004774:	2380      	movs	r3, #128	@ 0x80
10004776:	049b      	lsls	r3, r3, #18
10004778:	4699      	mov	r9, r3
1000477a:	e00f      	b.n	1000479c <xEventGroupSetBits+0x5c>
1000477c:	4667      	mov	r7, ip
1000477e:	2f00      	cmp	r7, #0
10004780:	d00a      	beq.n	10004798 <xEventGroupSetBits+0x58>
10004782:	4657      	mov	r7, sl
10004784:	423a      	tst	r2, r7
10004786:	d002      	beq.n	1000478e <xEventGroupSetBits+0x4e>
10004788:	4642      	mov	r2, r8
1000478a:	431a      	orrs	r2, r3
1000478c:	4690      	mov	r8, r2
1000478e:	464b      	mov	r3, r9
10004790:	4319      	orrs	r1, r3
10004792:	f000 fba3 	bl	10004edc <vTaskRemoveFromUnorderedEventList>
10004796:	6829      	ldr	r1, [r5, #0]
10004798:	42a6      	cmp	r6, r4
1000479a:	d00e      	beq.n	100047ba <xEventGroupSetBits+0x7a>
1000479c:	0020      	movs	r0, r4
1000479e:	000f      	movs	r7, r1
100047a0:	6802      	ldr	r2, [r0, #0]
100047a2:	6864      	ldr	r4, [r4, #4]
100047a4:	0213      	lsls	r3, r2, #8
100047a6:	0a1b      	lsrs	r3, r3, #8
100047a8:	401f      	ands	r7, r3
100047aa:	46bc      	mov	ip, r7
100047ac:	465f      	mov	r7, fp
100047ae:	423a      	tst	r2, r7
100047b0:	d0e4      	beq.n	1000477c <xEventGroupSetBits+0x3c>
100047b2:	4563      	cmp	r3, ip
100047b4:	d0e5      	beq.n	10004782 <xEventGroupSetBits+0x42>
100047b6:	42a6      	cmp	r6, r4
100047b8:	d1f0      	bne.n	1000479c <xEventGroupSetBits+0x5c>
100047ba:	4643      	mov	r3, r8
100047bc:	4399      	bics	r1, r3
100047be:	6029      	str	r1, [r5, #0]
100047c0:	f000 f9fa 	bl	10004bb8 <xTaskResumeAll>
100047c4:	6828      	ldr	r0, [r5, #0]
100047c6:	bcf0      	pop	{r4, r5, r6, r7}
100047c8:	46bb      	mov	fp, r7
100047ca:	46b2      	mov	sl, r6
100047cc:	46a9      	mov	r9, r5
100047ce:	46a0      	mov	r8, r4
100047d0:	bdf8      	pop	{r3, r4, r5, r6, r7, pc}
100047d2:	46c0      	nop			@ (mov r8, r8)

100047d4 <xEventGroupSetBitsFromISR>:
100047d4:	b510      	push	{r4, lr}
100047d6:	4c04      	ldr	r4, [pc, #16]	@ (100047e8 <xEventGroupSetBitsFromISR+0x14>)
100047d8:	0013      	movs	r3, r2
100047da:	000a      	movs	r2, r1
100047dc:	0001      	movs	r1, r0
100047de:	0020      	movs	r0, r4
100047e0:	f000 fc0a 	bl	10004ff8 <xTimerPendFunctionCallFromISR>
100047e4:	bd10      	pop	{r4, pc}
100047e6:	46c0      	nop			@ (mov r8, r8)
100047e8:	100045e1 	.word	0x100045e1

100047ec <vListInitialise>:
100047ec:	0003      	movs	r3, r0
100047ee:	3308      	adds	r3, #8
100047f0:	2201      	movs	r2, #1
100047f2:	6043      	str	r3, [r0, #4]
100047f4:	60c3      	str	r3, [r0, #12]
100047f6:	6103      	str	r3, [r0, #16]
100047f8:	2300      	movs	r3, #0
100047fa:	4252      	negs	r2, r2
100047fc:	6082      	str	r2, [r0, #8]
100047fe:	6003      	str	r3, [r0, #0]
10004800:	4770      	bx	lr
10004802:	46c0      	nop			@ (mov r8, r8)

10004804 <vListInsert>:
10004804:	0003      	movs	r3, r0
10004806:	b530      	push	{r4, r5, lr}
10004808:	680d      	ldr	r5, [r1, #0]
1000480a:	3308      	adds	r3, #8
1000480c:	1c6a      	adds	r2, r5, #1
1000480e:	d00d      	beq.n	1000482c <vListInsert+0x28>
10004810:	001c      	movs	r4, r3
10004812:	685b      	ldr	r3, [r3, #4]
10004814:	681a      	ldr	r2, [r3, #0]
10004816:	42aa      	cmp	r2, r5
10004818:	d9fa      	bls.n	10004810 <vListInsert+0xc>
1000481a:	604b      	str	r3, [r1, #4]
1000481c:	6099      	str	r1, [r3, #8]
1000481e:	6803      	ldr	r3, [r0, #0]
10004820:	608c      	str	r4, [r1, #8]
10004822:	3301      	adds	r3, #1
10004824:	6061      	str	r1, [r4, #4]
10004826:	6108      	str	r0, [r1, #16]
10004828:	6003      	str	r3, [r0, #0]
1000482a:	bd30      	pop	{r4, r5, pc}
1000482c:	6904      	ldr	r4, [r0, #16]
1000482e:	6863      	ldr	r3, [r4, #4]
10004830:	e7f3      	b.n	1000481a <vListInsert+0x16>
10004832:	46c0      	nop			@ (mov r8, r8)

10004834 <uxListRemove>:
10004834:	6903      	ldr	r3, [r0, #16]
10004836:	6841      	ldr	r1, [r0, #4]
10004838:	6882      	ldr	r2, [r0, #8]
1000483a:	608a      	str	r2, [r1, #8]
1000483c:	6051      	str	r1, [r2, #4]
1000483e:	6859      	ldr	r1, [r3, #4]
10004840:	4281      	cmp	r1, r0
10004842:	d005      	beq.n	10004850 <uxListRemove+0x1c>
10004844:	2200      	movs	r2, #0
10004846:	6102      	str	r2, [r0, #16]
10004848:	6818      	ldr	r0, [r3, #0]
1000484a:	3801      	subs	r0, #1
1000484c:	6018      	str	r0, [r3, #0]
1000484e:	4770      	bx	lr
10004850:	605a      	str	r2, [r3, #4]
10004852:	e7f7      	b.n	10004844 <uxListRemove+0x10>

10004854 <prvNotifyQueueSetContainer>:
10004854:	b5f0      	push	{r4, r5, r6, r7, lr}
10004856:	46c6      	mov	lr, r8
10004858:	b500      	push	{lr}
1000485a:	6c84      	ldr	r4, [r0, #72]	@ 0x48
1000485c:	b082      	sub	sp, #8
1000485e:	6ba2      	ldr	r2, [r4, #56]	@ 0x38
10004860:	6be3      	ldr	r3, [r4, #60]	@ 0x3c
10004862:	2500      	movs	r5, #0
10004864:	9001      	str	r0, [sp, #4]
10004866:	429a      	cmp	r2, r3
10004868:	d304      	bcc.n	10004874 <prvNotifyQueueSetContainer+0x20>
1000486a:	0028      	movs	r0, r5
1000486c:	b002      	add	sp, #8
1000486e:	bc80      	pop	{r7}
10004870:	46b8      	mov	r8, r7
10004872:	bdf0      	pop	{r4, r5, r6, r7, pc}
10004874:	2345      	movs	r3, #69	@ 0x45
10004876:	6c22      	ldr	r2, [r4, #64]	@ 0x40
10004878:	5ce6      	ldrb	r6, [r4, r3]
1000487a:	6ba7      	ldr	r7, [r4, #56]	@ 0x38
1000487c:	b276      	sxtb	r6, r6
1000487e:	2a00      	cmp	r2, #0
10004880:	d01c      	beq.n	100048bc <prvNotifyQueueSetContainer+0x68>
10004882:	6860      	ldr	r0, [r4, #4]
10004884:	a901      	add	r1, sp, #4
10004886:	f7fd fda3 	bl	100023d0 <__wrap___aeabi_memcpy>
1000488a:	6863      	ldr	r3, [r4, #4]
1000488c:	6c22      	ldr	r2, [r4, #64]	@ 0x40
1000488e:	189b      	adds	r3, r3, r2
10004890:	68a2      	ldr	r2, [r4, #8]
10004892:	6063      	str	r3, [r4, #4]
10004894:	4293      	cmp	r3, r2
10004896:	d301      	bcc.n	1000489c <prvNotifyQueueSetContainer+0x48>
10004898:	6823      	ldr	r3, [r4, #0]
1000489a:	6063      	str	r3, [r4, #4]
1000489c:	2500      	movs	r5, #0
1000489e:	3701      	adds	r7, #1
100048a0:	63a7      	str	r7, [r4, #56]	@ 0x38
100048a2:	1c73      	adds	r3, r6, #1
100048a4:	d115      	bne.n	100048d2 <prvNotifyQueueSetContainer+0x7e>
100048a6:	6a63      	ldr	r3, [r4, #36]	@ 0x24
100048a8:	2b00      	cmp	r3, #0
100048aa:	d0de      	beq.n	1000486a <prvNotifyQueueSetContainer+0x16>
100048ac:	0020      	movs	r0, r4
100048ae:	3024      	adds	r0, #36	@ 0x24
100048b0:	f000 faae 	bl	10004e10 <xTaskRemoveFromEventList>
100048b4:	2800      	cmp	r0, #0
100048b6:	d0d8      	beq.n	1000486a <prvNotifyQueueSetContainer+0x16>
100048b8:	2501      	movs	r5, #1
100048ba:	e7d6      	b.n	1000486a <prvNotifyQueueSetContainer+0x16>
100048bc:	6823      	ldr	r3, [r4, #0]
100048be:	4698      	mov	r8, r3
100048c0:	2b00      	cmp	r3, #0
100048c2:	d1eb      	bne.n	1000489c <prvNotifyQueueSetContainer+0x48>
100048c4:	68a0      	ldr	r0, [r4, #8]
100048c6:	f000 fb59 	bl	10004f7c <xTaskPriorityDisinherit>
100048ca:	4643      	mov	r3, r8
100048cc:	0005      	movs	r5, r0
100048ce:	60a3      	str	r3, [r4, #8]
100048d0:	e7e5      	b.n	1000489e <prvNotifyQueueSetContainer+0x4a>
100048d2:	f000 fa35 	bl	10004d40 <uxTaskGetNumberOfTasks>
100048d6:	4286      	cmp	r6, r0
100048d8:	d2c7      	bcs.n	1000486a <prvNotifyQueueSetContainer+0x16>
100048da:	2345      	movs	r3, #69	@ 0x45
100048dc:	3601      	adds	r6, #1
100048de:	b276      	sxtb	r6, r6
100048e0:	54e6      	strb	r6, [r4, r3]
100048e2:	e7c2      	b.n	1000486a <prvNotifyQueueSetContainer+0x16>

100048e4 <xQueueGenericSendFromISR>:
100048e4:	b5f8      	push	{r3, r4, r5, r6, r7, lr}
100048e6:	464e      	mov	r6, r9
100048e8:	46de      	mov	lr, fp
100048ea:	4657      	mov	r7, sl
100048ec:	4645      	mov	r5, r8
100048ee:	0004      	movs	r4, r0
100048f0:	b5e0      	push	{r5, r6, r7, lr}
100048f2:	4691      	mov	r9, r2
100048f4:	001d      	movs	r5, r3
100048f6:	000f      	movs	r7, r1
100048f8:	f7ff fd2a 	bl	10004350 <ulSetInterruptMaskFromISR>
100048fc:	6ba2      	ldr	r2, [r4, #56]	@ 0x38
100048fe:	6be3      	ldr	r3, [r4, #60]	@ 0x3c
10004900:	0006      	movs	r6, r0
10004902:	429a      	cmp	r2, r3
10004904:	d32d      	bcc.n	10004962 <xQueueGenericSendFromISR+0x7e>
10004906:	2300      	movs	r3, #0
10004908:	4698      	mov	r8, r3
1000490a:	2d02      	cmp	r5, #2
1000490c:	d009      	beq.n	10004922 <xQueueGenericSendFromISR+0x3e>
1000490e:	0030      	movs	r0, r6
10004910:	f7ff fd22 	bl	10004358 <vClearInterruptMaskFromISR>
10004914:	4640      	mov	r0, r8
10004916:	bcf0      	pop	{r4, r5, r6, r7}
10004918:	46bb      	mov	fp, r7
1000491a:	46b2      	mov	sl, r6
1000491c:	46a9      	mov	r9, r5
1000491e:	46a0      	mov	r8, r4
10004920:	bdf8      	pop	{r3, r4, r5, r6, r7, pc}
10004922:	3345      	adds	r3, #69	@ 0x45
10004924:	5ce3      	ldrb	r3, [r4, r3]
10004926:	6c22      	ldr	r2, [r4, #64]	@ 0x40
10004928:	b25b      	sxtb	r3, r3
1000492a:	4698      	mov	r8, r3
1000492c:	6ba3      	ldr	r3, [r4, #56]	@ 0x38
1000492e:	469b      	mov	fp, r3
10004930:	6ba3      	ldr	r3, [r4, #56]	@ 0x38
10004932:	469a      	mov	sl, r3
10004934:	2a00      	cmp	r2, #0
10004936:	d13b      	bne.n	100049b0 <xQueueGenericSendFromISR+0xcc>
10004938:	4657      	mov	r7, sl
1000493a:	6823      	ldr	r3, [r4, #0]
1000493c:	3701      	adds	r7, #1
1000493e:	469a      	mov	sl, r3
10004940:	2b00      	cmp	r3, #0
10004942:	d063      	beq.n	10004a0c <xQueueGenericSendFromISR+0x128>
10004944:	4643      	mov	r3, r8
10004946:	63a7      	str	r7, [r4, #56]	@ 0x38
10004948:	3301      	adds	r3, #1
1000494a:	d127      	bne.n	1000499c <xQueueGenericSendFromISR+0xb8>
1000494c:	6ca3      	ldr	r3, [r4, #72]	@ 0x48
1000494e:	2b00      	cmp	r3, #0
10004950:	d042      	beq.n	100049d8 <xQueueGenericSendFromISR+0xf4>
10004952:	2d02      	cmp	r5, #2
10004954:	d14a      	bne.n	100049ec <xQueueGenericSendFromISR+0x108>
10004956:	465b      	mov	r3, fp
10004958:	2b00      	cmp	r3, #0
1000495a:	d047      	beq.n	100049ec <xQueueGenericSendFromISR+0x108>
1000495c:	2301      	movs	r3, #1
1000495e:	4698      	mov	r8, r3
10004960:	e7d5      	b.n	1000490e <xQueueGenericSendFromISR+0x2a>
10004962:	2345      	movs	r3, #69	@ 0x45
10004964:	5ce3      	ldrb	r3, [r4, r3]
10004966:	6c22      	ldr	r2, [r4, #64]	@ 0x40
10004968:	b25b      	sxtb	r3, r3
1000496a:	4698      	mov	r8, r3
1000496c:	6ba3      	ldr	r3, [r4, #56]	@ 0x38
1000496e:	469b      	mov	fp, r3
10004970:	6ba3      	ldr	r3, [r4, #56]	@ 0x38
10004972:	469a      	mov	sl, r3
10004974:	2a00      	cmp	r2, #0
10004976:	d0df      	beq.n	10004938 <xQueueGenericSendFromISR+0x54>
10004978:	2d00      	cmp	r5, #0
1000497a:	d119      	bne.n	100049b0 <xQueueGenericSendFromISR+0xcc>
1000497c:	0039      	movs	r1, r7
1000497e:	4657      	mov	r7, sl
10004980:	6860      	ldr	r0, [r4, #4]
10004982:	f7fd fd25 	bl	100023d0 <__wrap___aeabi_memcpy>
10004986:	6863      	ldr	r3, [r4, #4]
10004988:	6c22      	ldr	r2, [r4, #64]	@ 0x40
1000498a:	3701      	adds	r7, #1
1000498c:	189b      	adds	r3, r3, r2
1000498e:	68a2      	ldr	r2, [r4, #8]
10004990:	6063      	str	r3, [r4, #4]
10004992:	4293      	cmp	r3, r2
10004994:	d3d6      	bcc.n	10004944 <xQueueGenericSendFromISR+0x60>
10004996:	6823      	ldr	r3, [r4, #0]
10004998:	6063      	str	r3, [r4, #4]
1000499a:	e7d3      	b.n	10004944 <xQueueGenericSendFromISR+0x60>
1000499c:	f000 f9d0 	bl	10004d40 <uxTaskGetNumberOfTasks>
100049a0:	4580      	cmp	r8, r0
100049a2:	d2db      	bcs.n	1000495c <xQueueGenericSendFromISR+0x78>
100049a4:	4643      	mov	r3, r8
100049a6:	2245      	movs	r2, #69	@ 0x45
100049a8:	3301      	adds	r3, #1
100049aa:	b25b      	sxtb	r3, r3
100049ac:	54a3      	strb	r3, [r4, r2]
100049ae:	e7d5      	b.n	1000495c <xQueueGenericSendFromISR+0x78>
100049b0:	0039      	movs	r1, r7
100049b2:	68e0      	ldr	r0, [r4, #12]
100049b4:	f7fd fd0c 	bl	100023d0 <__wrap___aeabi_memcpy>
100049b8:	6c22      	ldr	r2, [r4, #64]	@ 0x40
100049ba:	68e3      	ldr	r3, [r4, #12]
100049bc:	4251      	negs	r1, r2
100049be:	1a9b      	subs	r3, r3, r2
100049c0:	6822      	ldr	r2, [r4, #0]
100049c2:	60e3      	str	r3, [r4, #12]
100049c4:	4293      	cmp	r3, r2
100049c6:	d202      	bcs.n	100049ce <xQueueGenericSendFromISR+0xea>
100049c8:	68a3      	ldr	r3, [r4, #8]
100049ca:	185b      	adds	r3, r3, r1
100049cc:	60e3      	str	r3, [r4, #12]
100049ce:	4657      	mov	r7, sl
100049d0:	2d02      	cmp	r5, #2
100049d2:	d017      	beq.n	10004a04 <xQueueGenericSendFromISR+0x120>
100049d4:	3701      	adds	r7, #1
100049d6:	e7b5      	b.n	10004944 <xQueueGenericSendFromISR+0x60>
100049d8:	6a63      	ldr	r3, [r4, #36]	@ 0x24
100049da:	2b00      	cmp	r3, #0
100049dc:	d0be      	beq.n	1000495c <xQueueGenericSendFromISR+0x78>
100049de:	0020      	movs	r0, r4
100049e0:	3024      	adds	r0, #36	@ 0x24
100049e2:	f000 fa15 	bl	10004e10 <xTaskRemoveFromEventList>
100049e6:	2800      	cmp	r0, #0
100049e8:	d105      	bne.n	100049f6 <xQueueGenericSendFromISR+0x112>
100049ea:	e7b7      	b.n	1000495c <xQueueGenericSendFromISR+0x78>
100049ec:	0020      	movs	r0, r4
100049ee:	f7ff ff31 	bl	10004854 <prvNotifyQueueSetContainer>
100049f2:	2800      	cmp	r0, #0
100049f4:	d0b2      	beq.n	1000495c <xQueueGenericSendFromISR+0x78>
100049f6:	464b      	mov	r3, r9
100049f8:	2b00      	cmp	r3, #0
100049fa:	d0af      	beq.n	1000495c <xQueueGenericSendFromISR+0x78>
100049fc:	2301      	movs	r3, #1
100049fe:	464a      	mov	r2, r9
10004a00:	6013      	str	r3, [r2, #0]
10004a02:	e7ab      	b.n	1000495c <xQueueGenericSendFromISR+0x78>
10004a04:	2f00      	cmp	r7, #0
10004a06:	d19d      	bne.n	10004944 <xQueueGenericSendFromISR+0x60>
10004a08:	3701      	adds	r7, #1
10004a0a:	e79b      	b.n	10004944 <xQueueGenericSendFromISR+0x60>
10004a0c:	68a0      	ldr	r0, [r4, #8]
10004a0e:	f000 fab5 	bl	10004f7c <xTaskPriorityDisinherit>
10004a12:	4653      	mov	r3, sl
10004a14:	60a3      	str	r3, [r4, #8]
10004a16:	e795      	b.n	10004944 <xQueueGenericSendFromISR+0x60>

10004a18 <xTaskIncrementTick.part.0>:
10004a18:	b5f0      	push	{r4, r5, r6, r7, lr}
10004a1a:	46de      	mov	lr, fp
10004a1c:	4657      	mov	r7, sl
10004a1e:	464e      	mov	r6, r9
10004a20:	4645      	mov	r5, r8
10004a22:	4b58      	ldr	r3, [pc, #352]	@ (10004b84 <xTaskIncrementTick.part.0+0x16c>)
10004a24:	b5e0      	push	{r5, r6, r7, lr}
10004a26:	681a      	ldr	r2, [r3, #0]
10004a28:	b083      	sub	sp, #12
10004a2a:	3201      	adds	r2, #1
10004a2c:	4694      	mov	ip, r2
10004a2e:	601a      	str	r2, [r3, #0]
10004a30:	2a00      	cmp	r2, #0
10004a32:	d05e      	beq.n	10004af2 <xTaskIncrementTick.part.0+0xda>
10004a34:	4b54      	ldr	r3, [pc, #336]	@ (10004b88 <xTaskIncrementTick.part.0+0x170>)
10004a36:	681a      	ldr	r2, [r3, #0]
10004a38:	4594      	cmp	ip, r2
10004a3a:	d36e      	bcc.n	10004b1a <xTaskIncrementTick.part.0+0x102>
10004a3c:	4a53      	ldr	r2, [pc, #332]	@ (10004b8c <xTaskIncrementTick.part.0+0x174>)
10004a3e:	4690      	mov	r8, r2
10004a40:	6812      	ldr	r2, [r2, #0]
10004a42:	6812      	ldr	r2, [r2, #0]
10004a44:	2a00      	cmp	r2, #0
10004a46:	d100      	bne.n	10004a4a <xTaskIncrementTick.part.0+0x32>
10004a48:	e095      	b.n	10004b76 <xTaskIncrementTick.part.0+0x15e>
10004a4a:	2200      	movs	r2, #0
10004a4c:	9200      	str	r2, [sp, #0]
10004a4e:	4a50      	ldr	r2, [pc, #320]	@ (10004b90 <xTaskIncrementTick.part.0+0x178>)
10004a50:	4d50      	ldr	r5, [pc, #320]	@ (10004b94 <xTaskIncrementTick.part.0+0x17c>)
10004a52:	4693      	mov	fp, r2
10004a54:	2200      	movs	r2, #0
10004a56:	4691      	mov	r9, r2
10004a58:	4a4f      	ldr	r2, [pc, #316]	@ (10004b98 <xTaskIncrementTick.part.0+0x180>)
10004a5a:	9301      	str	r3, [sp, #4]
10004a5c:	4692      	mov	sl, r2
10004a5e:	e036      	b.n	10004ace <xTaskIncrementTick.part.0+0xb6>
10004a60:	4649      	mov	r1, r9
10004a62:	6159      	str	r1, [r3, #20]
10004a64:	6811      	ldr	r1, [r2, #0]
10004a66:	3901      	subs	r1, #1
10004a68:	6011      	str	r1, [r2, #0]
10004a6a:	6a9a      	ldr	r2, [r3, #40]	@ 0x28
10004a6c:	2a00      	cmp	r2, #0
10004a6e:	d00d      	beq.n	10004a8c <xTaskIncrementTick.part.0+0x74>
10004a70:	69d9      	ldr	r1, [r3, #28]
10004a72:	6a18      	ldr	r0, [r3, #32]
10004a74:	6856      	ldr	r6, [r2, #4]
10004a76:	6088      	str	r0, [r1, #8]
10004a78:	6041      	str	r1, [r0, #4]
10004a7a:	0019      	movs	r1, r3
10004a7c:	3118      	adds	r1, #24
10004a7e:	428e      	cmp	r6, r1
10004a80:	d06f      	beq.n	10004b62 <xTaskIncrementTick.part.0+0x14a>
10004a82:	4649      	mov	r1, r9
10004a84:	6299      	str	r1, [r3, #40]	@ 0x28
10004a86:	6811      	ldr	r1, [r2, #0]
10004a88:	3901      	subs	r1, #1
10004a8a:	6011      	str	r1, [r2, #0]
10004a8c:	4652      	mov	r2, sl
10004a8e:	6ad9      	ldr	r1, [r3, #44]	@ 0x2c
10004a90:	6812      	ldr	r2, [r2, #0]
10004a92:	4291      	cmp	r1, r2
10004a94:	d901      	bls.n	10004a9a <xTaskIncrementTick.part.0+0x82>
10004a96:	4652      	mov	r2, sl
10004a98:	6011      	str	r1, [r2, #0]
10004a9a:	008a      	lsls	r2, r1, #2
10004a9c:	1852      	adds	r2, r2, r1
10004a9e:	0092      	lsls	r2, r2, #2
10004aa0:	18ae      	adds	r6, r5, r2
10004aa2:	6870      	ldr	r0, [r6, #4]
10004aa4:	6887      	ldr	r7, [r0, #8]
10004aa6:	6098      	str	r0, [r3, #8]
10004aa8:	60df      	str	r7, [r3, #12]
10004aaa:	607c      	str	r4, [r7, #4]
10004aac:	6084      	str	r4, [r0, #8]
10004aae:	615e      	str	r6, [r3, #20]
10004ab0:	58ab      	ldr	r3, [r5, r2]
10004ab2:	3301      	adds	r3, #1
10004ab4:	50ab      	str	r3, [r5, r2]
10004ab6:	465b      	mov	r3, fp
10004ab8:	681b      	ldr	r3, [r3, #0]
10004aba:	6adb      	ldr	r3, [r3, #44]	@ 0x2c
10004abc:	4299      	cmp	r1, r3
10004abe:	d901      	bls.n	10004ac4 <xTaskIncrementTick.part.0+0xac>
10004ac0:	2301      	movs	r3, #1
10004ac2:	9300      	str	r3, [sp, #0]
10004ac4:	4643      	mov	r3, r8
10004ac6:	681b      	ldr	r3, [r3, #0]
10004ac8:	681b      	ldr	r3, [r3, #0]
10004aca:	2b00      	cmp	r3, #0
10004acc:	d04e      	beq.n	10004b6c <xTaskIncrementTick.part.0+0x154>
10004ace:	4643      	mov	r3, r8
10004ad0:	681b      	ldr	r3, [r3, #0]
10004ad2:	68db      	ldr	r3, [r3, #12]
10004ad4:	68db      	ldr	r3, [r3, #12]
10004ad6:	685a      	ldr	r2, [r3, #4]
10004ad8:	4594      	cmp	ip, r2
10004ada:	d344      	bcc.n	10004b66 <xTaskIncrementTick.part.0+0x14e>
10004adc:	695a      	ldr	r2, [r3, #20]
10004ade:	6898      	ldr	r0, [r3, #8]
10004ae0:	68d9      	ldr	r1, [r3, #12]
10004ae2:	1d1c      	adds	r4, r3, #4
10004ae4:	6081      	str	r1, [r0, #8]
10004ae6:	6048      	str	r0, [r1, #4]
10004ae8:	6850      	ldr	r0, [r2, #4]
10004aea:	42a0      	cmp	r0, r4
10004aec:	d1b8      	bne.n	10004a60 <xTaskIncrementTick.part.0+0x48>
10004aee:	6051      	str	r1, [r2, #4]
10004af0:	e7b6      	b.n	10004a60 <xTaskIncrementTick.part.0+0x48>
10004af2:	4b26      	ldr	r3, [pc, #152]	@ (10004b8c <xTaskIncrementTick.part.0+0x174>)
10004af4:	4a29      	ldr	r2, [pc, #164]	@ (10004b9c <xTaskIncrementTick.part.0+0x184>)
10004af6:	6819      	ldr	r1, [r3, #0]
10004af8:	6810      	ldr	r0, [r2, #0]
10004afa:	6018      	str	r0, [r3, #0]
10004afc:	6011      	str	r1, [r2, #0]
10004afe:	4928      	ldr	r1, [pc, #160]	@ (10004ba0 <xTaskIncrementTick.part.0+0x188>)
10004b00:	680a      	ldr	r2, [r1, #0]
10004b02:	3201      	adds	r2, #1
10004b04:	600a      	str	r2, [r1, #0]
10004b06:	681a      	ldr	r2, [r3, #0]
10004b08:	6812      	ldr	r2, [r2, #0]
10004b0a:	2a00      	cmp	r2, #0
10004b0c:	d123      	bne.n	10004b56 <xTaskIncrementTick.part.0+0x13e>
10004b0e:	4b1e      	ldr	r3, [pc, #120]	@ (10004b88 <xTaskIncrementTick.part.0+0x170>)
10004b10:	3a01      	subs	r2, #1
10004b12:	601a      	str	r2, [r3, #0]
10004b14:	681a      	ldr	r2, [r3, #0]
10004b16:	4594      	cmp	ip, r2
10004b18:	d290      	bcs.n	10004a3c <xTaskIncrementTick.part.0+0x24>
10004b1a:	2300      	movs	r3, #0
10004b1c:	9300      	str	r3, [sp, #0]
10004b1e:	4b1c      	ldr	r3, [pc, #112]	@ (10004b90 <xTaskIncrementTick.part.0+0x178>)
10004b20:	4d1c      	ldr	r5, [pc, #112]	@ (10004b94 <xTaskIncrementTick.part.0+0x17c>)
10004b22:	469b      	mov	fp, r3
10004b24:	465b      	mov	r3, fp
10004b26:	681b      	ldr	r3, [r3, #0]
10004b28:	6ada      	ldr	r2, [r3, #44]	@ 0x2c
10004b2a:	0093      	lsls	r3, r2, #2
10004b2c:	189b      	adds	r3, r3, r2
10004b2e:	009b      	lsls	r3, r3, #2
10004b30:	58eb      	ldr	r3, [r5, r3]
10004b32:	2b01      	cmp	r3, #1
10004b34:	d901      	bls.n	10004b3a <xTaskIncrementTick.part.0+0x122>
10004b36:	2301      	movs	r3, #1
10004b38:	9300      	str	r3, [sp, #0]
10004b3a:	4b1a      	ldr	r3, [pc, #104]	@ (10004ba4 <xTaskIncrementTick.part.0+0x18c>)
10004b3c:	681b      	ldr	r3, [r3, #0]
10004b3e:	2b00      	cmp	r3, #0
10004b40:	d001      	beq.n	10004b46 <xTaskIncrementTick.part.0+0x12e>
10004b42:	2301      	movs	r3, #1
10004b44:	9300      	str	r3, [sp, #0]
10004b46:	9800      	ldr	r0, [sp, #0]
10004b48:	b003      	add	sp, #12
10004b4a:	bcf0      	pop	{r4, r5, r6, r7}
10004b4c:	46bb      	mov	fp, r7
10004b4e:	46b2      	mov	sl, r6
10004b50:	46a9      	mov	r9, r5
10004b52:	46a0      	mov	r8, r4
10004b54:	bdf0      	pop	{r4, r5, r6, r7, pc}
10004b56:	681b      	ldr	r3, [r3, #0]
10004b58:	68db      	ldr	r3, [r3, #12]
10004b5a:	681a      	ldr	r2, [r3, #0]
10004b5c:	4b0a      	ldr	r3, [pc, #40]	@ (10004b88 <xTaskIncrementTick.part.0+0x170>)
10004b5e:	601a      	str	r2, [r3, #0]
10004b60:	e769      	b.n	10004a36 <xTaskIncrementTick.part.0+0x1e>
10004b62:	6050      	str	r0, [r2, #4]
10004b64:	e78d      	b.n	10004a82 <xTaskIncrementTick.part.0+0x6a>
10004b66:	9b01      	ldr	r3, [sp, #4]
10004b68:	601a      	str	r2, [r3, #0]
10004b6a:	e7db      	b.n	10004b24 <xTaskIncrementTick.part.0+0x10c>
10004b6c:	9b01      	ldr	r3, [sp, #4]
10004b6e:	2201      	movs	r2, #1
10004b70:	4252      	negs	r2, r2
10004b72:	601a      	str	r2, [r3, #0]
10004b74:	e7d6      	b.n	10004b24 <xTaskIncrementTick.part.0+0x10c>
10004b76:	2200      	movs	r2, #0
10004b78:	9200      	str	r2, [sp, #0]
10004b7a:	4a05      	ldr	r2, [pc, #20]	@ (10004b90 <xTaskIncrementTick.part.0+0x178>)
10004b7c:	4d05      	ldr	r5, [pc, #20]	@ (10004b94 <xTaskIncrementTick.part.0+0x17c>)
10004b7e:	4693      	mov	fp, r2
10004b80:	e7f5      	b.n	10004b6e <xTaskIncrementTick.part.0+0x156>
10004b82:	46c0      	nop			@ (mov r8, r8)
10004b84:	20021ee4 	.word	0x20021ee4
10004b88:	20021ea4 	.word	0x20021ea4
10004b8c:	20001ad8 	.word	0x20001ad8
10004b90:	20001ad4 	.word	0x20001ad4
10004b94:	20001ae4 	.word	0x20001ae4
10004b98:	20021e94 	.word	0x20021e94
10004b9c:	20001ae0 	.word	0x20001ae0
10004ba0:	20021ea8 	.word	0x20021ea8
10004ba4:	20021eec 	.word	0x20021eec

10004ba8 <vTaskSuspendAll>:
10004ba8:	4a02      	ldr	r2, [pc, #8]	@ (10004bb4 <vTaskSuspendAll+0xc>)
10004baa:	6813      	ldr	r3, [r2, #0]
10004bac:	3301      	adds	r3, #1
10004bae:	6013      	str	r3, [r2, #0]
10004bb0:	4770      	bx	lr
10004bb2:	46c0      	nop			@ (mov r8, r8)
10004bb4:	20021e90 	.word	0x20021e90

10004bb8 <xTaskResumeAll>:
10004bb8:	b5f0      	push	{r4, r5, r6, r7, lr}
10004bba:	46de      	mov	lr, fp
10004bbc:	4657      	mov	r7, sl
10004bbe:	464e      	mov	r6, r9
10004bc0:	4645      	mov	r5, r8
10004bc2:	b5e0      	push	{r5, r6, r7, lr}
10004bc4:	b083      	sub	sp, #12
10004bc6:	f7ff fb9d 	bl	10004304 <vPortEnterCritical>
10004bca:	4c53      	ldr	r4, [pc, #332]	@ (10004d18 <xTaskResumeAll+0x160>)
10004bcc:	6823      	ldr	r3, [r4, #0]
10004bce:	3b01      	subs	r3, #1
10004bd0:	6023      	str	r3, [r4, #0]
10004bd2:	6823      	ldr	r3, [r4, #0]
10004bd4:	2b00      	cmp	r3, #0
10004bd6:	d000      	beq.n	10004bda <xTaskResumeAll+0x22>
10004bd8:	e081      	b.n	10004cde <xTaskResumeAll+0x126>
10004bda:	4b50      	ldr	r3, [pc, #320]	@ (10004d1c <xTaskResumeAll+0x164>)
10004bdc:	681b      	ldr	r3, [r3, #0]
10004bde:	2b00      	cmp	r3, #0
10004be0:	d07d      	beq.n	10004cde <xTaskResumeAll+0x126>
10004be2:	4b4f      	ldr	r3, [pc, #316]	@ (10004d20 <xTaskResumeAll+0x168>)
10004be4:	469c      	mov	ip, r3
10004be6:	681b      	ldr	r3, [r3, #0]
10004be8:	2b00      	cmp	r3, #0
10004bea:	d100      	bne.n	10004bee <xTaskResumeAll+0x36>
10004bec:	e090      	b.n	10004d10 <xTaskResumeAll+0x158>
10004bee:	4b4d      	ldr	r3, [pc, #308]	@ (10004d24 <xTaskResumeAll+0x16c>)
10004bf0:	4d4d      	ldr	r5, [pc, #308]	@ (10004d28 <xTaskResumeAll+0x170>)
10004bf2:	4698      	mov	r8, r3
10004bf4:	4b4d      	ldr	r3, [pc, #308]	@ (10004d2c <xTaskResumeAll+0x174>)
10004bf6:	9401      	str	r4, [sp, #4]
10004bf8:	4699      	mov	r9, r3
10004bfa:	4b4d      	ldr	r3, [pc, #308]	@ (10004d30 <xTaskResumeAll+0x178>)
10004bfc:	469a      	mov	sl, r3
10004bfe:	2300      	movs	r3, #0
10004c00:	469b      	mov	fp, r3
10004c02:	4663      	mov	r3, ip
10004c04:	68db      	ldr	r3, [r3, #12]
10004c06:	68db      	ldr	r3, [r3, #12]
10004c08:	69d8      	ldr	r0, [r3, #28]
10004c0a:	6a19      	ldr	r1, [r3, #32]
10004c0c:	6a9a      	ldr	r2, [r3, #40]	@ 0x28
10004c0e:	6081      	str	r1, [r0, #8]
10004c10:	6048      	str	r0, [r1, #4]
10004c12:	0018      	movs	r0, r3
10004c14:	6856      	ldr	r6, [r2, #4]
10004c16:	3018      	adds	r0, #24
10004c18:	4286      	cmp	r6, r0
10004c1a:	d100      	bne.n	10004c1e <xTaskResumeAll+0x66>
10004c1c:	e072      	b.n	10004d04 <xTaskResumeAll+0x14c>
10004c1e:	4659      	mov	r1, fp
10004c20:	6299      	str	r1, [r3, #40]	@ 0x28
10004c22:	6811      	ldr	r1, [r2, #0]
10004c24:	3901      	subs	r1, #1
10004c26:	6011      	str	r1, [r2, #0]
10004c28:	695a      	ldr	r2, [r3, #20]
10004c2a:	6898      	ldr	r0, [r3, #8]
10004c2c:	68d9      	ldr	r1, [r3, #12]
10004c2e:	6856      	ldr	r6, [r2, #4]
10004c30:	6081      	str	r1, [r0, #8]
10004c32:	6048      	str	r0, [r1, #4]
10004c34:	1d18      	adds	r0, r3, #4
10004c36:	4286      	cmp	r6, r0
10004c38:	d062      	beq.n	10004d00 <xTaskResumeAll+0x148>
10004c3a:	6811      	ldr	r1, [r2, #0]
10004c3c:	3901      	subs	r1, #1
10004c3e:	6011      	str	r1, [r2, #0]
10004c40:	4641      	mov	r1, r8
10004c42:	6ada      	ldr	r2, [r3, #44]	@ 0x2c
10004c44:	6809      	ldr	r1, [r1, #0]
10004c46:	428a      	cmp	r2, r1
10004c48:	d901      	bls.n	10004c4e <xTaskResumeAll+0x96>
10004c4a:	4641      	mov	r1, r8
10004c4c:	600a      	str	r2, [r1, #0]
10004c4e:	0091      	lsls	r1, r2, #2
10004c50:	1889      	adds	r1, r1, r2
10004c52:	008c      	lsls	r4, r1, #2
10004c54:	192e      	adds	r6, r5, r4
10004c56:	6871      	ldr	r1, [r6, #4]
10004c58:	688f      	ldr	r7, [r1, #8]
10004c5a:	6099      	str	r1, [r3, #8]
10004c5c:	60df      	str	r7, [r3, #12]
10004c5e:	6078      	str	r0, [r7, #4]
10004c60:	6088      	str	r0, [r1, #8]
10004c62:	615e      	str	r6, [r3, #20]
10004c64:	592b      	ldr	r3, [r5, r4]
10004c66:	3301      	adds	r3, #1
10004c68:	512b      	str	r3, [r5, r4]
10004c6a:	464b      	mov	r3, r9
10004c6c:	681b      	ldr	r3, [r3, #0]
10004c6e:	6adb      	ldr	r3, [r3, #44]	@ 0x2c
10004c70:	429a      	cmp	r2, r3
10004c72:	d93f      	bls.n	10004cf4 <xTaskResumeAll+0x13c>
10004c74:	4653      	mov	r3, sl
10004c76:	2201      	movs	r2, #1
10004c78:	601a      	str	r2, [r3, #0]
10004c7a:	4663      	mov	r3, ip
10004c7c:	681b      	ldr	r3, [r3, #0]
10004c7e:	2b00      	cmp	r3, #0
10004c80:	d1bf      	bne.n	10004c02 <xTaskResumeAll+0x4a>
10004c82:	4b2c      	ldr	r3, [pc, #176]	@ (10004d34 <xTaskResumeAll+0x17c>)
10004c84:	9c01      	ldr	r4, [sp, #4]
10004c86:	681a      	ldr	r2, [r3, #0]
10004c88:	6812      	ldr	r2, [r2, #0]
10004c8a:	2a00      	cmp	r2, #0
10004c8c:	d03c      	beq.n	10004d08 <xTaskResumeAll+0x150>
10004c8e:	681b      	ldr	r3, [r3, #0]
10004c90:	68db      	ldr	r3, [r3, #12]
10004c92:	681a      	ldr	r2, [r3, #0]
10004c94:	4b28      	ldr	r3, [pc, #160]	@ (10004d38 <xTaskResumeAll+0x180>)
10004c96:	601a      	str	r2, [r3, #0]
10004c98:	4e28      	ldr	r6, [pc, #160]	@ (10004d3c <xTaskResumeAll+0x184>)
10004c9a:	6835      	ldr	r5, [r6, #0]
10004c9c:	2d00      	cmp	r5, #0
10004c9e:	d014      	beq.n	10004cca <xTaskResumeAll+0x112>
10004ca0:	2701      	movs	r7, #1
10004ca2:	e008      	b.n	10004cb6 <xTaskResumeAll+0xfe>
10004ca4:	f7ff feb8 	bl	10004a18 <xTaskIncrementTick.part.0>
10004ca8:	2800      	cmp	r0, #0
10004caa:	d001      	beq.n	10004cb0 <xTaskResumeAll+0xf8>
10004cac:	4653      	mov	r3, sl
10004cae:	601f      	str	r7, [r3, #0]
10004cb0:	3d01      	subs	r5, #1
10004cb2:	2d00      	cmp	r5, #0
10004cb4:	d008      	beq.n	10004cc8 <xTaskResumeAll+0x110>
10004cb6:	6823      	ldr	r3, [r4, #0]
10004cb8:	2b00      	cmp	r3, #0
10004cba:	d0f3      	beq.n	10004ca4 <xTaskResumeAll+0xec>
10004cbc:	6833      	ldr	r3, [r6, #0]
10004cbe:	3d01      	subs	r5, #1
10004cc0:	3301      	adds	r3, #1
10004cc2:	6033      	str	r3, [r6, #0]
10004cc4:	2d00      	cmp	r5, #0
10004cc6:	d1f6      	bne.n	10004cb6 <xTaskResumeAll+0xfe>
10004cc8:	6035      	str	r5, [r6, #0]
10004cca:	4653      	mov	r3, sl
10004ccc:	681b      	ldr	r3, [r3, #0]
10004cce:	2b00      	cmp	r3, #0
10004cd0:	d005      	beq.n	10004cde <xTaskResumeAll+0x126>
10004cd2:	4b16      	ldr	r3, [pc, #88]	@ (10004d2c <xTaskResumeAll+0x174>)
10004cd4:	2401      	movs	r4, #1
10004cd6:	681b      	ldr	r3, [r3, #0]
10004cd8:	f7ff fb08 	bl	100042ec <vPortYield>
10004cdc:	e000      	b.n	10004ce0 <xTaskResumeAll+0x128>
10004cde:	2400      	movs	r4, #0
10004ce0:	f7ff fb1c 	bl	1000431c <vPortExitCritical>
10004ce4:	0020      	movs	r0, r4
10004ce6:	b003      	add	sp, #12
10004ce8:	bcf0      	pop	{r4, r5, r6, r7}
10004cea:	46bb      	mov	fp, r7
10004cec:	46b2      	mov	sl, r6
10004cee:	46a9      	mov	r9, r5
10004cf0:	46a0      	mov	r8, r4
10004cf2:	bdf0      	pop	{r4, r5, r6, r7, pc}
10004cf4:	4663      	mov	r3, ip
10004cf6:	681b      	ldr	r3, [r3, #0]
10004cf8:	2b00      	cmp	r3, #0
10004cfa:	d000      	beq.n	10004cfe <xTaskResumeAll+0x146>
10004cfc:	e781      	b.n	10004c02 <xTaskResumeAll+0x4a>
10004cfe:	e7c0      	b.n	10004c82 <xTaskResumeAll+0xca>
10004d00:	6051      	str	r1, [r2, #4]
10004d02:	e79a      	b.n	10004c3a <xTaskResumeAll+0x82>
10004d04:	6051      	str	r1, [r2, #4]
10004d06:	e78a      	b.n	10004c1e <xTaskResumeAll+0x66>
10004d08:	4b0b      	ldr	r3, [pc, #44]	@ (10004d38 <xTaskResumeAll+0x180>)
10004d0a:	3a01      	subs	r2, #1
10004d0c:	601a      	str	r2, [r3, #0]
10004d0e:	e7c3      	b.n	10004c98 <xTaskResumeAll+0xe0>
10004d10:	4b07      	ldr	r3, [pc, #28]	@ (10004d30 <xTaskResumeAll+0x178>)
10004d12:	469a      	mov	sl, r3
10004d14:	e7c0      	b.n	10004c98 <xTaskResumeAll+0xe0>
10004d16:	46c0      	nop			@ (mov r8, r8)
10004d18:	20021e90 	.word	0x20021e90
10004d1c:	20021e8c 	.word	0x20021e8c
10004d20:	20021eb4 	.word	0x20021eb4
10004d24:	20021e94 	.word	0x20021e94
10004d28:	20001ae4 	.word	0x20001ae4
10004d2c:	20001ad4 	.word	0x20001ad4
10004d30:	20021eec 	.word	0x20021eec
10004d34:	20001ad8 	.word	0x20001ad8
10004d38:	20021ea4 	.word	0x20021ea4
10004d3c:	20021eb0 	.word	0x20021eb0

10004d40 <uxTaskGetNumberOfTasks>:
10004d40:	4b01      	ldr	r3, [pc, #4]	@ (10004d48 <uxTaskGetNumberOfTasks+0x8>)
10004d42:	6818      	ldr	r0, [r3, #0]
10004d44:	4770      	bx	lr
10004d46:	46c0      	nop			@ (mov r8, r8)
10004d48:	20021e8c 	.word	0x20021e8c

10004d4c <vTaskPlaceOnUnorderedEventList>:
10004d4c:	2380      	movs	r3, #128	@ 0x80
10004d4e:	b5f0      	push	{r4, r5, r6, r7, lr}
10004d50:	46c6      	mov	lr, r8
10004d52:	4c29      	ldr	r4, [pc, #164]	@ (10004df8 <vTaskPlaceOnUnorderedEventList+0xac>)
10004d54:	0015      	movs	r5, r2
10004d56:	061b      	lsls	r3, r3, #24
10004d58:	6822      	ldr	r2, [r4, #0]
10004d5a:	430b      	orrs	r3, r1
10004d5c:	b500      	push	{lr}
10004d5e:	6193      	str	r3, [r2, #24]
10004d60:	6822      	ldr	r2, [r4, #0]
10004d62:	6843      	ldr	r3, [r0, #4]
10004d64:	6899      	ldr	r1, [r3, #8]
10004d66:	61d3      	str	r3, [r2, #28]
10004d68:	6822      	ldr	r2, [r4, #0]
10004d6a:	6211      	str	r1, [r2, #32]
10004d6c:	6822      	ldr	r2, [r4, #0]
10004d6e:	3218      	adds	r2, #24
10004d70:	604a      	str	r2, [r1, #4]
10004d72:	6822      	ldr	r2, [r4, #0]
10004d74:	2100      	movs	r1, #0
10004d76:	3218      	adds	r2, #24
10004d78:	609a      	str	r2, [r3, #8]
10004d7a:	6823      	ldr	r3, [r4, #0]
10004d7c:	6298      	str	r0, [r3, #40]	@ 0x28
10004d7e:	6803      	ldr	r3, [r0, #0]
10004d80:	3301      	adds	r3, #1
10004d82:	6003      	str	r3, [r0, #0]
10004d84:	4b1d      	ldr	r3, [pc, #116]	@ (10004dfc <vTaskPlaceOnUnorderedEventList+0xb0>)
10004d86:	681e      	ldr	r6, [r3, #0]
10004d88:	4b1d      	ldr	r3, [pc, #116]	@ (10004e00 <vTaskPlaceOnUnorderedEventList+0xb4>)
10004d8a:	681f      	ldr	r7, [r3, #0]
10004d8c:	4b1d      	ldr	r3, [pc, #116]	@ (10004e04 <vTaskPlaceOnUnorderedEventList+0xb8>)
10004d8e:	681b      	ldr	r3, [r3, #0]
10004d90:	6822      	ldr	r2, [r4, #0]
10004d92:	4698      	mov	r8, r3
10004d94:	236d      	movs	r3, #109	@ 0x6d
10004d96:	6820      	ldr	r0, [r4, #0]
10004d98:	54d1      	strb	r1, [r2, r3]
10004d9a:	3004      	adds	r0, #4
10004d9c:	f7ff fd4a 	bl	10004834 <uxListRemove>
10004da0:	1c6b      	adds	r3, r5, #1
10004da2:	d015      	beq.n	10004dd0 <vTaskPlaceOnUnorderedEventList+0x84>
10004da4:	6823      	ldr	r3, [r4, #0]
10004da6:	6821      	ldr	r1, [r4, #0]
10004da8:	19ad      	adds	r5, r5, r6
10004daa:	605d      	str	r5, [r3, #4]
10004dac:	3104      	adds	r1, #4
10004dae:	42ae      	cmp	r6, r5
10004db0:	d905      	bls.n	10004dbe <vTaskPlaceOnUnorderedEventList+0x72>
10004db2:	4640      	mov	r0, r8
10004db4:	f7ff fd26 	bl	10004804 <vListInsert>
10004db8:	bc80      	pop	{r7}
10004dba:	46b8      	mov	r8, r7
10004dbc:	bdf0      	pop	{r4, r5, r6, r7, pc}
10004dbe:	0038      	movs	r0, r7
10004dc0:	f7ff fd20 	bl	10004804 <vListInsert>
10004dc4:	4b10      	ldr	r3, [pc, #64]	@ (10004e08 <vTaskPlaceOnUnorderedEventList+0xbc>)
10004dc6:	681a      	ldr	r2, [r3, #0]
10004dc8:	4295      	cmp	r5, r2
10004dca:	d2f5      	bcs.n	10004db8 <vTaskPlaceOnUnorderedEventList+0x6c>
10004dcc:	601d      	str	r5, [r3, #0]
10004dce:	e7f3      	b.n	10004db8 <vTaskPlaceOnUnorderedEventList+0x6c>
10004dd0:	4b0e      	ldr	r3, [pc, #56]	@ (10004e0c <vTaskPlaceOnUnorderedEventList+0xc0>)
10004dd2:	6821      	ldr	r1, [r4, #0]
10004dd4:	685a      	ldr	r2, [r3, #4]
10004dd6:	608a      	str	r2, [r1, #8]
10004dd8:	6890      	ldr	r0, [r2, #8]
10004dda:	6821      	ldr	r1, [r4, #0]
10004ddc:	60c8      	str	r0, [r1, #12]
10004dde:	6821      	ldr	r1, [r4, #0]
10004de0:	3104      	adds	r1, #4
10004de2:	6041      	str	r1, [r0, #4]
10004de4:	6821      	ldr	r1, [r4, #0]
10004de6:	3104      	adds	r1, #4
10004de8:	6091      	str	r1, [r2, #8]
10004dea:	6822      	ldr	r2, [r4, #0]
10004dec:	6153      	str	r3, [r2, #20]
10004dee:	681a      	ldr	r2, [r3, #0]
10004df0:	3201      	adds	r2, #1
10004df2:	601a      	str	r2, [r3, #0]
10004df4:	e7e0      	b.n	10004db8 <vTaskPlaceOnUnorderedEventList+0x6c>
10004df6:	46c0      	nop			@ (mov r8, r8)
10004df8:	20001ad4 	.word	0x20001ad4
10004dfc:	20021ee4 	.word	0x20021ee4
10004e00:	20001ad8 	.word	0x20001ad8
10004e04:	20001ae0 	.word	0x20001ae0
10004e08:	20021ea4 	.word	0x20021ea4
10004e0c:	20021ed0 	.word	0x20021ed0

10004e10 <xTaskRemoveFromEventList>:
10004e10:	68c3      	ldr	r3, [r0, #12]
10004e12:	b5f0      	push	{r4, r5, r6, r7, lr}
10004e14:	68db      	ldr	r3, [r3, #12]
10004e16:	69d8      	ldr	r0, [r3, #28]
10004e18:	6a19      	ldr	r1, [r3, #32]
10004e1a:	6a9a      	ldr	r2, [r3, #40]	@ 0x28
10004e1c:	6081      	str	r1, [r0, #8]
10004e1e:	6048      	str	r0, [r1, #4]
10004e20:	0018      	movs	r0, r3
10004e22:	6854      	ldr	r4, [r2, #4]
10004e24:	3018      	adds	r0, #24
10004e26:	4284      	cmp	r4, r0
10004e28:	d041      	beq.n	10004eae <xTaskRemoveFromEventList+0x9e>
10004e2a:	2100      	movs	r1, #0
10004e2c:	6299      	str	r1, [r3, #40]	@ 0x28
10004e2e:	6811      	ldr	r1, [r2, #0]
10004e30:	3901      	subs	r1, #1
10004e32:	6011      	str	r1, [r2, #0]
10004e34:	4a23      	ldr	r2, [pc, #140]	@ (10004ec4 <xTaskRemoveFromEventList+0xb4>)
10004e36:	6ad9      	ldr	r1, [r3, #44]	@ 0x2c
10004e38:	6812      	ldr	r2, [r2, #0]
10004e3a:	2a00      	cmp	r2, #0
10004e3c:	d129      	bne.n	10004e92 <xTaskRemoveFromEventList+0x82>
10004e3e:	695a      	ldr	r2, [r3, #20]
10004e40:	689c      	ldr	r4, [r3, #8]
10004e42:	68d8      	ldr	r0, [r3, #12]
10004e44:	1d1d      	adds	r5, r3, #4
10004e46:	60a0      	str	r0, [r4, #8]
10004e48:	6044      	str	r4, [r0, #4]
10004e4a:	6854      	ldr	r4, [r2, #4]
10004e4c:	42ac      	cmp	r4, r5
10004e4e:	d030      	beq.n	10004eb2 <xTaskRemoveFromEventList+0xa2>
10004e50:	6810      	ldr	r0, [r2, #0]
10004e52:	3801      	subs	r0, #1
10004e54:	6010      	str	r0, [r2, #0]
10004e56:	4a1c      	ldr	r2, [pc, #112]	@ (10004ec8 <xTaskRemoveFromEventList+0xb8>)
10004e58:	6810      	ldr	r0, [r2, #0]
10004e5a:	4288      	cmp	r0, r1
10004e5c:	d325      	bcc.n	10004eaa <xTaskRemoveFromEventList+0x9a>
10004e5e:	008a      	lsls	r2, r1, #2
10004e60:	481a      	ldr	r0, [pc, #104]	@ (10004ecc <xTaskRemoveFromEventList+0xbc>)
10004e62:	1852      	adds	r2, r2, r1
10004e64:	0092      	lsls	r2, r2, #2
10004e66:	1886      	adds	r6, r0, r2
10004e68:	6874      	ldr	r4, [r6, #4]
10004e6a:	68a7      	ldr	r7, [r4, #8]
10004e6c:	609c      	str	r4, [r3, #8]
10004e6e:	60df      	str	r7, [r3, #12]
10004e70:	607d      	str	r5, [r7, #4]
10004e72:	60a5      	str	r5, [r4, #8]
10004e74:	615e      	str	r6, [r3, #20]
10004e76:	5883      	ldr	r3, [r0, r2]
10004e78:	3301      	adds	r3, #1
10004e7a:	5083      	str	r3, [r0, r2]
10004e7c:	4b14      	ldr	r3, [pc, #80]	@ (10004ed0 <xTaskRemoveFromEventList+0xc0>)
10004e7e:	2000      	movs	r0, #0
10004e80:	681b      	ldr	r3, [r3, #0]
10004e82:	6adb      	ldr	r3, [r3, #44]	@ 0x2c
10004e84:	428b      	cmp	r3, r1
10004e86:	d203      	bcs.n	10004e90 <xTaskRemoveFromEventList+0x80>
10004e88:	2201      	movs	r2, #1
10004e8a:	4b12      	ldr	r3, [pc, #72]	@ (10004ed4 <xTaskRemoveFromEventList+0xc4>)
10004e8c:	3001      	adds	r0, #1
10004e8e:	601a      	str	r2, [r3, #0]
10004e90:	bdf0      	pop	{r4, r5, r6, r7, pc}
10004e92:	4a11      	ldr	r2, [pc, #68]	@ (10004ed8 <xTaskRemoveFromEventList+0xc8>)
10004e94:	6854      	ldr	r4, [r2, #4]
10004e96:	68a5      	ldr	r5, [r4, #8]
10004e98:	61dc      	str	r4, [r3, #28]
10004e9a:	621d      	str	r5, [r3, #32]
10004e9c:	6068      	str	r0, [r5, #4]
10004e9e:	60a0      	str	r0, [r4, #8]
10004ea0:	629a      	str	r2, [r3, #40]	@ 0x28
10004ea2:	6813      	ldr	r3, [r2, #0]
10004ea4:	3301      	adds	r3, #1
10004ea6:	6013      	str	r3, [r2, #0]
10004ea8:	e7e8      	b.n	10004e7c <xTaskRemoveFromEventList+0x6c>
10004eaa:	6011      	str	r1, [r2, #0]
10004eac:	e7d7      	b.n	10004e5e <xTaskRemoveFromEventList+0x4e>
10004eae:	6051      	str	r1, [r2, #4]
10004eb0:	e7bb      	b.n	10004e2a <xTaskRemoveFromEventList+0x1a>
10004eb2:	6050      	str	r0, [r2, #4]
10004eb4:	6810      	ldr	r0, [r2, #0]
10004eb6:	3801      	subs	r0, #1
10004eb8:	6010      	str	r0, [r2, #0]
10004eba:	4a03      	ldr	r2, [pc, #12]	@ (10004ec8 <xTaskRemoveFromEventList+0xb8>)
10004ebc:	6810      	ldr	r0, [r2, #0]
10004ebe:	4288      	cmp	r0, r1
10004ec0:	d2cd      	bcs.n	10004e5e <xTaskRemoveFromEventList+0x4e>
10004ec2:	e7f2      	b.n	10004eaa <xTaskRemoveFromEventList+0x9a>
10004ec4:	20021e90 	.word	0x20021e90
10004ec8:	20021e94 	.word	0x20021e94
10004ecc:	20001ae4 	.word	0x20001ae4
10004ed0:	20001ad4 	.word	0x20001ad4
10004ed4:	20021eec 	.word	0x20021eec
10004ed8:	20021eb4 	.word	0x20021eb4

10004edc <vTaskRemoveFromUnorderedEventList>:
10004edc:	2380      	movs	r3, #128	@ 0x80
10004ede:	061b      	lsls	r3, r3, #24
10004ee0:	b5f0      	push	{r4, r5, r6, r7, lr}
10004ee2:	6902      	ldr	r2, [r0, #16]
10004ee4:	6844      	ldr	r4, [r0, #4]
10004ee6:	430b      	orrs	r3, r1
10004ee8:	6881      	ldr	r1, [r0, #8]
10004eea:	6003      	str	r3, [r0, #0]
10004eec:	68c3      	ldr	r3, [r0, #12]
10004eee:	60a1      	str	r1, [r4, #8]
10004ef0:	604c      	str	r4, [r1, #4]
10004ef2:	6854      	ldr	r4, [r2, #4]
10004ef4:	4284      	cmp	r4, r0
10004ef6:	d02e      	beq.n	10004f56 <vTaskRemoveFromUnorderedEventList+0x7a>
10004ef8:	2100      	movs	r1, #0
10004efa:	6101      	str	r1, [r0, #16]
10004efc:	6811      	ldr	r1, [r2, #0]
10004efe:	6898      	ldr	r0, [r3, #8]
10004f00:	3901      	subs	r1, #1
10004f02:	6011      	str	r1, [r2, #0]
10004f04:	695a      	ldr	r2, [r3, #20]
10004f06:	68d9      	ldr	r1, [r3, #12]
10004f08:	1d1d      	adds	r5, r3, #4
10004f0a:	6081      	str	r1, [r0, #8]
10004f0c:	6048      	str	r0, [r1, #4]
10004f0e:	6850      	ldr	r0, [r2, #4]
10004f10:	42a8      	cmp	r0, r5
10004f12:	d022      	beq.n	10004f5a <vTaskRemoveFromUnorderedEventList+0x7e>
10004f14:	6811      	ldr	r1, [r2, #0]
10004f16:	3901      	subs	r1, #1
10004f18:	6011      	str	r1, [r2, #0]
10004f1a:	4a11      	ldr	r2, [pc, #68]	@ (10004f60 <vTaskRemoveFromUnorderedEventList+0x84>)
10004f1c:	6ad9      	ldr	r1, [r3, #44]	@ 0x2c
10004f1e:	6810      	ldr	r0, [r2, #0]
10004f20:	4281      	cmp	r1, r0
10004f22:	d900      	bls.n	10004f26 <vTaskRemoveFromUnorderedEventList+0x4a>
10004f24:	6011      	str	r1, [r2, #0]
10004f26:	008a      	lsls	r2, r1, #2
10004f28:	480e      	ldr	r0, [pc, #56]	@ (10004f64 <vTaskRemoveFromUnorderedEventList+0x88>)
10004f2a:	1852      	adds	r2, r2, r1
10004f2c:	0092      	lsls	r2, r2, #2
10004f2e:	1886      	adds	r6, r0, r2
10004f30:	6874      	ldr	r4, [r6, #4]
10004f32:	68a7      	ldr	r7, [r4, #8]
10004f34:	609c      	str	r4, [r3, #8]
10004f36:	60df      	str	r7, [r3, #12]
10004f38:	607d      	str	r5, [r7, #4]
10004f3a:	60a5      	str	r5, [r4, #8]
10004f3c:	615e      	str	r6, [r3, #20]
10004f3e:	5883      	ldr	r3, [r0, r2]
10004f40:	3301      	adds	r3, #1
10004f42:	5083      	str	r3, [r0, r2]
10004f44:	4b08      	ldr	r3, [pc, #32]	@ (10004f68 <vTaskRemoveFromUnorderedEventList+0x8c>)
10004f46:	681b      	ldr	r3, [r3, #0]
10004f48:	6adb      	ldr	r3, [r3, #44]	@ 0x2c
10004f4a:	4299      	cmp	r1, r3
10004f4c:	d902      	bls.n	10004f54 <vTaskRemoveFromUnorderedEventList+0x78>
10004f4e:	2201      	movs	r2, #1
10004f50:	4b06      	ldr	r3, [pc, #24]	@ (10004f6c <vTaskRemoveFromUnorderedEventList+0x90>)
10004f52:	601a      	str	r2, [r3, #0]
10004f54:	bdf0      	pop	{r4, r5, r6, r7, pc}
10004f56:	6051      	str	r1, [r2, #4]
10004f58:	e7ce      	b.n	10004ef8 <vTaskRemoveFromUnorderedEventList+0x1c>
10004f5a:	6051      	str	r1, [r2, #4]
10004f5c:	e7da      	b.n	10004f14 <vTaskRemoveFromUnorderedEventList+0x38>
10004f5e:	46c0      	nop			@ (mov r8, r8)
10004f60:	20021e94 	.word	0x20021e94
10004f64:	20001ae4 	.word	0x20001ae4
10004f68:	20001ad4 	.word	0x20001ad4
10004f6c:	20021eec 	.word	0x20021eec

10004f70 <xTaskGetCurrentTaskHandle>:
10004f70:	4b01      	ldr	r3, [pc, #4]	@ (10004f78 <xTaskGetCurrentTaskHandle+0x8>)
10004f72:	6818      	ldr	r0, [r3, #0]
10004f74:	4770      	bx	lr
10004f76:	46c0      	nop			@ (mov r8, r8)
10004f78:	20001ad4 	.word	0x20001ad4

10004f7c <xTaskPriorityDisinherit>:
10004f7c:	b570      	push	{r4, r5, r6, lr}
10004f7e:	1e04      	subs	r4, r0, #0
10004f80:	d008      	beq.n	10004f94 <xTaskPriorityDisinherit+0x18>
10004f82:	6d03      	ldr	r3, [r0, #80]	@ 0x50
10004f84:	6ac1      	ldr	r1, [r0, #44]	@ 0x2c
10004f86:	6cc2      	ldr	r2, [r0, #76]	@ 0x4c
10004f88:	3b01      	subs	r3, #1
10004f8a:	6503      	str	r3, [r0, #80]	@ 0x50
10004f8c:	4291      	cmp	r1, r2
10004f8e:	d001      	beq.n	10004f94 <xTaskPriorityDisinherit+0x18>
10004f90:	2b00      	cmp	r3, #0
10004f92:	d001      	beq.n	10004f98 <xTaskPriorityDisinherit+0x1c>
10004f94:	2000      	movs	r0, #0
10004f96:	bd70      	pop	{r4, r5, r6, pc}
10004f98:	1d05      	adds	r5, r0, #4
10004f9a:	0028      	movs	r0, r5
10004f9c:	f7ff fc4a 	bl	10004834 <uxListRemove>
10004fa0:	2320      	movs	r3, #32
10004fa2:	6ce2      	ldr	r2, [r4, #76]	@ 0x4c
10004fa4:	1a9b      	subs	r3, r3, r2
10004fa6:	61a3      	str	r3, [r4, #24]
10004fa8:	4b0b      	ldr	r3, [pc, #44]	@ (10004fd8 <xTaskPriorityDisinherit+0x5c>)
10004faa:	62e2      	str	r2, [r4, #44]	@ 0x2c
10004fac:	6819      	ldr	r1, [r3, #0]
10004fae:	428a      	cmp	r2, r1
10004fb0:	d900      	bls.n	10004fb4 <xTaskPriorityDisinherit+0x38>
10004fb2:	601a      	str	r2, [r3, #0]
10004fb4:	0093      	lsls	r3, r2, #2
10004fb6:	4909      	ldr	r1, [pc, #36]	@ (10004fdc <xTaskPriorityDisinherit+0x60>)
10004fb8:	189b      	adds	r3, r3, r2
10004fba:	009b      	lsls	r3, r3, #2
10004fbc:	18c8      	adds	r0, r1, r3
10004fbe:	6842      	ldr	r2, [r0, #4]
10004fc0:	6896      	ldr	r6, [r2, #8]
10004fc2:	60a2      	str	r2, [r4, #8]
10004fc4:	60e6      	str	r6, [r4, #12]
10004fc6:	6075      	str	r5, [r6, #4]
10004fc8:	6095      	str	r5, [r2, #8]
10004fca:	58ca      	ldr	r2, [r1, r3]
10004fcc:	6160      	str	r0, [r4, #20]
10004fce:	3201      	adds	r2, #1
10004fd0:	2001      	movs	r0, #1
10004fd2:	50ca      	str	r2, [r1, r3]
10004fd4:	e7df      	b.n	10004f96 <xTaskPriorityDisinherit+0x1a>
10004fd6:	46c0      	nop			@ (mov r8, r8)
10004fd8:	20021e94 	.word	0x20021e94
10004fdc:	20001ae4 	.word	0x20001ae4

10004fe0 <uxTaskResetEventItemValue>:
10004fe0:	4b04      	ldr	r3, [pc, #16]	@ (10004ff4 <uxTaskResetEventItemValue+0x14>)
10004fe2:	681a      	ldr	r2, [r3, #0]
10004fe4:	6819      	ldr	r1, [r3, #0]
10004fe6:	6990      	ldr	r0, [r2, #24]
10004fe8:	681a      	ldr	r2, [r3, #0]
10004fea:	2320      	movs	r3, #32
10004fec:	6ac9      	ldr	r1, [r1, #44]	@ 0x2c
10004fee:	1a5b      	subs	r3, r3, r1
10004ff0:	6193      	str	r3, [r2, #24]
10004ff2:	4770      	bx	lr
10004ff4:	20001ad4 	.word	0x20001ad4

10004ff8 <xTimerPendFunctionCallFromISR>:
10004ff8:	b510      	push	{r4, lr}
10004ffa:	0014      	movs	r4, r2
10004ffc:	001a      	movs	r2, r3
10004ffe:	2302      	movs	r3, #2
10005000:	b084      	sub	sp, #16
10005002:	425b      	negs	r3, r3
10005004:	9300      	str	r3, [sp, #0]
10005006:	4b05      	ldr	r3, [pc, #20]	@ (1000501c <xTimerPendFunctionCallFromISR+0x24>)
10005008:	9001      	str	r0, [sp, #4]
1000500a:	9102      	str	r1, [sp, #8]
1000500c:	6818      	ldr	r0, [r3, #0]
1000500e:	4669      	mov	r1, sp
10005010:	2300      	movs	r3, #0
10005012:	9403      	str	r4, [sp, #12]
10005014:	f7ff fc66 	bl	100048e4 <xQueueGenericSendFromISR>
10005018:	b004      	add	sp, #16
1000501a:	bd10      	pop	{r4, pc}
1000501c:	20021ee8 	.word	0x20021ee8

10005020 <cyw43_arch_set_async_context>:
10005020:	4b01      	ldr	r3, [pc, #4]	@ (10005028 <cyw43_arch_set_async_context+0x8>)
10005022:	6018      	str	r0, [r3, #0]
10005024:	4770      	bx	lr
10005026:	46c0      	nop			@ (mov r8, r8)
10005028:	2000106c 	.word	0x2000106c

1000502c <cyw43_arch_gpio_put>:
1000502c:	b510      	push	{r4, lr}
1000502e:	4b03      	ldr	r3, [pc, #12]	@ (1000503c <cyw43_arch_gpio_put+0x10>)
10005030:	000a      	movs	r2, r1
10005032:	0001      	movs	r1, r0
10005034:	0018      	movs	r0, r3
10005036:	f002 ffad 	bl	10007f94 <cyw43_gpio_set>
1000503a:	bd10      	pop	{r4, pc}
1000503c:	200011d4 	.word	0x200011d4

10005040 <cyw43_arch_async_context>:
10005040:	4b01      	ldr	r3, [pc, #4]	@ (10005048 <cyw43_arch_async_context+0x8>)
10005042:	6818      	ldr	r0, [r3, #0]
10005044:	4770      	bx	lr
10005046:	46c0      	nop			@ (mov r8, r8)
10005048:	2000106c 	.word	0x2000106c

1000504c <cyw43_arch_init>:
1000504c:	b510      	push	{r4, lr}
1000504e:	b082      	sub	sp, #8
10005050:	f7ff fff6 	bl	10005040 <cyw43_arch_async_context>
10005054:	2800      	cmp	r0, #0
10005056:	d007      	beq.n	10005068 <cyw43_arch_init+0x1c>
10005058:	f003 fa70 	bl	1000853c <cyw43_driver_init>
1000505c:	0003      	movs	r3, r0
1000505e:	2000      	movs	r0, #0
10005060:	2b00      	cmp	r3, #0
10005062:	d010      	beq.n	10005086 <cyw43_arch_init+0x3a>
10005064:	b002      	add	sp, #8
10005066:	bd10      	pop	{r4, pc}
10005068:	4668      	mov	r0, sp
1000506a:	f003 fe53 	bl	10008d14 <async_context_threadsafe_background_default_config>
1000506e:	4c0f      	ldr	r4, [pc, #60]	@ (100050ac <cyw43_arch_init+0x60>)
10005070:	4669      	mov	r1, sp
10005072:	0020      	movs	r0, r4
10005074:	f003 fe54 	bl	10008d20 <async_context_threadsafe_background_init>
10005078:	2800      	cmp	r0, #0
1000507a:	d013      	beq.n	100050a4 <cyw43_arch_init+0x58>
1000507c:	0020      	movs	r0, r4
1000507e:	f7ff ffcf 	bl	10005020 <cyw43_arch_set_async_context>
10005082:	0020      	movs	r0, r4
10005084:	e7e8      	b.n	10005058 <cyw43_arch_init+0xc>
10005086:	f7ff ffdb 	bl	10005040 <cyw43_arch_async_context>
1000508a:	0004      	movs	r4, r0
1000508c:	f003 fa72 	bl	10008574 <cyw43_driver_deinit>
10005090:	4b06      	ldr	r3, [pc, #24]	@ (100050ac <cyw43_arch_init+0x60>)
10005092:	429c      	cmp	r4, r3
10005094:	d106      	bne.n	100050a4 <cyw43_arch_init+0x58>
10005096:	6823      	ldr	r3, [r4, #0]
10005098:	0020      	movs	r0, r4
1000509a:	6b5b      	ldr	r3, [r3, #52]	@ 0x34
1000509c:	4798      	blx	r3
1000509e:	2000      	movs	r0, #0
100050a0:	f7ff ffbe 	bl	10005020 <cyw43_arch_set_async_context>
100050a4:	2001      	movs	r0, #1
100050a6:	4240      	negs	r0, r0
100050a8:	e7dc      	b.n	10005064 <cyw43_arch_init+0x18>
100050aa:	46c0      	nop			@ (mov r8, r8)
100050ac:	20000c18 	.word	0x20000c18

100050b0 <ns_delay.constprop.0>:
100050b0:	b510      	push	{r4, lr}
100050b2:	2005      	movs	r0, #5
100050b4:	f7fc fb5e 	bl	10001774 <clock_get_hz>
100050b8:	0c03      	lsrs	r3, r0, #16
100050ba:	2064      	movs	r0, #100	@ 0x64
100050bc:	4903      	ldr	r1, [pc, #12]	@ (100050cc <ns_delay.constprop.0+0x1c>)
100050be:	4358      	muls	r0, r3
100050c0:	f7fc fd68 	bl	10001b94 <__wrap___aeabi_uidiv>
100050c4:	3803      	subs	r0, #3
100050c6:	d2fd      	bcs.n	100050c4 <ns_delay.constprop.0+0x14>
100050c8:	bd10      	pop	{r4, pc}
100050ca:	46c0      	nop			@ (mov r8, r8)
100050cc:	00003b9a 	.word	0x00003b9a

100050d0 <cyw43_spi_deinit>:
100050d0:	4b18      	ldr	r3, [pc, #96]	@ (10005134 <cyw43_spi_deinit+0x64>)
100050d2:	b570      	push	{r4, r5, r6, lr}
100050d4:	58c4      	ldr	r4, [r0, r3]
100050d6:	0005      	movs	r5, r0
100050d8:	2c00      	cmp	r4, #0
100050da:	d014      	beq.n	10005106 <cyw43_spi_deinit+0x36>
100050dc:	6821      	ldr	r1, [r4, #0]
100050de:	2900      	cmp	r1, #0
100050e0:	d006      	beq.n	100050f0 <cyw43_spi_deinit+0x20>
100050e2:	6863      	ldr	r3, [r4, #4]
100050e4:	68a2      	ldr	r2, [r4, #8]
100050e6:	4814      	ldr	r0, [pc, #80]	@ (10005138 <cyw43_spi_deinit+0x68>)
100050e8:	f003 f922 	bl	10008330 <pio_remove_program_and_unclaim_sm>
100050ec:	2300      	movs	r3, #0
100050ee:	6023      	str	r3, [r4, #0]
100050f0:	200c      	movs	r0, #12
100050f2:	5620      	ldrsb	r0, [r4, r0]
100050f4:	2800      	cmp	r0, #0
100050f6:	da10      	bge.n	1000511a <cyw43_spi_deinit+0x4a>
100050f8:	200d      	movs	r0, #13
100050fa:	5620      	ldrsb	r0, [r4, r0]
100050fc:	2800      	cmp	r0, #0
100050fe:	da03      	bge.n	10005108 <cyw43_spi_deinit+0x38>
10005100:	2200      	movs	r2, #0
10005102:	4b0c      	ldr	r3, [pc, #48]	@ (10005134 <cyw43_spi_deinit+0x64>)
10005104:	50ea      	str	r2, [r5, r3]
10005106:	bd70      	pop	{r4, r5, r6, pc}
10005108:	f003 f94e 	bl	100083a8 <dma_channel_cleanup>
1000510c:	200d      	movs	r0, #13
1000510e:	5620      	ldrsb	r0, [r4, r0]
10005110:	f003 f92e 	bl	10008370 <dma_channel_unclaim>
10005114:	23ff      	movs	r3, #255	@ 0xff
10005116:	7363      	strb	r3, [r4, #13]
10005118:	e7f2      	b.n	10005100 <cyw43_spi_deinit+0x30>
1000511a:	f003 f945 	bl	100083a8 <dma_channel_cleanup>
1000511e:	200c      	movs	r0, #12
10005120:	5620      	ldrsb	r0, [r4, r0]
10005122:	f003 f925 	bl	10008370 <dma_channel_unclaim>
10005126:	23ff      	movs	r3, #255	@ 0xff
10005128:	200d      	movs	r0, #13
1000512a:	7323      	strb	r3, [r4, #12]
1000512c:	5620      	ldrsb	r0, [r4, r0]
1000512e:	2800      	cmp	r0, #0
10005130:	dbe6      	blt.n	10005100 <cyw43_spi_deinit+0x30>
10005132:	e7e9      	b.n	10005108 <cyw43_spi_deinit+0x38>
10005134:	0000084c 	.word	0x0000084c
10005138:	1000a034 	.word	0x1000a034

1000513c <cyw43_spi_init>:
1000513c:	b5f0      	push	{r4, r5, r6, r7, lr}
1000513e:	46c6      	mov	lr, r8
10005140:	4c3f      	ldr	r4, [pc, #252]	@ (10005240 <cyw43_spi_init+0x104>)
10005142:	4b40      	ldr	r3, [pc, #256]	@ (10005244 <cyw43_spi_init+0x108>)
10005144:	b500      	push	{lr}
10005146:	50c4      	str	r4, [r0, r3]
10005148:	2300      	movs	r3, #0
1000514a:	2106      	movs	r1, #6
1000514c:	0022      	movs	r2, r4
1000514e:	2601      	movs	r6, #1
10005150:	b084      	sub	sp, #16
10005152:	6023      	str	r3, [r4, #0]
10005154:	3b01      	subs	r3, #1
10005156:	81a3      	strh	r3, [r4, #12]
10005158:	9101      	str	r1, [sp, #4]
1000515a:	3112      	adds	r1, #18
1000515c:	0005      	movs	r5, r0
1000515e:	9100      	str	r1, [sp, #0]
10005160:	4839      	ldr	r0, [pc, #228]	@ (10005248 <cyw43_spi_init+0x10c>)
10005162:	0021      	movs	r1, r4
10005164:	1d23      	adds	r3, r4, #4
10005166:	3208      	adds	r2, #8
10005168:	9602      	str	r6, [sp, #8]
1000516a:	f003 f8d3 	bl	10008314 <pio_claim_free_sm_and_add_program_for_gpio_range>
1000516e:	2800      	cmp	r0, #0
10005170:	d060      	beq.n	10005234 <cyw43_spi_init+0xf8>
10005172:	6863      	ldr	r3, [r4, #4]
10005174:	4935      	ldr	r1, [pc, #212]	@ (1000524c <cyw43_spi_init+0x110>)
10005176:	1d5f      	adds	r7, r3, #5
10005178:	033f      	lsls	r7, r7, #12
1000517a:	01db      	lsls	r3, r3, #7
1000517c:	431f      	orrs	r7, r3
1000517e:	4b34      	ldr	r3, [pc, #208]	@ (10005250 <cyw43_spi_init+0x114>)
10005180:	680a      	ldr	r2, [r1, #0]
10005182:	401f      	ands	r7, r3
10005184:	2330      	movs	r3, #48	@ 0x30
10005186:	4393      	bics	r3, r2
10005188:	4a32      	ldr	r2, [pc, #200]	@ (10005254 <cyw43_spi_init+0x118>)
1000518a:	6820      	ldr	r0, [r4, #0]
1000518c:	6013      	str	r3, [r2, #0]
1000518e:	680b      	ldr	r3, [r1, #0]
10005190:	0031      	movs	r1, r6
10005192:	4399      	bics	r1, r3
10005194:	6011      	str	r1, [r2, #0]
10005196:	2280      	movs	r2, #128	@ 0x80
10005198:	2300      	movs	r3, #0
1000519a:	0452      	lsls	r2, r2, #17
1000519c:	9200      	str	r2, [sp, #0]
1000519e:	9301      	str	r3, [sp, #4]
100051a0:	f002 ff9e 	bl	100080e0 <pio_set_input_sync_bypass_with_mask64>
100051a4:	68a1      	ldr	r1, [r4, #8]
100051a6:	6820      	ldr	r0, [r4, #0]
100051a8:	004b      	lsls	r3, r1, #1
100051aa:	185b      	adds	r3, r3, r1
100051ac:	00db      	lsls	r3, r3, #3
100051ae:	18c3      	adds	r3, r0, r3
100051b0:	46b8      	mov	r8, r7
100051b2:	001a      	movs	r2, r3
100051b4:	2780      	movs	r7, #128	@ 0x80
100051b6:	32c8      	adds	r2, #200	@ 0xc8
100051b8:	02bf      	lsls	r7, r7, #10
100051ba:	6017      	str	r7, [r2, #0]
100051bc:	27c0      	movs	r7, #192	@ 0xc0
100051be:	02bf      	lsls	r7, r7, #10
100051c0:	6097      	str	r7, [r2, #8]
100051c2:	4647      	mov	r7, r8
100051c4:	3204      	adds	r2, #4
100051c6:	6017      	str	r7, [r2, #0]
100051c8:	4a23      	ldr	r2, [pc, #140]	@ (10005258 <cyw43_spi_init+0x11c>)
100051ca:	33dc      	adds	r3, #220	@ 0xdc
100051cc:	601a      	str	r2, [r3, #0]
100051ce:	221d      	movs	r2, #29
100051d0:	2301      	movs	r3, #1
100051d2:	9600      	str	r6, [sp, #0]
100051d4:	f002 ff90 	bl	100080f8 <pio_sm_set_consecutive_pindirs>
100051d8:	4b20      	ldr	r3, [pc, #128]	@ (1000525c <cyw43_spi_init+0x120>)
100051da:	6821      	ldr	r1, [r4, #0]
100051dc:	469c      	mov	ip, r3
100051de:	4461      	add	r1, ip
100051e0:	0d09      	lsrs	r1, r1, #20
100051e2:	3106      	adds	r1, #6
100051e4:	2018      	movs	r0, #24
100051e6:	b2c9      	uxtb	r1, r1
100051e8:	f7fb f860 	bl	100002ac <gpio_set_function>
100051ec:	2201      	movs	r2, #1
100051ee:	2100      	movs	r1, #0
100051f0:	2018      	movs	r0, #24
100051f2:	f7fb f875 	bl	100002e0 <gpio_set_pulls>
100051f6:	2101      	movs	r1, #1
100051f8:	2018      	movs	r0, #24
100051fa:	f7fb f885 	bl	10000308 <gpio_set_input_hysteresis_enabled>
100051fe:	68a1      	ldr	r1, [r4, #8]
10005200:	6823      	ldr	r3, [r4, #0]
10005202:	004a      	lsls	r2, r1, #1
10005204:	1852      	adds	r2, r2, r1
10005206:	00d2      	lsls	r2, r2, #3
10005208:	189b      	adds	r3, r3, r2
1000520a:	4a15      	ldr	r2, [pc, #84]	@ (10005260 <cyw43_spi_init+0x124>)
1000520c:	33d8      	adds	r3, #216	@ 0xd8
1000520e:	601a      	str	r2, [r3, #0]
10005210:	2000      	movs	r0, #0
10005212:	f003 f8b7 	bl	10008384 <dma_claim_unused_channel>
10005216:	7320      	strb	r0, [r4, #12]
10005218:	2000      	movs	r0, #0
1000521a:	f003 f8b3 	bl	10008384 <dma_claim_unused_channel>
1000521e:	7b23      	ldrb	r3, [r4, #12]
10005220:	b240      	sxtb	r0, r0
10005222:	7360      	strb	r0, [r4, #13]
10005224:	4318      	orrs	r0, r3
10005226:	0600      	lsls	r0, r0, #24
10005228:	d404      	bmi.n	10005234 <cyw43_spi_init+0xf8>
1000522a:	2000      	movs	r0, #0
1000522c:	b004      	add	sp, #16
1000522e:	bc80      	pop	{r7}
10005230:	46b8      	mov	r8, r7
10005232:	bdf0      	pop	{r4, r5, r6, r7, pc}
10005234:	0028      	movs	r0, r5
10005236:	f7ff ff4b 	bl	100050d0 <cyw43_spi_deinit>
1000523a:	2006      	movs	r0, #6
1000523c:	4240      	negs	r0, r0
1000523e:	e7f5      	b.n	1000522c <cyw43_spi_init+0xf0>
10005240:	20001188 	.word	0x20001188
10005244:	0000084c 	.word	0x0000084c
10005248:	1000a034 	.word	0x1000a034
1000524c:	4001c078 	.word	0x4001c078
10005250:	9fffffff 	.word	0x9fffffff
10005254:	4001d078 	.word	0x4001d078
10005258:	241c7718 	.word	0x241c7718
1000525c:	afe00000 	.word	0xafe00000
10005260:	0000e001 	.word	0x0000e001

10005264 <cyw43_spi_transfer>:
10005264:	b5f0      	push	{r4, r5, r6, r7, lr}
10005266:	464e      	mov	r6, r9
10005268:	4645      	mov	r5, r8
1000526a:	46de      	mov	lr, fp
1000526c:	4657      	mov	r7, sl
1000526e:	b5e0      	push	{r5, r6, r7, lr}
10005270:	4689      	mov	r9, r1
10005272:	0016      	movs	r6, r2
10005274:	4698      	mov	r8, r3
10005276:	b089      	sub	sp, #36	@ 0x24
10005278:	2900      	cmp	r1, #0
1000527a:	d100      	bne.n	1000527e <cyw43_spi_transfer+0x1a>
1000527c:	e124      	b.n	100054c8 <cyw43_spi_transfer+0x264>
1000527e:	4b96      	ldr	r3, [pc, #600]	@ (100054d8 <cyw43_spi_transfer+0x274>)
10005280:	58c4      	ldr	r4, [r0, r3]
10005282:	4b96      	ldr	r3, [pc, #600]	@ (100054dc <cyw43_spi_transfer+0x278>)
10005284:	6821      	ldr	r1, [r4, #0]
10005286:	469c      	mov	ip, r3
10005288:	4461      	add	r1, ip
1000528a:	0d09      	lsrs	r1, r1, #20
1000528c:	3106      	adds	r1, #6
1000528e:	2018      	movs	r0, #24
10005290:	b2c9      	uxtb	r1, r1
10005292:	f7fb f80b 	bl	100002ac <gpio_set_function>
10005296:	4b91      	ldr	r3, [pc, #580]	@ (100054dc <cyw43_spi_transfer+0x278>)
10005298:	6821      	ldr	r1, [r4, #0]
1000529a:	469c      	mov	ip, r3
1000529c:	4461      	add	r1, ip
1000529e:	0d09      	lsrs	r1, r1, #20
100052a0:	3106      	adds	r1, #6
100052a2:	201d      	movs	r0, #29
100052a4:	b2c9      	uxtb	r1, r1
100052a6:	f7fb f801 	bl	100002ac <gpio_set_function>
100052aa:	2201      	movs	r2, #1
100052ac:	2100      	movs	r1, #0
100052ae:	201d      	movs	r0, #29
100052b0:	f7fb f816 	bl	100002e0 <gpio_set_pulls>
100052b4:	23d0      	movs	r3, #208	@ 0xd0
100052b6:	2280      	movs	r2, #128	@ 0x80
100052b8:	061b      	lsls	r3, r3, #24
100052ba:	0492      	lsls	r2, r2, #18
100052bc:	619a      	str	r2, [r3, #24]
100052be:	4643      	mov	r3, r8
100052c0:	2b00      	cmp	r3, #0
100052c2:	d100      	bne.n	100052c6 <cyw43_spi_transfer+0x62>
100052c4:	e122      	b.n	1000550c <cyw43_spi_transfer+0x2a8>
100052c6:	464b      	mov	r3, r9
100052c8:	2b00      	cmp	r3, #0
100052ca:	d100      	bne.n	100052ce <cyw43_spi_transfer+0x6a>
100052cc:	e0fa      	b.n	100054c4 <cyw43_spi_transfer+0x260>
100052ce:	2501      	movs	r5, #1
100052d0:	002a      	movs	r2, r5
100052d2:	68a1      	ldr	r1, [r4, #8]
100052d4:	6820      	ldr	r0, [r4, #0]
100052d6:	408a      	lsls	r2, r1
100052d8:	6803      	ldr	r3, [r0, #0]
100052da:	4393      	bics	r3, r2
100052dc:	6003      	str	r3, [r0, #0]
100052de:	6863      	ldr	r3, [r4, #4]
100052e0:	469c      	mov	ip, r3
100052e2:	004b      	lsls	r3, r1, #1
100052e4:	185b      	adds	r3, r3, r1
100052e6:	00db      	lsls	r3, r3, #3
100052e8:	18c7      	adds	r7, r0, r3
100052ea:	37cc      	adds	r7, #204	@ 0xcc
100052ec:	9303      	str	r3, [sp, #12]
100052ee:	683b      	ldr	r3, [r7, #0]
100052f0:	469a      	mov	sl, r3
100052f2:	4663      	mov	r3, ip
100052f4:	1d5a      	adds	r2, r3, #5
100052f6:	4b7a      	ldr	r3, [pc, #488]	@ (100054e0 <cyw43_spi_transfer+0x27c>)
100052f8:	0312      	lsls	r2, r2, #12
100052fa:	469b      	mov	fp, r3
100052fc:	9204      	str	r2, [sp, #16]
100052fe:	4653      	mov	r3, sl
10005300:	465a      	mov	r2, fp
10005302:	4013      	ands	r3, r2
10005304:	9a04      	ldr	r2, [sp, #16]
10005306:	431a      	orrs	r2, r3
10005308:	4663      	mov	r3, ip
1000530a:	01db      	lsls	r3, r3, #7
1000530c:	431a      	orrs	r2, r3
1000530e:	603a      	str	r2, [r7, #0]
10005310:	4a74      	ldr	r2, [pc, #464]	@ (100054e4 <cyw43_spi_transfer+0x280>)
10005312:	9b03      	ldr	r3, [sp, #12]
10005314:	4694      	mov	ip, r2
10005316:	2280      	movs	r2, #128	@ 0x80
10005318:	18c3      	adds	r3, r0, r3
1000531a:	4463      	add	r3, ip
1000531c:	0612      	lsls	r2, r2, #24
1000531e:	601a      	str	r2, [r3, #0]
10005320:	601a      	str	r2, [r3, #0]
10005322:	2280      	movs	r2, #128	@ 0x80
10005324:	2300      	movs	r3, #0
10005326:	0452      	lsls	r2, r2, #17
10005328:	9200      	str	r2, [sp, #0]
1000532a:	9301      	str	r3, [sp, #4]
1000532c:	f002 fe82 	bl	10008034 <pio_sm_set_pindirs_with_mask64>
10005330:	0029      	movs	r1, r5
10005332:	68a3      	ldr	r3, [r4, #8]
10005334:	6827      	ldr	r7, [r4, #0]
10005336:	1d1a      	adds	r2, r3, #4
10005338:	4091      	lsls	r1, r2
1000533a:	4694      	mov	ip, r2
1000533c:	2280      	movs	r2, #128	@ 0x80
1000533e:	0192      	lsls	r2, r2, #6
10005340:	18ba      	adds	r2, r7, r2
10005342:	6011      	str	r1, [r2, #0]
10005344:	0019      	movs	r1, r3
10005346:	0028      	movs	r0, r5
10005348:	3108      	adds	r1, #8
1000534a:	4088      	lsls	r0, r1
1000534c:	0099      	lsls	r1, r3, #2
1000534e:	6010      	str	r0, [r2, #0]
10005350:	00f2      	lsls	r2, r6, #3
10005352:	1879      	adds	r1, r7, r1
10005354:	3a01      	subs	r2, #1
10005356:	610a      	str	r2, [r1, #16]
10005358:	005a      	lsls	r2, r3, #1
1000535a:	18d2      	adds	r2, r2, r3
1000535c:	00d2      	lsls	r2, r2, #3
1000535e:	4862      	ldr	r0, [pc, #392]	@ (100054e8 <cyw43_spi_transfer+0x284>)
10005360:	18ba      	adds	r2, r7, r2
10005362:	32d8      	adds	r2, #216	@ 0xd8
10005364:	6010      	str	r0, [r2, #0]
10005366:	9812      	ldr	r0, [sp, #72]	@ 0x48
10005368:	1b80      	subs	r0, r0, r6
1000536a:	00c0      	lsls	r0, r0, #3
1000536c:	3801      	subs	r0, #1
1000536e:	6108      	str	r0, [r1, #16]
10005370:	201f      	movs	r0, #31
10005372:	495e      	ldr	r1, [pc, #376]	@ (100054ec <cyw43_spi_transfer+0x288>)
10005374:	6011      	str	r1, [r2, #0]
10005376:	6861      	ldr	r1, [r4, #4]
10005378:	4001      	ands	r1, r0
1000537a:	6011      	str	r1, [r2, #0]
1000537c:	21a0      	movs	r1, #160	@ 0xa0
1000537e:	220c      	movs	r2, #12
10005380:	05c9      	lsls	r1, r1, #23
10005382:	468a      	mov	sl, r1
10005384:	56a2      	ldrsb	r2, [r4, r2]
10005386:	4650      	mov	r0, sl
10005388:	4095      	lsls	r5, r2
1000538a:	4959      	ldr	r1, [pc, #356]	@ (100054f0 <cyw43_spi_transfer+0x28c>)
1000538c:	5045      	str	r5, [r0, r1]
1000538e:	0191      	lsls	r1, r2, #6
10005390:	0008      	movs	r0, r1
10005392:	2580      	movs	r5, #128	@ 0x80
10005394:	4683      	mov	fp, r0
10005396:	9107      	str	r1, [sp, #28]
10005398:	4956      	ldr	r1, [pc, #344]	@ (100054f4 <cyw43_spi_transfer+0x290>)
1000539a:	046d      	lsls	r5, r5, #17
1000539c:	4459      	add	r1, fp
1000539e:	6808      	ldr	r0, [r1, #0]
100053a0:	4228      	tst	r0, r5
100053a2:	d1fc      	bne.n	1000539e <cyw43_spi_transfer+0x13a>
100053a4:	200d      	movs	r0, #13
100053a6:	2501      	movs	r5, #1
100053a8:	5620      	ldrsb	r0, [r4, r0]
100053aa:	4951      	ldr	r1, [pc, #324]	@ (100054f0 <cyw43_spi_transfer+0x28c>)
100053ac:	4085      	lsls	r5, r0
100053ae:	9003      	str	r0, [sp, #12]
100053b0:	4650      	mov	r0, sl
100053b2:	5045      	str	r5, [r0, r1]
100053b4:	21a0      	movs	r1, #160	@ 0xa0
100053b6:	05c9      	lsls	r1, r1, #23
100053b8:	468a      	mov	sl, r1
100053ba:	494e      	ldr	r1, [pc, #312]	@ (100054f4 <cyw43_spi_transfer+0x290>)
100053bc:	9803      	ldr	r0, [sp, #12]
100053be:	468b      	mov	fp, r1
100053c0:	0185      	lsls	r5, r0, #6
100053c2:	2180      	movs	r1, #128	@ 0x80
100053c4:	44aa      	add	sl, r5
100053c6:	445d      	add	r5, fp
100053c8:	469b      	mov	fp, r3
100053ca:	002b      	movs	r3, r5
100053cc:	0449      	lsls	r1, r1, #17
100053ce:	681d      	ldr	r5, [r3, #0]
100053d0:	420d      	tst	r5, r1
100053d2:	d1fc      	bne.n	100053ce <cyw43_spi_transfer+0x16a>
100053d4:	465b      	mov	r3, fp
100053d6:	4941      	ldr	r1, [pc, #260]	@ (100054dc <cyw43_spi_transfer+0x278>)
100053d8:	9003      	str	r0, [sp, #12]
100053da:	187d      	adds	r5, r7, r1
100053dc:	0d2d      	lsrs	r5, r5, #20
100053de:	00ed      	lsls	r5, r5, #3
100053e0:	1959      	adds	r1, r3, r5
100053e2:	03c9      	lsls	r1, r1, #15
100053e4:	468b      	mov	fp, r1
100053e6:	4658      	mov	r0, fp
100053e8:	4943      	ldr	r1, [pc, #268]	@ (100054f8 <cyw43_spi_transfer+0x294>)
100053ea:	02d2      	lsls	r2, r2, #11
100053ec:	400a      	ands	r2, r1
100053ee:	4302      	orrs	r2, r0
100053f0:	4842      	ldr	r0, [pc, #264]	@ (100054fc <cyw43_spi_transfer+0x298>)
100053f2:	9506      	str	r5, [sp, #24]
100053f4:	0001      	movs	r1, r0
100053f6:	20a0      	movs	r0, #160	@ 0xa0
100053f8:	4311      	orrs	r1, r2
100053fa:	05c0      	lsls	r0, r0, #23
100053fc:	4662      	mov	r2, ip
100053fe:	4683      	mov	fp, r0
10005400:	4648      	mov	r0, r9
10005402:	9d07      	ldr	r5, [sp, #28]
10005404:	0092      	lsls	r2, r2, #2
10005406:	445d      	add	r5, fp
10005408:	9204      	str	r2, [sp, #16]
1000540a:	6028      	str	r0, [r5, #0]
1000540c:	9804      	ldr	r0, [sp, #16]
1000540e:	46b9      	mov	r9, r7
10005410:	4683      	mov	fp, r0
10005412:	44d9      	add	r9, fp
10005414:	4648      	mov	r0, r9
10005416:	9105      	str	r1, [sp, #20]
10005418:	0029      	movs	r1, r5
1000541a:	08b2      	lsrs	r2, r6, #2
1000541c:	6068      	str	r0, [r5, #4]
1000541e:	60aa      	str	r2, [r5, #8]
10005420:	9d05      	ldr	r5, [sp, #20]
10005422:	60cd      	str	r5, [r1, #12]
10005424:	9903      	ldr	r1, [sp, #12]
10005426:	9d06      	ldr	r5, [sp, #24]
10005428:	02c8      	lsls	r0, r1, #11
1000542a:	4933      	ldr	r1, [pc, #204]	@ (100054f8 <cyw43_spi_transfer+0x294>)
1000542c:	4465      	add	r5, ip
1000542e:	4008      	ands	r0, r1
10005430:	9912      	ldr	r1, [sp, #72]	@ 0x48
10005432:	03ed      	lsls	r5, r5, #15
10005434:	0889      	lsrs	r1, r1, #2
10005436:	4305      	orrs	r5, r0
10005438:	1a8a      	subs	r2, r1, r2
1000543a:	4831      	ldr	r0, [pc, #196]	@ (10005500 <cyw43_spi_transfer+0x29c>)
1000543c:	4659      	mov	r1, fp
1000543e:	4328      	orrs	r0, r5
10005440:	4655      	mov	r5, sl
10005442:	3110      	adds	r1, #16
10005444:	1879      	adds	r1, r7, r1
10005446:	6029      	str	r1, [r5, #0]
10005448:	4641      	mov	r1, r8
1000544a:	1989      	adds	r1, r1, r6
1000544c:	6069      	str	r1, [r5, #4]
1000544e:	60aa      	str	r2, [r5, #8]
10005450:	2201      	movs	r2, #1
10005452:	409a      	lsls	r2, r3
10005454:	0013      	movs	r3, r2
10005456:	60e8      	str	r0, [r5, #12]
10005458:	6839      	ldr	r1, [r7, #0]
1000545a:	430b      	orrs	r3, r1
1000545c:	603b      	str	r3, [r7, #0]
1000545e:	220c      	movs	r2, #12
10005460:	4b28      	ldr	r3, [pc, #160]	@ (10005504 <cyw43_spi_transfer+0x2a0>)
10005462:	2180      	movs	r1, #128	@ 0x80
10005464:	469c      	mov	ip, r3
10005466:	56a2      	ldrsb	r2, [r4, r2]
10005468:	0449      	lsls	r1, r1, #17
1000546a:	0192      	lsls	r2, r2, #6
1000546c:	4462      	add	r2, ip
1000546e:	6813      	ldr	r3, [r2, #0]
10005470:	420b      	tst	r3, r1
10005472:	d1fc      	bne.n	1000546e <cyw43_spi_transfer+0x20a>
10005474:	220d      	movs	r2, #13
10005476:	4b23      	ldr	r3, [pc, #140]	@ (10005504 <cyw43_spi_transfer+0x2a0>)
10005478:	2180      	movs	r1, #128	@ 0x80
1000547a:	469c      	mov	ip, r3
1000547c:	56a2      	ldrsb	r2, [r4, r2]
1000547e:	0449      	lsls	r1, r1, #17
10005480:	0192      	lsls	r2, r2, #6
10005482:	4462      	add	r2, ip
10005484:	6813      	ldr	r3, [r2, #0]
10005486:	420b      	tst	r3, r1
10005488:	d1fc      	bne.n	10005484 <cyw43_spi_transfer+0x220>
1000548a:	2100      	movs	r1, #0
1000548c:	0032      	movs	r2, r6
1000548e:	4640      	mov	r0, r8
10005490:	f7fc ff98 	bl	100023c4 <__wrap_memset>
10005494:	68a1      	ldr	r1, [r4, #8]
10005496:	6823      	ldr	r3, [r4, #0]
10005498:	004a      	lsls	r2, r1, #1
1000549a:	1852      	adds	r2, r2, r1
1000549c:	00d2      	lsls	r2, r2, #3
1000549e:	189b      	adds	r3, r3, r2
100054a0:	4a19      	ldr	r2, [pc, #100]	@ (10005508 <cyw43_spi_transfer+0x2a4>)
100054a2:	33d8      	adds	r3, #216	@ 0xd8
100054a4:	601a      	str	r2, [r3, #0]
100054a6:	23d0      	movs	r3, #208	@ 0xd0
100054a8:	2280      	movs	r2, #128	@ 0x80
100054aa:	061b      	lsls	r3, r3, #24
100054ac:	0492      	lsls	r2, r2, #18
100054ae:	615a      	str	r2, [r3, #20]
100054b0:	f7ff fdfe 	bl	100050b0 <ns_delay.constprop.0>
100054b4:	2000      	movs	r0, #0
100054b6:	b009      	add	sp, #36	@ 0x24
100054b8:	bcf0      	pop	{r4, r5, r6, r7}
100054ba:	46bb      	mov	fp, r7
100054bc:	46b2      	mov	sl, r6
100054be:	46a9      	mov	r9, r5
100054c0:	46a0      	mov	r8, r4
100054c2:	bdf0      	pop	{r4, r5, r6, r7, pc}
100054c4:	46c1      	mov	r9, r8
100054c6:	e702      	b.n	100052ce <cyw43_spi_transfer+0x6a>
100054c8:	4643      	mov	r3, r8
100054ca:	2b00      	cmp	r3, #0
100054cc:	d000      	beq.n	100054d0 <cyw43_spi_transfer+0x26c>
100054ce:	e6d6      	b.n	1000527e <cyw43_spi_transfer+0x1a>
100054d0:	2005      	movs	r0, #5
100054d2:	4240      	negs	r0, r0
100054d4:	e7ef      	b.n	100054b6 <cyw43_spi_transfer+0x252>
100054d6:	46c0      	nop			@ (mov r8, r8)
100054d8:	0000084c 	.word	0x0000084c
100054dc:	afe00000 	.word	0xafe00000
100054e0:	fffe007f 	.word	0xfffe007f
100054e4:	000010d0 	.word	0x000010d0
100054e8:	00006020 	.word	0x00006020
100054ec:	00006040 	.word	0x00006040
100054f0:	00000444 	.word	0x00000444
100054f4:	5000000c 	.word	0x5000000c
100054f8:	ff007ffd 	.word	0xff007ffd
100054fc:	00400019 	.word	0x00400019
10005500:	00400029 	.word	0x00400029
10005504:	50000010 	.word	0x50000010
10005508:	0000a003 	.word	0x0000a003
1000550c:	464b      	mov	r3, r9
1000550e:	2b00      	cmp	r3, #0
10005510:	d0c0      	beq.n	10005494 <cyw43_spi_transfer+0x230>
10005512:	2701      	movs	r7, #1
10005514:	003a      	movs	r2, r7
10005516:	68a1      	ldr	r1, [r4, #8]
10005518:	6820      	ldr	r0, [r4, #0]
1000551a:	408a      	lsls	r2, r1
1000551c:	6803      	ldr	r3, [r0, #0]
1000551e:	4393      	bics	r3, r2
10005520:	6003      	str	r3, [r0, #0]
10005522:	6863      	ldr	r3, [r4, #4]
10005524:	469c      	mov	ip, r3
10005526:	004b      	lsls	r3, r1, #1
10005528:	185b      	adds	r3, r3, r1
1000552a:	00db      	lsls	r3, r3, #3
1000552c:	18c5      	adds	r5, r0, r3
1000552e:	35cc      	adds	r5, #204	@ 0xcc
10005530:	9303      	str	r3, [sp, #12]
10005532:	682b      	ldr	r3, [r5, #0]
10005534:	469a      	mov	sl, r3
10005536:	4663      	mov	r3, ip
10005538:	1c5a      	adds	r2, r3, #1
1000553a:	4b48      	ldr	r3, [pc, #288]	@ (1000565c <cyw43_spi_transfer+0x3f8>)
1000553c:	0312      	lsls	r2, r2, #12
1000553e:	469b      	mov	fp, r3
10005540:	9204      	str	r2, [sp, #16]
10005542:	4653      	mov	r3, sl
10005544:	465a      	mov	r2, fp
10005546:	4013      	ands	r3, r2
10005548:	9a04      	ldr	r2, [sp, #16]
1000554a:	431a      	orrs	r2, r3
1000554c:	4663      	mov	r3, ip
1000554e:	01db      	lsls	r3, r3, #7
10005550:	431a      	orrs	r2, r3
10005552:	602a      	str	r2, [r5, #0]
10005554:	4a42      	ldr	r2, [pc, #264]	@ (10005660 <cyw43_spi_transfer+0x3fc>)
10005556:	9b03      	ldr	r3, [sp, #12]
10005558:	4694      	mov	ip, r2
1000555a:	2280      	movs	r2, #128	@ 0x80
1000555c:	18c3      	adds	r3, r0, r3
1000555e:	4463      	add	r3, ip
10005560:	0612      	lsls	r2, r2, #24
10005562:	601a      	str	r2, [r3, #0]
10005564:	601a      	str	r2, [r3, #0]
10005566:	2280      	movs	r2, #128	@ 0x80
10005568:	2300      	movs	r3, #0
1000556a:	0452      	lsls	r2, r2, #17
1000556c:	9200      	str	r2, [sp, #0]
1000556e:	9301      	str	r3, [sp, #4]
10005570:	f002 fd60 	bl	10008034 <pio_sm_set_pindirs_with_mask64>
10005574:	003a      	movs	r2, r7
10005576:	68a0      	ldr	r0, [r4, #8]
10005578:	6821      	ldr	r1, [r4, #0]
1000557a:	1d03      	adds	r3, r0, #4
1000557c:	409a      	lsls	r2, r3
1000557e:	469a      	mov	sl, r3
10005580:	2380      	movs	r3, #128	@ 0x80
10005582:	019b      	lsls	r3, r3, #6
10005584:	18cb      	adds	r3, r1, r3
10005586:	601a      	str	r2, [r3, #0]
10005588:	0002      	movs	r2, r0
1000558a:	003d      	movs	r5, r7
1000558c:	3208      	adds	r2, #8
1000558e:	4095      	lsls	r5, r2
10005590:	0082      	lsls	r2, r0, #2
10005592:	601d      	str	r5, [r3, #0]
10005594:	00f3      	lsls	r3, r6, #3
10005596:	188a      	adds	r2, r1, r2
10005598:	3b01      	subs	r3, #1
1000559a:	6113      	str	r3, [r2, #16]
1000559c:	0043      	lsls	r3, r0, #1
1000559e:	181b      	adds	r3, r3, r0
100055a0:	00db      	lsls	r3, r3, #3
100055a2:	4d30      	ldr	r5, [pc, #192]	@ (10005664 <cyw43_spi_transfer+0x400>)
100055a4:	18cb      	adds	r3, r1, r3
100055a6:	33d8      	adds	r3, #216	@ 0xd8
100055a8:	601d      	str	r5, [r3, #0]
100055aa:	4645      	mov	r5, r8
100055ac:	6115      	str	r5, [r2, #16]
100055ae:	251f      	movs	r5, #31
100055b0:	4a2d      	ldr	r2, [pc, #180]	@ (10005668 <cyw43_spi_transfer+0x404>)
100055b2:	601a      	str	r2, [r3, #0]
100055b4:	6862      	ldr	r2, [r4, #4]
100055b6:	402a      	ands	r2, r5
100055b8:	601a      	str	r2, [r3, #0]
100055ba:	230c      	movs	r3, #12
100055bc:	56e3      	ldrsb	r3, [r4, r3]
100055be:	22a0      	movs	r2, #160	@ 0xa0
100055c0:	409f      	lsls	r7, r3
100055c2:	469c      	mov	ip, r3
100055c4:	4b29      	ldr	r3, [pc, #164]	@ (1000566c <cyw43_spi_transfer+0x408>)
100055c6:	05d2      	lsls	r2, r2, #23
100055c8:	50d7      	str	r7, [r2, r3]
100055ca:	4663      	mov	r3, ip
100055cc:	019b      	lsls	r3, r3, #6
100055ce:	469b      	mov	fp, r3
100055d0:	0017      	movs	r7, r2
100055d2:	2580      	movs	r5, #128	@ 0x80
100055d4:	4a26      	ldr	r2, [pc, #152]	@ (10005670 <cyw43_spi_transfer+0x40c>)
100055d6:	445f      	add	r7, fp
100055d8:	445a      	add	r2, fp
100055da:	046d      	lsls	r5, r5, #17
100055dc:	6813      	ldr	r3, [r2, #0]
100055de:	422b      	tst	r3, r5
100055e0:	d1fc      	bne.n	100055dc <cyw43_spi_transfer+0x378>
100055e2:	4662      	mov	r2, ip
100055e4:	02d2      	lsls	r2, r2, #11
100055e6:	4694      	mov	ip, r2
100055e8:	4a22      	ldr	r2, [pc, #136]	@ (10005674 <cyw43_spi_transfer+0x410>)
100055ea:	4b23      	ldr	r3, [pc, #140]	@ (10005678 <cyw43_spi_transfer+0x414>)
100055ec:	4690      	mov	r8, r2
100055ee:	4662      	mov	r2, ip
100055f0:	4645      	mov	r5, r8
100055f2:	18cb      	adds	r3, r1, r3
100055f4:	0d1b      	lsrs	r3, r3, #20
100055f6:	00db      	lsls	r3, r3, #3
100055f8:	181b      	adds	r3, r3, r0
100055fa:	402a      	ands	r2, r5
100055fc:	03db      	lsls	r3, r3, #15
100055fe:	4313      	orrs	r3, r2
10005600:	4a1e      	ldr	r2, [pc, #120]	@ (1000567c <cyw43_spi_transfer+0x418>)
10005602:	08b6      	lsrs	r6, r6, #2
10005604:	4313      	orrs	r3, r2
10005606:	464a      	mov	r2, r9
10005608:	603a      	str	r2, [r7, #0]
1000560a:	4652      	mov	r2, sl
1000560c:	0095      	lsls	r5, r2, #2
1000560e:	194d      	adds	r5, r1, r5
10005610:	607d      	str	r5, [r7, #4]
10005612:	60be      	str	r6, [r7, #8]
10005614:	60fb      	str	r3, [r7, #12]
10005616:	2301      	movs	r3, #1
10005618:	4083      	lsls	r3, r0
1000561a:	680d      	ldr	r5, [r1, #0]
1000561c:	4a18      	ldr	r2, [pc, #96]	@ (10005680 <cyw43_spi_transfer+0x41c>)
1000561e:	432b      	orrs	r3, r5
10005620:	600b      	str	r3, [r1, #0]
10005622:	2180      	movs	r1, #128	@ 0x80
10005624:	445a      	add	r2, fp
10005626:	0449      	lsls	r1, r1, #17
10005628:	6813      	ldr	r3, [r2, #0]
1000562a:	420b      	tst	r3, r1
1000562c:	d1fc      	bne.n	10005628 <cyw43_spi_transfer+0x3c4>
1000562e:	2201      	movs	r2, #1
10005630:	68a3      	ldr	r3, [r4, #8]
10005632:	6821      	ldr	r1, [r4, #0]
10005634:	3318      	adds	r3, #24
10005636:	409a      	lsls	r2, r3
10005638:	608a      	str	r2, [r1, #8]
1000563a:	688b      	ldr	r3, [r1, #8]
1000563c:	421a      	tst	r2, r3
1000563e:	d0fc      	beq.n	1000563a <cyw43_spi_transfer+0x3d6>
10005640:	2201      	movs	r2, #1
10005642:	68a1      	ldr	r1, [r4, #8]
10005644:	6820      	ldr	r0, [r4, #0]
10005646:	408a      	lsls	r2, r1
10005648:	6803      	ldr	r3, [r0, #0]
1000564a:	4393      	bics	r3, r2
1000564c:	6003      	str	r3, [r0, #0]
1000564e:	2300      	movs	r3, #0
10005650:	2218      	movs	r2, #24
10005652:	9300      	str	r3, [sp, #0]
10005654:	3301      	adds	r3, #1
10005656:	f002 fd4f 	bl	100080f8 <pio_sm_set_consecutive_pindirs>
1000565a:	e71b      	b.n	10005494 <cyw43_spi_transfer+0x230>
1000565c:	fffe007f 	.word	0xfffe007f
10005660:	000010d0 	.word	0x000010d0
10005664:	00006020 	.word	0x00006020
10005668:	00006040 	.word	0x00006040
1000566c:	00000444 	.word	0x00000444
10005670:	5000000c 	.word	0x5000000c
10005674:	ff007ffd 	.word	0xff007ffd
10005678:	afe00000 	.word	0xafe00000
1000567c:	00400019 	.word	0x00400019
10005680:	50000010 	.word	0x50000010

10005684 <cyw43_spi_gpio_setup>:
10005684:	b510      	push	{r4, lr}
10005686:	2017      	movs	r0, #23
10005688:	f7fa fe9c 	bl	100003c4 <gpio_init>
1000568c:	24d0      	movs	r4, #208	@ 0xd0
1000568e:	2380      	movs	r3, #128	@ 0x80
10005690:	0624      	lsls	r4, r4, #24
10005692:	041b      	lsls	r3, r3, #16
10005694:	2200      	movs	r2, #0
10005696:	2101      	movs	r1, #1
10005698:	6263      	str	r3, [r4, #36]	@ 0x24
1000569a:	2017      	movs	r0, #23
1000569c:	f7fa fe20 	bl	100002e0 <gpio_set_pulls>
100056a0:	2018      	movs	r0, #24
100056a2:	f7fa fe8f 	bl	100003c4 <gpio_init>
100056a6:	2380      	movs	r3, #128	@ 0x80
100056a8:	045b      	lsls	r3, r3, #17
100056aa:	6263      	str	r3, [r4, #36]	@ 0x24
100056ac:	2019      	movs	r0, #25
100056ae:	61a3      	str	r3, [r4, #24]
100056b0:	f7fa fe88 	bl	100003c4 <gpio_init>
100056b4:	2380      	movs	r3, #128	@ 0x80
100056b6:	049b      	lsls	r3, r3, #18
100056b8:	6263      	str	r3, [r4, #36]	@ 0x24
100056ba:	6163      	str	r3, [r4, #20]
100056bc:	bd10      	pop	{r4, pc}
100056be:	46c0      	nop			@ (mov r8, r8)

100056c0 <cyw43_spi_reset>:
100056c0:	b570      	push	{r4, r5, r6, lr}
100056c2:	24d0      	movs	r4, #208	@ 0xd0
100056c4:	2580      	movs	r5, #128	@ 0x80
100056c6:	0624      	lsls	r4, r4, #24
100056c8:	042d      	lsls	r5, r5, #16
100056ca:	61a5      	str	r5, [r4, #24]
100056cc:	2014      	movs	r0, #20
100056ce:	f002 ffd1 	bl	10008674 <cyw43_delay_ms>
100056d2:	6165      	str	r5, [r4, #20]
100056d4:	20fa      	movs	r0, #250	@ 0xfa
100056d6:	f002 ffcd 	bl	10008674 <cyw43_delay_ms>
100056da:	2018      	movs	r0, #24
100056dc:	f7fa fe72 	bl	100003c4 <gpio_init>
100056e0:	2380      	movs	r3, #128	@ 0x80
100056e2:	045b      	lsls	r3, r3, #17
100056e4:	62a3      	str	r3, [r4, #40]	@ 0x28
100056e6:	bd70      	pop	{r4, r5, r6, pc}

100056e8 <read_reg_u32_swap>:
100056e8:	2300      	movs	r3, #0
100056ea:	b500      	push	{lr}
100056ec:	b085      	sub	sp, #20
100056ee:	9303      	str	r3, [sp, #12]
100056f0:	4b0a      	ldr	r3, [pc, #40]	@ (1000571c <read_reg_u32_swap+0x34>)
100056f2:	02d2      	lsls	r2, r2, #11
100056f4:	401a      	ands	r2, r3
100056f6:	2308      	movs	r3, #8
100056f8:	0709      	lsls	r1, r1, #28
100056fa:	4311      	orrs	r1, r2
100056fc:	4a08      	ldr	r2, [pc, #32]	@ (10005720 <read_reg_u32_swap+0x38>)
100056fe:	9300      	str	r3, [sp, #0]
10005700:	430a      	orrs	r2, r1
10005702:	ab02      	add	r3, sp, #8
10005704:	ba52      	rev16	r2, r2
10005706:	2100      	movs	r1, #0
10005708:	9202      	str	r2, [sp, #8]
1000570a:	2204      	movs	r2, #4
1000570c:	f7ff fdaa 	bl	10005264 <cyw43_spi_transfer>
10005710:	2800      	cmp	r0, #0
10005712:	d101      	bne.n	10005718 <read_reg_u32_swap+0x30>
10005714:	9803      	ldr	r0, [sp, #12]
10005716:	ba40      	rev16	r0, r0
10005718:	b005      	add	sp, #20
1000571a:	bd00      	pop	{pc}
1000571c:	0ffff800 	.word	0x0ffff800
10005720:	40000004 	.word	0x40000004

10005724 <cyw43_read_reg_u32>:
10005724:	b510      	push	{r4, lr}
10005726:	4b11      	ldr	r3, [pc, #68]	@ (1000576c <cyw43_read_reg_u32+0x48>)
10005728:	02d2      	lsls	r2, r2, #11
1000572a:	401a      	ands	r2, r3
1000572c:	070b      	lsls	r3, r1, #28
1000572e:	431a      	orrs	r2, r3
10005730:	4b0f      	ldr	r3, [pc, #60]	@ (10005770 <cyw43_read_reg_u32+0x4c>)
10005732:	b088      	sub	sp, #32
10005734:	4313      	orrs	r3, r2
10005736:	1e4c      	subs	r4, r1, #1
10005738:	9302      	str	r3, [sp, #8]
1000573a:	4263      	negs	r3, r4
1000573c:	4163      	adcs	r3, r4
1000573e:	011b      	lsls	r3, r3, #4
10005740:	3308      	adds	r3, #8
10005742:	9300      	str	r3, [sp, #0]
10005744:	2204      	movs	r2, #4
10005746:	2100      	movs	r1, #0
10005748:	ab02      	add	r3, sp, #8
1000574a:	f7ff fd8b 	bl	10005264 <cyw43_spi_transfer>
1000574e:	2800      	cmp	r0, #0
10005750:	d10a      	bne.n	10005768 <cyw43_read_reg_u32+0x44>
10005752:	1e63      	subs	r3, r4, #1
10005754:	419c      	sbcs	r4, r3
10005756:	2303      	movs	r3, #3
10005758:	4261      	negs	r1, r4
1000575a:	4399      	bics	r1, r3
1000575c:	2208      	movs	r2, #8
1000575e:	466b      	mov	r3, sp
10005760:	3105      	adds	r1, #5
10005762:	0089      	lsls	r1, r1, #2
10005764:	189b      	adds	r3, r3, r2
10005766:	5858      	ldr	r0, [r3, r1]
10005768:	b008      	add	sp, #32
1000576a:	bd10      	pop	{r4, pc}
1000576c:	0ffff800 	.word	0x0ffff800
10005770:	40000004 	.word	0x40000004

10005774 <cyw43_read_reg_u16>:
10005774:	b510      	push	{r4, lr}
10005776:	4b11      	ldr	r3, [pc, #68]	@ (100057bc <cyw43_read_reg_u16+0x48>)
10005778:	02d2      	lsls	r2, r2, #11
1000577a:	401a      	ands	r2, r3
1000577c:	070b      	lsls	r3, r1, #28
1000577e:	431a      	orrs	r2, r3
10005780:	4b0f      	ldr	r3, [pc, #60]	@ (100057c0 <cyw43_read_reg_u16+0x4c>)
10005782:	b088      	sub	sp, #32
10005784:	4313      	orrs	r3, r2
10005786:	1e4c      	subs	r4, r1, #1
10005788:	9302      	str	r3, [sp, #8]
1000578a:	4263      	negs	r3, r4
1000578c:	4163      	adcs	r3, r4
1000578e:	011b      	lsls	r3, r3, #4
10005790:	3308      	adds	r3, #8
10005792:	9300      	str	r3, [sp, #0]
10005794:	2204      	movs	r2, #4
10005796:	2100      	movs	r1, #0
10005798:	ab02      	add	r3, sp, #8
1000579a:	f7ff fd63 	bl	10005264 <cyw43_spi_transfer>
1000579e:	2800      	cmp	r0, #0
100057a0:	d10a      	bne.n	100057b8 <cyw43_read_reg_u16+0x44>
100057a2:	1e63      	subs	r3, r4, #1
100057a4:	419c      	sbcs	r4, r3
100057a6:	2303      	movs	r3, #3
100057a8:	4261      	negs	r1, r4
100057aa:	4399      	bics	r1, r3
100057ac:	2208      	movs	r2, #8
100057ae:	466b      	mov	r3, sp
100057b0:	3105      	adds	r1, #5
100057b2:	0089      	lsls	r1, r1, #2
100057b4:	189b      	adds	r3, r3, r2
100057b6:	5858      	ldr	r0, [r3, r1]
100057b8:	b008      	add	sp, #32
100057ba:	bd10      	pop	{r4, pc}
100057bc:	0ffff800 	.word	0x0ffff800
100057c0:	40000002 	.word	0x40000002

100057c4 <cyw43_read_reg_u8>:
100057c4:	b510      	push	{r4, lr}
100057c6:	4b11      	ldr	r3, [pc, #68]	@ (1000580c <cyw43_read_reg_u8+0x48>)
100057c8:	02d2      	lsls	r2, r2, #11
100057ca:	401a      	ands	r2, r3
100057cc:	070b      	lsls	r3, r1, #28
100057ce:	431a      	orrs	r2, r3
100057d0:	4b0f      	ldr	r3, [pc, #60]	@ (10005810 <cyw43_read_reg_u8+0x4c>)
100057d2:	b088      	sub	sp, #32
100057d4:	4313      	orrs	r3, r2
100057d6:	1e4c      	subs	r4, r1, #1
100057d8:	9302      	str	r3, [sp, #8]
100057da:	4263      	negs	r3, r4
100057dc:	4163      	adcs	r3, r4
100057de:	011b      	lsls	r3, r3, #4
100057e0:	3308      	adds	r3, #8
100057e2:	9300      	str	r3, [sp, #0]
100057e4:	2204      	movs	r2, #4
100057e6:	2100      	movs	r1, #0
100057e8:	ab02      	add	r3, sp, #8
100057ea:	f7ff fd3b 	bl	10005264 <cyw43_spi_transfer>
100057ee:	2800      	cmp	r0, #0
100057f0:	d10a      	bne.n	10005808 <cyw43_read_reg_u8+0x44>
100057f2:	1e63      	subs	r3, r4, #1
100057f4:	419c      	sbcs	r4, r3
100057f6:	2303      	movs	r3, #3
100057f8:	4261      	negs	r1, r4
100057fa:	4399      	bics	r1, r3
100057fc:	2208      	movs	r2, #8
100057fe:	466b      	mov	r3, sp
10005800:	3105      	adds	r1, #5
10005802:	0089      	lsls	r1, r1, #2
10005804:	189b      	adds	r3, r3, r2
10005806:	5858      	ldr	r0, [r3, r1]
10005808:	b008      	add	sp, #32
1000580a:	bd10      	pop	{r4, pc}
1000580c:	0ffff800 	.word	0x0ffff800
10005810:	40000001 	.word	0x40000001

10005814 <write_reg_u32_swap>:
10005814:	b5f0      	push	{r4, r5, r6, r7, lr}
10005816:	ba5b      	rev16	r3, r3
10005818:	46de      	mov	lr, fp
1000581a:	4657      	mov	r7, sl
1000581c:	464e      	mov	r6, r9
1000581e:	4645      	mov	r5, r8
10005820:	b5e0      	push	{r5, r6, r7, lr}
10005822:	4c73      	ldr	r4, [pc, #460]	@ (100059f0 <write_reg_u32_swap+0x1dc>)
10005824:	02d2      	lsls	r2, r2, #11
10005826:	4022      	ands	r2, r4
10005828:	0709      	lsls	r1, r1, #28
1000582a:	4311      	orrs	r1, r2
1000582c:	4a71      	ldr	r2, [pc, #452]	@ (100059f4 <write_reg_u32_swap+0x1e0>)
1000582e:	b085      	sub	sp, #20
10005830:	430a      	orrs	r2, r1
10005832:	9303      	str	r3, [sp, #12]
10005834:	4b70      	ldr	r3, [pc, #448]	@ (100059f8 <write_reg_u32_swap+0x1e4>)
10005836:	a902      	add	r1, sp, #8
10005838:	58c4      	ldr	r4, [r0, r3]
1000583a:	4b70      	ldr	r3, [pc, #448]	@ (100059fc <write_reg_u32_swap+0x1e8>)
1000583c:	468a      	mov	sl, r1
1000583e:	ba52      	rev16	r2, r2
10005840:	469c      	mov	ip, r3
10005842:	6821      	ldr	r1, [r4, #0]
10005844:	2018      	movs	r0, #24
10005846:	4461      	add	r1, ip
10005848:	0d09      	lsrs	r1, r1, #20
1000584a:	3106      	adds	r1, #6
1000584c:	b2c9      	uxtb	r1, r1
1000584e:	9202      	str	r2, [sp, #8]
10005850:	f7fa fd2c 	bl	100002ac <gpio_set_function>
10005854:	4b69      	ldr	r3, [pc, #420]	@ (100059fc <write_reg_u32_swap+0x1e8>)
10005856:	6821      	ldr	r1, [r4, #0]
10005858:	469c      	mov	ip, r3
1000585a:	4461      	add	r1, ip
1000585c:	0d09      	lsrs	r1, r1, #20
1000585e:	3106      	adds	r1, #6
10005860:	201d      	movs	r0, #29
10005862:	b2c9      	uxtb	r1, r1
10005864:	f7fa fd22 	bl	100002ac <gpio_set_function>
10005868:	2201      	movs	r2, #1
1000586a:	2100      	movs	r1, #0
1000586c:	201d      	movs	r0, #29
1000586e:	f7fa fd37 	bl	100002e0 <gpio_set_pulls>
10005872:	23d0      	movs	r3, #208	@ 0xd0
10005874:	2280      	movs	r2, #128	@ 0x80
10005876:	2701      	movs	r7, #1
10005878:	061b      	lsls	r3, r3, #24
1000587a:	0492      	lsls	r2, r2, #18
1000587c:	619a      	str	r2, [r3, #24]
1000587e:	003a      	movs	r2, r7
10005880:	68a1      	ldr	r1, [r4, #8]
10005882:	6820      	ldr	r0, [r4, #0]
10005884:	408a      	lsls	r2, r1
10005886:	6803      	ldr	r3, [r0, #0]
10005888:	6865      	ldr	r5, [r4, #4]
1000588a:	4393      	bics	r3, r2
1000588c:	6003      	str	r3, [r0, #0]
1000588e:	004b      	lsls	r3, r1, #1
10005890:	185b      	adds	r3, r3, r1
10005892:	00db      	lsls	r3, r3, #3
10005894:	18c6      	adds	r6, r0, r3
10005896:	36cc      	adds	r6, #204	@ 0xcc
10005898:	6832      	ldr	r2, [r6, #0]
1000589a:	469c      	mov	ip, r3
1000589c:	4690      	mov	r8, r2
1000589e:	1c6a      	adds	r2, r5, #1
100058a0:	0313      	lsls	r3, r2, #12
100058a2:	4a57      	ldr	r2, [pc, #348]	@ (10005a00 <write_reg_u32_swap+0x1ec>)
100058a4:	469b      	mov	fp, r3
100058a6:	4691      	mov	r9, r2
100058a8:	4642      	mov	r2, r8
100058aa:	464b      	mov	r3, r9
100058ac:	401a      	ands	r2, r3
100058ae:	0013      	movs	r3, r2
100058b0:	465a      	mov	r2, fp
100058b2:	01ed      	lsls	r5, r5, #7
100058b4:	431a      	orrs	r2, r3
100058b6:	432a      	orrs	r2, r5
100058b8:	6032      	str	r2, [r6, #0]
100058ba:	4a52      	ldr	r2, [pc, #328]	@ (10005a04 <write_reg_u32_swap+0x1f0>)
100058bc:	4663      	mov	r3, ip
100058be:	4694      	mov	ip, r2
100058c0:	2280      	movs	r2, #128	@ 0x80
100058c2:	18c3      	adds	r3, r0, r3
100058c4:	4463      	add	r3, ip
100058c6:	0612      	lsls	r2, r2, #24
100058c8:	601a      	str	r2, [r3, #0]
100058ca:	601a      	str	r2, [r3, #0]
100058cc:	2280      	movs	r2, #128	@ 0x80
100058ce:	2300      	movs	r3, #0
100058d0:	0452      	lsls	r2, r2, #17
100058d2:	9200      	str	r2, [sp, #0]
100058d4:	9301      	str	r3, [sp, #4]
100058d6:	f002 fbad 	bl	10008034 <pio_sm_set_pindirs_with_mask64>
100058da:	003a      	movs	r2, r7
100058dc:	68a0      	ldr	r0, [r4, #8]
100058de:	6821      	ldr	r1, [r4, #0]
100058e0:	1d03      	adds	r3, r0, #4
100058e2:	409a      	lsls	r2, r3
100058e4:	4699      	mov	r9, r3
100058e6:	2380      	movs	r3, #128	@ 0x80
100058e8:	019b      	lsls	r3, r3, #6
100058ea:	18cb      	adds	r3, r1, r3
100058ec:	601a      	str	r2, [r3, #0]
100058ee:	0002      	movs	r2, r0
100058f0:	003d      	movs	r5, r7
100058f2:	3208      	adds	r2, #8
100058f4:	4095      	lsls	r5, r2
100058f6:	601d      	str	r5, [r3, #0]
100058f8:	233f      	movs	r3, #63	@ 0x3f
100058fa:	0082      	lsls	r2, r0, #2
100058fc:	188a      	adds	r2, r1, r2
100058fe:	6113      	str	r3, [r2, #16]
10005900:	0043      	lsls	r3, r0, #1
10005902:	181b      	adds	r3, r3, r0
10005904:	00db      	lsls	r3, r3, #3
10005906:	4d40      	ldr	r5, [pc, #256]	@ (10005a08 <write_reg_u32_swap+0x1f4>)
10005908:	18cb      	adds	r3, r1, r3
1000590a:	33d8      	adds	r3, #216	@ 0xd8
1000590c:	601d      	str	r5, [r3, #0]
1000590e:	2500      	movs	r5, #0
10005910:	6115      	str	r5, [r2, #16]
10005912:	4a3e      	ldr	r2, [pc, #248]	@ (10005a0c <write_reg_u32_swap+0x1f8>)
10005914:	351f      	adds	r5, #31
10005916:	601a      	str	r2, [r3, #0]
10005918:	6862      	ldr	r2, [r4, #4]
1000591a:	2680      	movs	r6, #128	@ 0x80
1000591c:	402a      	ands	r2, r5
1000591e:	601a      	str	r2, [r3, #0]
10005920:	230c      	movs	r3, #12
10005922:	56e3      	ldrsb	r3, [r4, r3]
10005924:	22a0      	movs	r2, #160	@ 0xa0
10005926:	409f      	lsls	r7, r3
10005928:	469c      	mov	ip, r3
1000592a:	4b39      	ldr	r3, [pc, #228]	@ (10005a10 <write_reg_u32_swap+0x1fc>)
1000592c:	05d2      	lsls	r2, r2, #23
1000592e:	50d7      	str	r7, [r2, r3]
10005930:	4663      	mov	r3, ip
10005932:	019a      	lsls	r2, r3, #6
10005934:	23a0      	movs	r3, #160	@ 0xa0
10005936:	05db      	lsls	r3, r3, #23
10005938:	18d7      	adds	r7, r2, r3
1000593a:	4b36      	ldr	r3, [pc, #216]	@ (10005a14 <write_reg_u32_swap+0x200>)
1000593c:	0476      	lsls	r6, r6, #17
1000593e:	18d5      	adds	r5, r2, r3
10005940:	682b      	ldr	r3, [r5, #0]
10005942:	4233      	tst	r3, r6
10005944:	d1fc      	bne.n	10005940 <write_reg_u32_swap+0x12c>
10005946:	4665      	mov	r5, ip
10005948:	02ed      	lsls	r5, r5, #11
1000594a:	46ac      	mov	ip, r5
1000594c:	4d32      	ldr	r5, [pc, #200]	@ (10005a18 <write_reg_u32_swap+0x204>)
1000594e:	4b2b      	ldr	r3, [pc, #172]	@ (100059fc <write_reg_u32_swap+0x1e8>)
10005950:	46a8      	mov	r8, r5
10005952:	4665      	mov	r5, ip
10005954:	4646      	mov	r6, r8
10005956:	18cb      	adds	r3, r1, r3
10005958:	0d1b      	lsrs	r3, r3, #20
1000595a:	00db      	lsls	r3, r3, #3
1000595c:	181b      	adds	r3, r3, r0
1000595e:	4035      	ands	r5, r6
10005960:	03db      	lsls	r3, r3, #15
10005962:	432b      	orrs	r3, r5
10005964:	4d2d      	ldr	r5, [pc, #180]	@ (10005a1c <write_reg_u32_swap+0x208>)
10005966:	432b      	orrs	r3, r5
10005968:	4655      	mov	r5, sl
1000596a:	603d      	str	r5, [r7, #0]
1000596c:	464d      	mov	r5, r9
1000596e:	00ae      	lsls	r6, r5, #2
10005970:	2502      	movs	r5, #2
10005972:	198e      	adds	r6, r1, r6
10005974:	607e      	str	r6, [r7, #4]
10005976:	60bd      	str	r5, [r7, #8]
10005978:	60fb      	str	r3, [r7, #12]
1000597a:	2301      	movs	r3, #1
1000597c:	4083      	lsls	r3, r0
1000597e:	680d      	ldr	r5, [r1, #0]
10005980:	432b      	orrs	r3, r5
10005982:	600b      	str	r3, [r1, #0]
10005984:	4b26      	ldr	r3, [pc, #152]	@ (10005a20 <write_reg_u32_swap+0x20c>)
10005986:	2180      	movs	r1, #128	@ 0x80
10005988:	469c      	mov	ip, r3
1000598a:	0449      	lsls	r1, r1, #17
1000598c:	4462      	add	r2, ip
1000598e:	6813      	ldr	r3, [r2, #0]
10005990:	420b      	tst	r3, r1
10005992:	d1fc      	bne.n	1000598e <write_reg_u32_swap+0x17a>
10005994:	2201      	movs	r2, #1
10005996:	68a3      	ldr	r3, [r4, #8]
10005998:	6821      	ldr	r1, [r4, #0]
1000599a:	3318      	adds	r3, #24
1000599c:	409a      	lsls	r2, r3
1000599e:	608a      	str	r2, [r1, #8]
100059a0:	688b      	ldr	r3, [r1, #8]
100059a2:	4213      	tst	r3, r2
100059a4:	d0fc      	beq.n	100059a0 <write_reg_u32_swap+0x18c>
100059a6:	2201      	movs	r2, #1
100059a8:	68a1      	ldr	r1, [r4, #8]
100059aa:	6820      	ldr	r0, [r4, #0]
100059ac:	408a      	lsls	r2, r1
100059ae:	6803      	ldr	r3, [r0, #0]
100059b0:	4393      	bics	r3, r2
100059b2:	6003      	str	r3, [r0, #0]
100059b4:	2300      	movs	r3, #0
100059b6:	2218      	movs	r2, #24
100059b8:	9300      	str	r3, [sp, #0]
100059ba:	3301      	adds	r3, #1
100059bc:	f002 fb9c 	bl	100080f8 <pio_sm_set_consecutive_pindirs>
100059c0:	68a1      	ldr	r1, [r4, #8]
100059c2:	6823      	ldr	r3, [r4, #0]
100059c4:	004a      	lsls	r2, r1, #1
100059c6:	1852      	adds	r2, r2, r1
100059c8:	00d2      	lsls	r2, r2, #3
100059ca:	189b      	adds	r3, r3, r2
100059cc:	4a15      	ldr	r2, [pc, #84]	@ (10005a24 <write_reg_u32_swap+0x210>)
100059ce:	33d8      	adds	r3, #216	@ 0xd8
100059d0:	601a      	str	r2, [r3, #0]
100059d2:	23d0      	movs	r3, #208	@ 0xd0
100059d4:	2280      	movs	r2, #128	@ 0x80
100059d6:	061b      	lsls	r3, r3, #24
100059d8:	0492      	lsls	r2, r2, #18
100059da:	615a      	str	r2, [r3, #20]
100059dc:	f7ff fb68 	bl	100050b0 <ns_delay.constprop.0>
100059e0:	2000      	movs	r0, #0
100059e2:	b005      	add	sp, #20
100059e4:	bcf0      	pop	{r4, r5, r6, r7}
100059e6:	46bb      	mov	fp, r7
100059e8:	46b2      	mov	sl, r6
100059ea:	46a9      	mov	r9, r5
100059ec:	46a0      	mov	r8, r4
100059ee:	bdf0      	pop	{r4, r5, r6, r7, pc}
100059f0:	0ffff800 	.word	0x0ffff800
100059f4:	c0000004 	.word	0xc0000004
100059f8:	0000084c 	.word	0x0000084c
100059fc:	afe00000 	.word	0xafe00000
10005a00:	fffe007f 	.word	0xfffe007f
10005a04:	000010d0 	.word	0x000010d0
10005a08:	00006020 	.word	0x00006020
10005a0c:	00006040 	.word	0x00006040
10005a10:	00000444 	.word	0x00000444
10005a14:	5000000c 	.word	0x5000000c
10005a18:	ff007ffd 	.word	0xff007ffd
10005a1c:	00400019 	.word	0x00400019
10005a20:	50000010 	.word	0x50000010
10005a24:	0000a003 	.word	0x0000a003

10005a28 <cyw43_write_reg_u32>:
10005a28:	b5f0      	push	{r4, r5, r6, r7, lr}
10005a2a:	46de      	mov	lr, fp
10005a2c:	4657      	mov	r7, sl
10005a2e:	464e      	mov	r6, r9
10005a30:	4645      	mov	r5, r8
10005a32:	b5e0      	push	{r5, r6, r7, lr}
10005a34:	b085      	sub	sp, #20
10005a36:	ac02      	add	r4, sp, #8
10005a38:	46a2      	mov	sl, r4
10005a3a:	4c72      	ldr	r4, [pc, #456]	@ (10005c04 <cyw43_write_reg_u32+0x1dc>)
10005a3c:	02d2      	lsls	r2, r2, #11
10005a3e:	4022      	ands	r2, r4
10005a40:	0709      	lsls	r1, r1, #28
10005a42:	430a      	orrs	r2, r1
10005a44:	4970      	ldr	r1, [pc, #448]	@ (10005c08 <cyw43_write_reg_u32+0x1e0>)
10005a46:	2701      	movs	r7, #1
10005a48:	430a      	orrs	r2, r1
10005a4a:	9202      	str	r2, [sp, #8]
10005a4c:	4652      	mov	r2, sl
10005a4e:	6053      	str	r3, [r2, #4]
10005a50:	4b6e      	ldr	r3, [pc, #440]	@ (10005c0c <cyw43_write_reg_u32+0x1e4>)
10005a52:	58c4      	ldr	r4, [r0, r3]
10005a54:	4b6e      	ldr	r3, [pc, #440]	@ (10005c10 <cyw43_write_reg_u32+0x1e8>)
10005a56:	6821      	ldr	r1, [r4, #0]
10005a58:	469c      	mov	ip, r3
10005a5a:	4461      	add	r1, ip
10005a5c:	0d09      	lsrs	r1, r1, #20
10005a5e:	3106      	adds	r1, #6
10005a60:	2018      	movs	r0, #24
10005a62:	b2c9      	uxtb	r1, r1
10005a64:	f7fa fc22 	bl	100002ac <gpio_set_function>
10005a68:	4b69      	ldr	r3, [pc, #420]	@ (10005c10 <cyw43_write_reg_u32+0x1e8>)
10005a6a:	6821      	ldr	r1, [r4, #0]
10005a6c:	469c      	mov	ip, r3
10005a6e:	4461      	add	r1, ip
10005a70:	0d09      	lsrs	r1, r1, #20
10005a72:	3106      	adds	r1, #6
10005a74:	201d      	movs	r0, #29
10005a76:	b2c9      	uxtb	r1, r1
10005a78:	f7fa fc18 	bl	100002ac <gpio_set_function>
10005a7c:	2201      	movs	r2, #1
10005a7e:	2100      	movs	r1, #0
10005a80:	201d      	movs	r0, #29
10005a82:	f7fa fc2d 	bl	100002e0 <gpio_set_pulls>
10005a86:	23d0      	movs	r3, #208	@ 0xd0
10005a88:	2280      	movs	r2, #128	@ 0x80
10005a8a:	061b      	lsls	r3, r3, #24
10005a8c:	0492      	lsls	r2, r2, #18
10005a8e:	619a      	str	r2, [r3, #24]
10005a90:	003a      	movs	r2, r7
10005a92:	68a1      	ldr	r1, [r4, #8]
10005a94:	6820      	ldr	r0, [r4, #0]
10005a96:	408a      	lsls	r2, r1
10005a98:	6803      	ldr	r3, [r0, #0]
10005a9a:	6865      	ldr	r5, [r4, #4]
10005a9c:	4393      	bics	r3, r2
10005a9e:	6003      	str	r3, [r0, #0]
10005aa0:	004b      	lsls	r3, r1, #1
10005aa2:	185b      	adds	r3, r3, r1
10005aa4:	00db      	lsls	r3, r3, #3
10005aa6:	18c6      	adds	r6, r0, r3
10005aa8:	36cc      	adds	r6, #204	@ 0xcc
10005aaa:	6832      	ldr	r2, [r6, #0]
10005aac:	469c      	mov	ip, r3
10005aae:	4690      	mov	r8, r2
10005ab0:	1c6a      	adds	r2, r5, #1
10005ab2:	0313      	lsls	r3, r2, #12
10005ab4:	4a57      	ldr	r2, [pc, #348]	@ (10005c14 <cyw43_write_reg_u32+0x1ec>)
10005ab6:	469b      	mov	fp, r3
10005ab8:	4691      	mov	r9, r2
10005aba:	4642      	mov	r2, r8
10005abc:	464b      	mov	r3, r9
10005abe:	401a      	ands	r2, r3
10005ac0:	0013      	movs	r3, r2
10005ac2:	465a      	mov	r2, fp
10005ac4:	01ed      	lsls	r5, r5, #7
10005ac6:	431a      	orrs	r2, r3
10005ac8:	432a      	orrs	r2, r5
10005aca:	6032      	str	r2, [r6, #0]
10005acc:	4a52      	ldr	r2, [pc, #328]	@ (10005c18 <cyw43_write_reg_u32+0x1f0>)
10005ace:	4663      	mov	r3, ip
10005ad0:	4694      	mov	ip, r2
10005ad2:	2280      	movs	r2, #128	@ 0x80
10005ad4:	18c3      	adds	r3, r0, r3
10005ad6:	4463      	add	r3, ip
10005ad8:	0612      	lsls	r2, r2, #24
10005ada:	601a      	str	r2, [r3, #0]
10005adc:	601a      	str	r2, [r3, #0]
10005ade:	2280      	movs	r2, #128	@ 0x80
10005ae0:	2300      	movs	r3, #0
10005ae2:	0452      	lsls	r2, r2, #17
10005ae4:	9200      	str	r2, [sp, #0]
10005ae6:	9301      	str	r3, [sp, #4]
10005ae8:	f002 faa4 	bl	10008034 <pio_sm_set_pindirs_with_mask64>
10005aec:	003a      	movs	r2, r7
10005aee:	68a0      	ldr	r0, [r4, #8]
10005af0:	6821      	ldr	r1, [r4, #0]
10005af2:	1d03      	adds	r3, r0, #4
10005af4:	409a      	lsls	r2, r3
10005af6:	4699      	mov	r9, r3
10005af8:	2380      	movs	r3, #128	@ 0x80
10005afa:	019b      	lsls	r3, r3, #6
10005afc:	18cb      	adds	r3, r1, r3
10005afe:	601a      	str	r2, [r3, #0]
10005b00:	0002      	movs	r2, r0
10005b02:	003d      	movs	r5, r7
10005b04:	3208      	adds	r2, #8
10005b06:	4095      	lsls	r5, r2
10005b08:	601d      	str	r5, [r3, #0]
10005b0a:	233f      	movs	r3, #63	@ 0x3f
10005b0c:	0082      	lsls	r2, r0, #2
10005b0e:	188a      	adds	r2, r1, r2
10005b10:	6113      	str	r3, [r2, #16]
10005b12:	0043      	lsls	r3, r0, #1
10005b14:	181b      	adds	r3, r3, r0
10005b16:	00db      	lsls	r3, r3, #3
10005b18:	4d40      	ldr	r5, [pc, #256]	@ (10005c1c <cyw43_write_reg_u32+0x1f4>)
10005b1a:	18cb      	adds	r3, r1, r3
10005b1c:	33d8      	adds	r3, #216	@ 0xd8
10005b1e:	601d      	str	r5, [r3, #0]
10005b20:	2500      	movs	r5, #0
10005b22:	6115      	str	r5, [r2, #16]
10005b24:	4a3e      	ldr	r2, [pc, #248]	@ (10005c20 <cyw43_write_reg_u32+0x1f8>)
10005b26:	351f      	adds	r5, #31
10005b28:	601a      	str	r2, [r3, #0]
10005b2a:	6862      	ldr	r2, [r4, #4]
10005b2c:	2680      	movs	r6, #128	@ 0x80
10005b2e:	402a      	ands	r2, r5
10005b30:	601a      	str	r2, [r3, #0]
10005b32:	230c      	movs	r3, #12
10005b34:	56e3      	ldrsb	r3, [r4, r3]
10005b36:	22a0      	movs	r2, #160	@ 0xa0
10005b38:	409f      	lsls	r7, r3
10005b3a:	469c      	mov	ip, r3
10005b3c:	4b39      	ldr	r3, [pc, #228]	@ (10005c24 <cyw43_write_reg_u32+0x1fc>)
10005b3e:	05d2      	lsls	r2, r2, #23
10005b40:	50d7      	str	r7, [r2, r3]
10005b42:	4663      	mov	r3, ip
10005b44:	019a      	lsls	r2, r3, #6
10005b46:	23a0      	movs	r3, #160	@ 0xa0
10005b48:	05db      	lsls	r3, r3, #23
10005b4a:	18d7      	adds	r7, r2, r3
10005b4c:	4b36      	ldr	r3, [pc, #216]	@ (10005c28 <cyw43_write_reg_u32+0x200>)
10005b4e:	0476      	lsls	r6, r6, #17
10005b50:	18d5      	adds	r5, r2, r3
10005b52:	682b      	ldr	r3, [r5, #0]
10005b54:	4233      	tst	r3, r6
10005b56:	d1fc      	bne.n	10005b52 <cyw43_write_reg_u32+0x12a>
10005b58:	4665      	mov	r5, ip
10005b5a:	02ed      	lsls	r5, r5, #11
10005b5c:	46ac      	mov	ip, r5
10005b5e:	4d33      	ldr	r5, [pc, #204]	@ (10005c2c <cyw43_write_reg_u32+0x204>)
10005b60:	4b2b      	ldr	r3, [pc, #172]	@ (10005c10 <cyw43_write_reg_u32+0x1e8>)
10005b62:	46a8      	mov	r8, r5
10005b64:	4665      	mov	r5, ip
10005b66:	4646      	mov	r6, r8
10005b68:	18cb      	adds	r3, r1, r3
10005b6a:	0d1b      	lsrs	r3, r3, #20
10005b6c:	00db      	lsls	r3, r3, #3
10005b6e:	181b      	adds	r3, r3, r0
10005b70:	4035      	ands	r5, r6
10005b72:	03db      	lsls	r3, r3, #15
10005b74:	432b      	orrs	r3, r5
10005b76:	4d2e      	ldr	r5, [pc, #184]	@ (10005c30 <cyw43_write_reg_u32+0x208>)
10005b78:	432b      	orrs	r3, r5
10005b7a:	4655      	mov	r5, sl
10005b7c:	603d      	str	r5, [r7, #0]
10005b7e:	464d      	mov	r5, r9
10005b80:	00ae      	lsls	r6, r5, #2
10005b82:	2502      	movs	r5, #2
10005b84:	198e      	adds	r6, r1, r6
10005b86:	607e      	str	r6, [r7, #4]
10005b88:	60bd      	str	r5, [r7, #8]
10005b8a:	60fb      	str	r3, [r7, #12]
10005b8c:	2301      	movs	r3, #1
10005b8e:	4083      	lsls	r3, r0
10005b90:	680d      	ldr	r5, [r1, #0]
10005b92:	432b      	orrs	r3, r5
10005b94:	600b      	str	r3, [r1, #0]
10005b96:	4b27      	ldr	r3, [pc, #156]	@ (10005c34 <cyw43_write_reg_u32+0x20c>)
10005b98:	2180      	movs	r1, #128	@ 0x80
10005b9a:	469c      	mov	ip, r3
10005b9c:	0449      	lsls	r1, r1, #17
10005b9e:	4462      	add	r2, ip
10005ba0:	6813      	ldr	r3, [r2, #0]
10005ba2:	420b      	tst	r3, r1
10005ba4:	d1fc      	bne.n	10005ba0 <cyw43_write_reg_u32+0x178>
10005ba6:	2201      	movs	r2, #1
10005ba8:	68a3      	ldr	r3, [r4, #8]
10005baa:	6821      	ldr	r1, [r4, #0]
10005bac:	3318      	adds	r3, #24
10005bae:	409a      	lsls	r2, r3
10005bb0:	608a      	str	r2, [r1, #8]
10005bb2:	688b      	ldr	r3, [r1, #8]
10005bb4:	4213      	tst	r3, r2
10005bb6:	d0fc      	beq.n	10005bb2 <cyw43_write_reg_u32+0x18a>
10005bb8:	2201      	movs	r2, #1
10005bba:	68a1      	ldr	r1, [r4, #8]
10005bbc:	6820      	ldr	r0, [r4, #0]
10005bbe:	408a      	lsls	r2, r1
10005bc0:	6803      	ldr	r3, [r0, #0]
10005bc2:	4393      	bics	r3, r2
10005bc4:	6003      	str	r3, [r0, #0]
10005bc6:	2300      	movs	r3, #0
10005bc8:	2218      	movs	r2, #24
10005bca:	9300      	str	r3, [sp, #0]
10005bcc:	3301      	adds	r3, #1
10005bce:	f002 fa93 	bl	100080f8 <pio_sm_set_consecutive_pindirs>
10005bd2:	68a1      	ldr	r1, [r4, #8]
10005bd4:	6823      	ldr	r3, [r4, #0]
10005bd6:	004a      	lsls	r2, r1, #1
10005bd8:	1852      	adds	r2, r2, r1
10005bda:	00d2      	lsls	r2, r2, #3
10005bdc:	189b      	adds	r3, r3, r2
10005bde:	4a16      	ldr	r2, [pc, #88]	@ (10005c38 <cyw43_write_reg_u32+0x210>)
10005be0:	33d8      	adds	r3, #216	@ 0xd8
10005be2:	601a      	str	r2, [r3, #0]
10005be4:	23d0      	movs	r3, #208	@ 0xd0
10005be6:	2280      	movs	r2, #128	@ 0x80
10005be8:	061b      	lsls	r3, r3, #24
10005bea:	0492      	lsls	r2, r2, #18
10005bec:	615a      	str	r2, [r3, #20]
10005bee:	f7ff fa5f 	bl	100050b0 <ns_delay.constprop.0>
10005bf2:	2000      	movs	r0, #0
10005bf4:	b005      	add	sp, #20
10005bf6:	bcf0      	pop	{r4, r5, r6, r7}
10005bf8:	46bb      	mov	fp, r7
10005bfa:	46b2      	mov	sl, r6
10005bfc:	46a9      	mov	r9, r5
10005bfe:	46a0      	mov	r8, r4
10005c00:	bdf0      	pop	{r4, r5, r6, r7, pc}
10005c02:	46c0      	nop			@ (mov r8, r8)
10005c04:	0ffff800 	.word	0x0ffff800
10005c08:	c0000004 	.word	0xc0000004
10005c0c:	0000084c 	.word	0x0000084c
10005c10:	afe00000 	.word	0xafe00000
10005c14:	fffe007f 	.word	0xfffe007f
10005c18:	000010d0 	.word	0x000010d0
10005c1c:	00006020 	.word	0x00006020
10005c20:	00006040 	.word	0x00006040
10005c24:	00000444 	.word	0x00000444
10005c28:	5000000c 	.word	0x5000000c
10005c2c:	ff007ffd 	.word	0xff007ffd
10005c30:	00400019 	.word	0x00400019
10005c34:	50000010 	.word	0x50000010
10005c38:	0000a003 	.word	0x0000a003

10005c3c <cyw43_write_reg_u16>:
10005c3c:	b5f0      	push	{r4, r5, r6, r7, lr}
10005c3e:	46de      	mov	lr, fp
10005c40:	4657      	mov	r7, sl
10005c42:	464e      	mov	r6, r9
10005c44:	4645      	mov	r5, r8
10005c46:	b5e0      	push	{r5, r6, r7, lr}
10005c48:	b085      	sub	sp, #20
10005c4a:	ac02      	add	r4, sp, #8
10005c4c:	46a2      	mov	sl, r4
10005c4e:	4c72      	ldr	r4, [pc, #456]	@ (10005e18 <cyw43_write_reg_u16+0x1dc>)
10005c50:	02d2      	lsls	r2, r2, #11
10005c52:	4022      	ands	r2, r4
10005c54:	0709      	lsls	r1, r1, #28
10005c56:	430a      	orrs	r2, r1
10005c58:	4970      	ldr	r1, [pc, #448]	@ (10005e1c <cyw43_write_reg_u16+0x1e0>)
10005c5a:	2701      	movs	r7, #1
10005c5c:	430a      	orrs	r2, r1
10005c5e:	9202      	str	r2, [sp, #8]
10005c60:	4652      	mov	r2, sl
10005c62:	6053      	str	r3, [r2, #4]
10005c64:	4b6e      	ldr	r3, [pc, #440]	@ (10005e20 <cyw43_write_reg_u16+0x1e4>)
10005c66:	58c4      	ldr	r4, [r0, r3]
10005c68:	4b6e      	ldr	r3, [pc, #440]	@ (10005e24 <cyw43_write_reg_u16+0x1e8>)
10005c6a:	6821      	ldr	r1, [r4, #0]
10005c6c:	469c      	mov	ip, r3
10005c6e:	4461      	add	r1, ip
10005c70:	0d09      	lsrs	r1, r1, #20
10005c72:	3106      	adds	r1, #6
10005c74:	2018      	movs	r0, #24
10005c76:	b2c9      	uxtb	r1, r1
10005c78:	f7fa fb18 	bl	100002ac <gpio_set_function>
10005c7c:	4b69      	ldr	r3, [pc, #420]	@ (10005e24 <cyw43_write_reg_u16+0x1e8>)
10005c7e:	6821      	ldr	r1, [r4, #0]
10005c80:	469c      	mov	ip, r3
10005c82:	4461      	add	r1, ip
10005c84:	0d09      	lsrs	r1, r1, #20
10005c86:	3106      	adds	r1, #6
10005c88:	201d      	movs	r0, #29
10005c8a:	b2c9      	uxtb	r1, r1
10005c8c:	f7fa fb0e 	bl	100002ac <gpio_set_function>
10005c90:	2201      	movs	r2, #1
10005c92:	2100      	movs	r1, #0
10005c94:	201d      	movs	r0, #29
10005c96:	f7fa fb23 	bl	100002e0 <gpio_set_pulls>
10005c9a:	23d0      	movs	r3, #208	@ 0xd0
10005c9c:	2280      	movs	r2, #128	@ 0x80
10005c9e:	061b      	lsls	r3, r3, #24
10005ca0:	0492      	lsls	r2, r2, #18
10005ca2:	619a      	str	r2, [r3, #24]
10005ca4:	003a      	movs	r2, r7
10005ca6:	68a1      	ldr	r1, [r4, #8]
10005ca8:	6820      	ldr	r0, [r4, #0]
10005caa:	408a      	lsls	r2, r1
10005cac:	6803      	ldr	r3, [r0, #0]
10005cae:	6865      	ldr	r5, [r4, #4]
10005cb0:	4393      	bics	r3, r2
10005cb2:	6003      	str	r3, [r0, #0]
10005cb4:	004b      	lsls	r3, r1, #1
10005cb6:	185b      	adds	r3, r3, r1
10005cb8:	00db      	lsls	r3, r3, #3
10005cba:	18c6      	adds	r6, r0, r3
10005cbc:	36cc      	adds	r6, #204	@ 0xcc
10005cbe:	6832      	ldr	r2, [r6, #0]
10005cc0:	469c      	mov	ip, r3
10005cc2:	4690      	mov	r8, r2
10005cc4:	1c6a      	adds	r2, r5, #1
10005cc6:	0313      	lsls	r3, r2, #12
10005cc8:	4a57      	ldr	r2, [pc, #348]	@ (10005e28 <cyw43_write_reg_u16+0x1ec>)
10005cca:	469b      	mov	fp, r3
10005ccc:	4691      	mov	r9, r2
10005cce:	4642      	mov	r2, r8
10005cd0:	464b      	mov	r3, r9
10005cd2:	401a      	ands	r2, r3
10005cd4:	0013      	movs	r3, r2
10005cd6:	465a      	mov	r2, fp
10005cd8:	01ed      	lsls	r5, r5, #7
10005cda:	431a      	orrs	r2, r3
10005cdc:	432a      	orrs	r2, r5
10005cde:	6032      	str	r2, [r6, #0]
10005ce0:	4a52      	ldr	r2, [pc, #328]	@ (10005e2c <cyw43_write_reg_u16+0x1f0>)
10005ce2:	4663      	mov	r3, ip
10005ce4:	4694      	mov	ip, r2
10005ce6:	2280      	movs	r2, #128	@ 0x80
10005ce8:	18c3      	adds	r3, r0, r3
10005cea:	4463      	add	r3, ip
10005cec:	0612      	lsls	r2, r2, #24
10005cee:	601a      	str	r2, [r3, #0]
10005cf0:	601a      	str	r2, [r3, #0]
10005cf2:	2280      	movs	r2, #128	@ 0x80
10005cf4:	2300      	movs	r3, #0
10005cf6:	0452      	lsls	r2, r2, #17
10005cf8:	9200      	str	r2, [sp, #0]
10005cfa:	9301      	str	r3, [sp, #4]
10005cfc:	f002 f99a 	bl	10008034 <pio_sm_set_pindirs_with_mask64>
10005d00:	003a      	movs	r2, r7
10005d02:	68a0      	ldr	r0, [r4, #8]
10005d04:	6821      	ldr	r1, [r4, #0]
10005d06:	1d03      	adds	r3, r0, #4
10005d08:	409a      	lsls	r2, r3
10005d0a:	4699      	mov	r9, r3
10005d0c:	2380      	movs	r3, #128	@ 0x80
10005d0e:	019b      	lsls	r3, r3, #6
10005d10:	18cb      	adds	r3, r1, r3
10005d12:	601a      	str	r2, [r3, #0]
10005d14:	0002      	movs	r2, r0
10005d16:	003d      	movs	r5, r7
10005d18:	3208      	adds	r2, #8
10005d1a:	4095      	lsls	r5, r2
10005d1c:	601d      	str	r5, [r3, #0]
10005d1e:	233f      	movs	r3, #63	@ 0x3f
10005d20:	0082      	lsls	r2, r0, #2
10005d22:	188a      	adds	r2, r1, r2
10005d24:	6113      	str	r3, [r2, #16]
10005d26:	0043      	lsls	r3, r0, #1
10005d28:	181b      	adds	r3, r3, r0
10005d2a:	00db      	lsls	r3, r3, #3
10005d2c:	4d40      	ldr	r5, [pc, #256]	@ (10005e30 <cyw43_write_reg_u16+0x1f4>)
10005d2e:	18cb      	adds	r3, r1, r3
10005d30:	33d8      	adds	r3, #216	@ 0xd8
10005d32:	601d      	str	r5, [r3, #0]
10005d34:	2500      	movs	r5, #0
10005d36:	6115      	str	r5, [r2, #16]
10005d38:	4a3e      	ldr	r2, [pc, #248]	@ (10005e34 <cyw43_write_reg_u16+0x1f8>)
10005d3a:	351f      	adds	r5, #31
10005d3c:	601a      	str	r2, [r3, #0]
10005d3e:	6862      	ldr	r2, [r4, #4]
10005d40:	2680      	movs	r6, #128	@ 0x80
10005d42:	402a      	ands	r2, r5
10005d44:	601a      	str	r2, [r3, #0]
10005d46:	230c      	movs	r3, #12
10005d48:	56e3      	ldrsb	r3, [r4, r3]
10005d4a:	22a0      	movs	r2, #160	@ 0xa0
10005d4c:	409f      	lsls	r7, r3
10005d4e:	469c      	mov	ip, r3
10005d50:	4b39      	ldr	r3, [pc, #228]	@ (10005e38 <cyw43_write_reg_u16+0x1fc>)
10005d52:	05d2      	lsls	r2, r2, #23
10005d54:	50d7      	str	r7, [r2, r3]
10005d56:	4663      	mov	r3, ip
10005d58:	019a      	lsls	r2, r3, #6
10005d5a:	23a0      	movs	r3, #160	@ 0xa0
10005d5c:	05db      	lsls	r3, r3, #23
10005d5e:	18d7      	adds	r7, r2, r3
10005d60:	4b36      	ldr	r3, [pc, #216]	@ (10005e3c <cyw43_write_reg_u16+0x200>)
10005d62:	0476      	lsls	r6, r6, #17
10005d64:	18d5      	adds	r5, r2, r3
10005d66:	682b      	ldr	r3, [r5, #0]
10005d68:	4233      	tst	r3, r6
10005d6a:	d1fc      	bne.n	10005d66 <cyw43_write_reg_u16+0x12a>
10005d6c:	4665      	mov	r5, ip
10005d6e:	02ed      	lsls	r5, r5, #11
10005d70:	46ac      	mov	ip, r5
10005d72:	4d33      	ldr	r5, [pc, #204]	@ (10005e40 <cyw43_write_reg_u16+0x204>)
10005d74:	4b2b      	ldr	r3, [pc, #172]	@ (10005e24 <cyw43_write_reg_u16+0x1e8>)
10005d76:	46a8      	mov	r8, r5
10005d78:	4665      	mov	r5, ip
10005d7a:	4646      	mov	r6, r8
10005d7c:	18cb      	adds	r3, r1, r3
10005d7e:	0d1b      	lsrs	r3, r3, #20
10005d80:	00db      	lsls	r3, r3, #3
10005d82:	181b      	adds	r3, r3, r0
10005d84:	4035      	ands	r5, r6
10005d86:	03db      	lsls	r3, r3, #15
10005d88:	432b      	orrs	r3, r5
10005d8a:	4d2e      	ldr	r5, [pc, #184]	@ (10005e44 <cyw43_write_reg_u16+0x208>)
10005d8c:	432b      	orrs	r3, r5
10005d8e:	4655      	mov	r5, sl
10005d90:	603d      	str	r5, [r7, #0]
10005d92:	464d      	mov	r5, r9
10005d94:	00ae      	lsls	r6, r5, #2
10005d96:	2502      	movs	r5, #2
10005d98:	198e      	adds	r6, r1, r6
10005d9a:	607e      	str	r6, [r7, #4]
10005d9c:	60bd      	str	r5, [r7, #8]
10005d9e:	60fb      	str	r3, [r7, #12]
10005da0:	2301      	movs	r3, #1
10005da2:	4083      	lsls	r3, r0
10005da4:	680d      	ldr	r5, [r1, #0]
10005da6:	432b      	orrs	r3, r5
10005da8:	600b      	str	r3, [r1, #0]
10005daa:	4b27      	ldr	r3, [pc, #156]	@ (10005e48 <cyw43_write_reg_u16+0x20c>)
10005dac:	2180      	movs	r1, #128	@ 0x80
10005dae:	469c      	mov	ip, r3
10005db0:	0449      	lsls	r1, r1, #17
10005db2:	4462      	add	r2, ip
10005db4:	6813      	ldr	r3, [r2, #0]
10005db6:	420b      	tst	r3, r1
10005db8:	d1fc      	bne.n	10005db4 <cyw43_write_reg_u16+0x178>
10005dba:	2201      	movs	r2, #1
10005dbc:	68a3      	ldr	r3, [r4, #8]
10005dbe:	6821      	ldr	r1, [r4, #0]
10005dc0:	3318      	adds	r3, #24
10005dc2:	409a      	lsls	r2, r3
10005dc4:	608a      	str	r2, [r1, #8]
10005dc6:	688b      	ldr	r3, [r1, #8]
10005dc8:	4213      	tst	r3, r2
10005dca:	d0fc      	beq.n	10005dc6 <cyw43_write_reg_u16+0x18a>
10005dcc:	2201      	movs	r2, #1
10005dce:	68a1      	ldr	r1, [r4, #8]
10005dd0:	6820      	ldr	r0, [r4, #0]
10005dd2:	408a      	lsls	r2, r1
10005dd4:	6803      	ldr	r3, [r0, #0]
10005dd6:	4393      	bics	r3, r2
10005dd8:	6003      	str	r3, [r0, #0]
10005dda:	2300      	movs	r3, #0
10005ddc:	2218      	movs	r2, #24
10005dde:	9300      	str	r3, [sp, #0]
10005de0:	3301      	adds	r3, #1
10005de2:	f002 f989 	bl	100080f8 <pio_sm_set_consecutive_pindirs>
10005de6:	68a1      	ldr	r1, [r4, #8]
10005de8:	6823      	ldr	r3, [r4, #0]
10005dea:	004a      	lsls	r2, r1, #1
10005dec:	1852      	adds	r2, r2, r1
10005dee:	00d2      	lsls	r2, r2, #3
10005df0:	189b      	adds	r3, r3, r2
10005df2:	4a16      	ldr	r2, [pc, #88]	@ (10005e4c <cyw43_write_reg_u16+0x210>)
10005df4:	33d8      	adds	r3, #216	@ 0xd8
10005df6:	601a      	str	r2, [r3, #0]
10005df8:	23d0      	movs	r3, #208	@ 0xd0
10005dfa:	2280      	movs	r2, #128	@ 0x80
10005dfc:	061b      	lsls	r3, r3, #24
10005dfe:	0492      	lsls	r2, r2, #18
10005e00:	615a      	str	r2, [r3, #20]
10005e02:	f7ff f955 	bl	100050b0 <ns_delay.constprop.0>
10005e06:	2000      	movs	r0, #0
10005e08:	b005      	add	sp, #20
10005e0a:	bcf0      	pop	{r4, r5, r6, r7}
10005e0c:	46bb      	mov	fp, r7
10005e0e:	46b2      	mov	sl, r6
10005e10:	46a9      	mov	r9, r5
10005e12:	46a0      	mov	r8, r4
10005e14:	bdf0      	pop	{r4, r5, r6, r7, pc}
10005e16:	46c0      	nop			@ (mov r8, r8)
10005e18:	0ffff800 	.word	0x0ffff800
10005e1c:	c0000002 	.word	0xc0000002
10005e20:	0000084c 	.word	0x0000084c
10005e24:	afe00000 	.word	0xafe00000
10005e28:	fffe007f 	.word	0xfffe007f
10005e2c:	000010d0 	.word	0x000010d0
10005e30:	00006020 	.word	0x00006020
10005e34:	00006040 	.word	0x00006040
10005e38:	00000444 	.word	0x00000444
10005e3c:	5000000c 	.word	0x5000000c
10005e40:	ff007ffd 	.word	0xff007ffd
10005e44:	00400019 	.word	0x00400019
10005e48:	50000010 	.word	0x50000010
10005e4c:	0000a003 	.word	0x0000a003

10005e50 <cyw43_write_reg_u8>:
10005e50:	b5f0      	push	{r4, r5, r6, r7, lr}
10005e52:	46de      	mov	lr, fp
10005e54:	4657      	mov	r7, sl
10005e56:	464e      	mov	r6, r9
10005e58:	4645      	mov	r5, r8
10005e5a:	b5e0      	push	{r5, r6, r7, lr}
10005e5c:	b085      	sub	sp, #20
10005e5e:	ac02      	add	r4, sp, #8
10005e60:	46a2      	mov	sl, r4
10005e62:	4c72      	ldr	r4, [pc, #456]	@ (1000602c <cyw43_write_reg_u8+0x1dc>)
10005e64:	02d2      	lsls	r2, r2, #11
10005e66:	4022      	ands	r2, r4
10005e68:	0709      	lsls	r1, r1, #28
10005e6a:	430a      	orrs	r2, r1
10005e6c:	4970      	ldr	r1, [pc, #448]	@ (10006030 <cyw43_write_reg_u8+0x1e0>)
10005e6e:	2701      	movs	r7, #1
10005e70:	430a      	orrs	r2, r1
10005e72:	9202      	str	r2, [sp, #8]
10005e74:	4652      	mov	r2, sl
10005e76:	6053      	str	r3, [r2, #4]
10005e78:	4b6e      	ldr	r3, [pc, #440]	@ (10006034 <cyw43_write_reg_u8+0x1e4>)
10005e7a:	58c4      	ldr	r4, [r0, r3]
10005e7c:	4b6e      	ldr	r3, [pc, #440]	@ (10006038 <cyw43_write_reg_u8+0x1e8>)
10005e7e:	6821      	ldr	r1, [r4, #0]
10005e80:	469c      	mov	ip, r3
10005e82:	4461      	add	r1, ip
10005e84:	0d09      	lsrs	r1, r1, #20
10005e86:	3106      	adds	r1, #6
10005e88:	2018      	movs	r0, #24
10005e8a:	b2c9      	uxtb	r1, r1
10005e8c:	f7fa fa0e 	bl	100002ac <gpio_set_function>
10005e90:	4b69      	ldr	r3, [pc, #420]	@ (10006038 <cyw43_write_reg_u8+0x1e8>)
10005e92:	6821      	ldr	r1, [r4, #0]
10005e94:	469c      	mov	ip, r3
10005e96:	4461      	add	r1, ip
10005e98:	0d09      	lsrs	r1, r1, #20
10005e9a:	3106      	adds	r1, #6
10005e9c:	201d      	movs	r0, #29
10005e9e:	b2c9      	uxtb	r1, r1
10005ea0:	f7fa fa04 	bl	100002ac <gpio_set_function>
10005ea4:	2201      	movs	r2, #1
10005ea6:	2100      	movs	r1, #0
10005ea8:	201d      	movs	r0, #29
10005eaa:	f7fa fa19 	bl	100002e0 <gpio_set_pulls>
10005eae:	23d0      	movs	r3, #208	@ 0xd0
10005eb0:	2280      	movs	r2, #128	@ 0x80
10005eb2:	061b      	lsls	r3, r3, #24
10005eb4:	0492      	lsls	r2, r2, #18
10005eb6:	619a      	str	r2, [r3, #24]
10005eb8:	003a      	movs	r2, r7
10005eba:	68a1      	ldr	r1, [r4, #8]
10005ebc:	6820      	ldr	r0, [r4, #0]
10005ebe:	408a      	lsls	r2, r1
10005ec0:	6803      	ldr	r3, [r0, #0]
10005ec2:	6865      	ldr	r5, [r4, #4]
10005ec4:	4393      	bics	r3, r2
10005ec6:	6003      	str	r3, [r0, #0]
10005ec8:	004b      	lsls	r3, r1, #1
10005eca:	185b      	adds	r3, r3, r1
10005ecc:	00db      	lsls	r3, r3, #3
10005ece:	18c6      	adds	r6, r0, r3
10005ed0:	36cc      	adds	r6, #204	@ 0xcc
10005ed2:	6832      	ldr	r2, [r6, #0]
10005ed4:	469c      	mov	ip, r3
10005ed6:	4690      	mov	r8, r2
10005ed8:	1c6a      	adds	r2, r5, #1
10005eda:	0313      	lsls	r3, r2, #12
10005edc:	4a57      	ldr	r2, [pc, #348]	@ (1000603c <cyw43_write_reg_u8+0x1ec>)
10005ede:	469b      	mov	fp, r3
10005ee0:	4691      	mov	r9, r2
10005ee2:	4642      	mov	r2, r8
10005ee4:	464b      	mov	r3, r9
10005ee6:	401a      	ands	r2, r3
10005ee8:	0013      	movs	r3, r2
10005eea:	465a      	mov	r2, fp
10005eec:	01ed      	lsls	r5, r5, #7
10005eee:	431a      	orrs	r2, r3
10005ef0:	432a      	orrs	r2, r5
10005ef2:	6032      	str	r2, [r6, #0]
10005ef4:	4a52      	ldr	r2, [pc, #328]	@ (10006040 <cyw43_write_reg_u8+0x1f0>)
10005ef6:	4663      	mov	r3, ip
10005ef8:	4694      	mov	ip, r2
10005efa:	2280      	movs	r2, #128	@ 0x80
10005efc:	18c3      	adds	r3, r0, r3
10005efe:	4463      	add	r3, ip
10005f00:	0612      	lsls	r2, r2, #24
10005f02:	601a      	str	r2, [r3, #0]
10005f04:	601a      	str	r2, [r3, #0]
10005f06:	2280      	movs	r2, #128	@ 0x80
10005f08:	2300      	movs	r3, #0
10005f0a:	0452      	lsls	r2, r2, #17
10005f0c:	9200      	str	r2, [sp, #0]
10005f0e:	9301      	str	r3, [sp, #4]
10005f10:	f002 f890 	bl	10008034 <pio_sm_set_pindirs_with_mask64>
10005f14:	003a      	movs	r2, r7
10005f16:	68a0      	ldr	r0, [r4, #8]
10005f18:	6821      	ldr	r1, [r4, #0]
10005f1a:	1d03      	adds	r3, r0, #4
10005f1c:	409a      	lsls	r2, r3
10005f1e:	4699      	mov	r9, r3
10005f20:	2380      	movs	r3, #128	@ 0x80
10005f22:	019b      	lsls	r3, r3, #6
10005f24:	18cb      	adds	r3, r1, r3
10005f26:	601a      	str	r2, [r3, #0]
10005f28:	0002      	movs	r2, r0
10005f2a:	003d      	movs	r5, r7
10005f2c:	3208      	adds	r2, #8
10005f2e:	4095      	lsls	r5, r2
10005f30:	601d      	str	r5, [r3, #0]
10005f32:	233f      	movs	r3, #63	@ 0x3f
10005f34:	0082      	lsls	r2, r0, #2
10005f36:	188a      	adds	r2, r1, r2
10005f38:	6113      	str	r3, [r2, #16]
10005f3a:	0043      	lsls	r3, r0, #1
10005f3c:	181b      	adds	r3, r3, r0
10005f3e:	00db      	lsls	r3, r3, #3
10005f40:	4d40      	ldr	r5, [pc, #256]	@ (10006044 <cyw43_write_reg_u8+0x1f4>)
10005f42:	18cb      	adds	r3, r1, r3
10005f44:	33d8      	adds	r3, #216	@ 0xd8
10005f46:	601d      	str	r5, [r3, #0]
10005f48:	2500      	movs	r5, #0
10005f4a:	6115      	str	r5, [r2, #16]
10005f4c:	4a3e      	ldr	r2, [pc, #248]	@ (10006048 <cyw43_write_reg_u8+0x1f8>)
10005f4e:	351f      	adds	r5, #31
10005f50:	601a      	str	r2, [r3, #0]
10005f52:	6862      	ldr	r2, [r4, #4]
10005f54:	2680      	movs	r6, #128	@ 0x80
10005f56:	402a      	ands	r2, r5
10005f58:	601a      	str	r2, [r3, #0]
10005f5a:	230c      	movs	r3, #12
10005f5c:	56e3      	ldrsb	r3, [r4, r3]
10005f5e:	22a0      	movs	r2, #160	@ 0xa0
10005f60:	409f      	lsls	r7, r3
10005f62:	469c      	mov	ip, r3
10005f64:	4b39      	ldr	r3, [pc, #228]	@ (1000604c <cyw43_write_reg_u8+0x1fc>)
10005f66:	05d2      	lsls	r2, r2, #23
10005f68:	50d7      	str	r7, [r2, r3]
10005f6a:	4663      	mov	r3, ip
10005f6c:	019a      	lsls	r2, r3, #6
10005f6e:	23a0      	movs	r3, #160	@ 0xa0
10005f70:	05db      	lsls	r3, r3, #23
10005f72:	18d7      	adds	r7, r2, r3
10005f74:	4b36      	ldr	r3, [pc, #216]	@ (10006050 <cyw43_write_reg_u8+0x200>)
10005f76:	0476      	lsls	r6, r6, #17
10005f78:	18d5      	adds	r5, r2, r3
10005f7a:	682b      	ldr	r3, [r5, #0]
10005f7c:	4233      	tst	r3, r6
10005f7e:	d1fc      	bne.n	10005f7a <cyw43_write_reg_u8+0x12a>
10005f80:	4665      	mov	r5, ip
10005f82:	02ed      	lsls	r5, r5, #11
10005f84:	46ac      	mov	ip, r5
10005f86:	4d33      	ldr	r5, [pc, #204]	@ (10006054 <cyw43_write_reg_u8+0x204>)
10005f88:	4b2b      	ldr	r3, [pc, #172]	@ (10006038 <cyw43_write_reg_u8+0x1e8>)
10005f8a:	46a8      	mov	r8, r5
10005f8c:	4665      	mov	r5, ip
10005f8e:	4646      	mov	r6, r8
10005f90:	18cb      	adds	r3, r1, r3
10005f92:	0d1b      	lsrs	r3, r3, #20
10005f94:	00db      	lsls	r3, r3, #3
10005f96:	181b      	adds	r3, r3, r0
10005f98:	4035      	ands	r5, r6
10005f9a:	03db      	lsls	r3, r3, #15
10005f9c:	432b      	orrs	r3, r5
10005f9e:	4d2e      	ldr	r5, [pc, #184]	@ (10006058 <cyw43_write_reg_u8+0x208>)
10005fa0:	432b      	orrs	r3, r5
10005fa2:	4655      	mov	r5, sl
10005fa4:	603d      	str	r5, [r7, #0]
10005fa6:	464d      	mov	r5, r9
10005fa8:	00ae      	lsls	r6, r5, #2
10005faa:	2502      	movs	r5, #2
10005fac:	198e      	adds	r6, r1, r6
10005fae:	607e      	str	r6, [r7, #4]
10005fb0:	60bd      	str	r5, [r7, #8]
10005fb2:	60fb      	str	r3, [r7, #12]
10005fb4:	2301      	movs	r3, #1
10005fb6:	4083      	lsls	r3, r0
10005fb8:	680d      	ldr	r5, [r1, #0]
10005fba:	432b      	orrs	r3, r5
10005fbc:	600b      	str	r3, [r1, #0]
10005fbe:	4b27      	ldr	r3, [pc, #156]	@ (1000605c <cyw43_write_reg_u8+0x20c>)
10005fc0:	2180      	movs	r1, #128	@ 0x80
10005fc2:	469c      	mov	ip, r3
10005fc4:	0449      	lsls	r1, r1, #17
10005fc6:	4462      	add	r2, ip
10005fc8:	6813      	ldr	r3, [r2, #0]
10005fca:	420b      	tst	r3, r1
10005fcc:	d1fc      	bne.n	10005fc8 <cyw43_write_reg_u8+0x178>
10005fce:	2201      	movs	r2, #1
10005fd0:	68a3      	ldr	r3, [r4, #8]
10005fd2:	6821      	ldr	r1, [r4, #0]
10005fd4:	3318      	adds	r3, #24
10005fd6:	409a      	lsls	r2, r3
10005fd8:	608a      	str	r2, [r1, #8]
10005fda:	688b      	ldr	r3, [r1, #8]
10005fdc:	4213      	tst	r3, r2
10005fde:	d0fc      	beq.n	10005fda <cyw43_write_reg_u8+0x18a>
10005fe0:	2201      	movs	r2, #1
10005fe2:	68a1      	ldr	r1, [r4, #8]
10005fe4:	6820      	ldr	r0, [r4, #0]
10005fe6:	408a      	lsls	r2, r1
10005fe8:	6803      	ldr	r3, [r0, #0]
10005fea:	4393      	bics	r3, r2
10005fec:	6003      	str	r3, [r0, #0]
10005fee:	2300      	movs	r3, #0
10005ff0:	2218      	movs	r2, #24
10005ff2:	9300      	str	r3, [sp, #0]
10005ff4:	3301      	adds	r3, #1
10005ff6:	f002 f87f 	bl	100080f8 <pio_sm_set_consecutive_pindirs>
10005ffa:	68a1      	ldr	r1, [r4, #8]
10005ffc:	6823      	ldr	r3, [r4, #0]
10005ffe:	004a      	lsls	r2, r1, #1
10006000:	1852      	adds	r2, r2, r1
10006002:	00d2      	lsls	r2, r2, #3
10006004:	189b      	adds	r3, r3, r2
10006006:	4a16      	ldr	r2, [pc, #88]	@ (10006060 <cyw43_write_reg_u8+0x210>)
10006008:	33d8      	adds	r3, #216	@ 0xd8
1000600a:	601a      	str	r2, [r3, #0]
1000600c:	23d0      	movs	r3, #208	@ 0xd0
1000600e:	2280      	movs	r2, #128	@ 0x80
10006010:	061b      	lsls	r3, r3, #24
10006012:	0492      	lsls	r2, r2, #18
10006014:	615a      	str	r2, [r3, #20]
10006016:	f7ff f84b 	bl	100050b0 <ns_delay.constprop.0>
1000601a:	2000      	movs	r0, #0
1000601c:	b005      	add	sp, #20
1000601e:	bcf0      	pop	{r4, r5, r6, r7}
10006020:	46bb      	mov	fp, r7
10006022:	46b2      	mov	sl, r6
10006024:	46a9      	mov	r9, r5
10006026:	46a0      	mov	r8, r4
10006028:	bdf0      	pop	{r4, r5, r6, r7, pc}
1000602a:	46c0      	nop			@ (mov r8, r8)
1000602c:	0ffff800 	.word	0x0ffff800
10006030:	c0000001 	.word	0xc0000001
10006034:	0000084c 	.word	0x0000084c
10006038:	afe00000 	.word	0xafe00000
1000603c:	fffe007f 	.word	0xfffe007f
10006040:	000010d0 	.word	0x000010d0
10006044:	00006020 	.word	0x00006020
10006048:	00006040 	.word	0x00006040
1000604c:	00000444 	.word	0x00000444
10006050:	5000000c 	.word	0x5000000c
10006054:	ff007ffd 	.word	0xff007ffd
10006058:	00400019 	.word	0x00400019
1000605c:	50000010 	.word	0x50000010
10006060:	0000a003 	.word	0x0000a003

10006064 <cyw43_read_bytes>:
10006064:	b5f0      	push	{r4, r5, r6, r7, lr}
10006066:	1cde      	adds	r6, r3, #3
10006068:	001d      	movs	r5, r3
1000606a:	2303      	movs	r3, #3
1000606c:	0004      	movs	r4, r0
1000606e:	b083      	sub	sp, #12
10006070:	439e      	bics	r6, r3
10006072:	2901      	cmp	r1, #1
10006074:	d024      	beq.n	100060c0 <cyw43_read_bytes+0x5c>
10006076:	2324      	movs	r3, #36	@ 0x24
10006078:	2004      	movs	r0, #4
1000607a:	4f16      	ldr	r7, [pc, #88]	@ (100060d4 <cyw43_read_bytes+0x70>)
1000607c:	02d2      	lsls	r2, r2, #11
1000607e:	403a      	ands	r2, r7
10006080:	0709      	lsls	r1, r1, #28
10006082:	432a      	orrs	r2, r5
10006084:	430a      	orrs	r2, r1
10006086:	2180      	movs	r1, #128	@ 0x80
10006088:	3004      	adds	r0, #4
1000608a:	05c9      	lsls	r1, r1, #23
1000608c:	0080      	lsls	r0, r0, #2
1000608e:	430a      	orrs	r2, r1
10006090:	1820      	adds	r0, r4, r0
10006092:	3604      	adds	r6, #4
10006094:	6042      	str	r2, [r0, #4]
10006096:	2100      	movs	r1, #0
10006098:	9600      	str	r6, [sp, #0]
1000609a:	2204      	movs	r2, #4
1000609c:	0020      	movs	r0, r4
1000609e:	18e3      	adds	r3, r4, r3
100060a0:	f7ff f8e0 	bl	10005264 <cyw43_spi_transfer>
100060a4:	1e06      	subs	r6, r0, #0
100060a6:	d10f      	bne.n	100060c8 <cyw43_read_bytes+0x64>
100060a8:	0021      	movs	r1, r4
100060aa:	9b08      	ldr	r3, [sp, #32]
100060ac:	3128      	adds	r1, #40	@ 0x28
100060ae:	4299      	cmp	r1, r3
100060b0:	d003      	beq.n	100060ba <cyw43_read_bytes+0x56>
100060b2:	002a      	movs	r2, r5
100060b4:	0018      	movs	r0, r3
100060b6:	f7fc f98b 	bl	100023d0 <__wrap___aeabi_memcpy>
100060ba:	0030      	movs	r0, r6
100060bc:	b003      	add	sp, #12
100060be:	bdf0      	pop	{r4, r5, r6, r7, pc}
100060c0:	2000      	movs	r0, #0
100060c2:	3610      	adds	r6, #16
100060c4:	3311      	adds	r3, #17
100060c6:	e7d8      	b.n	1000607a <cyw43_read_bytes+0x16>
100060c8:	0031      	movs	r1, r6
100060ca:	4803      	ldr	r0, [pc, #12]	@ (100060d8 <cyw43_read_bytes+0x74>)
100060cc:	f7fd ff42 	bl	10003f54 <__wrap_printf>
100060d0:	e7f3      	b.n	100060ba <cyw43_read_bytes+0x56>
100060d2:	46c0      	nop			@ (mov r8, r8)
100060d4:	0ffff800 	.word	0x0ffff800
100060d8:	10009a18 	.word	0x10009a18

100060dc <cyw43_write_bytes>:
100060dc:	b5f0      	push	{r4, r5, r6, r7, lr}
100060de:	4657      	mov	r7, sl
100060e0:	464e      	mov	r6, r9
100060e2:	4645      	mov	r5, r8
100060e4:	46de      	mov	lr, fp
100060e6:	b5e0      	push	{r5, r6, r7, lr}
100060e8:	0005      	movs	r5, r0
100060ea:	2003      	movs	r0, #3
100060ec:	4691      	mov	r9, r2
100060ee:	b08b      	sub	sp, #44	@ 0x2c
100060f0:	001a      	movs	r2, r3
100060f2:	3303      	adds	r3, #3
100060f4:	af02      	add	r7, sp, #8
100060f6:	4383      	bics	r3, r0
100060f8:	2902      	cmp	r1, #2
100060fa:	d022      	beq.n	10006142 <cyw43_write_bytes+0x66>
100060fc:	1d1c      	adds	r4, r3, #4
100060fe:	464b      	mov	r3, r9
10006100:	4e23      	ldr	r6, [pc, #140]	@ (10006190 <cyw43_write_bytes+0xb4>)
10006102:	02db      	lsls	r3, r3, #11
10006104:	0709      	lsls	r1, r1, #28
10006106:	4033      	ands	r3, r6
10006108:	4311      	orrs	r1, r2
1000610a:	4319      	orrs	r1, r3
1000610c:	23c0      	movs	r3, #192	@ 0xc0
1000610e:	0028      	movs	r0, r5
10006110:	061b      	lsls	r3, r3, #24
10006112:	430b      	orrs	r3, r1
10006114:	6cb9      	ldr	r1, [r7, #72]	@ 0x48
10006116:	3028      	adds	r0, #40	@ 0x28
10006118:	626b      	str	r3, [r5, #36]	@ 0x24
1000611a:	4288      	cmp	r0, r1
1000611c:	d001      	beq.n	10006122 <cyw43_write_bytes+0x46>
1000611e:	f7fc f957 	bl	100023d0 <__wrap___aeabi_memcpy>
10006122:	0029      	movs	r1, r5
10006124:	2300      	movs	r3, #0
10006126:	0022      	movs	r2, r4
10006128:	0028      	movs	r0, r5
1000612a:	3124      	adds	r1, #36	@ 0x24
1000612c:	9300      	str	r3, [sp, #0]
1000612e:	f7ff f899 	bl	10005264 <cyw43_spi_transfer>
10006132:	46bd      	mov	sp, r7
10006134:	b009      	add	sp, #36	@ 0x24
10006136:	bcf0      	pop	{r4, r5, r6, r7}
10006138:	46bb      	mov	fp, r7
1000613a:	46b2      	mov	sl, r6
1000613c:	46a9      	mov	r9, r5
1000613e:	46a0      	mov	r8, r4
10006140:	bdf0      	pop	{r4, r5, r6, r7, pc}
10006142:	24fa      	movs	r4, #250	@ 0xfa
10006144:	2608      	movs	r6, #8
10006146:	46a8      	mov	r8, r5
10006148:	468a      	mov	sl, r1
1000614a:	4693      	mov	fp, r2
1000614c:	00a4      	lsls	r4, r4, #2
1000614e:	607b      	str	r3, [r7, #4]
10006150:	3c01      	subs	r4, #1
10006152:	d316      	bcc.n	10006182 <cyw43_write_bytes+0xa6>
10006154:	4b0f      	ldr	r3, [pc, #60]	@ (10006194 <cyw43_write_bytes+0xb8>)
10006156:	2204      	movs	r2, #4
10006158:	60bb      	str	r3, [r7, #8]
1000615a:	2308      	movs	r3, #8
1000615c:	2100      	movs	r1, #0
1000615e:	4640      	mov	r0, r8
10006160:	9600      	str	r6, [sp, #0]
10006162:	18fb      	adds	r3, r7, r3
10006164:	466d      	mov	r5, sp
10006166:	f7ff f87d 	bl	10005264 <cyw43_spi_transfer>
1000616a:	2800      	cmp	r0, #0
1000616c:	d100      	bne.n	10006170 <cyw43_write_bytes+0x94>
1000616e:	68f8      	ldr	r0, [r7, #12]
10006170:	46ad      	mov	sp, r5
10006172:	0680      	lsls	r0, r0, #26
10006174:	d5ec      	bpl.n	10006150 <cyw43_write_bytes+0x74>
10006176:	4645      	mov	r5, r8
10006178:	4651      	mov	r1, sl
1000617a:	465a      	mov	r2, fp
1000617c:	687b      	ldr	r3, [r7, #4]
1000617e:	2c00      	cmp	r4, #0
10006180:	d1bc      	bne.n	100060fc <cyw43_write_bytes+0x20>
10006182:	4805      	ldr	r0, [pc, #20]	@ (10006198 <cyw43_write_bytes+0xbc>)
10006184:	f7fd fe5e 	bl	10003e44 <__wrap_puts>
10006188:	2006      	movs	r0, #6
1000618a:	4240      	negs	r0, r0
1000618c:	e7d1      	b.n	10006132 <cyw43_write_bytes+0x56>
1000618e:	46c0      	nop			@ (mov r8, r8)
10006190:	0ffff800 	.word	0x0ffff800
10006194:	40004004 	.word	0x40004004
10006198:	10009c4c 	.word	0x10009c4c

1000619c <cyw43_set_backplane_window>:
1000619c:	6883      	ldr	r3, [r0, #8]
1000619e:	b570      	push	{r4, r5, r6, lr}
100061a0:	0bcc      	lsrs	r4, r1, #15
100061a2:	0005      	movs	r5, r0
100061a4:	03e4      	lsls	r4, r4, #15
100061a6:	42a3      	cmp	r3, r4
100061a8:	d00d      	beq.n	100061c6 <cyw43_set_backplane_window+0x2a>
100061aa:	2280      	movs	r2, #128	@ 0x80
100061ac:	4063      	eors	r3, r4
100061ae:	0452      	lsls	r2, r2, #17
100061b0:	4293      	cmp	r3, r2
100061b2:	d219      	bcs.n	100061e8 <cyw43_set_backplane_window+0x4c>
100061b4:	22ff      	movs	r2, #255	@ 0xff
100061b6:	0412      	lsls	r2, r2, #16
100061b8:	4213      	tst	r3, r2
100061ba:	d10c      	bne.n	100061d6 <cyw43_set_backplane_window+0x3a>
100061bc:	22ff      	movs	r2, #255	@ 0xff
100061be:	0212      	lsls	r2, r2, #8
100061c0:	4213      	tst	r3, r2
100061c2:	d101      	bne.n	100061c8 <cyw43_set_backplane_window+0x2c>
100061c4:	60ac      	str	r4, [r5, #8]
100061c6:	bd70      	pop	{r4, r5, r6, pc}
100061c8:	2101      	movs	r1, #1
100061ca:	0028      	movs	r0, r5
100061cc:	4a0a      	ldr	r2, [pc, #40]	@ (100061f8 <cyw43_set_backplane_window+0x5c>)
100061ce:	0a23      	lsrs	r3, r4, #8
100061d0:	f7ff fe3e 	bl	10005e50 <cyw43_write_reg_u8>
100061d4:	e7f6      	b.n	100061c4 <cyw43_set_backplane_window+0x28>
100061d6:	0c23      	lsrs	r3, r4, #16
100061d8:	2101      	movs	r1, #1
100061da:	0028      	movs	r0, r5
100061dc:	4a07      	ldr	r2, [pc, #28]	@ (100061fc <cyw43_set_backplane_window+0x60>)
100061de:	f7ff fe37 	bl	10005e50 <cyw43_write_reg_u8>
100061e2:	68ab      	ldr	r3, [r5, #8]
100061e4:	4063      	eors	r3, r4
100061e6:	e7e9      	b.n	100061bc <cyw43_set_backplane_window+0x20>
100061e8:	0e23      	lsrs	r3, r4, #24
100061ea:	2101      	movs	r1, #1
100061ec:	4a04      	ldr	r2, [pc, #16]	@ (10006200 <cyw43_set_backplane_window+0x64>)
100061ee:	f7ff fe2f 	bl	10005e50 <cyw43_write_reg_u8>
100061f2:	68ab      	ldr	r3, [r5, #8]
100061f4:	4063      	eors	r3, r4
100061f6:	e7dd      	b.n	100061b4 <cyw43_set_backplane_window+0x18>
100061f8:	0001000a 	.word	0x0001000a
100061fc:	0001000b 	.word	0x0001000b
10006200:	0001000c 	.word	0x0001000c

10006204 <cyw43_ll_parse_async_event>:
10006204:	b5f0      	push	{r4, r5, r6, r7, lr}
10006206:	46c6      	mov	lr, r8
10006208:	3003      	adds	r0, #3
1000620a:	b500      	push	{lr}
1000620c:	1e8d      	subs	r5, r1, #2
1000620e:	0884      	lsrs	r4, r0, #2
10006210:	d010      	beq.n	10006234 <cyw43_ll_parse_async_event+0x30>
10006212:	1e63      	subs	r3, r4, #1
10006214:	2b07      	cmp	r3, #7
10006216:	d903      	bls.n	10006220 <cyw43_ll_parse_async_event+0x1c>
10006218:	000b      	movs	r3, r1
1000621a:	432b      	orrs	r3, r5
1000621c:	075b      	lsls	r3, r3, #29
1000621e:	d021      	beq.n	10006264 <cyw43_ll_parse_async_event+0x60>
10006220:	002a      	movs	r2, r5
10006222:	00a4      	lsls	r4, r4, #2
10006224:	192c      	adds	r4, r5, r4
10006226:	8893      	ldrh	r3, [r2, #4]
10006228:	8850      	ldrh	r0, [r2, #2]
1000622a:	041b      	lsls	r3, r3, #16
1000622c:	4303      	orrs	r3, r0
1000622e:	c208      	stmia	r2!, {r3}
10006230:	42a2      	cmp	r2, r4
10006232:	d1f8      	bne.n	10006226 <cyw43_ll_parse_async_event+0x22>
10006234:	886b      	ldrh	r3, [r5, #2]
10006236:	ba5b      	rev16	r3, r3
10006238:	806b      	strh	r3, [r5, #2]
1000623a:	1c8b      	adds	r3, r1, #2
1000623c:	681a      	ldr	r2, [r3, #0]
1000623e:	ba13      	rev	r3, r2
10006240:	606b      	str	r3, [r5, #4]
10006242:	1d8b      	adds	r3, r1, #6
10006244:	6818      	ldr	r0, [r3, #0]
10006246:	ba03      	rev	r3, r0
10006248:	60ab      	str	r3, [r5, #8]
1000624a:	000b      	movs	r3, r1
1000624c:	330a      	adds	r3, #10
1000624e:	681b      	ldr	r3, [r3, #0]
10006250:	ba1b      	rev	r3, r3
10006252:	60eb      	str	r3, [r5, #12]
10006254:	238a      	movs	r3, #138	@ 0x8a
10006256:	05db      	lsls	r3, r3, #23
10006258:	429a      	cmp	r2, r3
1000625a:	d01b      	beq.n	10006294 <cyw43_ll_parse_async_event+0x90>
1000625c:	0028      	movs	r0, r5
1000625e:	bc80      	pop	{r7}
10006260:	46b8      	mov	r8, r7
10006262:	bdf0      	pop	{r4, r5, r6, r7, pc}
10006264:	08c3      	lsrs	r3, r0, #3
10006266:	469c      	mov	ip, r3
10006268:	00db      	lsls	r3, r3, #3
1000626a:	002e      	movs	r6, r5
1000626c:	0008      	movs	r0, r1
1000626e:	4698      	mov	r8, r3
10006270:	18cf      	adds	r7, r1, r3
10006272:	c80c      	ldmia	r0!, {r2, r3}
10006274:	c60c      	stmia	r6!, {r2, r3}
10006276:	4287      	cmp	r7, r0
10006278:	d1fb      	bne.n	10006272 <cyw43_ll_parse_async_event+0x6e>
1000627a:	4663      	mov	r3, ip
1000627c:	0058      	lsls	r0, r3, #1
1000627e:	4643      	mov	r3, r8
10006280:	18ef      	adds	r7, r5, r3
10006282:	18ce      	adds	r6, r1, r3
10006284:	4284      	cmp	r4, r0
10006286:	d0d5      	beq.n	10006234 <cyw43_ll_parse_async_event+0x30>
10006288:	8873      	ldrh	r3, [r6, #2]
1000628a:	8832      	ldrh	r2, [r6, #0]
1000628c:	041b      	lsls	r3, r3, #16
1000628e:	4313      	orrs	r3, r2
10006290:	603b      	str	r3, [r7, #0]
10006292:	e7cf      	b.n	10006234 <cyw43_ll_parse_async_event+0x30>
10006294:	2380      	movs	r3, #128	@ 0x80
10006296:	051b      	lsls	r3, r3, #20
10006298:	4298      	cmp	r0, r3
1000629a:	d1df      	bne.n	1000625c <cyw43_ll_parse_async_event+0x58>
1000629c:	000b      	movs	r3, r1
1000629e:	000a      	movs	r2, r1
100062a0:	000e      	movs	r6, r1
100062a2:	32b2      	adds	r2, #178	@ 0xb2
100062a4:	33ae      	adds	r3, #174	@ 0xae
100062a6:	6810      	ldr	r0, [r2, #0]
100062a8:	881b      	ldrh	r3, [r3, #0]
100062aa:	362e      	adds	r6, #46	@ 0x2e
100062ac:	6932      	ldr	r2, [r6, #16]
100062ae:	181c      	adds	r4, r3, r0
100062b0:	4294      	cmp	r4, r2
100062b2:	d816      	bhi.n	100062e2 <cyw43_ll_parse_async_event+0xde>
100062b4:	313a      	adds	r1, #58	@ 0x3a
100062b6:	18c9      	adds	r1, r1, r3
100062b8:	1808      	adds	r0, r1, r0
100062ba:	4281      	cmp	r1, r0
100062bc:	d23a      	bcs.n	10006334 <cyw43_ll_parse_async_event+0x130>
100062be:	2700      	movs	r7, #0
100062c0:	2400      	movs	r4, #0
100062c2:	e004      	b.n	100062ce <cyw43_ll_parse_async_event+0xca>
100062c4:	2add      	cmp	r2, #221	@ 0xdd
100062c6:	d010      	beq.n	100062ea <cyw43_ll_parse_async_event+0xe6>
100062c8:	18c9      	adds	r1, r1, r3
100062ca:	4288      	cmp	r0, r1
100062cc:	d920      	bls.n	10006310 <cyw43_ll_parse_async_event+0x10c>
100062ce:	784b      	ldrb	r3, [r1, #1]
100062d0:	3302      	adds	r3, #2
100062d2:	18ca      	adds	r2, r1, r3
100062d4:	4290      	cmp	r0, r2
100062d6:	d3f7      	bcc.n	100062c8 <cyw43_ll_parse_async_event+0xc4>
100062d8:	780a      	ldrb	r2, [r1, #0]
100062da:	2a30      	cmp	r2, #48	@ 0x30
100062dc:	d1f2      	bne.n	100062c4 <cyw43_ll_parse_async_event+0xc0>
100062de:	000c      	movs	r4, r1
100062e0:	e7f2      	b.n	100062c8 <cyw43_ll_parse_async_event+0xc4>
100062e2:	2301      	movs	r3, #1
100062e4:	425b      	negs	r3, r3
100062e6:	60ab      	str	r3, [r5, #8]
100062e8:	e7b8      	b.n	1000625c <cyw43_ll_parse_async_event+0x58>
100062ea:	1c8a      	adds	r2, r1, #2
100062ec:	4690      	mov	r8, r2
100062ee:	788a      	ldrb	r2, [r1, #2]
100062f0:	2a00      	cmp	r2, #0
100062f2:	d1e9      	bne.n	100062c8 <cyw43_ll_parse_async_event+0xc4>
100062f4:	4642      	mov	r2, r8
100062f6:	7852      	ldrb	r2, [r2, #1]
100062f8:	2a50      	cmp	r2, #80	@ 0x50
100062fa:	d1e5      	bne.n	100062c8 <cyw43_ll_parse_async_event+0xc4>
100062fc:	4642      	mov	r2, r8
100062fe:	7892      	ldrb	r2, [r2, #2]
10006300:	2af2      	cmp	r2, #242	@ 0xf2
10006302:	d1e1      	bne.n	100062c8 <cyw43_ll_parse_async_event+0xc4>
10006304:	4642      	mov	r2, r8
10006306:	78d2      	ldrb	r2, [r2, #3]
10006308:	2a01      	cmp	r2, #1
1000630a:	d1dd      	bne.n	100062c8 <cyw43_ll_parse_async_event+0xc4>
1000630c:	000f      	movs	r7, r1
1000630e:	e7db      	b.n	100062c8 <cyw43_ll_parse_async_event+0xc4>
10006310:	1e63      	subs	r3, r4, #1
10006312:	419c      	sbcs	r4, r3
10006314:	00a4      	lsls	r4, r4, #2
10006316:	2f00      	cmp	r7, #0
10006318:	d001      	beq.n	1000631e <cyw43_ll_parse_async_event+0x11a>
1000631a:	2202      	movs	r2, #2
1000631c:	4314      	orrs	r4, r2
1000631e:	8bb2      	ldrh	r2, [r6, #28]
10006320:	06d2      	lsls	r2, r2, #27
10006322:	d501      	bpl.n	10006328 <cyw43_ll_parse_async_event+0x124>
10006324:	2201      	movs	r2, #1
10006326:	4314      	orrs	r4, r2
10006328:	2284      	movs	r2, #132	@ 0x84
1000632a:	5ca9      	ldrb	r1, [r5, r2]
1000632c:	52a9      	strh	r1, [r5, r2]
1000632e:	3204      	adds	r2, #4
10006330:	54ac      	strb	r4, [r5, r2]
10006332:	e793      	b.n	1000625c <cyw43_ll_parse_async_event+0x58>
10006334:	2400      	movs	r4, #0
10006336:	e7f2      	b.n	1000631e <cyw43_ll_parse_async_event+0x11a>

10006338 <cyw43_kso_set>:
10006338:	b5f0      	push	{r4, r5, r6, r7, lr}
1000633a:	46c6      	mov	lr, r8
1000633c:	000e      	movs	r6, r1
1000633e:	0005      	movs	r5, r0
10006340:	000b      	movs	r3, r1
10006342:	b500      	push	{lr}
10006344:	2101      	movs	r1, #1
10006346:	4a1a      	ldr	r2, [pc, #104]	@ (100063b0 <cyw43_kso_set+0x78>)
10006348:	f7ff fd82 	bl	10005e50 <cyw43_write_reg_u8>
1000634c:	0033      	movs	r3, r6
1000634e:	2101      	movs	r1, #1
10006350:	0028      	movs	r0, r5
10006352:	4a17      	ldr	r2, [pc, #92]	@ (100063b0 <cyw43_kso_set+0x78>)
10006354:	f7ff fd7c 	bl	10005e50 <cyw43_write_reg_u8>
10006358:	2e00      	cmp	r6, #0
1000635a:	d025      	beq.n	100063a8 <cyw43_kso_set+0x70>
1000635c:	2303      	movs	r3, #3
1000635e:	2703      	movs	r7, #3
10006360:	4698      	mov	r8, r3
10006362:	2440      	movs	r4, #64	@ 0x40
10006364:	e00b      	b.n	1000637e <cyw43_kso_set+0x46>
10006366:	2001      	movs	r0, #1
10006368:	f002 f984 	bl	10008674 <cyw43_delay_ms>
1000636c:	3c01      	subs	r4, #1
1000636e:	0033      	movs	r3, r6
10006370:	2101      	movs	r1, #1
10006372:	0028      	movs	r0, r5
10006374:	4a0e      	ldr	r2, [pc, #56]	@ (100063b0 <cyw43_kso_set+0x78>)
10006376:	f7ff fd6b 	bl	10005e50 <cyw43_write_reg_u8>
1000637a:	2c00      	cmp	r4, #0
1000637c:	d00f      	beq.n	1000639e <cyw43_kso_set+0x66>
1000637e:	2101      	movs	r1, #1
10006380:	0028      	movs	r0, r5
10006382:	4a0b      	ldr	r2, [pc, #44]	@ (100063b0 <cyw43_kso_set+0x78>)
10006384:	f7ff fa1e 	bl	100057c4 <cyw43_read_reg_u8>
10006388:	2800      	cmp	r0, #0
1000638a:	dbec      	blt.n	10006366 <cyw43_kso_set+0x2e>
1000638c:	4642      	mov	r2, r8
1000638e:	4002      	ands	r2, r0
10006390:	42ba      	cmp	r2, r7
10006392:	d1e8      	bne.n	10006366 <cyw43_kso_set+0x2e>
10006394:	28ff      	cmp	r0, #255	@ 0xff
10006396:	d0e6      	beq.n	10006366 <cyw43_kso_set+0x2e>
10006398:	bc80      	pop	{r7}
1000639a:	46b8      	mov	r8, r7
1000639c:	bdf0      	pop	{r4, r5, r6, r7, pc}
1000639e:	0031      	movs	r1, r6
100063a0:	4804      	ldr	r0, [pc, #16]	@ (100063b4 <cyw43_kso_set+0x7c>)
100063a2:	f7fd fdd7 	bl	10003f54 <__wrap_printf>
100063a6:	e7f7      	b.n	10006398 <cyw43_kso_set+0x60>
100063a8:	2301      	movs	r3, #1
100063aa:	2700      	movs	r7, #0
100063ac:	4698      	mov	r8, r3
100063ae:	e7d8      	b.n	10006362 <cyw43_kso_set+0x2a>
100063b0:	0001001f 	.word	0x0001001f
100063b4:	10009a34 	.word	0x10009a34

100063b8 <cyw43_ll_sdpcm_poll_device>:
100063b8:	b5f0      	push	{r4, r5, r6, r7, lr}
100063ba:	46d6      	mov	lr, sl
100063bc:	464f      	mov	r7, r9
100063be:	4646      	mov	r6, r8
100063c0:	b5c0      	push	{r6, r7, lr}
100063c2:	7cc3      	ldrb	r3, [r0, #19]
100063c4:	0005      	movs	r5, r0
100063c6:	000f      	movs	r7, r1
100063c8:	4692      	mov	sl, r2
100063ca:	b082      	sub	sp, #8
100063cc:	2b00      	cmp	r3, #0
100063ce:	d105      	bne.n	100063dc <cyw43_ll_sdpcm_poll_device+0x24>
100063d0:	6800      	ldr	r0, [r0, #0]
100063d2:	f001 fccb 	bl	10007d6c <cyw43_cb_read_host_interrupt_pin>
100063d6:	2801      	cmp	r0, #1
100063d8:	d000      	beq.n	100063dc <cyw43_ll_sdpcm_poll_device+0x24>
100063da:	e097      	b.n	1000650c <cyw43_ll_sdpcm_poll_device+0x154>
100063dc:	0028      	movs	r0, r5
100063de:	f001 fccb 	bl	10007d78 <cyw43_cb_ensure_awake>
100063e2:	7cab      	ldrb	r3, [r5, #18]
100063e4:	2b00      	cmp	r3, #0
100063e6:	d105      	bne.n	100063f4 <cyw43_ll_sdpcm_poll_device+0x3c>
100063e8:	2101      	movs	r1, #1
100063ea:	0028      	movs	r0, r5
100063ec:	f7ff ffa4 	bl	10006338 <cyw43_kso_set>
100063f0:	2301      	movs	r3, #1
100063f2:	74ab      	strb	r3, [r5, #18]
100063f4:	7ceb      	ldrb	r3, [r5, #19]
100063f6:	2b00      	cmp	r3, #0
100063f8:	d100      	bne.n	100063fc <cyw43_ll_sdpcm_poll_device+0x44>
100063fa:	e06e      	b.n	100064da <cyw43_ll_sdpcm_poll_device+0x122>
100063fc:	24fa      	movs	r4, #250	@ 0xfa
100063fe:	00a4      	lsls	r4, r4, #2
10006400:	e003      	b.n	1000640a <cyw43_ll_sdpcm_poll_device+0x52>
10006402:	3c01      	subs	r4, #1
10006404:	2c00      	cmp	r4, #0
10006406:	d100      	bne.n	1000640a <cyw43_ll_sdpcm_poll_device+0x52>
10006408:	e080      	b.n	1000650c <cyw43_ll_sdpcm_poll_device+0x154>
1000640a:	2208      	movs	r2, #8
1000640c:	2100      	movs	r1, #0
1000640e:	0028      	movs	r0, r5
10006410:	f7ff f988 	bl	10005724 <cyw43_read_reg_u32>
10006414:	1c43      	adds	r3, r0, #1
10006416:	d0f4      	beq.n	10006402 <cyw43_ll_sdpcm_poll_device+0x4a>
10006418:	05c3      	lsls	r3, r0, #23
1000641a:	d400      	bmi.n	1000641e <cyw43_ll_sdpcm_poll_device+0x66>
1000641c:	e0bf      	b.n	1000659e <cyw43_ll_sdpcm_poll_device+0x1e6>
1000641e:	22c0      	movs	r2, #192	@ 0xc0
10006420:	0303      	lsls	r3, r0, #12
10006422:	0d5b      	lsrs	r3, r3, #21
10006424:	1e59      	subs	r1, r3, #1
10006426:	00d2      	lsls	r2, r2, #3
10006428:	4291      	cmp	r1, r2
1000642a:	d300      	bcc.n	1000642e <cyw43_ll_sdpcm_poll_device+0x76>
1000642c:	e0b1      	b.n	10006592 <cyw43_ll_sdpcm_poll_device+0x1da>
1000642e:	0780      	lsls	r0, r0, #30
10006430:	d500      	bpl.n	10006434 <cyw43_ll_sdpcm_poll_device+0x7c>
10006432:	e0ae      	b.n	10006592 <cyw43_ll_sdpcm_poll_device+0x1da>
10006434:	002c      	movs	r4, r5
10006436:	3428      	adds	r4, #40	@ 0x28
10006438:	2200      	movs	r2, #0
1000643a:	2102      	movs	r1, #2
1000643c:	0028      	movs	r0, r5
1000643e:	9400      	str	r4, [sp, #0]
10006440:	f7ff fe10 	bl	10006064 <cyw43_read_bytes>
10006444:	2800      	cmp	r0, #0
10006446:	d13b      	bne.n	100064c0 <cyw43_ll_sdpcm_poll_device+0x108>
10006448:	8d29      	ldrh	r1, [r5, #40]	@ 0x28
1000644a:	8d6a      	ldrh	r2, [r5, #42]	@ 0x2a
1000644c:	000b      	movs	r3, r1
1000644e:	4313      	orrs	r3, r2
10006450:	d100      	bne.n	10006454 <cyw43_ll_sdpcm_poll_device+0x9c>
10006452:	e0a4      	b.n	1000659e <cyw43_ll_sdpcm_poll_device+0x1e6>
10006454:	2301      	movs	r3, #1
10006456:	74eb      	strb	r3, [r5, #19]
10006458:	4b60      	ldr	r3, [pc, #384]	@ (100065dc <cyw43_ll_sdpcm_poll_device+0x224>)
1000645a:	469c      	mov	ip, r3
1000645c:	000b      	movs	r3, r1
1000645e:	4053      	eors	r3, r2
10006460:	4563      	cmp	r3, ip
10006462:	d000      	beq.n	10006466 <cyw43_ll_sdpcm_poll_device+0xae>
10006464:	e0a1      	b.n	100065aa <cyw43_ll_sdpcm_poll_device+0x1f2>
10006466:	43d2      	mvns	r2, r2
10006468:	b292      	uxth	r2, r2
1000646a:	4291      	cmp	r1, r2
1000646c:	d000      	beq.n	10006470 <cyw43_ll_sdpcm_poll_device+0xb8>
1000646e:	e099      	b.n	100065a4 <cyw43_ll_sdpcm_poll_device+0x1ec>
10006470:	290b      	cmp	r1, #11
10006472:	d800      	bhi.n	10006476 <cyw43_ll_sdpcm_poll_device+0xbe>
10006474:	e0a0      	b.n	100065b8 <cyw43_ll_sdpcm_poll_device+0x200>
10006476:	7a23      	ldrb	r3, [r4, #8]
10006478:	73ab      	strb	r3, [r5, #14]
1000647a:	230f      	movs	r3, #15
1000647c:	7962      	ldrb	r2, [r4, #5]
1000647e:	4013      	ands	r3, r2
10006480:	2b02      	cmp	r3, #2
10006482:	d823      	bhi.n	100064cc <cyw43_ll_sdpcm_poll_device+0x114>
10006484:	7a62      	ldrb	r2, [r4, #9]
10006486:	4694      	mov	ip, r2
10006488:	4666      	mov	r6, ip
1000648a:	7b6a      	ldrb	r2, [r5, #13]
1000648c:	1ab2      	subs	r2, r6, r2
1000648e:	b2d2      	uxtb	r2, r2
10006490:	2a14      	cmp	r2, #20
10006492:	d93e      	bls.n	10006512 <cyw43_ll_sdpcm_poll_device+0x15a>
10006494:	290c      	cmp	r1, #12
10006496:	d01d      	beq.n	100064d4 <cyw43_ll_sdpcm_poll_device+0x11c>
10006498:	2b01      	cmp	r3, #1
1000649a:	d03c      	beq.n	10006516 <cyw43_ll_sdpcm_poll_device+0x15e>
1000649c:	2b02      	cmp	r3, #2
1000649e:	d060      	beq.n	10006562 <cyw43_ll_sdpcm_poll_device+0x1aa>
100064a0:	291b      	cmp	r1, #27
100064a2:	d800      	bhi.n	100064a6 <cyw43_ll_sdpcm_poll_device+0xee>
100064a4:	e094      	b.n	100065d0 <cyw43_ll_sdpcm_poll_device+0x218>
100064a6:	79e3      	ldrb	r3, [r4, #7]
100064a8:	8a2d      	ldrh	r5, [r5, #16]
100064aa:	18e3      	adds	r3, r4, r3
100064ac:	895a      	ldrh	r2, [r3, #10]
100064ae:	4295      	cmp	r5, r2
100064b0:	d000      	beq.n	100064b4 <cyw43_ll_sdpcm_poll_device+0xfc>
100064b2:	e08a      	b.n	100065ca <cyw43_ll_sdpcm_poll_device+0x212>
100064b4:	4652      	mov	r2, sl
100064b6:	3310      	adds	r3, #16
100064b8:	1b1c      	subs	r4, r3, r4
100064ba:	1b0c      	subs	r4, r1, r4
100064bc:	603c      	str	r4, [r7, #0]
100064be:	6013      	str	r3, [r2, #0]
100064c0:	b002      	add	sp, #8
100064c2:	bce0      	pop	{r5, r6, r7}
100064c4:	46ba      	mov	sl, r7
100064c6:	46b1      	mov	r9, r6
100064c8:	46a8      	mov	r8, r5
100064ca:	bdf0      	pop	{r4, r5, r6, r7, pc}
100064cc:	200b      	movs	r0, #11
100064ce:	4240      	negs	r0, r0
100064d0:	290c      	cmp	r1, #12
100064d2:	d1f5      	bne.n	100064c0 <cyw43_ll_sdpcm_poll_device+0x108>
100064d4:	2004      	movs	r0, #4
100064d6:	4240      	negs	r0, r0
100064d8:	e7f2      	b.n	100064c0 <cyw43_ll_sdpcm_poll_device+0x108>
100064da:	2204      	movs	r2, #4
100064dc:	2100      	movs	r1, #0
100064de:	0028      	movs	r0, r5
100064e0:	f7ff f948 	bl	10005774 <cyw43_read_reg_u16>
100064e4:	b283      	uxth	r3, r0
100064e6:	4698      	mov	r8, r3
100064e8:	4b3d      	ldr	r3, [pc, #244]	@ (100065e0 <cyw43_ll_sdpcm_poll_device+0x228>)
100064ea:	0004      	movs	r4, r0
100064ec:	4699      	mov	r9, r3
100064ee:	881b      	ldrh	r3, [r3, #0]
100064f0:	4543      	cmp	r3, r8
100064f2:	d002      	beq.n	100064fa <cyw43_ll_sdpcm_poll_device+0x142>
100064f4:	2386      	movs	r3, #134	@ 0x86
100064f6:	4203      	tst	r3, r0
100064f8:	d12d      	bne.n	10006556 <cyw43_ll_sdpcm_poll_device+0x19e>
100064fa:	4643      	mov	r3, r8
100064fc:	2b00      	cmp	r3, #0
100064fe:	d142      	bne.n	10006586 <cyw43_ll_sdpcm_poll_device+0x1ce>
10006500:	464b      	mov	r3, r9
10006502:	4642      	mov	r2, r8
10006504:	801a      	strh	r2, [r3, #0]
10006506:	06a4      	lsls	r4, r4, #26
10006508:	d500      	bpl.n	1000650c <cyw43_ll_sdpcm_poll_device+0x154>
1000650a:	e777      	b.n	100063fc <cyw43_ll_sdpcm_poll_device+0x44>
1000650c:	2001      	movs	r0, #1
1000650e:	4240      	negs	r0, r0
10006510:	e7d6      	b.n	100064c0 <cyw43_ll_sdpcm_poll_device+0x108>
10006512:	736e      	strb	r6, [r5, #13]
10006514:	e7be      	b.n	10006494 <cyw43_ll_sdpcm_poll_device+0xdc>
10006516:	2910      	cmp	r1, #16
10006518:	d95d      	bls.n	100065d6 <cyw43_ll_sdpcm_poll_device+0x21e>
1000651a:	79e3      	ldrb	r3, [r4, #7]
1000651c:	18e3      	adds	r3, r4, r3
1000651e:	78da      	ldrb	r2, [r3, #3]
10006520:	0092      	lsls	r2, r2, #2
10006522:	3204      	adds	r2, #4
10006524:	189b      	adds	r3, r3, r2
10006526:	7b1a      	ldrb	r2, [r3, #12]
10006528:	1b1c      	subs	r4, r3, r4
1000652a:	1b09      	subs	r1, r1, r4
1000652c:	2a88      	cmp	r2, #136	@ 0x88
1000652e:	d146      	bne.n	100065be <cyw43_ll_sdpcm_poll_device+0x206>
10006530:	7b5a      	ldrb	r2, [r3, #13]
10006532:	2a6c      	cmp	r2, #108	@ 0x6c
10006534:	d143      	bne.n	100065be <cyw43_ll_sdpcm_poll_device+0x206>
10006536:	7cda      	ldrb	r2, [r3, #19]
10006538:	2a00      	cmp	r2, #0
1000653a:	d13a      	bne.n	100065b2 <cyw43_ll_sdpcm_poll_device+0x1fa>
1000653c:	7d1a      	ldrb	r2, [r3, #20]
1000653e:	2a10      	cmp	r2, #16
10006540:	d137      	bne.n	100065b2 <cyw43_ll_sdpcm_poll_device+0x1fa>
10006542:	7d5a      	ldrb	r2, [r3, #21]
10006544:	2a18      	cmp	r2, #24
10006546:	d134      	bne.n	100065b2 <cyw43_ll_sdpcm_poll_device+0x1fa>
10006548:	4652      	mov	r2, sl
1000654a:	3918      	subs	r1, #24
1000654c:	3318      	adds	r3, #24
1000654e:	6039      	str	r1, [r7, #0]
10006550:	2001      	movs	r0, #1
10006552:	6013      	str	r3, [r2, #0]
10006554:	e7b4      	b.n	100064c0 <cyw43_ll_sdpcm_poll_device+0x108>
10006556:	0401      	lsls	r1, r0, #16
10006558:	0c09      	lsrs	r1, r1, #16
1000655a:	4822      	ldr	r0, [pc, #136]	@ (100065e4 <cyw43_ll_sdpcm_poll_device+0x22c>)
1000655c:	f7fd fcfa 	bl	10003f54 <__wrap_printf>
10006560:	e7cb      	b.n	100064fa <cyw43_ll_sdpcm_poll_device+0x142>
10006562:	2910      	cmp	r1, #16
10006564:	d92e      	bls.n	100065c4 <cyw43_ll_sdpcm_poll_device+0x20c>
10006566:	79e2      	ldrb	r2, [r4, #7]
10006568:	2002      	movs	r0, #2
1000656a:	18a2      	adds	r2, r4, r2
1000656c:	78d3      	ldrb	r3, [r2, #3]
1000656e:	009b      	lsls	r3, r3, #2
10006570:	3304      	adds	r3, #4
10006572:	18d3      	adds	r3, r2, r3
10006574:	7892      	ldrb	r2, [r2, #2]
10006576:	1b1c      	subs	r4, r3, r4
10006578:	07d2      	lsls	r2, r2, #31
1000657a:	1b0c      	subs	r4, r1, r4
1000657c:	4314      	orrs	r4, r2
1000657e:	4652      	mov	r2, sl
10006580:	603c      	str	r4, [r7, #0]
10006582:	6013      	str	r3, [r2, #0]
10006584:	e79c      	b.n	100064c0 <cyw43_ll_sdpcm_poll_device+0x108>
10006586:	2204      	movs	r2, #4
10006588:	2100      	movs	r1, #0
1000658a:	0028      	movs	r0, r5
1000658c:	f7ff fb56 	bl	10005c3c <cyw43_write_reg_u16>
10006590:	e7b6      	b.n	10006500 <cyw43_ll_sdpcm_poll_device+0x148>
10006592:	2301      	movs	r3, #1
10006594:	2101      	movs	r1, #1
10006596:	0028      	movs	r0, r5
10006598:	4a13      	ldr	r2, [pc, #76]	@ (100065e8 <cyw43_ll_sdpcm_poll_device+0x230>)
1000659a:	f7ff fc59 	bl	10005e50 <cyw43_write_reg_u8>
1000659e:	2300      	movs	r3, #0
100065a0:	74eb      	strb	r3, [r5, #19]
100065a2:	e7b3      	b.n	1000650c <cyw43_ll_sdpcm_poll_device+0x154>
100065a4:	2002      	movs	r0, #2
100065a6:	4240      	negs	r0, r0
100065a8:	e78a      	b.n	100064c0 <cyw43_ll_sdpcm_poll_device+0x108>
100065aa:	4810      	ldr	r0, [pc, #64]	@ (100065ec <cyw43_ll_sdpcm_poll_device+0x234>)
100065ac:	f7fd fcd2 	bl	10003f54 <__wrap_printf>
100065b0:	e7ac      	b.n	1000650c <cyw43_ll_sdpcm_poll_device+0x154>
100065b2:	200a      	movs	r0, #10
100065b4:	4240      	negs	r0, r0
100065b6:	e783      	b.n	100064c0 <cyw43_ll_sdpcm_poll_device+0x108>
100065b8:	2003      	movs	r0, #3
100065ba:	4240      	negs	r0, r0
100065bc:	e780      	b.n	100064c0 <cyw43_ll_sdpcm_poll_device+0x108>
100065be:	2009      	movs	r0, #9
100065c0:	4240      	negs	r0, r0
100065c2:	e77d      	b.n	100064c0 <cyw43_ll_sdpcm_poll_device+0x108>
100065c4:	2007      	movs	r0, #7
100065c6:	4240      	negs	r0, r0
100065c8:	e77a      	b.n	100064c0 <cyw43_ll_sdpcm_poll_device+0x108>
100065ca:	2006      	movs	r0, #6
100065cc:	4240      	negs	r0, r0
100065ce:	e777      	b.n	100064c0 <cyw43_ll_sdpcm_poll_device+0x108>
100065d0:	2005      	movs	r0, #5
100065d2:	4240      	negs	r0, r0
100065d4:	e774      	b.n	100064c0 <cyw43_ll_sdpcm_poll_device+0x108>
100065d6:	2008      	movs	r0, #8
100065d8:	4240      	negs	r0, r0
100065da:	e771      	b.n	100064c0 <cyw43_ll_sdpcm_poll_device+0x108>
100065dc:	0000ffff 	.word	0x0000ffff
100065e0:	20021ef2 	.word	0x20021ef2
100065e4:	10009a58 	.word	0x10009a58
100065e8:	0001000d 	.word	0x0001000d
100065ec:	10009a84 	.word	0x10009a84

100065f0 <cyw43_sdpcm_send_common>:
100065f0:	b5f0      	push	{r4, r5, r6, r7, lr}
100065f2:	46de      	mov	lr, fp
100065f4:	4657      	mov	r7, sl
100065f6:	4645      	mov	r5, r8
100065f8:	464e      	mov	r6, r9
100065fa:	0004      	movs	r4, r0
100065fc:	b5e0      	push	{r5, r6, r7, lr}
100065fe:	b085      	sub	sp, #20
10006600:	469a      	mov	sl, r3
10006602:	4688      	mov	r8, r1
10006604:	4693      	mov	fp, r2
10006606:	f001 fbb7 	bl	10007d78 <cyw43_cb_ensure_awake>
1000660a:	7ca3      	ldrb	r3, [r4, #18]
1000660c:	2b00      	cmp	r3, #0
1000660e:	d105      	bne.n	1000661c <cyw43_sdpcm_send_common+0x2c>
10006610:	2101      	movs	r1, #1
10006612:	0020      	movs	r0, r4
10006614:	f7ff fe90 	bl	10006338 <cyw43_kso_set>
10006618:	2301      	movs	r3, #1
1000661a:	74a3      	strb	r3, [r4, #18]
1000661c:	7ba3      	ldrb	r3, [r4, #14]
1000661e:	2b00      	cmp	r3, #0
10006620:	d024      	beq.n	1000666c <cyw43_sdpcm_send_common+0x7c>
10006622:	4f2f      	ldr	r7, [pc, #188]	@ (100066e0 <cyw43_sdpcm_send_common+0xf0>)
10006624:	4e2f      	ldr	r6, [pc, #188]	@ (100066e4 <cyw43_sdpcm_send_common+0xf4>)
10006626:	6abb      	ldr	r3, [r7, #40]	@ 0x28
10006628:	4699      	mov	r9, r3
1000662a:	e00e      	b.n	1000664a <cyw43_sdpcm_send_common+0x5a>
1000662c:	7ba1      	ldrb	r1, [r4, #14]
1000662e:	2900      	cmp	r1, #0
10006630:	d103      	bne.n	1000663a <cyw43_sdpcm_send_common+0x4a>
10006632:	7b23      	ldrb	r3, [r4, #12]
10006634:	7b62      	ldrb	r2, [r4, #13]
10006636:	429a      	cmp	r2, r3
10006638:	d11c      	bne.n	10006674 <cyw43_sdpcm_send_common+0x84>
1000663a:	464b      	mov	r3, r9
1000663c:	1aed      	subs	r5, r5, r3
1000663e:	42b5      	cmp	r5, r6
10006640:	d845      	bhi.n	100066ce <cyw43_sdpcm_send_common+0xde>
10006642:	20fa      	movs	r0, #250	@ 0xfa
10006644:	0080      	lsls	r0, r0, #2
10006646:	f001 ffe3 	bl	10008610 <cyw43_await_background_or_timeout_us>
1000664a:	0020      	movs	r0, r4
1000664c:	aa03      	add	r2, sp, #12
1000664e:	a902      	add	r1, sp, #8
10006650:	6abd      	ldr	r5, [r7, #40]	@ 0x28
10006652:	f7ff feb1 	bl	100063b8 <cyw43_ll_sdpcm_poll_device>
10006656:	2801      	cmp	r0, #1
10006658:	d1e8      	bne.n	1000662c <cyw43_sdpcm_send_common+0x3c>
1000665a:	9903      	ldr	r1, [sp, #12]
1000665c:	9802      	ldr	r0, [sp, #8]
1000665e:	f7ff fdd1 	bl	10006204 <cyw43_ll_parse_async_event>
10006662:	0001      	movs	r1, r0
10006664:	0020      	movs	r0, r4
10006666:	f001 fb8d 	bl	10007d84 <cyw43_cb_process_async_event>
1000666a:	e7df      	b.n	1000662c <cyw43_sdpcm_send_common+0x3c>
1000666c:	7b23      	ldrb	r3, [r4, #12]
1000666e:	7b62      	ldrb	r2, [r4, #13]
10006670:	429a      	cmp	r2, r3
10006672:	d0d6      	beq.n	10006622 <cyw43_sdpcm_send_common+0x32>
10006674:	465a      	mov	r2, fp
10006676:	4651      	mov	r1, sl
10006678:	320c      	adds	r2, #12
1000667a:	b292      	uxth	r2, r2
1000667c:	800a      	strh	r2, [r1, #0]
1000667e:	43d2      	mvns	r2, r2
10006680:	710b      	strb	r3, [r1, #4]
10006682:	804a      	strh	r2, [r1, #2]
10006684:	4652      	mov	r2, sl
10006686:	4641      	mov	r1, r8
10006688:	7151      	strb	r1, [r2, #5]
1000668a:	2200      	movs	r2, #0
1000668c:	4651      	mov	r1, sl
1000668e:	718a      	strb	r2, [r1, #6]
10006690:	4641      	mov	r1, r8
10006692:	1e8e      	subs	r6, r1, #2
10006694:	1e71      	subs	r1, r6, #1
10006696:	418e      	sbcs	r6, r1
10006698:	2101      	movs	r1, #1
1000669a:	4276      	negs	r6, r6
1000669c:	438e      	bics	r6, r1
1000669e:	4651      	mov	r1, sl
100066a0:	3301      	adds	r3, #1
100066a2:	360e      	adds	r6, #14
100066a4:	810a      	strh	r2, [r1, #8]
100066a6:	814a      	strh	r2, [r1, #10]
100066a8:	71ce      	strb	r6, [r1, #7]
100066aa:	7323      	strb	r3, [r4, #12]
100066ac:	465b      	mov	r3, fp
100066ae:	3203      	adds	r2, #3
100066b0:	330f      	adds	r3, #15
100066b2:	4393      	bics	r3, r2
100066b4:	9100      	str	r1, [sp, #0]
100066b6:	2200      	movs	r2, #0
100066b8:	2102      	movs	r1, #2
100066ba:	0020      	movs	r0, r4
100066bc:	f7ff fd0e 	bl	100060dc <cyw43_write_bytes>
100066c0:	b005      	add	sp, #20
100066c2:	bcf0      	pop	{r4, r5, r6, r7}
100066c4:	46bb      	mov	fp, r7
100066c6:	46b2      	mov	sl, r6
100066c8:	46a9      	mov	r9, r5
100066ca:	46a0      	mov	r8, r4
100066cc:	bdf0      	pop	{r4, r5, r6, r7, pc}
100066ce:	7b63      	ldrb	r3, [r4, #13]
100066d0:	7b22      	ldrb	r2, [r4, #12]
100066d2:	4805      	ldr	r0, [pc, #20]	@ (100066e8 <cyw43_sdpcm_send_common+0xf8>)
100066d4:	f7fd fc3e 	bl	10003f54 <__wrap_printf>
100066d8:	2002      	movs	r0, #2
100066da:	4240      	negs	r0, r0
100066dc:	e7f0      	b.n	100066c0 <cyw43_sdpcm_send_common+0xd0>
100066de:	46c0      	nop			@ (mov r8, r8)
100066e0:	40054000 	.word	0x40054000
100066e4:	000f4240 	.word	0x000f4240
100066e8:	10009ab0 	.word	0x10009ab0

100066ec <cyw43_do_ioctl.part.0>:
100066ec:	b5f0      	push	{r4, r5, r6, r7, lr}
100066ee:	4657      	mov	r7, sl
100066f0:	464e      	mov	r6, r9
100066f2:	4645      	mov	r5, r8
100066f4:	46de      	mov	lr, fp
100066f6:	b5e0      	push	{r5, r6, r7, lr}
100066f8:	4e29      	ldr	r6, [pc, #164]	@ (100067a0 <cyw43_do_ioctl.part.0+0xb4>)
100066fa:	4692      	mov	sl, r2
100066fc:	6ab7      	ldr	r7, [r6, #40]	@ 0x28
100066fe:	4698      	mov	r8, r3
10006700:	4a28      	ldr	r2, [pc, #160]	@ (100067a4 <cyw43_do_ioctl.part.0+0xb8>)
10006702:	6ab3      	ldr	r3, [r6, #40]	@ 0x28
10006704:	0005      	movs	r5, r0
10006706:	4689      	mov	r9, r1
10006708:	b083      	sub	sp, #12
1000670a:	1bdb      	subs	r3, r3, r7
1000670c:	4293      	cmp	r3, r2
1000670e:	d82e      	bhi.n	1000676e <cyw43_do_ioctl.part.0+0x82>
10006710:	4b25      	ldr	r3, [pc, #148]	@ (100067a8 <cyw43_do_ioctl.part.0+0xbc>)
10006712:	469b      	mov	fp, r3
10006714:	e010      	b.n	10006738 <cyw43_do_ioctl.part.0+0x4c>
10006716:	2802      	cmp	r0, #2
10006718:	d020      	beq.n	1000675c <cyw43_do_ioctl.part.0+0x70>
1000671a:	2800      	cmp	r0, #0
1000671c:	db03      	blt.n	10006726 <cyw43_do_ioctl.part.0+0x3a>
1000671e:	0001      	movs	r1, r0
10006720:	4658      	mov	r0, fp
10006722:	f7fd fc17 	bl	10003f54 <__wrap_printf>
10006726:	20fa      	movs	r0, #250	@ 0xfa
10006728:	0080      	lsls	r0, r0, #2
1000672a:	f001 ff71 	bl	10008610 <cyw43_await_background_or_timeout_us>
1000672e:	6ab3      	ldr	r3, [r6, #40]	@ 0x28
10006730:	4a1c      	ldr	r2, [pc, #112]	@ (100067a4 <cyw43_do_ioctl.part.0+0xb8>)
10006732:	1bdb      	subs	r3, r3, r7
10006734:	4293      	cmp	r3, r2
10006736:	d81a      	bhi.n	1000676e <cyw43_do_ioctl.part.0+0x82>
10006738:	4669      	mov	r1, sp
1000673a:	0028      	movs	r0, r5
1000673c:	aa01      	add	r2, sp, #4
1000673e:	f7ff fe3b 	bl	100063b8 <cyw43_ll_sdpcm_poll_device>
10006742:	1e04      	subs	r4, r0, #0
10006744:	d023      	beq.n	1000678e <cyw43_do_ioctl.part.0+0xa2>
10006746:	2801      	cmp	r0, #1
10006748:	d1e5      	bne.n	10006716 <cyw43_do_ioctl.part.0+0x2a>
1000674a:	9901      	ldr	r1, [sp, #4]
1000674c:	9800      	ldr	r0, [sp, #0]
1000674e:	f7ff fd59 	bl	10006204 <cyw43_ll_parse_async_event>
10006752:	0001      	movs	r1, r0
10006754:	0028      	movs	r0, r5
10006756:	f001 fb15 	bl	10007d84 <cyw43_cb_process_async_event>
1000675a:	e7e4      	b.n	10006726 <cyw43_do_ioctl.part.0+0x3a>
1000675c:	9900      	ldr	r1, [sp, #0]
1000675e:	9b01      	ldr	r3, [sp, #4]
10006760:	004a      	lsls	r2, r1, #1
10006762:	6828      	ldr	r0, [r5, #0]
10006764:	0852      	lsrs	r2, r2, #1
10006766:	0fc9      	lsrs	r1, r1, #31
10006768:	f001 ffb6 	bl	100086d8 <cyw43_cb_process_ethernet>
1000676c:	e7db      	b.n	10006726 <cyw43_do_ioctl.part.0+0x3a>
1000676e:	4643      	mov	r3, r8
10006770:	4652      	mov	r2, sl
10006772:	4649      	mov	r1, r9
10006774:	2402      	movs	r4, #2
10006776:	480d      	ldr	r0, [pc, #52]	@ (100067ac <cyw43_do_ioctl.part.0+0xc0>)
10006778:	f7fd fbec 	bl	10003f54 <__wrap_printf>
1000677c:	4264      	negs	r4, r4
1000677e:	0020      	movs	r0, r4
10006780:	b003      	add	sp, #12
10006782:	bcf0      	pop	{r4, r5, r6, r7}
10006784:	46bb      	mov	fp, r7
10006786:	46b2      	mov	sl, r6
10006788:	46a9      	mov	r9, r5
1000678a:	46a0      	mov	r8, r4
1000678c:	bdf0      	pop	{r4, r5, r6, r7, pc}
1000678e:	9a00      	ldr	r2, [sp, #0]
10006790:	4542      	cmp	r2, r8
10006792:	d900      	bls.n	10006796 <cyw43_do_ioctl.part.0+0xaa>
10006794:	4642      	mov	r2, r8
10006796:	9901      	ldr	r1, [sp, #4]
10006798:	980c      	ldr	r0, [sp, #48]	@ 0x30
1000679a:	f003 f851 	bl	10009840 <__memmove_veneer>
1000679e:	e7ee      	b.n	1000677e <cyw43_do_ioctl.part.0+0x92>
100067a0:	40054000 	.word	0x40054000
100067a4:	000f423f 	.word	0x000f423f
100067a8:	10009ad4 	.word	0x10009ad4
100067ac:	10009b00 	.word	0x10009b00

100067b0 <cyw43_download_resource>:
100067b0:	b5f0      	push	{r4, r5, r6, r7, lr}
100067b2:	4645      	mov	r5, r8
100067b4:	4690      	mov	r8, r2
100067b6:	2240      	movs	r2, #64	@ 0x40
100067b8:	4657      	mov	r7, sl
100067ba:	46de      	mov	lr, fp
100067bc:	464e      	mov	r6, r9
100067be:	4252      	negs	r2, r2
100067c0:	4693      	mov	fp, r2
100067c2:	4692      	mov	sl, r2
100067c4:	b5e0      	push	{r5, r6, r7, lr}
100067c6:	2400      	movs	r4, #0
100067c8:	0007      	movs	r7, r0
100067ca:	b083      	sub	sp, #12
100067cc:	448b      	add	fp, r1
100067ce:	449a      	add	sl, r3
100067d0:	2240      	movs	r2, #64	@ 0x40
100067d2:	0023      	movs	r3, r4
100067d4:	3440      	adds	r4, #64	@ 0x40
100067d6:	4691      	mov	r9, r2
100067d8:	4544      	cmp	r4, r8
100067da:	d902      	bls.n	100067e2 <cyw43_download_resource+0x32>
100067dc:	4642      	mov	r2, r8
100067de:	1ad3      	subs	r3, r2, r3
100067e0:	4699      	mov	r9, r3
100067e2:	465b      	mov	r3, fp
100067e4:	191d      	adds	r5, r3, r4
100067e6:	68bb      	ldr	r3, [r7, #8]
100067e8:	0bee      	lsrs	r6, r5, #15
100067ea:	03f6      	lsls	r6, r6, #15
100067ec:	429e      	cmp	r6, r3
100067ee:	d00d      	beq.n	1000680c <cyw43_download_resource+0x5c>
100067f0:	2280      	movs	r2, #128	@ 0x80
100067f2:	4073      	eors	r3, r6
100067f4:	0452      	lsls	r2, r2, #17
100067f6:	4293      	cmp	r3, r2
100067f8:	d227      	bcs.n	1000684a <cyw43_download_resource+0x9a>
100067fa:	22ff      	movs	r2, #255	@ 0xff
100067fc:	0412      	lsls	r2, r2, #16
100067fe:	4213      	tst	r3, r2
10006800:	d12f      	bne.n	10006862 <cyw43_download_resource+0xb2>
10006802:	22ff      	movs	r2, #255	@ 0xff
10006804:	0212      	lsls	r2, r2, #8
10006806:	4213      	tst	r3, r2
10006808:	d118      	bne.n	1000683c <cyw43_download_resource+0x8c>
1000680a:	60be      	str	r6, [r7, #8]
1000680c:	2280      	movs	r2, #128	@ 0x80
1000680e:	4653      	mov	r3, sl
10006810:	046d      	lsls	r5, r5, #17
10006812:	191b      	adds	r3, r3, r4
10006814:	0c6d      	lsrs	r5, r5, #17
10006816:	0212      	lsls	r2, r2, #8
10006818:	9300      	str	r3, [sp, #0]
1000681a:	2101      	movs	r1, #1
1000681c:	464b      	mov	r3, r9
1000681e:	0038      	movs	r0, r7
10006820:	432a      	orrs	r2, r5
10006822:	f7ff fc5b 	bl	100060dc <cyw43_write_bytes>
10006826:	2800      	cmp	r0, #0
10006828:	d101      	bne.n	1000682e <cyw43_download_resource+0x7e>
1000682a:	4544      	cmp	r4, r8
1000682c:	d3d0      	bcc.n	100067d0 <cyw43_download_resource+0x20>
1000682e:	b003      	add	sp, #12
10006830:	bcf0      	pop	{r4, r5, r6, r7}
10006832:	46bb      	mov	fp, r7
10006834:	46b2      	mov	sl, r6
10006836:	46a9      	mov	r9, r5
10006838:	46a0      	mov	r8, r4
1000683a:	bdf0      	pop	{r4, r5, r6, r7, pc}
1000683c:	2101      	movs	r1, #1
1000683e:	0038      	movs	r0, r7
10006840:	4a0c      	ldr	r2, [pc, #48]	@ (10006874 <cyw43_download_resource+0xc4>)
10006842:	0a33      	lsrs	r3, r6, #8
10006844:	f7ff fb04 	bl	10005e50 <cyw43_write_reg_u8>
10006848:	e7df      	b.n	1000680a <cyw43_download_resource+0x5a>
1000684a:	2300      	movs	r3, #0
1000684c:	4a0a      	ldr	r2, [pc, #40]	@ (10006878 <cyw43_download_resource+0xc8>)
1000684e:	2101      	movs	r1, #1
10006850:	0038      	movs	r0, r7
10006852:	f7ff fafd 	bl	10005e50 <cyw43_write_reg_u8>
10006856:	22ff      	movs	r2, #255	@ 0xff
10006858:	68bb      	ldr	r3, [r7, #8]
1000685a:	0412      	lsls	r2, r2, #16
1000685c:	4073      	eors	r3, r6
1000685e:	4213      	tst	r3, r2
10006860:	d0cf      	beq.n	10006802 <cyw43_download_resource+0x52>
10006862:	0c33      	lsrs	r3, r6, #16
10006864:	2101      	movs	r1, #1
10006866:	0038      	movs	r0, r7
10006868:	4a04      	ldr	r2, [pc, #16]	@ (1000687c <cyw43_download_resource+0xcc>)
1000686a:	f7ff faf1 	bl	10005e50 <cyw43_write_reg_u8>
1000686e:	68bb      	ldr	r3, [r7, #8]
10006870:	4073      	eors	r3, r6
10006872:	e7c6      	b.n	10006802 <cyw43_download_resource+0x52>
10006874:	0001000a 	.word	0x0001000a
10006878:	0001000c 	.word	0x0001000c
1000687c:	0001000b 	.word	0x0001000b

10006880 <cyw43_write_iovar_u32.constprop.0>:
10006880:	b5f0      	push	{r4, r5, r6, r7, lr}
10006882:	46ce      	mov	lr, r9
10006884:	4647      	mov	r7, r8
10006886:	b580      	push	{r7, lr}
10006888:	0006      	movs	r6, r0
1000688a:	b083      	sub	sp, #12
1000688c:	0004      	movs	r4, r0
1000688e:	0008      	movs	r0, r1
10006890:	0017      	movs	r7, r2
10006892:	4689      	mov	r9, r1
10006894:	f002 ff76 	bl	10009784 <strlen>
10006898:	1c43      	adds	r3, r0, #1
1000689a:	4698      	mov	r8, r3
1000689c:	3644      	adds	r6, #68	@ 0x44
1000689e:	0005      	movs	r5, r0
100068a0:	001a      	movs	r2, r3
100068a2:	4649      	mov	r1, r9
100068a4:	0030      	movs	r0, r6
100068a6:	f7fb fd93 	bl	100023d0 <__wrap___aeabi_memcpy>
100068aa:	4643      	mov	r3, r8
100068ac:	18f2      	adds	r2, r6, r3
100068ae:	0a3b      	lsrs	r3, r7, #8
100068b0:	7017      	strb	r7, [r2, #0]
100068b2:	7053      	strb	r3, [r2, #1]
100068b4:	0c3b      	lsrs	r3, r7, #16
100068b6:	0e3f      	lsrs	r7, r7, #24
100068b8:	7093      	strb	r3, [r2, #2]
100068ba:	70d7      	strb	r7, [r2, #3]
100068bc:	002a      	movs	r2, r5
100068be:	2380      	movs	r3, #128	@ 0x80
100068c0:	3221      	adds	r2, #33	@ 0x21
100068c2:	1d6f      	adds	r7, r5, #5
100068c4:	011b      	lsls	r3, r3, #4
100068c6:	429a      	cmp	r2, r3
100068c8:	d820      	bhi.n	1000690c <cyw43_write_iovar_u32.constprop.0+0x8c>
100068ca:	2208      	movs	r2, #8
100068cc:	8a23      	ldrh	r3, [r4, #16]
100068ce:	32ff      	adds	r2, #255	@ 0xff
100068d0:	3301      	adds	r3, #1
100068d2:	b29b      	uxth	r3, r3
100068d4:	4690      	mov	r8, r2
100068d6:	6362      	str	r2, [r4, #52]	@ 0x34
100068d8:	3a06      	subs	r2, #6
100068da:	3aff      	subs	r2, #255	@ 0xff
100068dc:	8223      	strh	r3, [r4, #16]
100068de:	041b      	lsls	r3, r3, #16
100068e0:	4313      	orrs	r3, r2
100068e2:	63e3      	str	r3, [r4, #60]	@ 0x3c
100068e4:	2300      	movs	r3, #0
100068e6:	002a      	movs	r2, r5
100068e8:	6423      	str	r3, [r4, #64]	@ 0x40
100068ea:	0023      	movs	r3, r4
100068ec:	2100      	movs	r1, #0
100068ee:	0020      	movs	r0, r4
100068f0:	63a7      	str	r7, [r4, #56]	@ 0x38
100068f2:	3215      	adds	r2, #21
100068f4:	3328      	adds	r3, #40	@ 0x28
100068f6:	f7ff fe7b 	bl	100065f0 <cyw43_sdpcm_send_common>
100068fa:	2800      	cmp	r0, #0
100068fc:	d106      	bne.n	1000690c <cyw43_write_iovar_u32.constprop.0+0x8c>
100068fe:	003b      	movs	r3, r7
10006900:	4642      	mov	r2, r8
10006902:	2102      	movs	r1, #2
10006904:	0020      	movs	r0, r4
10006906:	9600      	str	r6, [sp, #0]
10006908:	f7ff fef0 	bl	100066ec <cyw43_do_ioctl.part.0>
1000690c:	b003      	add	sp, #12
1000690e:	bcc0      	pop	{r6, r7}
10006910:	46b9      	mov	r9, r7
10006912:	46b0      	mov	r8, r6
10006914:	bdf0      	pop	{r4, r5, r6, r7, pc}
10006916:	46c0      	nop			@ (mov r8, r8)

10006918 <cyw43_write_iovar_n>:
10006918:	b5f0      	push	{r4, r5, r6, r7, lr}
1000691a:	46ce      	mov	lr, r9
1000691c:	4647      	mov	r7, r8
1000691e:	b580      	push	{r7, lr}
10006920:	0006      	movs	r6, r0
10006922:	b083      	sub	sp, #12
10006924:	0004      	movs	r4, r0
10006926:	0008      	movs	r0, r1
10006928:	4699      	mov	r9, r3
1000692a:	4688      	mov	r8, r1
1000692c:	0017      	movs	r7, r2
1000692e:	f002 ff29 	bl	10009784 <strlen>
10006932:	3644      	adds	r6, #68	@ 0x44
10006934:	1c45      	adds	r5, r0, #1
10006936:	003a      	movs	r2, r7
10006938:	4649      	mov	r1, r9
1000693a:	1970      	adds	r0, r6, r5
1000693c:	f002 ff80 	bl	10009840 <__memmove_veneer>
10006940:	002a      	movs	r2, r5
10006942:	4641      	mov	r1, r8
10006944:	0030      	movs	r0, r6
10006946:	19ed      	adds	r5, r5, r7
10006948:	f7fb fd42 	bl	100023d0 <__wrap___aeabi_memcpy>
1000694c:	002a      	movs	r2, r5
1000694e:	2380      	movs	r3, #128	@ 0x80
10006950:	321c      	adds	r2, #28
10006952:	011b      	lsls	r3, r3, #4
10006954:	429a      	cmp	r2, r3
10006956:	d820      	bhi.n	1000699a <cyw43_write_iovar_n+0x82>
10006958:	8a21      	ldrh	r1, [r4, #16]
1000695a:	9b0a      	ldr	r3, [sp, #40]	@ 0x28
1000695c:	3101      	adds	r1, #1
1000695e:	b289      	uxth	r1, r1
10006960:	031b      	lsls	r3, r3, #12
10006962:	8221      	strh	r1, [r4, #16]
10006964:	0409      	lsls	r1, r1, #16
10006966:	4319      	orrs	r1, r3
10006968:	2302      	movs	r3, #2
1000696a:	4319      	orrs	r1, r3
1000696c:	2300      	movs	r3, #0
1000696e:	2708      	movs	r7, #8
10006970:	6423      	str	r3, [r4, #64]	@ 0x40
10006972:	0023      	movs	r3, r4
10006974:	37ff      	adds	r7, #255	@ 0xff
10006976:	63e1      	str	r1, [r4, #60]	@ 0x3c
10006978:	0020      	movs	r0, r4
1000697a:	2100      	movs	r1, #0
1000697c:	6367      	str	r7, [r4, #52]	@ 0x34
1000697e:	63a5      	str	r5, [r4, #56]	@ 0x38
10006980:	3328      	adds	r3, #40	@ 0x28
10006982:	3a0c      	subs	r2, #12
10006984:	f7ff fe34 	bl	100065f0 <cyw43_sdpcm_send_common>
10006988:	2800      	cmp	r0, #0
1000698a:	d106      	bne.n	1000699a <cyw43_write_iovar_n+0x82>
1000698c:	002b      	movs	r3, r5
1000698e:	003a      	movs	r2, r7
10006990:	2102      	movs	r1, #2
10006992:	0020      	movs	r0, r4
10006994:	9600      	str	r6, [sp, #0]
10006996:	f7ff fea9 	bl	100066ec <cyw43_do_ioctl.part.0>
1000699a:	b003      	add	sp, #12
1000699c:	bcc0      	pop	{r6, r7}
1000699e:	46b9      	mov	r9, r7
100069a0:	46b0      	mov	r8, r6
100069a2:	bdf0      	pop	{r4, r5, r6, r7, pc}

100069a4 <cyw43_read_backplane.constprop.0>:
100069a4:	6883      	ldr	r3, [r0, #8]
100069a6:	b570      	push	{r4, r5, r6, lr}
100069a8:	0bce      	lsrs	r6, r1, #15
100069aa:	0004      	movs	r4, r0
100069ac:	000d      	movs	r5, r1
100069ae:	03f6      	lsls	r6, r6, #15
100069b0:	429e      	cmp	r6, r3
100069b2:	d00d      	beq.n	100069d0 <cyw43_read_backplane.constprop.0+0x2c>
100069b4:	2280      	movs	r2, #128	@ 0x80
100069b6:	4073      	eors	r3, r6
100069b8:	0452      	lsls	r2, r2, #17
100069ba:	4293      	cmp	r3, r2
100069bc:	d239      	bcs.n	10006a32 <cyw43_read_backplane.constprop.0+0x8e>
100069be:	22ff      	movs	r2, #255	@ 0xff
100069c0:	0412      	lsls	r2, r2, #16
100069c2:	4213      	tst	r3, r2
100069c4:	d12c      	bne.n	10006a20 <cyw43_read_backplane.constprop.0+0x7c>
100069c6:	22ff      	movs	r2, #255	@ 0xff
100069c8:	0212      	lsls	r2, r2, #8
100069ca:	4213      	tst	r3, r2
100069cc:	d121      	bne.n	10006a12 <cyw43_read_backplane.constprop.0+0x6e>
100069ce:	60a6      	str	r6, [r4, #8]
100069d0:	2280      	movs	r2, #128	@ 0x80
100069d2:	046d      	lsls	r5, r5, #17
100069d4:	0c6d      	lsrs	r5, r5, #17
100069d6:	0212      	lsls	r2, r2, #8
100069d8:	432a      	orrs	r2, r5
100069da:	2101      	movs	r1, #1
100069dc:	0020      	movs	r0, r4
100069de:	f7fe fef1 	bl	100057c4 <cyw43_read_reg_u8>
100069e2:	25c0      	movs	r5, #192	@ 0xc0
100069e4:	68a3      	ldr	r3, [r4, #8]
100069e6:	0006      	movs	r6, r0
100069e8:	056d      	lsls	r5, r5, #21
100069ea:	42ab      	cmp	r3, r5
100069ec:	d00f      	beq.n	10006a0e <cyw43_read_backplane.constprop.0+0x6a>
100069ee:	2280      	movs	r2, #128	@ 0x80
100069f0:	406b      	eors	r3, r5
100069f2:	0452      	lsls	r2, r2, #17
100069f4:	4293      	cmp	r3, r2
100069f6:	d238      	bcs.n	10006a6a <cyw43_read_backplane.constprop.0+0xc6>
100069f8:	22ff      	movs	r2, #255	@ 0xff
100069fa:	0412      	lsls	r2, r2, #16
100069fc:	4213      	tst	r3, r2
100069fe:	d128      	bne.n	10006a52 <cyw43_read_backplane.constprop.0+0xae>
10006a00:	22ff      	movs	r2, #255	@ 0xff
10006a02:	0212      	lsls	r2, r2, #8
10006a04:	4213      	tst	r3, r2
10006a06:	d11c      	bne.n	10006a42 <cyw43_read_backplane.constprop.0+0x9e>
10006a08:	23c0      	movs	r3, #192	@ 0xc0
10006a0a:	055b      	lsls	r3, r3, #21
10006a0c:	60a3      	str	r3, [r4, #8]
10006a0e:	0030      	movs	r0, r6
10006a10:	bd70      	pop	{r4, r5, r6, pc}
10006a12:	2101      	movs	r1, #1
10006a14:	0020      	movs	r0, r4
10006a16:	4a19      	ldr	r2, [pc, #100]	@ (10006a7c <cyw43_read_backplane.constprop.0+0xd8>)
10006a18:	0a33      	lsrs	r3, r6, #8
10006a1a:	f7ff fa19 	bl	10005e50 <cyw43_write_reg_u8>
10006a1e:	e7d6      	b.n	100069ce <cyw43_read_backplane.constprop.0+0x2a>
10006a20:	0c33      	lsrs	r3, r6, #16
10006a22:	2101      	movs	r1, #1
10006a24:	0020      	movs	r0, r4
10006a26:	4a16      	ldr	r2, [pc, #88]	@ (10006a80 <cyw43_read_backplane.constprop.0+0xdc>)
10006a28:	f7ff fa12 	bl	10005e50 <cyw43_write_reg_u8>
10006a2c:	68a3      	ldr	r3, [r4, #8]
10006a2e:	4073      	eors	r3, r6
10006a30:	e7c9      	b.n	100069c6 <cyw43_read_backplane.constprop.0+0x22>
10006a32:	0e33      	lsrs	r3, r6, #24
10006a34:	2101      	movs	r1, #1
10006a36:	4a13      	ldr	r2, [pc, #76]	@ (10006a84 <cyw43_read_backplane.constprop.0+0xe0>)
10006a38:	f7ff fa0a 	bl	10005e50 <cyw43_write_reg_u8>
10006a3c:	68a3      	ldr	r3, [r4, #8]
10006a3e:	4073      	eors	r3, r6
10006a40:	e7bd      	b.n	100069be <cyw43_read_backplane.constprop.0+0x1a>
10006a42:	23c0      	movs	r3, #192	@ 0xc0
10006a44:	2101      	movs	r1, #1
10006a46:	0020      	movs	r0, r4
10006a48:	4a0c      	ldr	r2, [pc, #48]	@ (10006a7c <cyw43_read_backplane.constprop.0+0xd8>)
10006a4a:	035b      	lsls	r3, r3, #13
10006a4c:	f7ff fa00 	bl	10005e50 <cyw43_write_reg_u8>
10006a50:	e7da      	b.n	10006a08 <cyw43_read_backplane.constprop.0+0x64>
10006a52:	23c0      	movs	r3, #192	@ 0xc0
10006a54:	4a0a      	ldr	r2, [pc, #40]	@ (10006a80 <cyw43_read_backplane.constprop.0+0xdc>)
10006a56:	015b      	lsls	r3, r3, #5
10006a58:	2101      	movs	r1, #1
10006a5a:	0020      	movs	r0, r4
10006a5c:	f7ff f9f8 	bl	10005e50 <cyw43_write_reg_u8>
10006a60:	23c0      	movs	r3, #192	@ 0xc0
10006a62:	68a2      	ldr	r2, [r4, #8]
10006a64:	055b      	lsls	r3, r3, #21
10006a66:	4053      	eors	r3, r2
10006a68:	e7ca      	b.n	10006a00 <cyw43_read_backplane.constprop.0+0x5c>
10006a6a:	2318      	movs	r3, #24
10006a6c:	2101      	movs	r1, #1
10006a6e:	0020      	movs	r0, r4
10006a70:	4a04      	ldr	r2, [pc, #16]	@ (10006a84 <cyw43_read_backplane.constprop.0+0xe0>)
10006a72:	f7ff f9ed 	bl	10005e50 <cyw43_write_reg_u8>
10006a76:	68a3      	ldr	r3, [r4, #8]
10006a78:	406b      	eors	r3, r5
10006a7a:	e7bd      	b.n	100069f8 <cyw43_read_backplane.constprop.0+0x54>
10006a7c:	0001000a 	.word	0x0001000a
10006a80:	0001000b 	.word	0x0001000b
10006a84:	0001000c 	.word	0x0001000c

10006a88 <cyw43_write_backplane>:
10006a88:	b5f0      	push	{r4, r5, r6, r7, lr}
10006a8a:	46c6      	mov	lr, r8
10006a8c:	0bce      	lsrs	r6, r1, #15
10006a8e:	000d      	movs	r5, r1
10006a90:	6881      	ldr	r1, [r0, #8]
10006a92:	0004      	movs	r4, r0
10006a94:	4690      	mov	r8, r2
10006a96:	001f      	movs	r7, r3
10006a98:	b500      	push	{lr}
10006a9a:	03f6      	lsls	r6, r6, #15
10006a9c:	428e      	cmp	r6, r1
10006a9e:	d00d      	beq.n	10006abc <cyw43_write_backplane+0x34>
10006aa0:	2380      	movs	r3, #128	@ 0x80
10006aa2:	4071      	eors	r1, r6
10006aa4:	045b      	lsls	r3, r3, #17
10006aa6:	4299      	cmp	r1, r3
10006aa8:	d266      	bcs.n	10006b78 <cyw43_write_backplane+0xf0>
10006aaa:	23ff      	movs	r3, #255	@ 0xff
10006aac:	041b      	lsls	r3, r3, #16
10006aae:	4219      	tst	r1, r3
10006ab0:	d159      	bne.n	10006b66 <cyw43_write_backplane+0xde>
10006ab2:	23ff      	movs	r3, #255	@ 0xff
10006ab4:	021b      	lsls	r3, r3, #8
10006ab6:	4219      	tst	r1, r3
10006ab8:	d125      	bne.n	10006b06 <cyw43_write_backplane+0x7e>
10006aba:	60a6      	str	r6, [r4, #8]
10006abc:	2280      	movs	r2, #128	@ 0x80
10006abe:	4643      	mov	r3, r8
10006ac0:	046d      	lsls	r5, r5, #17
10006ac2:	0c6d      	lsrs	r5, r5, #17
10006ac4:	0212      	lsls	r2, r2, #8
10006ac6:	432a      	orrs	r2, r5
10006ac8:	2b01      	cmp	r3, #1
10006aca:	d023      	beq.n	10006b14 <cyw43_write_backplane+0x8c>
10006acc:	003b      	movs	r3, r7
10006ace:	2101      	movs	r1, #1
10006ad0:	0020      	movs	r0, r4
10006ad2:	f7fe ffa9 	bl	10005a28 <cyw43_write_reg_u32>
10006ad6:	25c0      	movs	r5, #192	@ 0xc0
10006ad8:	68a3      	ldr	r3, [r4, #8]
10006ada:	056d      	lsls	r5, r5, #21
10006adc:	42ab      	cmp	r3, r5
10006ade:	d00f      	beq.n	10006b00 <cyw43_write_backplane+0x78>
10006ae0:	2280      	movs	r2, #128	@ 0x80
10006ae2:	406b      	eors	r3, r5
10006ae4:	0452      	lsls	r2, r2, #17
10006ae6:	4293      	cmp	r3, r2
10006ae8:	d21a      	bcs.n	10006b20 <cyw43_write_backplane+0x98>
10006aea:	22ff      	movs	r2, #255	@ 0xff
10006aec:	0412      	lsls	r2, r2, #16
10006aee:	4213      	tst	r3, r2
10006af0:	d122      	bne.n	10006b38 <cyw43_write_backplane+0xb0>
10006af2:	22ff      	movs	r2, #255	@ 0xff
10006af4:	0212      	lsls	r2, r2, #8
10006af6:	4213      	tst	r3, r2
10006af8:	d12d      	bne.n	10006b56 <cyw43_write_backplane+0xce>
10006afa:	23c0      	movs	r3, #192	@ 0xc0
10006afc:	055b      	lsls	r3, r3, #21
10006afe:	60a3      	str	r3, [r4, #8]
10006b00:	bc80      	pop	{r7}
10006b02:	46b8      	mov	r8, r7
10006b04:	bdf0      	pop	{r4, r5, r6, r7, pc}
10006b06:	2101      	movs	r1, #1
10006b08:	0020      	movs	r0, r4
10006b0a:	4a1f      	ldr	r2, [pc, #124]	@ (10006b88 <cyw43_write_backplane+0x100>)
10006b0c:	0a33      	lsrs	r3, r6, #8
10006b0e:	f7ff f99f 	bl	10005e50 <cyw43_write_reg_u8>
10006b12:	e7d2      	b.n	10006aba <cyw43_write_backplane+0x32>
10006b14:	003b      	movs	r3, r7
10006b16:	2101      	movs	r1, #1
10006b18:	0020      	movs	r0, r4
10006b1a:	f7ff f999 	bl	10005e50 <cyw43_write_reg_u8>
10006b1e:	e7da      	b.n	10006ad6 <cyw43_write_backplane+0x4e>
10006b20:	2318      	movs	r3, #24
10006b22:	4a1a      	ldr	r2, [pc, #104]	@ (10006b8c <cyw43_write_backplane+0x104>)
10006b24:	2101      	movs	r1, #1
10006b26:	0020      	movs	r0, r4
10006b28:	f7ff f992 	bl	10005e50 <cyw43_write_reg_u8>
10006b2c:	22ff      	movs	r2, #255	@ 0xff
10006b2e:	68a3      	ldr	r3, [r4, #8]
10006b30:	0412      	lsls	r2, r2, #16
10006b32:	406b      	eors	r3, r5
10006b34:	4213      	tst	r3, r2
10006b36:	d0dc      	beq.n	10006af2 <cyw43_write_backplane+0x6a>
10006b38:	23c0      	movs	r3, #192	@ 0xc0
10006b3a:	4a15      	ldr	r2, [pc, #84]	@ (10006b90 <cyw43_write_backplane+0x108>)
10006b3c:	015b      	lsls	r3, r3, #5
10006b3e:	2101      	movs	r1, #1
10006b40:	0020      	movs	r0, r4
10006b42:	f7ff f985 	bl	10005e50 <cyw43_write_reg_u8>
10006b46:	23c0      	movs	r3, #192	@ 0xc0
10006b48:	68a2      	ldr	r2, [r4, #8]
10006b4a:	055b      	lsls	r3, r3, #21
10006b4c:	4053      	eors	r3, r2
10006b4e:	22ff      	movs	r2, #255	@ 0xff
10006b50:	0212      	lsls	r2, r2, #8
10006b52:	4213      	tst	r3, r2
10006b54:	d0d1      	beq.n	10006afa <cyw43_write_backplane+0x72>
10006b56:	23c0      	movs	r3, #192	@ 0xc0
10006b58:	2101      	movs	r1, #1
10006b5a:	0020      	movs	r0, r4
10006b5c:	4a0a      	ldr	r2, [pc, #40]	@ (10006b88 <cyw43_write_backplane+0x100>)
10006b5e:	035b      	lsls	r3, r3, #13
10006b60:	f7ff f976 	bl	10005e50 <cyw43_write_reg_u8>
10006b64:	e7c9      	b.n	10006afa <cyw43_write_backplane+0x72>
10006b66:	2101      	movs	r1, #1
10006b68:	0020      	movs	r0, r4
10006b6a:	4a09      	ldr	r2, [pc, #36]	@ (10006b90 <cyw43_write_backplane+0x108>)
10006b6c:	0c33      	lsrs	r3, r6, #16
10006b6e:	f7ff f96f 	bl	10005e50 <cyw43_write_reg_u8>
10006b72:	68a1      	ldr	r1, [r4, #8]
10006b74:	4071      	eors	r1, r6
10006b76:	e79c      	b.n	10006ab2 <cyw43_write_backplane+0x2a>
10006b78:	2101      	movs	r1, #1
10006b7a:	4a04      	ldr	r2, [pc, #16]	@ (10006b8c <cyw43_write_backplane+0x104>)
10006b7c:	0e33      	lsrs	r3, r6, #24
10006b7e:	f7ff f967 	bl	10005e50 <cyw43_write_reg_u8>
10006b82:	68a1      	ldr	r1, [r4, #8]
10006b84:	4071      	eors	r1, r6
10006b86:	e790      	b.n	10006aaa <cyw43_write_backplane+0x22>
10006b88:	0001000a 	.word	0x0001000a
10006b8c:	0001000c 	.word	0x0001000c
10006b90:	0001000b 	.word	0x0001000b

10006b94 <reset_device_core.constprop.0>:
10006b94:	b5f8      	push	{r3, r4, r5, r6, r7, lr}
10006b96:	46ce      	mov	lr, r9
10006b98:	4647      	mov	r7, r8
10006b9a:	0004      	movs	r4, r0
10006b9c:	000d      	movs	r5, r1
10006b9e:	b580      	push	{r7, lr}
10006ba0:	2901      	cmp	r1, #1
10006ba2:	d100      	bne.n	10006ba6 <reset_device_core.constprop.0+0x12>
10006ba4:	e1e4      	b.n	10006f70 <reset_device_core.constprop.0+0x3dc>
10006ba6:	4bd7      	ldr	r3, [pc, #860]	@ (10006f04 <reset_device_core.constprop.0+0x370>)
10006ba8:	27c8      	movs	r7, #200	@ 0xc8
10006baa:	4698      	mov	r8, r3
10006bac:	023f      	lsls	r7, r7, #8
10006bae:	26c0      	movs	r6, #192	@ 0xc0
10006bb0:	4641      	mov	r1, r8
10006bb2:	0020      	movs	r0, r4
10006bb4:	f7ff faf2 	bl	1000619c <cyw43_set_backplane_window>
10006bb8:	003a      	movs	r2, r7
10006bba:	2101      	movs	r1, #1
10006bbc:	0020      	movs	r0, r4
10006bbe:	f7fe fe01 	bl	100057c4 <cyw43_read_reg_u8>
10006bc2:	68a3      	ldr	r3, [r4, #8]
10006bc4:	0576      	lsls	r6, r6, #21
10006bc6:	42b3      	cmp	r3, r6
10006bc8:	d012      	beq.n	10006bf0 <reset_device_core.constprop.0+0x5c>
10006bca:	2280      	movs	r2, #128	@ 0x80
10006bcc:	4073      	eors	r3, r6
10006bce:	0452      	lsls	r2, r2, #17
10006bd0:	4293      	cmp	r3, r2
10006bd2:	d300      	bcc.n	10006bd6 <reset_device_core.constprop.0+0x42>
10006bd4:	e0e7      	b.n	10006da6 <reset_device_core.constprop.0+0x212>
10006bd6:	22ff      	movs	r2, #255	@ 0xff
10006bd8:	0412      	lsls	r2, r2, #16
10006bda:	4213      	tst	r3, r2
10006bdc:	d000      	beq.n	10006be0 <reset_device_core.constprop.0+0x4c>
10006bde:	e0ef      	b.n	10006dc0 <reset_device_core.constprop.0+0x22c>
10006be0:	22ff      	movs	r2, #255	@ 0xff
10006be2:	0212      	lsls	r2, r2, #8
10006be4:	4213      	tst	r3, r2
10006be6:	d000      	beq.n	10006bea <reset_device_core.constprop.0+0x56>
10006be8:	e0fa      	b.n	10006de0 <reset_device_core.constprop.0+0x24c>
10006bea:	23c0      	movs	r3, #192	@ 0xc0
10006bec:	055b      	lsls	r3, r3, #21
10006bee:	60a3      	str	r3, [r4, #8]
10006bf0:	4641      	mov	r1, r8
10006bf2:	0020      	movs	r0, r4
10006bf4:	f7ff fad2 	bl	1000619c <cyw43_set_backplane_window>
10006bf8:	003a      	movs	r2, r7
10006bfa:	2101      	movs	r1, #1
10006bfc:	0020      	movs	r0, r4
10006bfe:	f7fe fde1 	bl	100057c4 <cyw43_read_reg_u8>
10006c02:	22c0      	movs	r2, #192	@ 0xc0
10006c04:	68a3      	ldr	r3, [r4, #8]
10006c06:	0552      	lsls	r2, r2, #21
10006c08:	0006      	movs	r6, r0
10006c0a:	4691      	mov	r9, r2
10006c0c:	4293      	cmp	r3, r2
10006c0e:	d012      	beq.n	10006c36 <reset_device_core.constprop.0+0xa2>
10006c10:	4053      	eors	r3, r2
10006c12:	2280      	movs	r2, #128	@ 0x80
10006c14:	0452      	lsls	r2, r2, #17
10006c16:	4293      	cmp	r3, r2
10006c18:	d300      	bcc.n	10006c1c <reset_device_core.constprop.0+0x88>
10006c1a:	e19e      	b.n	10006f5a <reset_device_core.constprop.0+0x3c6>
10006c1c:	22ff      	movs	r2, #255	@ 0xff
10006c1e:	0412      	lsls	r2, r2, #16
10006c20:	4213      	tst	r3, r2
10006c22:	d000      	beq.n	10006c26 <reset_device_core.constprop.0+0x92>
10006c24:	e18d      	b.n	10006f42 <reset_device_core.constprop.0+0x3ae>
10006c26:	22ff      	movs	r2, #255	@ 0xff
10006c28:	0212      	lsls	r2, r2, #8
10006c2a:	4213      	tst	r3, r2
10006c2c:	d000      	beq.n	10006c30 <reset_device_core.constprop.0+0x9c>
10006c2e:	e180      	b.n	10006f32 <reset_device_core.constprop.0+0x39e>
10006c30:	23c0      	movs	r3, #192	@ 0xc0
10006c32:	055b      	lsls	r3, r3, #21
10006c34:	60a3      	str	r3, [r4, #8]
10006c36:	07f6      	lsls	r6, r6, #31
10006c38:	d400      	bmi.n	10006c3c <reset_device_core.constprop.0+0xa8>
10006c3a:	e1a1      	b.n	10006f80 <reset_device_core.constprop.0+0x3ec>
10006c3c:	2d01      	cmp	r5, #1
10006c3e:	d100      	bne.n	10006c42 <reset_device_core.constprop.0+0xae>
10006c40:	e19b      	b.n	10006f7a <reset_device_core.constprop.0+0x3e6>
10006c42:	4db1      	ldr	r5, [pc, #708]	@ (10006f08 <reset_device_core.constprop.0+0x374>)
10006c44:	4eb1      	ldr	r6, [pc, #708]	@ (10006f0c <reset_device_core.constprop.0+0x378>)
10006c46:	0031      	movs	r1, r6
10006c48:	0020      	movs	r0, r4
10006c4a:	f7ff faa7 	bl	1000619c <cyw43_set_backplane_window>
10006c4e:	2303      	movs	r3, #3
10006c50:	002a      	movs	r2, r5
10006c52:	2101      	movs	r1, #1
10006c54:	0020      	movs	r0, r4
10006c56:	f7ff f8fb 	bl	10005e50 <cyw43_write_reg_u8>
10006c5a:	22c0      	movs	r2, #192	@ 0xc0
10006c5c:	68a3      	ldr	r3, [r4, #8]
10006c5e:	0552      	lsls	r2, r2, #21
10006c60:	4691      	mov	r9, r2
10006c62:	4293      	cmp	r3, r2
10006c64:	d012      	beq.n	10006c8c <reset_device_core.constprop.0+0xf8>
10006c66:	4053      	eors	r3, r2
10006c68:	2280      	movs	r2, #128	@ 0x80
10006c6a:	0452      	lsls	r2, r2, #17
10006c6c:	4293      	cmp	r3, r2
10006c6e:	d300      	bcc.n	10006c72 <reset_device_core.constprop.0+0xde>
10006c70:	e154      	b.n	10006f1c <reset_device_core.constprop.0+0x388>
10006c72:	22ff      	movs	r2, #255	@ 0xff
10006c74:	0412      	lsls	r2, r2, #16
10006c76:	4213      	tst	r3, r2
10006c78:	d000      	beq.n	10006c7c <reset_device_core.constprop.0+0xe8>
10006c7a:	e137      	b.n	10006eec <reset_device_core.constprop.0+0x358>
10006c7c:	22ff      	movs	r2, #255	@ 0xff
10006c7e:	0212      	lsls	r2, r2, #8
10006c80:	4213      	tst	r3, r2
10006c82:	d000      	beq.n	10006c86 <reset_device_core.constprop.0+0xf2>
10006c84:	e12a      	b.n	10006edc <reset_device_core.constprop.0+0x348>
10006c86:	23c0      	movs	r3, #192	@ 0xc0
10006c88:	055b      	lsls	r3, r3, #21
10006c8a:	60a3      	str	r3, [r4, #8]
10006c8c:	0031      	movs	r1, r6
10006c8e:	0020      	movs	r0, r4
10006c90:	f7ff fa84 	bl	1000619c <cyw43_set_backplane_window>
10006c94:	002a      	movs	r2, r5
10006c96:	2101      	movs	r1, #1
10006c98:	0020      	movs	r0, r4
10006c9a:	f7fe fd93 	bl	100057c4 <cyw43_read_reg_u8>
10006c9e:	22c0      	movs	r2, #192	@ 0xc0
10006ca0:	68a3      	ldr	r3, [r4, #8]
10006ca2:	0552      	lsls	r2, r2, #21
10006ca4:	4691      	mov	r9, r2
10006ca6:	4293      	cmp	r3, r2
10006ca8:	d012      	beq.n	10006cd0 <reset_device_core.constprop.0+0x13c>
10006caa:	4053      	eors	r3, r2
10006cac:	2280      	movs	r2, #128	@ 0x80
10006cae:	0452      	lsls	r2, r2, #17
10006cb0:	4293      	cmp	r3, r2
10006cb2:	d300      	bcc.n	10006cb6 <reset_device_core.constprop.0+0x122>
10006cb4:	e107      	b.n	10006ec6 <reset_device_core.constprop.0+0x332>
10006cb6:	22ff      	movs	r2, #255	@ 0xff
10006cb8:	0412      	lsls	r2, r2, #16
10006cba:	4213      	tst	r3, r2
10006cbc:	d000      	beq.n	10006cc0 <reset_device_core.constprop.0+0x12c>
10006cbe:	e0f6      	b.n	10006eae <reset_device_core.constprop.0+0x31a>
10006cc0:	22ff      	movs	r2, #255	@ 0xff
10006cc2:	0212      	lsls	r2, r2, #8
10006cc4:	4213      	tst	r3, r2
10006cc6:	d000      	beq.n	10006cca <reset_device_core.constprop.0+0x136>
10006cc8:	e0e9      	b.n	10006e9e <reset_device_core.constprop.0+0x30a>
10006cca:	23c0      	movs	r3, #192	@ 0xc0
10006ccc:	055b      	lsls	r3, r3, #21
10006cce:	60a3      	str	r3, [r4, #8]
10006cd0:	4641      	mov	r1, r8
10006cd2:	0020      	movs	r0, r4
10006cd4:	f7ff fa62 	bl	1000619c <cyw43_set_backplane_window>
10006cd8:	003a      	movs	r2, r7
10006cda:	27c0      	movs	r7, #192	@ 0xc0
10006cdc:	2300      	movs	r3, #0
10006cde:	2101      	movs	r1, #1
10006ce0:	0020      	movs	r0, r4
10006ce2:	f7ff f8b5 	bl	10005e50 <cyw43_write_reg_u8>
10006ce6:	68a3      	ldr	r3, [r4, #8]
10006ce8:	057f      	lsls	r7, r7, #21
10006cea:	42bb      	cmp	r3, r7
10006cec:	d012      	beq.n	10006d14 <reset_device_core.constprop.0+0x180>
10006cee:	2280      	movs	r2, #128	@ 0x80
10006cf0:	407b      	eors	r3, r7
10006cf2:	0452      	lsls	r2, r2, #17
10006cf4:	4293      	cmp	r3, r2
10006cf6:	d300      	bcc.n	10006cfa <reset_device_core.constprop.0+0x166>
10006cf8:	e0c8      	b.n	10006e8c <reset_device_core.constprop.0+0x2f8>
10006cfa:	22ff      	movs	r2, #255	@ 0xff
10006cfc:	0412      	lsls	r2, r2, #16
10006cfe:	4213      	tst	r3, r2
10006d00:	d000      	beq.n	10006d04 <reset_device_core.constprop.0+0x170>
10006d02:	e0b7      	b.n	10006e74 <reset_device_core.constprop.0+0x2e0>
10006d04:	22ff      	movs	r2, #255	@ 0xff
10006d06:	0212      	lsls	r2, r2, #8
10006d08:	4213      	tst	r3, r2
10006d0a:	d000      	beq.n	10006d0e <reset_device_core.constprop.0+0x17a>
10006d0c:	e0aa      	b.n	10006e64 <reset_device_core.constprop.0+0x2d0>
10006d0e:	23c0      	movs	r3, #192	@ 0xc0
10006d10:	055b      	lsls	r3, r3, #21
10006d12:	60a3      	str	r3, [r4, #8]
10006d14:	27c0      	movs	r7, #192	@ 0xc0
10006d16:	2001      	movs	r0, #1
10006d18:	f001 fcac 	bl	10008674 <cyw43_delay_ms>
10006d1c:	0031      	movs	r1, r6
10006d1e:	0020      	movs	r0, r4
10006d20:	f7ff fa3c 	bl	1000619c <cyw43_set_backplane_window>
10006d24:	2301      	movs	r3, #1
10006d26:	002a      	movs	r2, r5
10006d28:	2101      	movs	r1, #1
10006d2a:	0020      	movs	r0, r4
10006d2c:	f7ff f890 	bl	10005e50 <cyw43_write_reg_u8>
10006d30:	68a3      	ldr	r3, [r4, #8]
10006d32:	057f      	lsls	r7, r7, #21
10006d34:	42bb      	cmp	r3, r7
10006d36:	d011      	beq.n	10006d5c <reset_device_core.constprop.0+0x1c8>
10006d38:	2280      	movs	r2, #128	@ 0x80
10006d3a:	407b      	eors	r3, r7
10006d3c:	0452      	lsls	r2, r2, #17
10006d3e:	4293      	cmp	r3, r2
10006d40:	d300      	bcc.n	10006d44 <reset_device_core.constprop.0+0x1b0>
10006d42:	e086      	b.n	10006e52 <reset_device_core.constprop.0+0x2be>
10006d44:	22ff      	movs	r2, #255	@ 0xff
10006d46:	0412      	lsls	r2, r2, #16
10006d48:	4213      	tst	r3, r2
10006d4a:	d000      	beq.n	10006d4e <reset_device_core.constprop.0+0x1ba>
10006d4c:	e075      	b.n	10006e3a <reset_device_core.constprop.0+0x2a6>
10006d4e:	22ff      	movs	r2, #255	@ 0xff
10006d50:	0212      	lsls	r2, r2, #8
10006d52:	4213      	tst	r3, r2
10006d54:	d169      	bne.n	10006e2a <reset_device_core.constprop.0+0x296>
10006d56:	23c0      	movs	r3, #192	@ 0xc0
10006d58:	055b      	lsls	r3, r3, #21
10006d5a:	60a3      	str	r3, [r4, #8]
10006d5c:	0031      	movs	r1, r6
10006d5e:	0020      	movs	r0, r4
10006d60:	f7ff fa1c 	bl	1000619c <cyw43_set_backplane_window>
10006d64:	002a      	movs	r2, r5
10006d66:	25c0      	movs	r5, #192	@ 0xc0
10006d68:	2101      	movs	r1, #1
10006d6a:	0020      	movs	r0, r4
10006d6c:	f7fe fd2a 	bl	100057c4 <cyw43_read_reg_u8>
10006d70:	68a3      	ldr	r3, [r4, #8]
10006d72:	056d      	lsls	r5, r5, #21
10006d74:	42ab      	cmp	r3, r5
10006d76:	d00f      	beq.n	10006d98 <reset_device_core.constprop.0+0x204>
10006d78:	2280      	movs	r2, #128	@ 0x80
10006d7a:	406b      	eors	r3, r5
10006d7c:	0452      	lsls	r2, r2, #17
10006d7e:	4293      	cmp	r3, r2
10006d80:	d24a      	bcs.n	10006e18 <reset_device_core.constprop.0+0x284>
10006d82:	22ff      	movs	r2, #255	@ 0xff
10006d84:	0412      	lsls	r2, r2, #16
10006d86:	4213      	tst	r3, r2
10006d88:	d13a      	bne.n	10006e00 <reset_device_core.constprop.0+0x26c>
10006d8a:	22ff      	movs	r2, #255	@ 0xff
10006d8c:	0212      	lsls	r2, r2, #8
10006d8e:	4213      	tst	r3, r2
10006d90:	d12e      	bne.n	10006df0 <reset_device_core.constprop.0+0x25c>
10006d92:	23c0      	movs	r3, #192	@ 0xc0
10006d94:	055b      	lsls	r3, r3, #21
10006d96:	60a3      	str	r3, [r4, #8]
10006d98:	2001      	movs	r0, #1
10006d9a:	f001 fc6b 	bl	10008674 <cyw43_delay_ms>
10006d9e:	bcc0      	pop	{r6, r7}
10006da0:	46b9      	mov	r9, r7
10006da2:	46b0      	mov	r8, r6
10006da4:	bdf8      	pop	{r3, r4, r5, r6, r7, pc}
10006da6:	2318      	movs	r3, #24
10006da8:	4a59      	ldr	r2, [pc, #356]	@ (10006f10 <reset_device_core.constprop.0+0x37c>)
10006daa:	2101      	movs	r1, #1
10006dac:	0020      	movs	r0, r4
10006dae:	f7ff f84f 	bl	10005e50 <cyw43_write_reg_u8>
10006db2:	22ff      	movs	r2, #255	@ 0xff
10006db4:	68a3      	ldr	r3, [r4, #8]
10006db6:	0412      	lsls	r2, r2, #16
10006db8:	4073      	eors	r3, r6
10006dba:	4213      	tst	r3, r2
10006dbc:	d100      	bne.n	10006dc0 <reset_device_core.constprop.0+0x22c>
10006dbe:	e70f      	b.n	10006be0 <reset_device_core.constprop.0+0x4c>
10006dc0:	23c0      	movs	r3, #192	@ 0xc0
10006dc2:	4a54      	ldr	r2, [pc, #336]	@ (10006f14 <reset_device_core.constprop.0+0x380>)
10006dc4:	015b      	lsls	r3, r3, #5
10006dc6:	2101      	movs	r1, #1
10006dc8:	0020      	movs	r0, r4
10006dca:	f7ff f841 	bl	10005e50 <cyw43_write_reg_u8>
10006dce:	23c0      	movs	r3, #192	@ 0xc0
10006dd0:	68a2      	ldr	r2, [r4, #8]
10006dd2:	055b      	lsls	r3, r3, #21
10006dd4:	4053      	eors	r3, r2
10006dd6:	22ff      	movs	r2, #255	@ 0xff
10006dd8:	0212      	lsls	r2, r2, #8
10006dda:	4213      	tst	r3, r2
10006ddc:	d100      	bne.n	10006de0 <reset_device_core.constprop.0+0x24c>
10006dde:	e704      	b.n	10006bea <reset_device_core.constprop.0+0x56>
10006de0:	23c0      	movs	r3, #192	@ 0xc0
10006de2:	2101      	movs	r1, #1
10006de4:	0020      	movs	r0, r4
10006de6:	4a4c      	ldr	r2, [pc, #304]	@ (10006f18 <reset_device_core.constprop.0+0x384>)
10006de8:	035b      	lsls	r3, r3, #13
10006dea:	f7ff f831 	bl	10005e50 <cyw43_write_reg_u8>
10006dee:	e6fc      	b.n	10006bea <reset_device_core.constprop.0+0x56>
10006df0:	23c0      	movs	r3, #192	@ 0xc0
10006df2:	2101      	movs	r1, #1
10006df4:	0020      	movs	r0, r4
10006df6:	4a48      	ldr	r2, [pc, #288]	@ (10006f18 <reset_device_core.constprop.0+0x384>)
10006df8:	035b      	lsls	r3, r3, #13
10006dfa:	f7ff f829 	bl	10005e50 <cyw43_write_reg_u8>
10006dfe:	e7c8      	b.n	10006d92 <reset_device_core.constprop.0+0x1fe>
10006e00:	23c0      	movs	r3, #192	@ 0xc0
10006e02:	4a44      	ldr	r2, [pc, #272]	@ (10006f14 <reset_device_core.constprop.0+0x380>)
10006e04:	015b      	lsls	r3, r3, #5
10006e06:	2101      	movs	r1, #1
10006e08:	0020      	movs	r0, r4
10006e0a:	f7ff f821 	bl	10005e50 <cyw43_write_reg_u8>
10006e0e:	23c0      	movs	r3, #192	@ 0xc0
10006e10:	68a2      	ldr	r2, [r4, #8]
10006e12:	055b      	lsls	r3, r3, #21
10006e14:	4053      	eors	r3, r2
10006e16:	e7b8      	b.n	10006d8a <reset_device_core.constprop.0+0x1f6>
10006e18:	2318      	movs	r3, #24
10006e1a:	2101      	movs	r1, #1
10006e1c:	0020      	movs	r0, r4
10006e1e:	4a3c      	ldr	r2, [pc, #240]	@ (10006f10 <reset_device_core.constprop.0+0x37c>)
10006e20:	f7ff f816 	bl	10005e50 <cyw43_write_reg_u8>
10006e24:	68a3      	ldr	r3, [r4, #8]
10006e26:	406b      	eors	r3, r5
10006e28:	e7ab      	b.n	10006d82 <reset_device_core.constprop.0+0x1ee>
10006e2a:	23c0      	movs	r3, #192	@ 0xc0
10006e2c:	2101      	movs	r1, #1
10006e2e:	0020      	movs	r0, r4
10006e30:	4a39      	ldr	r2, [pc, #228]	@ (10006f18 <reset_device_core.constprop.0+0x384>)
10006e32:	035b      	lsls	r3, r3, #13
10006e34:	f7ff f80c 	bl	10005e50 <cyw43_write_reg_u8>
10006e38:	e78d      	b.n	10006d56 <reset_device_core.constprop.0+0x1c2>
10006e3a:	23c0      	movs	r3, #192	@ 0xc0
10006e3c:	4a35      	ldr	r2, [pc, #212]	@ (10006f14 <reset_device_core.constprop.0+0x380>)
10006e3e:	015b      	lsls	r3, r3, #5
10006e40:	2101      	movs	r1, #1
10006e42:	0020      	movs	r0, r4
10006e44:	f7ff f804 	bl	10005e50 <cyw43_write_reg_u8>
10006e48:	23c0      	movs	r3, #192	@ 0xc0
10006e4a:	68a2      	ldr	r2, [r4, #8]
10006e4c:	055b      	lsls	r3, r3, #21
10006e4e:	4053      	eors	r3, r2
10006e50:	e77d      	b.n	10006d4e <reset_device_core.constprop.0+0x1ba>
10006e52:	2318      	movs	r3, #24
10006e54:	2101      	movs	r1, #1
10006e56:	0020      	movs	r0, r4
10006e58:	4a2d      	ldr	r2, [pc, #180]	@ (10006f10 <reset_device_core.constprop.0+0x37c>)
10006e5a:	f7fe fff9 	bl	10005e50 <cyw43_write_reg_u8>
10006e5e:	68a3      	ldr	r3, [r4, #8]
10006e60:	407b      	eors	r3, r7
10006e62:	e76f      	b.n	10006d44 <reset_device_core.constprop.0+0x1b0>
10006e64:	23c0      	movs	r3, #192	@ 0xc0
10006e66:	2101      	movs	r1, #1
10006e68:	0020      	movs	r0, r4
10006e6a:	4a2b      	ldr	r2, [pc, #172]	@ (10006f18 <reset_device_core.constprop.0+0x384>)
10006e6c:	035b      	lsls	r3, r3, #13
10006e6e:	f7fe ffef 	bl	10005e50 <cyw43_write_reg_u8>
10006e72:	e74c      	b.n	10006d0e <reset_device_core.constprop.0+0x17a>
10006e74:	23c0      	movs	r3, #192	@ 0xc0
10006e76:	4a27      	ldr	r2, [pc, #156]	@ (10006f14 <reset_device_core.constprop.0+0x380>)
10006e78:	015b      	lsls	r3, r3, #5
10006e7a:	2101      	movs	r1, #1
10006e7c:	0020      	movs	r0, r4
10006e7e:	f7fe ffe7 	bl	10005e50 <cyw43_write_reg_u8>
10006e82:	23c0      	movs	r3, #192	@ 0xc0
10006e84:	68a2      	ldr	r2, [r4, #8]
10006e86:	055b      	lsls	r3, r3, #21
10006e88:	4053      	eors	r3, r2
10006e8a:	e73b      	b.n	10006d04 <reset_device_core.constprop.0+0x170>
10006e8c:	2318      	movs	r3, #24
10006e8e:	2101      	movs	r1, #1
10006e90:	0020      	movs	r0, r4
10006e92:	4a1f      	ldr	r2, [pc, #124]	@ (10006f10 <reset_device_core.constprop.0+0x37c>)
10006e94:	f7fe ffdc 	bl	10005e50 <cyw43_write_reg_u8>
10006e98:	68a3      	ldr	r3, [r4, #8]
10006e9a:	407b      	eors	r3, r7
10006e9c:	e72d      	b.n	10006cfa <reset_device_core.constprop.0+0x166>
10006e9e:	23c0      	movs	r3, #192	@ 0xc0
10006ea0:	2101      	movs	r1, #1
10006ea2:	0020      	movs	r0, r4
10006ea4:	4a1c      	ldr	r2, [pc, #112]	@ (10006f18 <reset_device_core.constprop.0+0x384>)
10006ea6:	035b      	lsls	r3, r3, #13
10006ea8:	f7fe ffd2 	bl	10005e50 <cyw43_write_reg_u8>
10006eac:	e70d      	b.n	10006cca <reset_device_core.constprop.0+0x136>
10006eae:	23c0      	movs	r3, #192	@ 0xc0
10006eb0:	4a18      	ldr	r2, [pc, #96]	@ (10006f14 <reset_device_core.constprop.0+0x380>)
10006eb2:	015b      	lsls	r3, r3, #5
10006eb4:	2101      	movs	r1, #1
10006eb6:	0020      	movs	r0, r4
10006eb8:	f7fe ffca 	bl	10005e50 <cyw43_write_reg_u8>
10006ebc:	23c0      	movs	r3, #192	@ 0xc0
10006ebe:	68a2      	ldr	r2, [r4, #8]
10006ec0:	055b      	lsls	r3, r3, #21
10006ec2:	4053      	eors	r3, r2
10006ec4:	e6fc      	b.n	10006cc0 <reset_device_core.constprop.0+0x12c>
10006ec6:	2318      	movs	r3, #24
10006ec8:	4a11      	ldr	r2, [pc, #68]	@ (10006f10 <reset_device_core.constprop.0+0x37c>)
10006eca:	2101      	movs	r1, #1
10006ecc:	0020      	movs	r0, r4
10006ece:	f7fe ffbf 	bl	10005e50 <cyw43_write_reg_u8>
10006ed2:	464a      	mov	r2, r9
10006ed4:	68a3      	ldr	r3, [r4, #8]
10006ed6:	405a      	eors	r2, r3
10006ed8:	0013      	movs	r3, r2
10006eda:	e6ec      	b.n	10006cb6 <reset_device_core.constprop.0+0x122>
10006edc:	23c0      	movs	r3, #192	@ 0xc0
10006ede:	2101      	movs	r1, #1
10006ee0:	0020      	movs	r0, r4
10006ee2:	4a0d      	ldr	r2, [pc, #52]	@ (10006f18 <reset_device_core.constprop.0+0x384>)
10006ee4:	035b      	lsls	r3, r3, #13
10006ee6:	f7fe ffb3 	bl	10005e50 <cyw43_write_reg_u8>
10006eea:	e6cc      	b.n	10006c86 <reset_device_core.constprop.0+0xf2>
10006eec:	23c0      	movs	r3, #192	@ 0xc0
10006eee:	4a09      	ldr	r2, [pc, #36]	@ (10006f14 <reset_device_core.constprop.0+0x380>)
10006ef0:	015b      	lsls	r3, r3, #5
10006ef2:	2101      	movs	r1, #1
10006ef4:	0020      	movs	r0, r4
10006ef6:	f7fe ffab 	bl	10005e50 <cyw43_write_reg_u8>
10006efa:	23c0      	movs	r3, #192	@ 0xc0
10006efc:	68a2      	ldr	r2, [r4, #8]
10006efe:	055b      	lsls	r3, r3, #21
10006f00:	4053      	eors	r3, r2
10006f02:	e6bb      	b.n	10006c7c <reset_device_core.constprop.0+0xe8>
10006f04:	18104800 	.word	0x18104800
10006f08:	0000c408 	.word	0x0000c408
10006f0c:	18104408 	.word	0x18104408
10006f10:	0001000c 	.word	0x0001000c
10006f14:	0001000b 	.word	0x0001000b
10006f18:	0001000a 	.word	0x0001000a
10006f1c:	2318      	movs	r3, #24
10006f1e:	4a1a      	ldr	r2, [pc, #104]	@ (10006f88 <reset_device_core.constprop.0+0x3f4>)
10006f20:	2101      	movs	r1, #1
10006f22:	0020      	movs	r0, r4
10006f24:	f7fe ff94 	bl	10005e50 <cyw43_write_reg_u8>
10006f28:	464a      	mov	r2, r9
10006f2a:	68a3      	ldr	r3, [r4, #8]
10006f2c:	405a      	eors	r2, r3
10006f2e:	0013      	movs	r3, r2
10006f30:	e69f      	b.n	10006c72 <reset_device_core.constprop.0+0xde>
10006f32:	23c0      	movs	r3, #192	@ 0xc0
10006f34:	2101      	movs	r1, #1
10006f36:	0020      	movs	r0, r4
10006f38:	4a14      	ldr	r2, [pc, #80]	@ (10006f8c <reset_device_core.constprop.0+0x3f8>)
10006f3a:	035b      	lsls	r3, r3, #13
10006f3c:	f7fe ff88 	bl	10005e50 <cyw43_write_reg_u8>
10006f40:	e676      	b.n	10006c30 <reset_device_core.constprop.0+0x9c>
10006f42:	23c0      	movs	r3, #192	@ 0xc0
10006f44:	4a12      	ldr	r2, [pc, #72]	@ (10006f90 <reset_device_core.constprop.0+0x3fc>)
10006f46:	015b      	lsls	r3, r3, #5
10006f48:	2101      	movs	r1, #1
10006f4a:	0020      	movs	r0, r4
10006f4c:	f7fe ff80 	bl	10005e50 <cyw43_write_reg_u8>
10006f50:	23c0      	movs	r3, #192	@ 0xc0
10006f52:	68a2      	ldr	r2, [r4, #8]
10006f54:	055b      	lsls	r3, r3, #21
10006f56:	4053      	eors	r3, r2
10006f58:	e665      	b.n	10006c26 <reset_device_core.constprop.0+0x92>
10006f5a:	2318      	movs	r3, #24
10006f5c:	4a0a      	ldr	r2, [pc, #40]	@ (10006f88 <reset_device_core.constprop.0+0x3f4>)
10006f5e:	2101      	movs	r1, #1
10006f60:	0020      	movs	r0, r4
10006f62:	f7fe ff75 	bl	10005e50 <cyw43_write_reg_u8>
10006f66:	464a      	mov	r2, r9
10006f68:	68a3      	ldr	r3, [r4, #8]
10006f6a:	405a      	eors	r2, r3
10006f6c:	0013      	movs	r3, r2
10006f6e:	e655      	b.n	10006c1c <reset_device_core.constprop.0+0x88>
10006f70:	27b8      	movs	r7, #184	@ 0xb8
10006f72:	4b08      	ldr	r3, [pc, #32]	@ (10006f94 <reset_device_core.constprop.0+0x400>)
10006f74:	023f      	lsls	r7, r7, #8
10006f76:	4698      	mov	r8, r3
10006f78:	e619      	b.n	10006bae <reset_device_core.constprop.0+0x1a>
10006f7a:	4d07      	ldr	r5, [pc, #28]	@ (10006f98 <reset_device_core.constprop.0+0x404>)
10006f7c:	4e07      	ldr	r6, [pc, #28]	@ (10006f9c <reset_device_core.constprop.0+0x408>)
10006f7e:	e662      	b.n	10006c46 <reset_device_core.constprop.0+0xb2>
10006f80:	4807      	ldr	r0, [pc, #28]	@ (10006fa0 <reset_device_core.constprop.0+0x40c>)
10006f82:	f7fc ff5f 	bl	10003e44 <__wrap_puts>
10006f86:	e659      	b.n	10006c3c <reset_device_core.constprop.0+0xa8>
10006f88:	0001000c 	.word	0x0001000c
10006f8c:	0001000a 	.word	0x0001000a
10006f90:	0001000b 	.word	0x0001000b
10006f94:	18103800 	.word	0x18103800
10006f98:	0000b408 	.word	0x0000b408
10006f9c:	18103408 	.word	0x18103408
10006fa0:	10009b28 	.word	0x10009b28

10006fa4 <cyw43_ll_init>:
10006fa4:	2280      	movs	r2, #128	@ 0x80
10006fa6:	2300      	movs	r3, #0
10006fa8:	0052      	lsls	r2, r2, #1
10006faa:	8182      	strh	r2, [r0, #12]
10006fac:	4a03      	ldr	r2, [pc, #12]	@ (10006fbc <cyw43_ll_init+0x18>)
10006fae:	6001      	str	r1, [r0, #0]
10006fb0:	6083      	str	r3, [r0, #8]
10006fb2:	7383      	strb	r3, [r0, #14]
10006fb4:	6103      	str	r3, [r0, #16]
10006fb6:	5083      	str	r3, [r0, r2]
10006fb8:	4770      	bx	lr
10006fba:	46c0      	nop			@ (mov r8, r8)
10006fbc:	0000084c 	.word	0x0000084c

10006fc0 <cyw43_ll_deinit>:
10006fc0:	b510      	push	{r4, lr}
10006fc2:	f7fe f885 	bl	100050d0 <cyw43_spi_deinit>
10006fc6:	bd10      	pop	{r4, pc}

10006fc8 <cyw43_ll_process_packets>:
10006fc8:	b510      	push	{r4, lr}
10006fca:	0004      	movs	r4, r0
10006fcc:	b082      	sub	sp, #8
10006fce:	4669      	mov	r1, sp
10006fd0:	0020      	movs	r0, r4
10006fd2:	aa01      	add	r2, sp, #4
10006fd4:	f7ff f9f0 	bl	100063b8 <cyw43_ll_sdpcm_poll_device>
10006fd8:	1c43      	adds	r3, r0, #1
10006fda:	d014      	beq.n	10007006 <cyw43_ll_process_packets+0x3e>
10006fdc:	1d03      	adds	r3, r0, #4
10006fde:	d0f6      	beq.n	10006fce <cyw43_ll_process_packets+0x6>
10006fe0:	2801      	cmp	r0, #1
10006fe2:	d012      	beq.n	1000700a <cyw43_ll_process_packets+0x42>
10006fe4:	2802      	cmp	r0, #2
10006fe6:	d1f2      	bne.n	10006fce <cyw43_ll_process_packets+0x6>
10006fe8:	9900      	ldr	r1, [sp, #0]
10006fea:	9b01      	ldr	r3, [sp, #4]
10006fec:	004a      	lsls	r2, r1, #1
10006fee:	6820      	ldr	r0, [r4, #0]
10006ff0:	0852      	lsrs	r2, r2, #1
10006ff2:	0fc9      	lsrs	r1, r1, #31
10006ff4:	f001 fb70 	bl	100086d8 <cyw43_cb_process_ethernet>
10006ff8:	4669      	mov	r1, sp
10006ffa:	0020      	movs	r0, r4
10006ffc:	aa01      	add	r2, sp, #4
10006ffe:	f7ff f9db 	bl	100063b8 <cyw43_ll_sdpcm_poll_device>
10007002:	1c43      	adds	r3, r0, #1
10007004:	d1ea      	bne.n	10006fdc <cyw43_ll_process_packets+0x14>
10007006:	b002      	add	sp, #8
10007008:	bd10      	pop	{r4, pc}
1000700a:	9901      	ldr	r1, [sp, #4]
1000700c:	9800      	ldr	r0, [sp, #0]
1000700e:	f7ff f8f9 	bl	10006204 <cyw43_ll_parse_async_event>
10007012:	0001      	movs	r1, r0
10007014:	0020      	movs	r0, r4
10007016:	f000 feb5 	bl	10007d84 <cyw43_cb_process_async_event>
1000701a:	e7d8      	b.n	10006fce <cyw43_ll_process_packets+0x6>

1000701c <cyw43_ll_ioctl>:
1000701c:	b5f0      	push	{r4, r5, r6, r7, lr}
1000701e:	2702      	movs	r7, #2
10007020:	46c6      	mov	lr, r8
10007022:	4698      	mov	r8, r3
10007024:	004b      	lsls	r3, r1, #1
10007026:	401f      	ands	r7, r3
10007028:	2380      	movs	r3, #128	@ 0x80
1000702a:	b500      	push	{lr}
1000702c:	0016      	movs	r6, r2
1000702e:	321c      	adds	r2, #28
10007030:	0004      	movs	r4, r0
10007032:	b082      	sub	sp, #8
10007034:	084d      	lsrs	r5, r1, #1
10007036:	011b      	lsls	r3, r3, #4
10007038:	429a      	cmp	r2, r3
1000703a:	d82b      	bhi.n	10007094 <cyw43_ll_ioctl+0x78>
1000703c:	0433      	lsls	r3, r6, #16
1000703e:	8a00      	ldrh	r0, [r0, #16]
10007040:	0c1b      	lsrs	r3, r3, #16
10007042:	63a3      	str	r3, [r4, #56]	@ 0x38
10007044:	9b08      	ldr	r3, [sp, #32]
10007046:	3001      	adds	r0, #1
10007048:	b280      	uxth	r0, r0
1000704a:	031b      	lsls	r3, r3, #12
1000704c:	8220      	strh	r0, [r4, #16]
1000704e:	433b      	orrs	r3, r7
10007050:	0400      	lsls	r0, r0, #16
10007052:	4303      	orrs	r3, r0
10007054:	63e3      	str	r3, [r4, #60]	@ 0x3c
10007056:	0020      	movs	r0, r4
10007058:	2300      	movs	r3, #0
1000705a:	0032      	movs	r2, r6
1000705c:	4641      	mov	r1, r8
1000705e:	6423      	str	r3, [r4, #64]	@ 0x40
10007060:	6365      	str	r5, [r4, #52]	@ 0x34
10007062:	3044      	adds	r0, #68	@ 0x44
10007064:	f002 fbec 	bl	10009840 <__memmove_veneer>
10007068:	0023      	movs	r3, r4
1000706a:	0032      	movs	r2, r6
1000706c:	2100      	movs	r1, #0
1000706e:	0020      	movs	r0, r4
10007070:	3328      	adds	r3, #40	@ 0x28
10007072:	3210      	adds	r2, #16
10007074:	f7ff fabc 	bl	100065f0 <cyw43_sdpcm_send_common>
10007078:	2800      	cmp	r0, #0
1000707a:	d107      	bne.n	1000708c <cyw43_ll_ioctl+0x70>
1000707c:	4643      	mov	r3, r8
1000707e:	002a      	movs	r2, r5
10007080:	9300      	str	r3, [sp, #0]
10007082:	0039      	movs	r1, r7
10007084:	0033      	movs	r3, r6
10007086:	0020      	movs	r0, r4
10007088:	f7ff fb30 	bl	100066ec <cyw43_do_ioctl.part.0>
1000708c:	b002      	add	sp, #8
1000708e:	bc80      	pop	{r7}
10007090:	46b8      	mov	r8, r7
10007092:	bdf0      	pop	{r4, r5, r6, r7, pc}
10007094:	2005      	movs	r0, #5
10007096:	4240      	negs	r0, r0
10007098:	e7f8      	b.n	1000708c <cyw43_ll_ioctl+0x70>
1000709a:	46c0      	nop			@ (mov r8, r8)

1000709c <cyw43_ll_bus_sleep>:
1000709c:	b510      	push	{r4, lr}
1000709e:	0004      	movs	r4, r0
100070a0:	2900      	cmp	r1, #0
100070a2:	d009      	beq.n	100070b8 <cyw43_ll_bus_sleep+0x1c>
100070a4:	7c83      	ldrb	r3, [r0, #18]
100070a6:	2b00      	cmp	r3, #0
100070a8:	d100      	bne.n	100070ac <cyw43_ll_bus_sleep+0x10>
100070aa:	bd10      	pop	{r4, pc}
100070ac:	2300      	movs	r3, #0
100070ae:	2100      	movs	r1, #0
100070b0:	7483      	strb	r3, [r0, #18]
100070b2:	f7ff f941 	bl	10006338 <cyw43_kso_set>
100070b6:	e7f8      	b.n	100070aa <cyw43_ll_bus_sleep+0xe>
100070b8:	f000 fe5e 	bl	10007d78 <cyw43_cb_ensure_awake>
100070bc:	7ca3      	ldrb	r3, [r4, #18]
100070be:	2b00      	cmp	r3, #0
100070c0:	d1f3      	bne.n	100070aa <cyw43_ll_bus_sleep+0xe>
100070c2:	2101      	movs	r1, #1
100070c4:	0020      	movs	r0, r4
100070c6:	f7ff f937 	bl	10006338 <cyw43_kso_set>
100070ca:	2301      	movs	r3, #1
100070cc:	74a3      	strb	r3, [r4, #18]
100070ce:	e7ec      	b.n	100070aa <cyw43_ll_bus_sleep+0xe>

100070d0 <cyw43_ll_wifi_get_mac>:
100070d0:	b5f0      	push	{r4, r5, r6, r7, lr}
100070d2:	46c6      	mov	lr, r8
100070d4:	0007      	movs	r7, r0
100070d6:	0004      	movs	r4, r0
100070d8:	b500      	push	{lr}
100070da:	3744      	adds	r7, #68	@ 0x44
100070dc:	2214      	movs	r2, #20
100070de:	b082      	sub	sp, #8
100070e0:	000e      	movs	r6, r1
100070e2:	0038      	movs	r0, r7
100070e4:	4916      	ldr	r1, [pc, #88]	@ (10007140 <cyw43_ll_wifi_get_mac+0x70>)
100070e6:	f7fb f973 	bl	100023d0 <__wrap___aeabi_memcpy>
100070ea:	8a23      	ldrh	r3, [r4, #16]
100070ec:	2283      	movs	r2, #131	@ 0x83
100070ee:	3301      	adds	r3, #1
100070f0:	b29b      	uxth	r3, r3
100070f2:	8223      	strh	r3, [r4, #16]
100070f4:	041b      	lsls	r3, r3, #16
100070f6:	63e3      	str	r3, [r4, #60]	@ 0x3c
100070f8:	2300      	movs	r3, #0
100070fa:	6423      	str	r3, [r4, #64]	@ 0x40
100070fc:	0023      	movs	r3, r4
100070fe:	0052      	lsls	r2, r2, #1
10007100:	6362      	str	r2, [r4, #52]	@ 0x34
10007102:	4690      	mov	r8, r2
10007104:	3af2      	subs	r2, #242	@ 0xf2
10007106:	63a2      	str	r2, [r4, #56]	@ 0x38
10007108:	2100      	movs	r1, #0
1000710a:	0020      	movs	r0, r4
1000710c:	3328      	adds	r3, #40	@ 0x28
1000710e:	3210      	adds	r2, #16
10007110:	f7ff fa6e 	bl	100065f0 <cyw43_sdpcm_send_common>
10007114:	1e05      	subs	r5, r0, #0
10007116:	d10d      	bne.n	10007134 <cyw43_ll_wifi_get_mac+0x64>
10007118:	2314      	movs	r3, #20
1000711a:	4642      	mov	r2, r8
1000711c:	2100      	movs	r1, #0
1000711e:	0020      	movs	r0, r4
10007120:	9700      	str	r7, [sp, #0]
10007122:	f7ff fae3 	bl	100066ec <cyw43_do_ioctl.part.0>
10007126:	1e05      	subs	r5, r0, #0
10007128:	d104      	bne.n	10007134 <cyw43_ll_wifi_get_mac+0x64>
1000712a:	2206      	movs	r2, #6
1000712c:	0039      	movs	r1, r7
1000712e:	0030      	movs	r0, r6
10007130:	f7fb f94e 	bl	100023d0 <__wrap___aeabi_memcpy>
10007134:	0028      	movs	r0, r5
10007136:	b002      	add	sp, #8
10007138:	bc80      	pop	{r7}
1000713a:	46b8      	mov	r8, r7
1000713c:	bdf0      	pop	{r4, r5, r6, r7, pc}
1000713e:	46c0      	nop			@ (mov r8, r8)
10007140:	1004131c 	.word	0x1004131c

10007144 <cyw43_ll_bus_init>:
10007144:	b5f0      	push	{r4, r5, r6, r7, lr}
10007146:	4657      	mov	r7, sl
10007148:	46de      	mov	lr, fp
1000714a:	464e      	mov	r6, r9
1000714c:	4645      	mov	r5, r8
1000714e:	b5e0      	push	{r5, r6, r7, lr}
10007150:	4bb7      	ldr	r3, [pc, #732]	@ (10007430 <cyw43_ll_bus_init+0x2ec>)
10007152:	b087      	sub	sp, #28
10007154:	6a9b      	ldr	r3, [r3, #40]	@ 0x28
10007156:	0004      	movs	r4, r0
10007158:	6043      	str	r3, [r0, #4]
1000715a:	000f      	movs	r7, r1
1000715c:	f7fd ffee 	bl	1000513c <cyw43_spi_init>
10007160:	2800      	cmp	r0, #0
10007162:	d112      	bne.n	1000718a <cyw43_ll_bus_init+0x46>
10007164:	f7fe fa8e 	bl	10005684 <cyw43_spi_gpio_setup>
10007168:	250a      	movs	r5, #10
1000716a:	f7fe faa9 	bl	100056c0 <cyw43_spi_reset>
1000716e:	4eb1      	ldr	r6, [pc, #708]	@ (10007434 <cyw43_ll_bus_init+0x2f0>)
10007170:	2214      	movs	r2, #20
10007172:	2100      	movs	r1, #0
10007174:	0020      	movs	r0, r4
10007176:	f7fe fab7 	bl	100056e8 <read_reg_u32_swap>
1000717a:	42b0      	cmp	r0, r6
1000717c:	d012      	beq.n	100071a4 <cyw43_ll_bus_init+0x60>
1000717e:	2001      	movs	r0, #1
10007180:	3d01      	subs	r5, #1
10007182:	f001 fa77 	bl	10008674 <cyw43_delay_ms>
10007186:	2d00      	cmp	r5, #0
10007188:	d1f2      	bne.n	10007170 <cyw43_ll_bus_init+0x2c>
1000718a:	48ab      	ldr	r0, [pc, #684]	@ (10007438 <cyw43_ll_bus_init+0x2f4>)
1000718c:	f7fc fe5a 	bl	10003e44 <__wrap_puts>
10007190:	2506      	movs	r5, #6
10007192:	426d      	negs	r5, r5
10007194:	0028      	movs	r0, r5
10007196:	b007      	add	sp, #28
10007198:	bcf0      	pop	{r4, r5, r6, r7}
1000719a:	46bb      	mov	fp, r7
1000719c:	46b2      	mov	sl, r6
1000719e:	46a9      	mov	r9, r5
100071a0:	46a0      	mov	r8, r4
100071a2:	bdf0      	pop	{r4, r5, r6, r7, pc}
100071a4:	2200      	movs	r2, #0
100071a6:	2100      	movs	r1, #0
100071a8:	0020      	movs	r0, r4
100071aa:	4ba4      	ldr	r3, [pc, #656]	@ (1000743c <cyw43_ll_bus_init+0x2f8>)
100071ac:	f7fe fb32 	bl	10005814 <write_reg_u32_swap>
100071b0:	2800      	cmp	r0, #0
100071b2:	d1ea      	bne.n	1000718a <cyw43_ll_bus_init+0x46>
100071b4:	2200      	movs	r2, #0
100071b6:	2100      	movs	r1, #0
100071b8:	0020      	movs	r0, r4
100071ba:	f7fe fab3 	bl	10005724 <cyw43_read_reg_u32>
100071be:	2310      	movs	r3, #16
100071c0:	221d      	movs	r2, #29
100071c2:	2100      	movs	r1, #0
100071c4:	0020      	movs	r0, r4
100071c6:	f7fe fe43 	bl	10005e50 <cyw43_write_reg_u8>
100071ca:	2800      	cmp	r0, #0
100071cc:	d1dd      	bne.n	1000718a <cyw43_ll_bus_init+0x46>
100071ce:	2399      	movs	r3, #153	@ 0x99
100071d0:	2204      	movs	r2, #4
100071d2:	2100      	movs	r1, #0
100071d4:	0020      	movs	r0, r4
100071d6:	f7fe fe3b 	bl	10005e50 <cyw43_write_reg_u8>
100071da:	2800      	cmp	r0, #0
100071dc:	d1d5      	bne.n	1000718a <cyw43_ll_bus_init+0x46>
100071de:	23be      	movs	r3, #190	@ 0xbe
100071e0:	2206      	movs	r2, #6
100071e2:	2100      	movs	r1, #0
100071e4:	0020      	movs	r0, r4
100071e6:	f7fe fd29 	bl	10005c3c <cyw43_write_reg_u16>
100071ea:	2800      	cmp	r0, #0
100071ec:	d1cd      	bne.n	1000718a <cyw43_ll_bus_init+0x46>
100071ee:	2308      	movs	r3, #8
100071f0:	2101      	movs	r1, #1
100071f2:	0020      	movs	r0, r4
100071f4:	4a92      	ldr	r2, [pc, #584]	@ (10007440 <cyw43_ll_bus_init+0x2fc>)
100071f6:	f7fe fe2b 	bl	10005e50 <cyw43_write_reg_u8>
100071fa:	250a      	movs	r5, #10
100071fc:	2640      	movs	r6, #64	@ 0x40
100071fe:	2101      	movs	r1, #1
10007200:	0020      	movs	r0, r4
10007202:	4a8f      	ldr	r2, [pc, #572]	@ (10007440 <cyw43_ll_bus_init+0x2fc>)
10007204:	f7fe fade 	bl	100057c4 <cyw43_read_reg_u8>
10007208:	4206      	tst	r6, r0
1000720a:	d109      	bne.n	10007220 <cyw43_ll_bus_init+0xdc>
1000720c:	2001      	movs	r0, #1
1000720e:	3d01      	subs	r5, #1
10007210:	f001 fa30 	bl	10008674 <cyw43_delay_ms>
10007214:	2d00      	cmp	r5, #0
10007216:	d1f2      	bne.n	100071fe <cyw43_ll_bus_init+0xba>
10007218:	488a      	ldr	r0, [pc, #552]	@ (10007444 <cyw43_ll_bus_init+0x300>)
1000721a:	f7fc fe13 	bl	10003e44 <__wrap_puts>
1000721e:	e7b7      	b.n	10007190 <cyw43_ll_bus_init+0x4c>
10007220:	2300      	movs	r3, #0
10007222:	4a87      	ldr	r2, [pc, #540]	@ (10007440 <cyw43_ll_bus_init+0x2fc>)
10007224:	2101      	movs	r1, #1
10007226:	0020      	movs	r0, r4
10007228:	f7fe fe12 	bl	10005e50 <cyw43_write_reg_u8>
1000722c:	0020      	movs	r0, r4
1000722e:	4986      	ldr	r1, [pc, #536]	@ (10007448 <cyw43_ll_bus_init+0x304>)
10007230:	f7fe ffb4 	bl	1000619c <cyw43_set_backplane_window>
10007234:	22b8      	movs	r2, #184	@ 0xb8
10007236:	25c0      	movs	r5, #192	@ 0xc0
10007238:	2101      	movs	r1, #1
1000723a:	0020      	movs	r0, r4
1000723c:	0212      	lsls	r2, r2, #8
1000723e:	f7fe fac1 	bl	100057c4 <cyw43_read_reg_u8>
10007242:	68a3      	ldr	r3, [r4, #8]
10007244:	056d      	lsls	r5, r5, #21
10007246:	42ab      	cmp	r3, r5
10007248:	d012      	beq.n	10007270 <cyw43_ll_bus_init+0x12c>
1000724a:	2280      	movs	r2, #128	@ 0x80
1000724c:	406b      	eors	r3, r5
1000724e:	0452      	lsls	r2, r2, #17
10007250:	4293      	cmp	r3, r2
10007252:	d300      	bcc.n	10007256 <cyw43_ll_bus_init+0x112>
10007254:	e335      	b.n	100078c2 <cyw43_ll_bus_init+0x77e>
10007256:	22ff      	movs	r2, #255	@ 0xff
10007258:	0412      	lsls	r2, r2, #16
1000725a:	4213      	tst	r3, r2
1000725c:	d000      	beq.n	10007260 <cyw43_ll_bus_init+0x11c>
1000725e:	e324      	b.n	100078aa <cyw43_ll_bus_init+0x766>
10007260:	22ff      	movs	r2, #255	@ 0xff
10007262:	0212      	lsls	r2, r2, #8
10007264:	4213      	tst	r3, r2
10007266:	d000      	beq.n	1000726a <cyw43_ll_bus_init+0x126>
10007268:	e317      	b.n	1000789a <cyw43_ll_bus_init+0x756>
1000726a:	23c0      	movs	r3, #192	@ 0xc0
1000726c:	055b      	lsls	r3, r3, #21
1000726e:	60a3      	str	r3, [r4, #8]
10007270:	0020      	movs	r0, r4
10007272:	4975      	ldr	r1, [pc, #468]	@ (10007448 <cyw43_ll_bus_init+0x304>)
10007274:	f7fe ff92 	bl	1000619c <cyw43_set_backplane_window>
10007278:	22b8      	movs	r2, #184	@ 0xb8
1000727a:	2101      	movs	r1, #1
1000727c:	0020      	movs	r0, r4
1000727e:	0212      	lsls	r2, r2, #8
10007280:	f7fe faa0 	bl	100057c4 <cyw43_read_reg_u8>
10007284:	26c0      	movs	r6, #192	@ 0xc0
10007286:	68a3      	ldr	r3, [r4, #8]
10007288:	0005      	movs	r5, r0
1000728a:	0576      	lsls	r6, r6, #21
1000728c:	42b3      	cmp	r3, r6
1000728e:	d012      	beq.n	100072b6 <cyw43_ll_bus_init+0x172>
10007290:	2280      	movs	r2, #128	@ 0x80
10007292:	4073      	eors	r3, r6
10007294:	0452      	lsls	r2, r2, #17
10007296:	4293      	cmp	r3, r2
10007298:	d300      	bcc.n	1000729c <cyw43_ll_bus_init+0x158>
1000729a:	e2f5      	b.n	10007888 <cyw43_ll_bus_init+0x744>
1000729c:	22ff      	movs	r2, #255	@ 0xff
1000729e:	0412      	lsls	r2, r2, #16
100072a0:	4213      	tst	r3, r2
100072a2:	d000      	beq.n	100072a6 <cyw43_ll_bus_init+0x162>
100072a4:	e2e4      	b.n	10007870 <cyw43_ll_bus_init+0x72c>
100072a6:	22ff      	movs	r2, #255	@ 0xff
100072a8:	0212      	lsls	r2, r2, #8
100072aa:	4213      	tst	r3, r2
100072ac:	d000      	beq.n	100072b0 <cyw43_ll_bus_init+0x16c>
100072ae:	e2a7      	b.n	10007800 <cyw43_ll_bus_init+0x6bc>
100072b0:	23c0      	movs	r3, #192	@ 0xc0
100072b2:	055b      	lsls	r3, r3, #21
100072b4:	60a3      	str	r3, [r4, #8]
100072b6:	07ed      	lsls	r5, r5, #31
100072b8:	d400      	bmi.n	100072bc <cyw43_ll_bus_init+0x178>
100072ba:	e3b8      	b.n	10007a2e <cyw43_ll_bus_init+0x8ea>
100072bc:	0020      	movs	r0, r4
100072be:	4963      	ldr	r1, [pc, #396]	@ (1000744c <cyw43_ll_bus_init+0x308>)
100072c0:	f7fe ff6c 	bl	1000619c <cyw43_set_backplane_window>
100072c4:	22c8      	movs	r2, #200	@ 0xc8
100072c6:	25c0      	movs	r5, #192	@ 0xc0
100072c8:	2101      	movs	r1, #1
100072ca:	0020      	movs	r0, r4
100072cc:	0212      	lsls	r2, r2, #8
100072ce:	f7fe fa79 	bl	100057c4 <cyw43_read_reg_u8>
100072d2:	68a3      	ldr	r3, [r4, #8]
100072d4:	056d      	lsls	r5, r5, #21
100072d6:	42ab      	cmp	r3, r5
100072d8:	d012      	beq.n	10007300 <cyw43_ll_bus_init+0x1bc>
100072da:	2280      	movs	r2, #128	@ 0x80
100072dc:	406b      	eors	r3, r5
100072de:	0452      	lsls	r2, r2, #17
100072e0:	4293      	cmp	r3, r2
100072e2:	d300      	bcc.n	100072e6 <cyw43_ll_bus_init+0x1a2>
100072e4:	e283      	b.n	100077ee <cyw43_ll_bus_init+0x6aa>
100072e6:	22ff      	movs	r2, #255	@ 0xff
100072e8:	0412      	lsls	r2, r2, #16
100072ea:	4213      	tst	r3, r2
100072ec:	d000      	beq.n	100072f0 <cyw43_ll_bus_init+0x1ac>
100072ee:	e30e      	b.n	1000790e <cyw43_ll_bus_init+0x7ca>
100072f0:	22ff      	movs	r2, #255	@ 0xff
100072f2:	0212      	lsls	r2, r2, #8
100072f4:	4213      	tst	r3, r2
100072f6:	d000      	beq.n	100072fa <cyw43_ll_bus_init+0x1b6>
100072f8:	e301      	b.n	100078fe <cyw43_ll_bus_init+0x7ba>
100072fa:	23c0      	movs	r3, #192	@ 0xc0
100072fc:	055b      	lsls	r3, r3, #21
100072fe:	60a3      	str	r3, [r4, #8]
10007300:	0020      	movs	r0, r4
10007302:	4952      	ldr	r1, [pc, #328]	@ (1000744c <cyw43_ll_bus_init+0x308>)
10007304:	f7fe ff4a 	bl	1000619c <cyw43_set_backplane_window>
10007308:	22c8      	movs	r2, #200	@ 0xc8
1000730a:	2101      	movs	r1, #1
1000730c:	0020      	movs	r0, r4
1000730e:	0212      	lsls	r2, r2, #8
10007310:	f7fe fa58 	bl	100057c4 <cyw43_read_reg_u8>
10007314:	26c0      	movs	r6, #192	@ 0xc0
10007316:	68a3      	ldr	r3, [r4, #8]
10007318:	0005      	movs	r5, r0
1000731a:	0576      	lsls	r6, r6, #21
1000731c:	42b3      	cmp	r3, r6
1000731e:	d012      	beq.n	10007346 <cyw43_ll_bus_init+0x202>
10007320:	2280      	movs	r2, #128	@ 0x80
10007322:	4073      	eors	r3, r6
10007324:	0452      	lsls	r2, r2, #17
10007326:	4293      	cmp	r3, r2
10007328:	d300      	bcc.n	1000732c <cyw43_ll_bus_init+0x1e8>
1000732a:	e2df      	b.n	100078ec <cyw43_ll_bus_init+0x7a8>
1000732c:	22ff      	movs	r2, #255	@ 0xff
1000732e:	0412      	lsls	r2, r2, #16
10007330:	4213      	tst	r3, r2
10007332:	d000      	beq.n	10007336 <cyw43_ll_bus_init+0x1f2>
10007334:	e2ce      	b.n	100078d4 <cyw43_ll_bus_init+0x790>
10007336:	22ff      	movs	r2, #255	@ 0xff
10007338:	0212      	lsls	r2, r2, #8
1000733a:	4213      	tst	r3, r2
1000733c:	d000      	beq.n	10007340 <cyw43_ll_bus_init+0x1fc>
1000733e:	e2f2      	b.n	10007926 <cyw43_ll_bus_init+0x7e2>
10007340:	23c0      	movs	r3, #192	@ 0xc0
10007342:	055b      	lsls	r3, r3, #21
10007344:	60a3      	str	r3, [r4, #8]
10007346:	07ed      	lsls	r5, r5, #31
10007348:	d400      	bmi.n	1000734c <cyw43_ll_bus_init+0x208>
1000734a:	e374      	b.n	10007a36 <cyw43_ll_bus_init+0x8f2>
1000734c:	25c0      	movs	r5, #192	@ 0xc0
1000734e:	2102      	movs	r1, #2
10007350:	0020      	movs	r0, r4
10007352:	f7ff fc1f 	bl	10006b94 <reset_device_core.constprop.0>
10007356:	68a3      	ldr	r3, [r4, #8]
10007358:	056d      	lsls	r5, r5, #21
1000735a:	42ab      	cmp	r3, r5
1000735c:	d012      	beq.n	10007384 <cyw43_ll_bus_init+0x240>
1000735e:	2280      	movs	r2, #128	@ 0x80
10007360:	406b      	eors	r3, r5
10007362:	0452      	lsls	r2, r2, #17
10007364:	4293      	cmp	r3, r2
10007366:	d300      	bcc.n	1000736a <cyw43_ll_bus_init+0x226>
10007368:	e1f6      	b.n	10007758 <cyw43_ll_bus_init+0x614>
1000736a:	22ff      	movs	r2, #255	@ 0xff
1000736c:	0412      	lsls	r2, r2, #16
1000736e:	4213      	tst	r3, r2
10007370:	d000      	beq.n	10007374 <cyw43_ll_bus_init+0x230>
10007372:	e1e5      	b.n	10007740 <cyw43_ll_bus_init+0x5fc>
10007374:	22ff      	movs	r2, #255	@ 0xff
10007376:	0212      	lsls	r2, r2, #8
10007378:	4213      	tst	r3, r2
1000737a:	d000      	beq.n	1000737e <cyw43_ll_bus_init+0x23a>
1000737c:	e212      	b.n	100077a4 <cyw43_ll_bus_init+0x660>
1000737e:	23c0      	movs	r3, #192	@ 0xc0
10007380:	055b      	lsls	r3, r3, #21
10007382:	60a3      	str	r3, [r4, #8]
10007384:	25c0      	movs	r5, #192	@ 0xc0
10007386:	2303      	movs	r3, #3
10007388:	2101      	movs	r1, #1
1000738a:	0020      	movs	r0, r4
1000738c:	4a30      	ldr	r2, [pc, #192]	@ (10007450 <cyw43_ll_bus_init+0x30c>)
1000738e:	f7fe fb4b 	bl	10005a28 <cyw43_write_reg_u32>
10007392:	68a3      	ldr	r3, [r4, #8]
10007394:	056d      	lsls	r5, r5, #21
10007396:	42ab      	cmp	r3, r5
10007398:	d012      	beq.n	100073c0 <cyw43_ll_bus_init+0x27c>
1000739a:	2280      	movs	r2, #128	@ 0x80
1000739c:	406b      	eors	r3, r5
1000739e:	0452      	lsls	r2, r2, #17
100073a0:	4293      	cmp	r3, r2
100073a2:	d300      	bcc.n	100073a6 <cyw43_ll_bus_init+0x262>
100073a4:	e1f5      	b.n	10007792 <cyw43_ll_bus_init+0x64e>
100073a6:	22ff      	movs	r2, #255	@ 0xff
100073a8:	0412      	lsls	r2, r2, #16
100073aa:	4213      	tst	r3, r2
100073ac:	d000      	beq.n	100073b0 <cyw43_ll_bus_init+0x26c>
100073ae:	e1e4      	b.n	1000777a <cyw43_ll_bus_init+0x636>
100073b0:	22ff      	movs	r2, #255	@ 0xff
100073b2:	0212      	lsls	r2, r2, #8
100073b4:	4213      	tst	r3, r2
100073b6:	d000      	beq.n	100073ba <cyw43_ll_bus_init+0x276>
100073b8:	e1d7      	b.n	1000776a <cyw43_ll_bus_init+0x626>
100073ba:	23c0      	movs	r3, #192	@ 0xc0
100073bc:	055b      	lsls	r3, r3, #21
100073be:	60a3      	str	r3, [r4, #8]
100073c0:	25c0      	movs	r5, #192	@ 0xc0
100073c2:	2300      	movs	r3, #0
100073c4:	2101      	movs	r1, #1
100073c6:	0020      	movs	r0, r4
100073c8:	4a22      	ldr	r2, [pc, #136]	@ (10007454 <cyw43_ll_bus_init+0x310>)
100073ca:	f7fe fb2d 	bl	10005a28 <cyw43_write_reg_u32>
100073ce:	68a3      	ldr	r3, [r4, #8]
100073d0:	056d      	lsls	r5, r5, #21
100073d2:	42ab      	cmp	r3, r5
100073d4:	d012      	beq.n	100073fc <cyw43_ll_bus_init+0x2b8>
100073d6:	2280      	movs	r2, #128	@ 0x80
100073d8:	406b      	eors	r3, r5
100073da:	0452      	lsls	r2, r2, #17
100073dc:	4293      	cmp	r3, r2
100073de:	d300      	bcc.n	100073e2 <cyw43_ll_bus_init+0x29e>
100073e0:	e1f4      	b.n	100077cc <cyw43_ll_bus_init+0x688>
100073e2:	22ff      	movs	r2, #255	@ 0xff
100073e4:	0412      	lsls	r2, r2, #16
100073e6:	4213      	tst	r3, r2
100073e8:	d000      	beq.n	100073ec <cyw43_ll_bus_init+0x2a8>
100073ea:	e1e3      	b.n	100077b4 <cyw43_ll_bus_init+0x670>
100073ec:	22ff      	movs	r2, #255	@ 0xff
100073ee:	0212      	lsls	r2, r2, #8
100073f0:	4213      	tst	r3, r2
100073f2:	d000      	beq.n	100073f6 <cyw43_ll_bus_init+0x2b2>
100073f4:	e1f3      	b.n	100077de <cyw43_ll_bus_init+0x69a>
100073f6:	23c0      	movs	r3, #192	@ 0xc0
100073f8:	055b      	lsls	r3, r3, #21
100073fa:	60a3      	str	r3, [r4, #8]
100073fc:	4b16      	ldr	r3, [pc, #88]	@ (10007458 <cyw43_ll_bus_init+0x314>)
100073fe:	4a17      	ldr	r2, [pc, #92]	@ (1000745c <cyw43_ll_bus_init+0x318>)
10007400:	469a      	mov	sl, r3
10007402:	4b17      	ldr	r3, [pc, #92]	@ (10007460 <cyw43_ll_bus_init+0x31c>)
10007404:	4453      	add	r3, sl
10007406:	5a9e      	ldrh	r6, [r3, r2]
10007408:	3a1b      	subs	r2, #27
1000740a:	3aff      	subs	r2, #255	@ 0xff
1000740c:	4296      	cmp	r6, r2
1000740e:	db00      	blt.n	10007412 <cyw43_ll_bus_init+0x2ce>
10007410:	e192      	b.n	10007738 <cyw43_ll_bus_init+0x5f4>
10007412:	4a14      	ldr	r2, [pc, #80]	@ (10007464 <cyw43_ll_bus_init+0x320>)
10007414:	5c9b      	ldrb	r3, [r3, r2]
10007416:	2b00      	cmp	r3, #0
10007418:	d000      	beq.n	1000741c <cyw43_ll_bus_init+0x2d8>
1000741a:	e18d      	b.n	10007738 <cyw43_ll_bus_init+0x5f4>
1000741c:	2e50      	cmp	r6, #80	@ 0x50
1000741e:	dc00      	bgt.n	10007422 <cyw43_ll_bus_init+0x2de>
10007420:	e18a      	b.n	10007738 <cyw43_ll_bus_init+0x5f4>
10007422:	4b11      	ldr	r3, [pc, #68]	@ (10007468 <cyw43_ll_bus_init+0x324>)
10007424:	2550      	movs	r5, #80	@ 0x50
10007426:	4699      	mov	r9, r3
10007428:	4b10      	ldr	r3, [pc, #64]	@ (1000746c <cyw43_ll_bus_init+0x328>)
1000742a:	4453      	add	r3, sl
1000742c:	4698      	mov	r8, r3
1000742e:	e023      	b.n	10007478 <cyw43_ll_bus_init+0x334>
10007430:	40054000 	.word	0x40054000
10007434:	feedbead 	.word	0xfeedbead
10007438:	10009b98 	.word	0x10009b98
1000743c:	000204b3 	.word	0x000204b3
10007440:	0001000e 	.word	0x0001000e
10007444:	10009bec 	.word	0x10009bec
10007448:	18103800 	.word	0x18103800
1000744c:	18104800 	.word	0x18104800
10007450:	0000c010 	.word	0x0000c010
10007454:	0000c044 	.word	0x0000c044
10007458:	1000a048 	.word	0x1000a048
1000745c:	0000030e 	.word	0x0000030e
10007460:	0003689e 	.word	0x0003689e
10007464:	0000030d 	.word	0x0000030d
10007468:	10009bb8 	.word	0x10009bb8
1000746c:	00036bab 	.word	0x00036bab
10007470:	3501      	adds	r5, #1
10007472:	42ae      	cmp	r6, r5
10007474:	dc00      	bgt.n	10007478 <cyw43_ll_bus_init+0x334>
10007476:	e15f      	b.n	10007738 <cyw43_ll_bus_init+0x5f4>
10007478:	4643      	mov	r3, r8
1000747a:	2209      	movs	r2, #9
1000747c:	4649      	mov	r1, r9
1000747e:	1b58      	subs	r0, r3, r5
10007480:	f001 fca2 	bl	10008dc8 <strncmp>
10007484:	2800      	cmp	r0, #0
10007486:	d1f3      	bne.n	10007470 <cyw43_ll_bus_init+0x32c>
10007488:	4653      	mov	r3, sl
1000748a:	2100      	movs	r1, #0
1000748c:	0020      	movs	r0, r4
1000748e:	4ae0      	ldr	r2, [pc, #896]	@ (10007810 <cyw43_ll_bus_init+0x6cc>)
10007490:	f7ff f98e 	bl	100067b0 <cyw43_download_resource>
10007494:	1e05      	subs	r5, r0, #0
10007496:	d000      	beq.n	1000749a <cyw43_ll_bus_init+0x356>
10007498:	e67c      	b.n	10007194 <cyw43_ll_bus_init+0x50>
1000749a:	22ba      	movs	r2, #186	@ 0xba
1000749c:	4bdd      	ldr	r3, [pc, #884]	@ (10007814 <cyw43_ll_bus_init+0x6d0>)
1000749e:	49de      	ldr	r1, [pc, #888]	@ (10007818 <cyw43_ll_bus_init+0x6d4>)
100074a0:	0092      	lsls	r2, r2, #2
100074a2:	0020      	movs	r0, r4
100074a4:	f7ff f984 	bl	100067b0 <cyw43_download_resource>
100074a8:	4bdc      	ldr	r3, [pc, #880]	@ (1000781c <cyw43_ll_bus_init+0x6d8>)
100074aa:	2204      	movs	r2, #4
100074ac:	0020      	movs	r0, r4
100074ae:	49dc      	ldr	r1, [pc, #880]	@ (10007820 <cyw43_ll_bus_init+0x6dc>)
100074b0:	f7ff faea 	bl	10006a88 <cyw43_write_backplane>
100074b4:	2101      	movs	r1, #1
100074b6:	0020      	movs	r0, r4
100074b8:	f7ff fb6c 	bl	10006b94 <reset_device_core.constprop.0>
100074bc:	0020      	movs	r0, r4
100074be:	49d9      	ldr	r1, [pc, #868]	@ (10007824 <cyw43_ll_bus_init+0x6e0>)
100074c0:	f7ff fa70 	bl	100069a4 <cyw43_read_backplane.constprop.0>
100074c4:	2303      	movs	r3, #3
100074c6:	4003      	ands	r3, r0
100074c8:	2b01      	cmp	r3, #1
100074ca:	d002      	beq.n	100074d2 <cyw43_ll_bus_init+0x38e>
100074cc:	48d6      	ldr	r0, [pc, #856]	@ (10007828 <cyw43_ll_bus_init+0x6e4>)
100074ce:	f7fc fcb9 	bl	10003e44 <__wrap_puts>
100074d2:	0020      	movs	r0, r4
100074d4:	49d5      	ldr	r1, [pc, #852]	@ (1000782c <cyw43_ll_bus_init+0x6e8>)
100074d6:	f7ff fa65 	bl	100069a4 <cyw43_read_backplane.constprop.0>
100074da:	07c0      	lsls	r0, r0, #31
100074dc:	d500      	bpl.n	100074e0 <cyw43_ll_bus_init+0x39c>
100074de:	e22a      	b.n	10007936 <cyw43_ll_bus_init+0x7f2>
100074e0:	26fa      	movs	r6, #250	@ 0xfa
100074e2:	2380      	movs	r3, #128	@ 0x80
100074e4:	00b6      	lsls	r6, r6, #2
100074e6:	4698      	mov	r8, r3
100074e8:	e006      	b.n	100074f8 <cyw43_ll_bus_init+0x3b4>
100074ea:	2001      	movs	r0, #1
100074ec:	3e01      	subs	r6, #1
100074ee:	f001 f8c1 	bl	10008674 <cyw43_delay_ms>
100074f2:	2e00      	cmp	r6, #0
100074f4:	d100      	bne.n	100074f8 <cyw43_ll_bus_init+0x3b4>
100074f6:	e290      	b.n	10007a1a <cyw43_ll_bus_init+0x8d6>
100074f8:	2101      	movs	r1, #1
100074fa:	0020      	movs	r0, r4
100074fc:	4acc      	ldr	r2, [pc, #816]	@ (10007830 <cyw43_ll_bus_init+0x6ec>)
100074fe:	f7fe f961 	bl	100057c4 <cyw43_read_reg_u8>
10007502:	4643      	mov	r3, r8
10007504:	4203      	tst	r3, r0
10007506:	d0f0      	beq.n	100074ea <cyw43_ll_bus_init+0x3a6>
10007508:	23f0      	movs	r3, #240	@ 0xf0
1000750a:	2204      	movs	r2, #4
1000750c:	0020      	movs	r0, r4
1000750e:	49c9      	ldr	r1, [pc, #804]	@ (10007834 <cyw43_ll_bus_init+0x6f0>)
10007510:	f7ff faba 	bl	10006a88 <cyw43_write_backplane>
10007514:	2320      	movs	r3, #32
10007516:	2101      	movs	r1, #1
10007518:	0020      	movs	r0, r4
1000751a:	4ac7      	ldr	r2, [pc, #796]	@ (10007838 <cyw43_ll_bus_init+0x6f4>)
1000751c:	f7fe fc98 	bl	10005e50 <cyw43_write_reg_u8>
10007520:	26fa      	movs	r6, #250	@ 0xfa
10007522:	2320      	movs	r3, #32
10007524:	00b6      	lsls	r6, r6, #2
10007526:	4698      	mov	r8, r3
10007528:	e006      	b.n	10007538 <cyw43_ll_bus_init+0x3f4>
1000752a:	2001      	movs	r0, #1
1000752c:	3e01      	subs	r6, #1
1000752e:	f001 f8a1 	bl	10008674 <cyw43_delay_ms>
10007532:	2e00      	cmp	r6, #0
10007534:	d100      	bne.n	10007538 <cyw43_ll_bus_init+0x3f4>
10007536:	e275      	b.n	10007a24 <cyw43_ll_bus_init+0x8e0>
10007538:	2208      	movs	r2, #8
1000753a:	2100      	movs	r1, #0
1000753c:	0020      	movs	r0, r4
1000753e:	f7fe f8f1 	bl	10005724 <cyw43_read_reg_u32>
10007542:	4643      	mov	r3, r8
10007544:	4203      	tst	r3, r0
10007546:	d0f0      	beq.n	1000752a <cyw43_ll_bus_init+0x3e6>
10007548:	2101      	movs	r1, #1
1000754a:	4abc      	ldr	r2, [pc, #752]	@ (1000783c <cyw43_ll_bus_init+0x6f8>)
1000754c:	0020      	movs	r0, r4
1000754e:	f7fe f939 	bl	100057c4 <cyw43_read_reg_u8>
10007552:	2202      	movs	r2, #2
10007554:	b2c3      	uxtb	r3, r0
10007556:	4313      	orrs	r3, r2
10007558:	2101      	movs	r1, #1
1000755a:	4ab8      	ldr	r2, [pc, #736]	@ (1000783c <cyw43_ll_bus_init+0x6f8>)
1000755c:	0020      	movs	r0, r4
1000755e:	f7fe fc77 	bl	10005e50 <cyw43_write_reg_u8>
10007562:	2308      	movs	r3, #8
10007564:	22f0      	movs	r2, #240	@ 0xf0
10007566:	2100      	movs	r1, #0
10007568:	0020      	movs	r0, r4
1000756a:	f7fe fc71 	bl	10005e50 <cyw43_write_reg_u8>
1000756e:	2302      	movs	r3, #2
10007570:	2101      	movs	r1, #1
10007572:	4aaf      	ldr	r2, [pc, #700]	@ (10007830 <cyw43_ll_bus_init+0x6ec>)
10007574:	0020      	movs	r0, r4
10007576:	f7fe fc6b 	bl	10005e50 <cyw43_write_reg_u8>
1000757a:	2101      	movs	r1, #1
1000757c:	0020      	movs	r0, r4
1000757e:	4ab0      	ldr	r2, [pc, #704]	@ (10007840 <cyw43_ll_bus_init+0x6fc>)
10007580:	f7fe f920 	bl	100057c4 <cyw43_read_reg_u8>
10007584:	07c3      	lsls	r3, r0, #31
10007586:	d400      	bmi.n	1000758a <cyw43_ll_bus_init+0x446>
10007588:	e1dd      	b.n	10007946 <cyw43_ll_bus_init+0x802>
1000758a:	230f      	movs	r3, #15
1000758c:	2101      	movs	r1, #1
1000758e:	4aad      	ldr	r2, [pc, #692]	@ (10007844 <cyw43_ll_bus_init+0x700>)
10007590:	0020      	movs	r0, r4
10007592:	f7fe fc5d 	bl	10005e50 <cyw43_write_reg_u8>
10007596:	2300      	movs	r3, #0
10007598:	2101      	movs	r1, #1
1000759a:	4aaa      	ldr	r2, [pc, #680]	@ (10007844 <cyw43_ll_bus_init+0x700>)
1000759c:	0020      	movs	r0, r4
1000759e:	f7fe fc57 	bl	10005e50 <cyw43_write_reg_u8>
100075a2:	2101      	movs	r1, #1
100075a4:	4aa7      	ldr	r2, [pc, #668]	@ (10007844 <cyw43_ll_bus_init+0x700>)
100075a6:	0020      	movs	r0, r4
100075a8:	f7fe f90c 	bl	100057c4 <cyw43_read_reg_u8>
100075ac:	2204      	movs	r2, #4
100075ae:	2100      	movs	r1, #0
100075b0:	0020      	movs	r0, r4
100075b2:	f7fe f8df 	bl	10005774 <cyw43_read_reg_u16>
100075b6:	07c3      	lsls	r3, r0, #31
100075b8:	d500      	bpl.n	100075bc <cyw43_ll_bus_init+0x478>
100075ba:	e1cd      	b.n	10007958 <cyw43_ll_bus_init+0x814>
100075bc:	26c0      	movs	r6, #192	@ 0xc0
100075be:	68a3      	ldr	r3, [r4, #8]
100075c0:	0576      	lsls	r6, r6, #21
100075c2:	42b3      	cmp	r3, r6
100075c4:	d012      	beq.n	100075ec <cyw43_ll_bus_init+0x4a8>
100075c6:	2280      	movs	r2, #128	@ 0x80
100075c8:	4073      	eors	r3, r6
100075ca:	0452      	lsls	r2, r2, #17
100075cc:	4293      	cmp	r3, r2
100075ce:	d300      	bcc.n	100075d2 <cyw43_ll_bus_init+0x48e>
100075d0:	e21a      	b.n	10007a08 <cyw43_ll_bus_init+0x8c4>
100075d2:	22ff      	movs	r2, #255	@ 0xff
100075d4:	0412      	lsls	r2, r2, #16
100075d6:	4213      	tst	r3, r2
100075d8:	d000      	beq.n	100075dc <cyw43_ll_bus_init+0x498>
100075da:	e209      	b.n	100079f0 <cyw43_ll_bus_init+0x8ac>
100075dc:	22ff      	movs	r2, #255	@ 0xff
100075de:	0212      	lsls	r2, r2, #8
100075e0:	4213      	tst	r3, r2
100075e2:	d000      	beq.n	100075e6 <cyw43_ll_bus_init+0x4a2>
100075e4:	e1fc      	b.n	100079e0 <cyw43_ll_bus_init+0x89c>
100075e6:	23c0      	movs	r3, #192	@ 0xc0
100075e8:	055b      	lsls	r3, r3, #21
100075ea:	60a3      	str	r3, [r4, #8]
100075ec:	26c0      	movs	r6, #192	@ 0xc0
100075ee:	2101      	movs	r1, #1
100075f0:	0020      	movs	r0, r4
100075f2:	4a95      	ldr	r2, [pc, #596]	@ (10007848 <cyw43_ll_bus_init+0x704>)
100075f4:	f7fe f896 	bl	10005724 <cyw43_read_reg_u32>
100075f8:	68a3      	ldr	r3, [r4, #8]
100075fa:	0576      	lsls	r6, r6, #21
100075fc:	42b3      	cmp	r3, r6
100075fe:	d012      	beq.n	10007626 <cyw43_ll_bus_init+0x4e2>
10007600:	2280      	movs	r2, #128	@ 0x80
10007602:	4073      	eors	r3, r6
10007604:	0452      	lsls	r2, r2, #17
10007606:	4293      	cmp	r3, r2
10007608:	d300      	bcc.n	1000760c <cyw43_ll_bus_init+0x4c8>
1000760a:	e1d8      	b.n	100079be <cyw43_ll_bus_init+0x87a>
1000760c:	22ff      	movs	r2, #255	@ 0xff
1000760e:	0412      	lsls	r2, r2, #16
10007610:	4213      	tst	r3, r2
10007612:	d000      	beq.n	10007616 <cyw43_ll_bus_init+0x4d2>
10007614:	e1c7      	b.n	100079a6 <cyw43_ll_bus_init+0x862>
10007616:	22ff      	movs	r2, #255	@ 0xff
10007618:	0212      	lsls	r2, r2, #8
1000761a:	4213      	tst	r3, r2
1000761c:	d000      	beq.n	10007620 <cyw43_ll_bus_init+0x4dc>
1000761e:	e1d7      	b.n	100079d0 <cyw43_ll_bus_init+0x88c>
10007620:	23c0      	movs	r3, #192	@ 0xc0
10007622:	055b      	lsls	r3, r3, #21
10007624:	60a3      	str	r3, [r4, #8]
10007626:	0020      	movs	r0, r4
10007628:	f000 fba6 	bl	10007d78 <cyw43_cb_ensure_awake>
1000762c:	7ca3      	ldrb	r3, [r4, #18]
1000762e:	2b00      	cmp	r3, #0
10007630:	d105      	bne.n	1000763e <cyw43_ll_bus_init+0x4fa>
10007632:	2101      	movs	r1, #1
10007634:	0020      	movs	r0, r4
10007636:	f7fe fe7f 	bl	10006338 <cyw43_kso_set>
1000763a:	2301      	movs	r3, #1
1000763c:	74a3      	strb	r3, [r4, #18]
1000763e:	2344      	movs	r3, #68	@ 0x44
10007640:	4e82      	ldr	r6, [pc, #520]	@ (1000784c <cyw43_ll_bus_init+0x708>)
10007642:	4698      	mov	r8, r3
10007644:	0031      	movs	r1, r6
10007646:	44a0      	add	r8, r4
10007648:	2208      	movs	r2, #8
1000764a:	312c      	adds	r1, #44	@ 0x2c
1000764c:	4640      	mov	r0, r8
1000764e:	f7fa febf 	bl	100023d0 <__wrap___aeabi_memcpy>
10007652:	4b7f      	ldr	r3, [pc, #508]	@ (10007850 <cyw43_ll_bus_init+0x70c>)
10007654:	22f6      	movs	r2, #246	@ 0xf6
10007656:	21db      	movs	r1, #219	@ 0xdb
10007658:	64e3      	str	r3, [r4, #76]	@ 0x4c
1000765a:	0020      	movs	r0, r4
1000765c:	2300      	movs	r3, #0
1000765e:	0092      	lsls	r2, r2, #2
10007660:	0289      	lsls	r1, r1, #10
10007662:	4451      	add	r1, sl
10007664:	6522      	str	r2, [r4, #80]	@ 0x50
10007666:	6563      	str	r3, [r4, #84]	@ 0x54
10007668:	3058      	adds	r0, #88	@ 0x58
1000766a:	4699      	mov	r9, r3
1000766c:	f7fa feb0 	bl	100023d0 <__wrap___aeabi_memcpy>
10007670:	2208      	movs	r2, #8
10007672:	32ff      	adds	r2, #255	@ 0xff
10007674:	4692      	mov	sl, r2
10007676:	6362      	str	r2, [r4, #52]	@ 0x34
10007678:	22fc      	movs	r2, #252	@ 0xfc
1000767a:	0092      	lsls	r2, r2, #2
1000767c:	4693      	mov	fp, r2
1000767e:	63a2      	str	r2, [r4, #56]	@ 0x38
10007680:	2202      	movs	r2, #2
10007682:	8a23      	ldrh	r3, [r4, #16]
10007684:	2100      	movs	r1, #0
10007686:	3301      	adds	r3, #1
10007688:	b29b      	uxth	r3, r3
1000768a:	8223      	strh	r3, [r4, #16]
1000768c:	041b      	lsls	r3, r3, #16
1000768e:	4313      	orrs	r3, r2
10007690:	63e3      	str	r3, [r4, #60]	@ 0x3c
10007692:	464b      	mov	r3, r9
10007694:	6423      	str	r3, [r4, #64]	@ 0x40
10007696:	3328      	adds	r3, #40	@ 0x28
10007698:	4699      	mov	r9, r3
1000769a:	2280      	movs	r2, #128	@ 0x80
1000769c:	44a1      	add	r9, r4
1000769e:	464b      	mov	r3, r9
100076a0:	0020      	movs	r0, r4
100076a2:	00d2      	lsls	r2, r2, #3
100076a4:	f7fe ffa4 	bl	100065f0 <cyw43_sdpcm_send_common>
100076a8:	2800      	cmp	r0, #0
100076aa:	d107      	bne.n	100076bc <cyw43_ll_bus_init+0x578>
100076ac:	4643      	mov	r3, r8
100076ae:	4652      	mov	r2, sl
100076b0:	9300      	str	r3, [sp, #0]
100076b2:	2102      	movs	r1, #2
100076b4:	465b      	mov	r3, fp
100076b6:	0020      	movs	r0, r4
100076b8:	f7ff f818 	bl	100066ec <cyw43_do_ioctl.part.0>
100076bc:	0031      	movs	r1, r6
100076be:	2213      	movs	r2, #19
100076c0:	3138      	adds	r1, #56	@ 0x38
100076c2:	4640      	mov	r0, r8
100076c4:	f7fa fe84 	bl	100023d0 <__wrap___aeabi_memcpy>
100076c8:	8a23      	ldrh	r3, [r4, #16]
100076ca:	2283      	movs	r2, #131	@ 0x83
100076cc:	3301      	adds	r3, #1
100076ce:	b29b      	uxth	r3, r3
100076d0:	8223      	strh	r3, [r4, #16]
100076d2:	041b      	lsls	r3, r3, #16
100076d4:	63e3      	str	r3, [r4, #60]	@ 0x3c
100076d6:	2300      	movs	r3, #0
100076d8:	0052      	lsls	r2, r2, #1
100076da:	4692      	mov	sl, r2
100076dc:	6362      	str	r2, [r4, #52]	@ 0x34
100076de:	3af3      	subs	r2, #243	@ 0xf3
100076e0:	63a2      	str	r2, [r4, #56]	@ 0x38
100076e2:	6423      	str	r3, [r4, #64]	@ 0x40
100076e4:	2100      	movs	r1, #0
100076e6:	464b      	mov	r3, r9
100076e8:	0020      	movs	r0, r4
100076ea:	3210      	adds	r2, #16
100076ec:	f7fe ff80 	bl	100065f0 <cyw43_sdpcm_send_common>
100076f0:	2800      	cmp	r0, #0
100076f2:	d107      	bne.n	10007704 <cyw43_ll_bus_init+0x5c0>
100076f4:	4643      	mov	r3, r8
100076f6:	4652      	mov	r2, sl
100076f8:	9300      	str	r3, [sp, #0]
100076fa:	2100      	movs	r1, #0
100076fc:	2313      	movs	r3, #19
100076fe:	0020      	movs	r0, r4
10007700:	f7fe fff4 	bl	100066ec <cyw43_do_ioctl.part.0>
10007704:	6c63      	ldr	r3, [r4, #68]	@ 0x44
10007706:	2b00      	cmp	r3, #0
10007708:	d000      	beq.n	1000770c <cyw43_ll_bus_init+0x5c8>
1000770a:	e118      	b.n	1000793e <cyw43_ll_bus_init+0x7fa>
1000770c:	2200      	movs	r2, #0
1000770e:	0020      	movs	r0, r4
10007710:	4950      	ldr	r1, [pc, #320]	@ (10007854 <cyw43_ll_bus_init+0x710>)
10007712:	f7ff f8b5 	bl	10006880 <cyw43_write_iovar_u32.constprop.0>
10007716:	2201      	movs	r2, #1
10007718:	0020      	movs	r0, r4
1000771a:	494f      	ldr	r1, [pc, #316]	@ (10007858 <cyw43_ll_bus_init+0x714>)
1000771c:	f7ff f8b0 	bl	10006880 <cyw43_write_iovar_u32.constprop.0>
10007720:	2f00      	cmp	r7, #0
10007722:	d100      	bne.n	10007726 <cyw43_ll_bus_init+0x5e2>
10007724:	e11f      	b.n	10007966 <cyw43_ll_bus_init+0x822>
10007726:	2300      	movs	r3, #0
10007728:	2206      	movs	r2, #6
1000772a:	9300      	str	r3, [sp, #0]
1000772c:	0020      	movs	r0, r4
1000772e:	003b      	movs	r3, r7
10007730:	494a      	ldr	r1, [pc, #296]	@ (1000785c <cyw43_ll_bus_init+0x718>)
10007732:	f7ff f8f1 	bl	10006918 <cyw43_write_iovar_n>
10007736:	e52d      	b.n	10007194 <cyw43_ll_bus_init+0x50>
10007738:	4849      	ldr	r0, [pc, #292]	@ (10007860 <cyw43_ll_bus_init+0x71c>)
1000773a:	f7fc fb83 	bl	10003e44 <__wrap_puts>
1000773e:	e527      	b.n	10007190 <cyw43_ll_bus_init+0x4c>
10007740:	23c0      	movs	r3, #192	@ 0xc0
10007742:	4a48      	ldr	r2, [pc, #288]	@ (10007864 <cyw43_ll_bus_init+0x720>)
10007744:	015b      	lsls	r3, r3, #5
10007746:	2101      	movs	r1, #1
10007748:	0020      	movs	r0, r4
1000774a:	f7fe fb81 	bl	10005e50 <cyw43_write_reg_u8>
1000774e:	23c0      	movs	r3, #192	@ 0xc0
10007750:	68a2      	ldr	r2, [r4, #8]
10007752:	055b      	lsls	r3, r3, #21
10007754:	4053      	eors	r3, r2
10007756:	e60d      	b.n	10007374 <cyw43_ll_bus_init+0x230>
10007758:	2318      	movs	r3, #24
1000775a:	2101      	movs	r1, #1
1000775c:	0020      	movs	r0, r4
1000775e:	4a42      	ldr	r2, [pc, #264]	@ (10007868 <cyw43_ll_bus_init+0x724>)
10007760:	f7fe fb76 	bl	10005e50 <cyw43_write_reg_u8>
10007764:	68a3      	ldr	r3, [r4, #8]
10007766:	406b      	eors	r3, r5
10007768:	e5ff      	b.n	1000736a <cyw43_ll_bus_init+0x226>
1000776a:	23c0      	movs	r3, #192	@ 0xc0
1000776c:	2101      	movs	r1, #1
1000776e:	0020      	movs	r0, r4
10007770:	4a3e      	ldr	r2, [pc, #248]	@ (1000786c <cyw43_ll_bus_init+0x728>)
10007772:	035b      	lsls	r3, r3, #13
10007774:	f7fe fb6c 	bl	10005e50 <cyw43_write_reg_u8>
10007778:	e61f      	b.n	100073ba <cyw43_ll_bus_init+0x276>
1000777a:	23c0      	movs	r3, #192	@ 0xc0
1000777c:	4a39      	ldr	r2, [pc, #228]	@ (10007864 <cyw43_ll_bus_init+0x720>)
1000777e:	015b      	lsls	r3, r3, #5
10007780:	2101      	movs	r1, #1
10007782:	0020      	movs	r0, r4
10007784:	f7fe fb64 	bl	10005e50 <cyw43_write_reg_u8>
10007788:	23c0      	movs	r3, #192	@ 0xc0
1000778a:	68a2      	ldr	r2, [r4, #8]
1000778c:	055b      	lsls	r3, r3, #21
1000778e:	4053      	eors	r3, r2
10007790:	e60e      	b.n	100073b0 <cyw43_ll_bus_init+0x26c>
10007792:	2318      	movs	r3, #24
10007794:	2101      	movs	r1, #1
10007796:	0020      	movs	r0, r4
10007798:	4a33      	ldr	r2, [pc, #204]	@ (10007868 <cyw43_ll_bus_init+0x724>)
1000779a:	f7fe fb59 	bl	10005e50 <cyw43_write_reg_u8>
1000779e:	68a3      	ldr	r3, [r4, #8]
100077a0:	406b      	eors	r3, r5
100077a2:	e600      	b.n	100073a6 <cyw43_ll_bus_init+0x262>
100077a4:	23c0      	movs	r3, #192	@ 0xc0
100077a6:	2101      	movs	r1, #1
100077a8:	0020      	movs	r0, r4
100077aa:	4a30      	ldr	r2, [pc, #192]	@ (1000786c <cyw43_ll_bus_init+0x728>)
100077ac:	035b      	lsls	r3, r3, #13
100077ae:	f7fe fb4f 	bl	10005e50 <cyw43_write_reg_u8>
100077b2:	e5e4      	b.n	1000737e <cyw43_ll_bus_init+0x23a>
100077b4:	23c0      	movs	r3, #192	@ 0xc0
100077b6:	4a2b      	ldr	r2, [pc, #172]	@ (10007864 <cyw43_ll_bus_init+0x720>)
100077b8:	015b      	lsls	r3, r3, #5
100077ba:	2101      	movs	r1, #1
100077bc:	0020      	movs	r0, r4
100077be:	f7fe fb47 	bl	10005e50 <cyw43_write_reg_u8>
100077c2:	23c0      	movs	r3, #192	@ 0xc0
100077c4:	68a2      	ldr	r2, [r4, #8]
100077c6:	055b      	lsls	r3, r3, #21
100077c8:	4053      	eors	r3, r2
100077ca:	e60f      	b.n	100073ec <cyw43_ll_bus_init+0x2a8>
100077cc:	2318      	movs	r3, #24
100077ce:	2101      	movs	r1, #1
100077d0:	0020      	movs	r0, r4
100077d2:	4a25      	ldr	r2, [pc, #148]	@ (10007868 <cyw43_ll_bus_init+0x724>)
100077d4:	f7fe fb3c 	bl	10005e50 <cyw43_write_reg_u8>
100077d8:	68a3      	ldr	r3, [r4, #8]
100077da:	406b      	eors	r3, r5
100077dc:	e601      	b.n	100073e2 <cyw43_ll_bus_init+0x29e>
100077de:	23c0      	movs	r3, #192	@ 0xc0
100077e0:	2101      	movs	r1, #1
100077e2:	0020      	movs	r0, r4
100077e4:	4a21      	ldr	r2, [pc, #132]	@ (1000786c <cyw43_ll_bus_init+0x728>)
100077e6:	035b      	lsls	r3, r3, #13
100077e8:	f7fe fb32 	bl	10005e50 <cyw43_write_reg_u8>
100077ec:	e603      	b.n	100073f6 <cyw43_ll_bus_init+0x2b2>
100077ee:	2318      	movs	r3, #24
100077f0:	2101      	movs	r1, #1
100077f2:	0020      	movs	r0, r4
100077f4:	4a1c      	ldr	r2, [pc, #112]	@ (10007868 <cyw43_ll_bus_init+0x724>)
100077f6:	f7fe fb2b 	bl	10005e50 <cyw43_write_reg_u8>
100077fa:	68a3      	ldr	r3, [r4, #8]
100077fc:	406b      	eors	r3, r5
100077fe:	e572      	b.n	100072e6 <cyw43_ll_bus_init+0x1a2>
10007800:	23c0      	movs	r3, #192	@ 0xc0
10007802:	2101      	movs	r1, #1
10007804:	0020      	movs	r0, r4
10007806:	4a19      	ldr	r2, [pc, #100]	@ (1000786c <cyw43_ll_bus_init+0x728>)
10007808:	035b      	lsls	r3, r3, #13
1000780a:	f7fe fb21 	bl	10005e50 <cyw43_write_reg_u8>
1000780e:	e54f      	b.n	100072b0 <cyw43_ll_bus_init+0x16c>
10007810:	00036bc0 	.word	0x00036bc0
10007814:	10041020 	.word	0x10041020
10007818:	0007fd14 	.word	0x0007fd14
1000781c:	ff4500ba 	.word	0xff4500ba
10007820:	0007fffc 	.word	0x0007fffc
10007824:	18103408 	.word	0x18103408
10007828:	10009c18 	.word	0x10009c18
1000782c:	18103800 	.word	0x18103800
10007830:	0001000e 	.word	0x0001000e
10007834:	18002024 	.word	0x18002024
10007838:	00010008 	.word	0x00010008
1000783c:	0001001e 	.word	0x0001001e
10007840:	0001001f 	.word	0x0001001f
10007844:	0001000f 	.word	0x0001000f
10007848:	00008508 	.word	0x00008508
1000784c:	10041308 	.word	0x10041308
10007850:	00021006 	.word	0x00021006
10007854:	10009b44 	.word	0x10009b44
10007858:	10009b50 	.word	0x10009b50
1000785c:	10009c74 	.word	0x10009c74
10007860:	10009bc4 	.word	0x10009bc4
10007864:	0001000b 	.word	0x0001000b
10007868:	0001000c 	.word	0x0001000c
1000786c:	0001000a 	.word	0x0001000a
10007870:	23c0      	movs	r3, #192	@ 0xc0
10007872:	4a73      	ldr	r2, [pc, #460]	@ (10007a40 <cyw43_ll_bus_init+0x8fc>)
10007874:	015b      	lsls	r3, r3, #5
10007876:	2101      	movs	r1, #1
10007878:	0020      	movs	r0, r4
1000787a:	f7fe fae9 	bl	10005e50 <cyw43_write_reg_u8>
1000787e:	23c0      	movs	r3, #192	@ 0xc0
10007880:	68a2      	ldr	r2, [r4, #8]
10007882:	055b      	lsls	r3, r3, #21
10007884:	4053      	eors	r3, r2
10007886:	e50e      	b.n	100072a6 <cyw43_ll_bus_init+0x162>
10007888:	2318      	movs	r3, #24
1000788a:	2101      	movs	r1, #1
1000788c:	0020      	movs	r0, r4
1000788e:	4a6d      	ldr	r2, [pc, #436]	@ (10007a44 <cyw43_ll_bus_init+0x900>)
10007890:	f7fe fade 	bl	10005e50 <cyw43_write_reg_u8>
10007894:	68a3      	ldr	r3, [r4, #8]
10007896:	4073      	eors	r3, r6
10007898:	e500      	b.n	1000729c <cyw43_ll_bus_init+0x158>
1000789a:	23c0      	movs	r3, #192	@ 0xc0
1000789c:	2101      	movs	r1, #1
1000789e:	0020      	movs	r0, r4
100078a0:	4a69      	ldr	r2, [pc, #420]	@ (10007a48 <cyw43_ll_bus_init+0x904>)
100078a2:	035b      	lsls	r3, r3, #13
100078a4:	f7fe fad4 	bl	10005e50 <cyw43_write_reg_u8>
100078a8:	e4df      	b.n	1000726a <cyw43_ll_bus_init+0x126>
100078aa:	23c0      	movs	r3, #192	@ 0xc0
100078ac:	4a64      	ldr	r2, [pc, #400]	@ (10007a40 <cyw43_ll_bus_init+0x8fc>)
100078ae:	015b      	lsls	r3, r3, #5
100078b0:	2101      	movs	r1, #1
100078b2:	0020      	movs	r0, r4
100078b4:	f7fe facc 	bl	10005e50 <cyw43_write_reg_u8>
100078b8:	23c0      	movs	r3, #192	@ 0xc0
100078ba:	68a2      	ldr	r2, [r4, #8]
100078bc:	055b      	lsls	r3, r3, #21
100078be:	4053      	eors	r3, r2
100078c0:	e4ce      	b.n	10007260 <cyw43_ll_bus_init+0x11c>
100078c2:	2318      	movs	r3, #24
100078c4:	2101      	movs	r1, #1
100078c6:	0020      	movs	r0, r4
100078c8:	4a5e      	ldr	r2, [pc, #376]	@ (10007a44 <cyw43_ll_bus_init+0x900>)
100078ca:	f7fe fac1 	bl	10005e50 <cyw43_write_reg_u8>
100078ce:	68a3      	ldr	r3, [r4, #8]
100078d0:	406b      	eors	r3, r5
100078d2:	e4c0      	b.n	10007256 <cyw43_ll_bus_init+0x112>
100078d4:	23c0      	movs	r3, #192	@ 0xc0
100078d6:	4a5a      	ldr	r2, [pc, #360]	@ (10007a40 <cyw43_ll_bus_init+0x8fc>)
100078d8:	015b      	lsls	r3, r3, #5
100078da:	2101      	movs	r1, #1
100078dc:	0020      	movs	r0, r4
100078de:	f7fe fab7 	bl	10005e50 <cyw43_write_reg_u8>
100078e2:	23c0      	movs	r3, #192	@ 0xc0
100078e4:	68a2      	ldr	r2, [r4, #8]
100078e6:	055b      	lsls	r3, r3, #21
100078e8:	4053      	eors	r3, r2
100078ea:	e524      	b.n	10007336 <cyw43_ll_bus_init+0x1f2>
100078ec:	2318      	movs	r3, #24
100078ee:	2101      	movs	r1, #1
100078f0:	0020      	movs	r0, r4
100078f2:	4a54      	ldr	r2, [pc, #336]	@ (10007a44 <cyw43_ll_bus_init+0x900>)
100078f4:	f7fe faac 	bl	10005e50 <cyw43_write_reg_u8>
100078f8:	68a3      	ldr	r3, [r4, #8]
100078fa:	4073      	eors	r3, r6
100078fc:	e516      	b.n	1000732c <cyw43_ll_bus_init+0x1e8>
100078fe:	23c0      	movs	r3, #192	@ 0xc0
10007900:	2101      	movs	r1, #1
10007902:	0020      	movs	r0, r4
10007904:	4a50      	ldr	r2, [pc, #320]	@ (10007a48 <cyw43_ll_bus_init+0x904>)
10007906:	035b      	lsls	r3, r3, #13
10007908:	f7fe faa2 	bl	10005e50 <cyw43_write_reg_u8>
1000790c:	e4f5      	b.n	100072fa <cyw43_ll_bus_init+0x1b6>
1000790e:	23c0      	movs	r3, #192	@ 0xc0
10007910:	4a4b      	ldr	r2, [pc, #300]	@ (10007a40 <cyw43_ll_bus_init+0x8fc>)
10007912:	015b      	lsls	r3, r3, #5
10007914:	2101      	movs	r1, #1
10007916:	0020      	movs	r0, r4
10007918:	f7fe fa9a 	bl	10005e50 <cyw43_write_reg_u8>
1000791c:	23c0      	movs	r3, #192	@ 0xc0
1000791e:	68a2      	ldr	r2, [r4, #8]
10007920:	055b      	lsls	r3, r3, #21
10007922:	4053      	eors	r3, r2
10007924:	e4e4      	b.n	100072f0 <cyw43_ll_bus_init+0x1ac>
10007926:	23c0      	movs	r3, #192	@ 0xc0
10007928:	2101      	movs	r1, #1
1000792a:	0020      	movs	r0, r4
1000792c:	4a46      	ldr	r2, [pc, #280]	@ (10007a48 <cyw43_ll_bus_init+0x904>)
1000792e:	035b      	lsls	r3, r3, #13
10007930:	f7fe fa8e 	bl	10005e50 <cyw43_write_reg_u8>
10007934:	e504      	b.n	10007340 <cyw43_ll_bus_init+0x1fc>
10007936:	4845      	ldr	r0, [pc, #276]	@ (10007a4c <cyw43_ll_bus_init+0x908>)
10007938:	f7fc fa84 	bl	10003e44 <__wrap_puts>
1000793c:	e5d0      	b.n	100074e0 <cyw43_ll_bus_init+0x39c>
1000793e:	4844      	ldr	r0, [pc, #272]	@ (10007a50 <cyw43_ll_bus_init+0x90c>)
10007940:	f7fc fa80 	bl	10003e44 <__wrap_puts>
10007944:	e6e2      	b.n	1000770c <cyw43_ll_bus_init+0x5c8>
10007946:	2301      	movs	r3, #1
10007948:	b2c0      	uxtb	r0, r0
1000794a:	4303      	orrs	r3, r0
1000794c:	2101      	movs	r1, #1
1000794e:	0020      	movs	r0, r4
10007950:	4a40      	ldr	r2, [pc, #256]	@ (10007a54 <cyw43_ll_bus_init+0x910>)
10007952:	f7fe fa7d 	bl	10005e50 <cyw43_write_reg_u8>
10007956:	e618      	b.n	1000758a <cyw43_ll_bus_init+0x446>
10007958:	b283      	uxth	r3, r0
1000795a:	2204      	movs	r2, #4
1000795c:	2100      	movs	r1, #0
1000795e:	0020      	movs	r0, r4
10007960:	f7fe f96c 	bl	10005c3c <cyw43_write_reg_u16>
10007964:	e62a      	b.n	100075bc <cyw43_ll_bus_init+0x478>
10007966:	0033      	movs	r3, r6
10007968:	6cf2      	ldr	r2, [r6, #76]	@ 0x4c
1000796a:	334c      	adds	r3, #76	@ 0x4c
1000796c:	9204      	str	r2, [sp, #16]
1000796e:	889b      	ldrh	r3, [r3, #4]
10007970:	af04      	add	r7, sp, #16
10007972:	ae02      	add	r6, sp, #8
10007974:	0031      	movs	r1, r6
10007976:	0020      	movs	r0, r4
10007978:	80bb      	strh	r3, [r7, #4]
1000797a:	f7ff fba9 	bl	100070d0 <cyw43_ll_wifi_get_mac>
1000797e:	2800      	cmp	r0, #0
10007980:	d10b      	bne.n	1000799a <cyw43_ll_bus_init+0x856>
10007982:	9a02      	ldr	r2, [sp, #8]
10007984:	9b04      	ldr	r3, [sp, #16]
10007986:	429a      	cmp	r2, r3
10007988:	d001      	beq.n	1000798e <cyw43_ll_bus_init+0x84a>
1000798a:	f7ff fc03 	bl	10007194 <cyw43_ll_bus_init+0x50>
1000798e:	88b2      	ldrh	r2, [r6, #4]
10007990:	88bb      	ldrh	r3, [r7, #4]
10007992:	429a      	cmp	r2, r3
10007994:	d001      	beq.n	1000799a <cyw43_ll_bus_init+0x856>
10007996:	f7ff fbfd 	bl	10007194 <cyw43_ll_bus_init+0x50>
1000799a:	0031      	movs	r1, r6
1000799c:	2000      	movs	r0, #0
1000799e:	f000 fe0f 	bl	100085c0 <cyw43_hal_generate_laa_mac>
100079a2:	0037      	movs	r7, r6
100079a4:	e6bf      	b.n	10007726 <cyw43_ll_bus_init+0x5e2>
100079a6:	23c0      	movs	r3, #192	@ 0xc0
100079a8:	4a25      	ldr	r2, [pc, #148]	@ (10007a40 <cyw43_ll_bus_init+0x8fc>)
100079aa:	015b      	lsls	r3, r3, #5
100079ac:	2101      	movs	r1, #1
100079ae:	0020      	movs	r0, r4
100079b0:	f7fe fa4e 	bl	10005e50 <cyw43_write_reg_u8>
100079b4:	23c0      	movs	r3, #192	@ 0xc0
100079b6:	68a2      	ldr	r2, [r4, #8]
100079b8:	055b      	lsls	r3, r3, #21
100079ba:	4053      	eors	r3, r2
100079bc:	e62b      	b.n	10007616 <cyw43_ll_bus_init+0x4d2>
100079be:	2318      	movs	r3, #24
100079c0:	2101      	movs	r1, #1
100079c2:	0020      	movs	r0, r4
100079c4:	4a1f      	ldr	r2, [pc, #124]	@ (10007a44 <cyw43_ll_bus_init+0x900>)
100079c6:	f7fe fa43 	bl	10005e50 <cyw43_write_reg_u8>
100079ca:	68a3      	ldr	r3, [r4, #8]
100079cc:	4073      	eors	r3, r6
100079ce:	e61d      	b.n	1000760c <cyw43_ll_bus_init+0x4c8>
100079d0:	23c0      	movs	r3, #192	@ 0xc0
100079d2:	2101      	movs	r1, #1
100079d4:	0020      	movs	r0, r4
100079d6:	4a1c      	ldr	r2, [pc, #112]	@ (10007a48 <cyw43_ll_bus_init+0x904>)
100079d8:	035b      	lsls	r3, r3, #13
100079da:	f7fe fa39 	bl	10005e50 <cyw43_write_reg_u8>
100079de:	e61f      	b.n	10007620 <cyw43_ll_bus_init+0x4dc>
100079e0:	23c0      	movs	r3, #192	@ 0xc0
100079e2:	2101      	movs	r1, #1
100079e4:	0020      	movs	r0, r4
100079e6:	4a18      	ldr	r2, [pc, #96]	@ (10007a48 <cyw43_ll_bus_init+0x904>)
100079e8:	035b      	lsls	r3, r3, #13
100079ea:	f7fe fa31 	bl	10005e50 <cyw43_write_reg_u8>
100079ee:	e5fa      	b.n	100075e6 <cyw43_ll_bus_init+0x4a2>
100079f0:	23c0      	movs	r3, #192	@ 0xc0
100079f2:	4a13      	ldr	r2, [pc, #76]	@ (10007a40 <cyw43_ll_bus_init+0x8fc>)
100079f4:	015b      	lsls	r3, r3, #5
100079f6:	2101      	movs	r1, #1
100079f8:	0020      	movs	r0, r4
100079fa:	f7fe fa29 	bl	10005e50 <cyw43_write_reg_u8>
100079fe:	23c0      	movs	r3, #192	@ 0xc0
10007a00:	68a2      	ldr	r2, [r4, #8]
10007a02:	055b      	lsls	r3, r3, #21
10007a04:	4053      	eors	r3, r2
10007a06:	e5e9      	b.n	100075dc <cyw43_ll_bus_init+0x498>
10007a08:	2318      	movs	r3, #24
10007a0a:	2101      	movs	r1, #1
10007a0c:	0020      	movs	r0, r4
10007a0e:	4a0d      	ldr	r2, [pc, #52]	@ (10007a44 <cyw43_ll_bus_init+0x900>)
10007a10:	f7fe fa1e 	bl	10005e50 <cyw43_write_reg_u8>
10007a14:	68a3      	ldr	r3, [r4, #8]
10007a16:	4073      	eors	r3, r6
10007a18:	e5db      	b.n	100075d2 <cyw43_ll_bus_init+0x48e>
10007a1a:	480f      	ldr	r0, [pc, #60]	@ (10007a58 <cyw43_ll_bus_init+0x914>)
10007a1c:	f7fc fa12 	bl	10003e44 <__wrap_puts>
10007a20:	f7ff fbb6 	bl	10007190 <cyw43_ll_bus_init+0x4c>
10007a24:	480d      	ldr	r0, [pc, #52]	@ (10007a5c <cyw43_ll_bus_init+0x918>)
10007a26:	f7fc fa0d 	bl	10003e44 <__wrap_puts>
10007a2a:	f7ff fbb1 	bl	10007190 <cyw43_ll_bus_init+0x4c>
10007a2e:	480c      	ldr	r0, [pc, #48]	@ (10007a60 <cyw43_ll_bus_init+0x91c>)
10007a30:	f7fc fa08 	bl	10003e44 <__wrap_puts>
10007a34:	e442      	b.n	100072bc <cyw43_ll_bus_init+0x178>
10007a36:	480a      	ldr	r0, [pc, #40]	@ (10007a60 <cyw43_ll_bus_init+0x91c>)
10007a38:	f7fc fa04 	bl	10003e44 <__wrap_puts>
10007a3c:	e486      	b.n	1000734c <cyw43_ll_bus_init+0x208>
10007a3e:	46c0      	nop			@ (mov r8, r8)
10007a40:	0001000b 	.word	0x0001000b
10007a44:	0001000c 	.word	0x0001000c
10007a48:	0001000a 	.word	0x0001000a
10007a4c:	10009c18 	.word	0x10009c18
10007a50:	10009c5c 	.word	0x10009c5c
10007a54:	0001001f 	.word	0x0001001f
10007a58:	10009c2c 	.word	0x10009c2c
10007a5c:	10009c44 	.word	0x10009c44
10007a60:	10009b28 	.word	0x10009b28

10007a64 <cyw43_ll_wifi_set_wpa_auth>:
10007a64:	2204      	movs	r2, #4
10007a66:	b510      	push	{r4, lr}
10007a68:	8a03      	ldrh	r3, [r0, #16]
10007a6a:	6442      	str	r2, [r0, #68]	@ 0x44
10007a6c:	3301      	adds	r3, #1
10007a6e:	b29b      	uxth	r3, r3
10007a70:	8203      	strh	r3, [r0, #16]
10007a72:	6382      	str	r2, [r0, #56]	@ 0x38
10007a74:	041b      	lsls	r3, r3, #16
10007a76:	3a02      	subs	r2, #2
10007a78:	4313      	orrs	r3, r2
10007a7a:	63c3      	str	r3, [r0, #60]	@ 0x3c
10007a7c:	2300      	movs	r3, #0
10007a7e:	21a5      	movs	r1, #165	@ 0xa5
10007a80:	6403      	str	r3, [r0, #64]	@ 0x40
10007a82:	0003      	movs	r3, r0
10007a84:	b082      	sub	sp, #8
10007a86:	6341      	str	r1, [r0, #52]	@ 0x34
10007a88:	3328      	adds	r3, #40	@ 0x28
10007a8a:	2100      	movs	r1, #0
10007a8c:	3212      	adds	r2, #18
10007a8e:	0004      	movs	r4, r0
10007a90:	f7fe fdae 	bl	100065f0 <cyw43_sdpcm_send_common>
10007a94:	2800      	cmp	r0, #0
10007a96:	d108      	bne.n	10007aaa <cyw43_ll_wifi_set_wpa_auth+0x46>
10007a98:	0023      	movs	r3, r4
10007a9a:	3344      	adds	r3, #68	@ 0x44
10007a9c:	9300      	str	r3, [sp, #0]
10007a9e:	22a5      	movs	r2, #165	@ 0xa5
10007aa0:	2304      	movs	r3, #4
10007aa2:	2102      	movs	r1, #2
10007aa4:	0020      	movs	r0, r4
10007aa6:	f7fe fe21 	bl	100066ec <cyw43_do_ioctl.part.0>
10007aaa:	b002      	add	sp, #8
10007aac:	bd10      	pop	{r4, pc}
10007aae:	46c0      	nop			@ (mov r8, r8)

10007ab0 <cyw43_ll_wifi_rejoin>:
10007ab0:	221a      	movs	r2, #26
10007ab2:	b530      	push	{r4, r5, lr}
10007ab4:	4b13      	ldr	r3, [pc, #76]	@ (10007b04 <cyw43_ll_wifi_rejoin+0x54>)
10007ab6:	6342      	str	r2, [r0, #52]	@ 0x34
10007ab8:	18c5      	adds	r5, r0, r3
10007aba:	8a03      	ldrh	r3, [r0, #16]
10007abc:	320a      	adds	r2, #10
10007abe:	3301      	adds	r3, #1
10007ac0:	b29b      	uxth	r3, r3
10007ac2:	8203      	strh	r3, [r0, #16]
10007ac4:	6382      	str	r2, [r0, #56]	@ 0x38
10007ac6:	041b      	lsls	r3, r3, #16
10007ac8:	3a22      	subs	r2, #34	@ 0x22
10007aca:	4313      	orrs	r3, r2
10007acc:	63c3      	str	r3, [r0, #60]	@ 0x3c
10007ace:	2300      	movs	r3, #0
10007ad0:	0004      	movs	r4, r0
10007ad2:	6403      	str	r3, [r0, #64]	@ 0x40
10007ad4:	0029      	movs	r1, r5
10007ad6:	b083      	sub	sp, #12
10007ad8:	3222      	adds	r2, #34	@ 0x22
10007ada:	3044      	adds	r0, #68	@ 0x44
10007adc:	f7fa fc78 	bl	100023d0 <__wrap___aeabi_memcpy>
10007ae0:	0023      	movs	r3, r4
10007ae2:	2234      	movs	r2, #52	@ 0x34
10007ae4:	2100      	movs	r1, #0
10007ae6:	0020      	movs	r0, r4
10007ae8:	3328      	adds	r3, #40	@ 0x28
10007aea:	f7fe fd81 	bl	100065f0 <cyw43_sdpcm_send_common>
10007aee:	2800      	cmp	r0, #0
10007af0:	d106      	bne.n	10007b00 <cyw43_ll_wifi_rejoin+0x50>
10007af2:	2324      	movs	r3, #36	@ 0x24
10007af4:	221a      	movs	r2, #26
10007af6:	2102      	movs	r1, #2
10007af8:	0020      	movs	r0, r4
10007afa:	9500      	str	r5, [sp, #0]
10007afc:	f7fe fdf6 	bl	100066ec <cyw43_do_ioctl.part.0>
10007b00:	b003      	add	sp, #12
10007b02:	bd30      	pop	{r4, r5, pc}
10007b04:	00000828 	.word	0x00000828

10007b08 <cyw43_ll_gpio_set>:
10007b08:	b5f0      	push	{r4, r5, r6, r7, lr}
10007b0a:	0004      	movs	r4, r0
10007b0c:	b083      	sub	sp, #12
10007b0e:	2902      	cmp	r1, #2
10007b10:	d83f      	bhi.n	10007b92 <cyw43_ll_gpio_set+0x8a>
10007b12:	0006      	movs	r6, r0
10007b14:	1e53      	subs	r3, r2, #1
10007b16:	419a      	sbcs	r2, r3
10007b18:	2701      	movs	r7, #1
10007b1a:	3644      	adds	r6, #68	@ 0x44
10007b1c:	408f      	lsls	r7, r1
10007b1e:	4255      	negs	r5, r2
10007b20:	491d      	ldr	r1, [pc, #116]	@ (10007b98 <cyw43_ll_gpio_set+0x90>)
10007b22:	2208      	movs	r2, #8
10007b24:	0030      	movs	r0, r6
10007b26:	f7fa fc53 	bl	100023d0 <__wrap___aeabi_memcpy>
10007b2a:	234c      	movs	r3, #76	@ 0x4c
10007b2c:	2200      	movs	r2, #0
10007b2e:	2110      	movs	r1, #16
10007b30:	b2ff      	uxtb	r7, r7
10007b32:	54e7      	strb	r7, [r4, r3]
10007b34:	3301      	adds	r3, #1
10007b36:	54e2      	strb	r2, [r4, r3]
10007b38:	3301      	adds	r3, #1
10007b3a:	54e2      	strb	r2, [r4, r3]
10007b3c:	3301      	adds	r3, #1
10007b3e:	54e2      	strb	r2, [r4, r3]
10007b40:	403d      	ands	r5, r7
10007b42:	3301      	adds	r3, #1
10007b44:	54e5      	strb	r5, [r4, r3]
10007b46:	3301      	adds	r3, #1
10007b48:	54e2      	strb	r2, [r4, r3]
10007b4a:	3301      	adds	r3, #1
10007b4c:	54e2      	strb	r2, [r4, r3]
10007b4e:	3301      	adds	r3, #1
10007b50:	54e2      	strb	r2, [r4, r3]
10007b52:	8a23      	ldrh	r3, [r4, #16]
10007b54:	63a1      	str	r1, [r4, #56]	@ 0x38
10007b56:	3301      	adds	r3, #1
10007b58:	b29b      	uxth	r3, r3
10007b5a:	390e      	subs	r1, #14
10007b5c:	8223      	strh	r3, [r4, #16]
10007b5e:	041b      	lsls	r3, r3, #16
10007b60:	430b      	orrs	r3, r1
10007b62:	2508      	movs	r5, #8
10007b64:	63e3      	str	r3, [r4, #60]	@ 0x3c
10007b66:	0023      	movs	r3, r4
10007b68:	35ff      	adds	r5, #255	@ 0xff
10007b6a:	6422      	str	r2, [r4, #64]	@ 0x40
10007b6c:	2100      	movs	r1, #0
10007b6e:	0020      	movs	r0, r4
10007b70:	6365      	str	r5, [r4, #52]	@ 0x34
10007b72:	3328      	adds	r3, #40	@ 0x28
10007b74:	3220      	adds	r2, #32
10007b76:	f7fe fd3b 	bl	100065f0 <cyw43_sdpcm_send_common>
10007b7a:	2800      	cmp	r0, #0
10007b7c:	d106      	bne.n	10007b8c <cyw43_ll_gpio_set+0x84>
10007b7e:	2310      	movs	r3, #16
10007b80:	002a      	movs	r2, r5
10007b82:	2102      	movs	r1, #2
10007b84:	0020      	movs	r0, r4
10007b86:	9600      	str	r6, [sp, #0]
10007b88:	f7fe fdb0 	bl	100066ec <cyw43_do_ioctl.part.0>
10007b8c:	2000      	movs	r0, #0
10007b8e:	b003      	add	sp, #12
10007b90:	bdf0      	pop	{r4, r5, r6, r7, pc}
10007b92:	2001      	movs	r0, #1
10007b94:	4240      	negs	r0, r0
10007b96:	e7fa      	b.n	10007b8e <cyw43_ll_gpio_set+0x86>
10007b98:	10009c84 	.word	0x10009c84

10007b9c <cyw43_ll_has_work>:
10007b9c:	b510      	push	{r4, lr}
10007b9e:	6800      	ldr	r0, [r0, #0]
10007ba0:	f000 f8e4 	bl	10007d6c <cyw43_cb_read_host_interrupt_pin>
10007ba4:	3801      	subs	r0, #1
10007ba6:	4243      	negs	r3, r0
10007ba8:	4158      	adcs	r0, r3
10007baa:	b2c0      	uxtb	r0, r0
10007bac:	bd10      	pop	{r4, pc}
10007bae:	46c0      	nop			@ (mov r8, r8)

10007bb0 <cyw43_poll_func>:
10007bb0:	b510      	push	{r4, lr}
10007bb2:	4b28      	ldr	r3, [pc, #160]	@ (10007c54 <cyw43_poll_func+0xa4>)
10007bb4:	b082      	sub	sp, #8
10007bb6:	681b      	ldr	r3, [r3, #0]
10007bb8:	2b00      	cmp	r3, #0
10007bba:	d017      	beq.n	10007bec <cyw43_poll_func+0x3c>
10007bbc:	4c26      	ldr	r4, [pc, #152]	@ (10007c58 <cyw43_poll_func+0xa8>)
10007bbe:	0020      	movs	r0, r4
10007bc0:	f7ff ffec 	bl	10007b9c <cyw43_ll_has_work>
10007bc4:	2800      	cmp	r0, #0
10007bc6:	d13c      	bne.n	10007c42 <cyw43_poll_func+0x92>
10007bc8:	4b24      	ldr	r3, [pc, #144]	@ (10007c5c <cyw43_poll_func+0xac>)
10007bca:	5ce2      	ldrb	r2, [r4, r3]
10007bcc:	2a00      	cmp	r2, #0
10007bce:	d12b      	bne.n	10007c28 <cyw43_poll_func+0x78>
10007bd0:	4b23      	ldr	r3, [pc, #140]	@ (10007c60 <cyw43_poll_func+0xb0>)
10007bd2:	5ce2      	ldrb	r2, [r4, r3]
10007bd4:	2a00      	cmp	r2, #0
10007bd6:	d11d      	bne.n	10007c14 <cyw43_poll_func+0x64>
10007bd8:	4b22      	ldr	r3, [pc, #136]	@ (10007c64 <cyw43_poll_func+0xb4>)
10007bda:	5ce2      	ldrb	r2, [r4, r3]
10007bdc:	2a00      	cmp	r2, #0
10007bde:	d10c      	bne.n	10007bfa <cyw43_poll_func+0x4a>
10007be0:	4b21      	ldr	r3, [pc, #132]	@ (10007c68 <cyw43_poll_func+0xb8>)
10007be2:	681b      	ldr	r3, [r3, #0]
10007be4:	2b00      	cmp	r3, #0
10007be6:	d003      	beq.n	10007bf0 <cyw43_poll_func+0x40>
10007be8:	f000 fc94 	bl	10008514 <cyw43_post_poll_hook>
10007bec:	b002      	add	sp, #8
10007bee:	bd10      	pop	{r4, pc}
10007bf0:	2101      	movs	r1, #1
10007bf2:	0020      	movs	r0, r4
10007bf4:	f7ff fa52 	bl	1000709c <cyw43_ll_bus_sleep>
10007bf8:	e7f6      	b.n	10007be8 <cyw43_poll_func+0x38>
10007bfa:	2200      	movs	r2, #0
10007bfc:	0020      	movs	r0, r4
10007bfe:	54e2      	strb	r2, [r4, r3]
10007c00:	f7ff ff56 	bl	10007ab0 <cyw43_ll_wifi_rejoin>
10007c04:	2201      	movs	r2, #1
10007c06:	4b19      	ldr	r3, [pc, #100]	@ (10007c6c <cyw43_poll_func+0xbc>)
10007c08:	50e2      	str	r2, [r4, r3]
10007c0a:	4b17      	ldr	r3, [pc, #92]	@ (10007c68 <cyw43_poll_func+0xb8>)
10007c0c:	681b      	ldr	r3, [r3, #0]
10007c0e:	2b00      	cmp	r3, #0
10007c10:	d1ea      	bne.n	10007be8 <cyw43_poll_func+0x38>
10007c12:	e7ed      	b.n	10007bf0 <cyw43_poll_func+0x40>
10007c14:	2200      	movs	r2, #0
10007c16:	0020      	movs	r0, r4
10007c18:	54e2      	strb	r2, [r4, r3]
10007c1a:	f7ff ff23 	bl	10007a64 <cyw43_ll_wifi_set_wpa_auth>
10007c1e:	4b11      	ldr	r3, [pc, #68]	@ (10007c64 <cyw43_poll_func+0xb4>)
10007c20:	5ce2      	ldrb	r2, [r4, r3]
10007c22:	2a00      	cmp	r2, #0
10007c24:	d0dc      	beq.n	10007be0 <cyw43_poll_func+0x30>
10007c26:	e7e8      	b.n	10007bfa <cyw43_poll_func+0x4a>
10007c28:	2200      	movs	r2, #0
10007c2a:	2169      	movs	r1, #105	@ 0x69
10007c2c:	54e2      	strb	r2, [r4, r3]
10007c2e:	0020      	movs	r0, r4
10007c30:	2300      	movs	r3, #0
10007c32:	9200      	str	r2, [sp, #0]
10007c34:	f7ff f9f2 	bl	1000701c <cyw43_ll_ioctl>
10007c38:	4b09      	ldr	r3, [pc, #36]	@ (10007c60 <cyw43_poll_func+0xb0>)
10007c3a:	5ce2      	ldrb	r2, [r4, r3]
10007c3c:	2a00      	cmp	r2, #0
10007c3e:	d0cb      	beq.n	10007bd8 <cyw43_poll_func+0x28>
10007c40:	e7e8      	b.n	10007c14 <cyw43_poll_func+0x64>
10007c42:	0020      	movs	r0, r4
10007c44:	f7ff f9c0 	bl	10006fc8 <cyw43_ll_process_packets>
10007c48:	4b04      	ldr	r3, [pc, #16]	@ (10007c5c <cyw43_poll_func+0xac>)
10007c4a:	5ce2      	ldrb	r2, [r4, r3]
10007c4c:	2a00      	cmp	r2, #0
10007c4e:	d0bf      	beq.n	10007bd0 <cyw43_poll_func+0x20>
10007c50:	e7ea      	b.n	10007c28 <cyw43_poll_func+0x78>
10007c52:	46c0      	nop			@ (mov r8, r8)
10007c54:	200011cc 	.word	0x200011cc
10007c58:	200011d4 	.word	0x200011d4
10007c5c:	00000869 	.word	0x00000869
10007c60:	0000086b 	.word	0x0000086b
10007c64:	0000086a 	.word	0x0000086a
10007c68:	200011d0 	.word	0x200011d0
10007c6c:	0000085c 	.word	0x0000085c

10007c70 <cyw43_init>:
10007c70:	b570      	push	{r4, r5, r6, lr}
10007c72:	2380      	movs	r3, #128	@ 0x80
10007c74:	25d0      	movs	r5, #208	@ 0xd0
10007c76:	2680      	movs	r6, #128	@ 0x80
10007c78:	0004      	movs	r4, r0
10007c7a:	062d      	lsls	r5, r5, #24
10007c7c:	045b      	lsls	r3, r3, #17
10007c7e:	62ab      	str	r3, [r5, #40]	@ 0x28
10007c80:	0436      	lsls	r6, r6, #16
10007c82:	2200      	movs	r2, #0
10007c84:	2100      	movs	r1, #0
10007c86:	2018      	movs	r0, #24
10007c88:	f7f8 fb2a 	bl	100002e0 <gpio_set_pulls>
10007c8c:	626e      	str	r6, [r5, #36]	@ 0x24
10007c8e:	2200      	movs	r2, #0
10007c90:	2100      	movs	r1, #0
10007c92:	2017      	movs	r0, #23
10007c94:	f7f8 fb24 	bl	100002e0 <gpio_set_pulls>
10007c98:	61ae      	str	r6, [r5, #24]
10007c9a:	0021      	movs	r1, r4
10007c9c:	0020      	movs	r0, r4
10007c9e:	f7ff f981 	bl	10006fa4 <cyw43_ll_init>
10007ca2:	2285      	movs	r2, #133	@ 0x85
10007ca4:	2300      	movs	r3, #0
10007ca6:	2103      	movs	r1, #3
10007ca8:	0112      	lsls	r2, r2, #4
10007caa:	54a3      	strb	r3, [r4, r2]
10007cac:	4a06      	ldr	r2, [pc, #24]	@ (10007cc8 <cyw43_init+0x58>)
10007cae:	50a3      	str	r3, [r4, r2]
10007cb0:	4a06      	ldr	r2, [pc, #24]	@ (10007ccc <cyw43_init+0x5c>)
10007cb2:	50a3      	str	r3, [r4, r2]
10007cb4:	3214      	adds	r2, #20
10007cb6:	52a1      	strh	r1, [r4, r2]
10007cb8:	4a05      	ldr	r2, [pc, #20]	@ (10007cd0 <cyw43_init+0x60>)
10007cba:	54a3      	strb	r3, [r4, r2]
10007cbc:	4a05      	ldr	r2, [pc, #20]	@ (10007cd4 <cyw43_init+0x64>)
10007cbe:	6013      	str	r3, [r2, #0]
10007cc0:	2201      	movs	r2, #1
10007cc2:	4b05      	ldr	r3, [pc, #20]	@ (10007cd8 <cyw43_init+0x68>)
10007cc4:	50e2      	str	r2, [r4, r3]
10007cc6:	bd70      	pop	{r4, r5, r6, pc}
10007cc8:	00000858 	.word	0x00000858
10007ccc:	0000085c 	.word	0x0000085c
10007cd0:	00000872 	.word	0x00000872
10007cd4:	200011cc 	.word	0x200011cc
10007cd8:	00000868 	.word	0x00000868

10007cdc <cyw43_deinit>:
10007cdc:	b5f8      	push	{r3, r4, r5, r6, r7, lr}
10007cde:	0004      	movs	r4, r0
10007ce0:	f000 fc82 	bl	100085e8 <cyw43_thread_enter>
10007ce4:	4e1c      	ldr	r6, [pc, #112]	@ (10007d58 <cyw43_deinit+0x7c>)
10007ce6:	6833      	ldr	r3, [r6, #0]
10007ce8:	2b00      	cmp	r3, #0
10007cea:	d032      	beq.n	10007d52 <cyw43_deinit+0x76>
10007cec:	2100      	movs	r1, #0
10007cee:	0020      	movs	r0, r4
10007cf0:	f000 fce4 	bl	100086bc <cyw43_cb_tcpip_deinit>
10007cf4:	2101      	movs	r1, #1
10007cf6:	0020      	movs	r0, r4
10007cf8:	f000 fce0 	bl	100086bc <cyw43_cb_tcpip_deinit>
10007cfc:	0020      	movs	r0, r4
10007cfe:	f7ff f95f 	bl	10006fc0 <cyw43_ll_deinit>
10007d02:	25d0      	movs	r5, #208	@ 0xd0
10007d04:	2380      	movs	r3, #128	@ 0x80
10007d06:	2780      	movs	r7, #128	@ 0x80
10007d08:	045b      	lsls	r3, r3, #17
10007d0a:	062d      	lsls	r5, r5, #24
10007d0c:	62ab      	str	r3, [r5, #40]	@ 0x28
10007d0e:	2200      	movs	r2, #0
10007d10:	2100      	movs	r1, #0
10007d12:	2018      	movs	r0, #24
10007d14:	043f      	lsls	r7, r7, #16
10007d16:	f7f8 fae3 	bl	100002e0 <gpio_set_pulls>
10007d1a:	2200      	movs	r2, #0
10007d1c:	2100      	movs	r1, #0
10007d1e:	2017      	movs	r0, #23
10007d20:	626f      	str	r7, [r5, #36]	@ 0x24
10007d22:	f7f8 fadd 	bl	100002e0 <gpio_set_pulls>
10007d26:	0021      	movs	r1, r4
10007d28:	0020      	movs	r0, r4
10007d2a:	61af      	str	r7, [r5, #24]
10007d2c:	f7ff f93a 	bl	10006fa4 <cyw43_ll_init>
10007d30:	2285      	movs	r2, #133	@ 0x85
10007d32:	2300      	movs	r3, #0
10007d34:	2103      	movs	r1, #3
10007d36:	0112      	lsls	r2, r2, #4
10007d38:	54a3      	strb	r3, [r4, r2]
10007d3a:	4a08      	ldr	r2, [pc, #32]	@ (10007d5c <cyw43_deinit+0x80>)
10007d3c:	6033      	str	r3, [r6, #0]
10007d3e:	50a3      	str	r3, [r4, r2]
10007d40:	4a07      	ldr	r2, [pc, #28]	@ (10007d60 <cyw43_deinit+0x84>)
10007d42:	50a3      	str	r3, [r4, r2]
10007d44:	3214      	adds	r2, #20
10007d46:	52a1      	strh	r1, [r4, r2]
10007d48:	4a06      	ldr	r2, [pc, #24]	@ (10007d64 <cyw43_deinit+0x88>)
10007d4a:	54a3      	strb	r3, [r4, r2]
10007d4c:	2201      	movs	r2, #1
10007d4e:	4b06      	ldr	r3, [pc, #24]	@ (10007d68 <cyw43_deinit+0x8c>)
10007d50:	50e2      	str	r2, [r4, r3]
10007d52:	f000 fc53 	bl	100085fc <cyw43_thread_exit>
10007d56:	bdf8      	pop	{r3, r4, r5, r6, r7, pc}
10007d58:	200011cc 	.word	0x200011cc
10007d5c:	00000858 	.word	0x00000858
10007d60:	0000085c 	.word	0x0000085c
10007d64:	00000872 	.word	0x00000872
10007d68:	00000868 	.word	0x00000868

10007d6c <cyw43_cb_read_host_interrupt_pin>:
10007d6c:	23d0      	movs	r3, #208	@ 0xd0
10007d6e:	061b      	lsls	r3, r3, #24
10007d70:	6858      	ldr	r0, [r3, #4]
10007d72:	01c0      	lsls	r0, r0, #7
10007d74:	0fc0      	lsrs	r0, r0, #31
10007d76:	4770      	bx	lr

10007d78 <cyw43_cb_ensure_awake>:
10007d78:	2232      	movs	r2, #50	@ 0x32
10007d7a:	4b01      	ldr	r3, [pc, #4]	@ (10007d80 <cyw43_cb_ensure_awake+0x8>)
10007d7c:	601a      	str	r2, [r3, #0]
10007d7e:	4770      	bx	lr
10007d80:	200011d0 	.word	0x200011d0

10007d84 <cyw43_cb_process_async_event>:
10007d84:	4b75      	ldr	r3, [pc, #468]	@ (10007f5c <cyw43_cb_process_async_event+0x1d8>)
10007d86:	b570      	push	{r4, r5, r6, lr}
10007d88:	58c3      	ldr	r3, [r0, r3]
10007d8a:	0005      	movs	r5, r0
10007d8c:	000c      	movs	r4, r1
10007d8e:	07db      	lsls	r3, r3, #31
10007d90:	d412      	bmi.n	10007db8 <cyw43_cb_process_async_event+0x34>
10007d92:	6863      	ldr	r3, [r4, #4]
10007d94:	2b45      	cmp	r3, #69	@ 0x45
10007d96:	d005      	beq.n	10007da4 <cyw43_cb_process_async_event+0x20>
10007d98:	2b31      	cmp	r3, #49	@ 0x31
10007d9a:	d807      	bhi.n	10007dac <cyw43_cb_process_async_event+0x28>
10007d9c:	4a70      	ldr	r2, [pc, #448]	@ (10007f60 <cyw43_cb_process_async_event+0x1dc>)
10007d9e:	009b      	lsls	r3, r3, #2
10007da0:	58d3      	ldr	r3, [r2, r3]
10007da2:	469f      	mov	pc, r3
10007da4:	4a6f      	ldr	r2, [pc, #444]	@ (10007f64 <cyw43_cb_process_async_event+0x1e0>)
10007da6:	58ab      	ldr	r3, [r5, r2]
10007da8:	2b01      	cmp	r3, #1
10007daa:	d038      	beq.n	10007e1e <cyw43_cb_process_async_event+0x9a>
10007dac:	4b6e      	ldr	r3, [pc, #440]	@ (10007f68 <cyw43_cb_process_async_event+0x1e4>)
10007dae:	58eb      	ldr	r3, [r5, r3]
10007db0:	4a6e      	ldr	r2, [pc, #440]	@ (10007f6c <cyw43_cb_process_async_event+0x1e8>)
10007db2:	4293      	cmp	r3, r2
10007db4:	d025      	beq.n	10007e02 <cyw43_cb_process_async_event+0x7e>
10007db6:	bd70      	pop	{r4, r5, r6, pc}
10007db8:	f7f9 fbd4 	bl	10001564 <time_us_64>
10007dbc:	2900      	cmp	r1, #0
10007dbe:	d028      	beq.n	10007e12 <cyw43_cb_process_async_event+0x8e>
10007dc0:	22fa      	movs	r2, #250	@ 0xfa
10007dc2:	2300      	movs	r3, #0
10007dc4:	0092      	lsls	r2, r2, #2
10007dc6:	f7f9 ff23 	bl	10001c10 <__wrap___aeabi_uldivmod>
10007dca:	0001      	movs	r1, r0
10007dcc:	4b68      	ldr	r3, [pc, #416]	@ (10007f70 <cyw43_cb_process_async_event+0x1ec>)
10007dce:	8862      	ldrh	r2, [r4, #2]
10007dd0:	0018      	movs	r0, r3
10007dd2:	f7fc f8bf 	bl	10003f54 <__wrap_printf>
10007dd6:	6861      	ldr	r1, [r4, #4]
10007dd8:	2958      	cmp	r1, #88	@ 0x58
10007dda:	d900      	bls.n	10007dde <cyw43_cb_process_async_event+0x5a>
10007ddc:	e08f      	b.n	10007efe <cyw43_cb_process_async_event+0x17a>
10007dde:	4b65      	ldr	r3, [pc, #404]	@ (10007f74 <cyw43_cb_process_async_event+0x1f0>)
10007de0:	008a      	lsls	r2, r1, #2
10007de2:	58d3      	ldr	r3, [r2, r3]
10007de4:	2b00      	cmp	r3, #0
10007de6:	d100      	bne.n	10007dea <cyw43_cb_process_async_event+0x66>
10007de8:	e089      	b.n	10007efe <cyw43_cb_process_async_event+0x17a>
10007dea:	0019      	movs	r1, r3
10007dec:	4862      	ldr	r0, [pc, #392]	@ (10007f78 <cyw43_cb_process_async_event+0x1f4>)
10007dee:	f7fc f8b1 	bl	10003f54 <__wrap_printf>
10007df2:	232e      	movs	r3, #46	@ 0x2e
10007df4:	68e2      	ldr	r2, [r4, #12]
10007df6:	5ce3      	ldrb	r3, [r4, r3]
10007df8:	68a1      	ldr	r1, [r4, #8]
10007dfa:	4860      	ldr	r0, [pc, #384]	@ (10007f7c <cyw43_cb_process_async_event+0x1f8>)
10007dfc:	f7fc f8aa 	bl	10003f54 <__wrap_printf>
10007e00:	e7c7      	b.n	10007d92 <cyw43_cb_process_async_event+0xe>
10007e02:	2201      	movs	r2, #1
10007e04:	4b58      	ldr	r3, [pc, #352]	@ (10007f68 <cyw43_cb_process_async_event+0x1e4>)
10007e06:	2100      	movs	r1, #0
10007e08:	0028      	movs	r0, r5
10007e0a:	50ea      	str	r2, [r5, r3]
10007e0c:	f000 fc58 	bl	100086c0 <cyw43_cb_tcpip_set_link_up>
10007e10:	e7d1      	b.n	10007db6 <cyw43_cb_process_async_event+0x32>
10007e12:	21fa      	movs	r1, #250	@ 0xfa
10007e14:	0089      	lsls	r1, r1, #2
10007e16:	f7f9 febd 	bl	10001b94 <__wrap___aeabi_uidiv>
10007e1a:	0001      	movs	r1, r0
10007e1c:	e7d6      	b.n	10007dcc <cyw43_cb_process_async_event+0x48>
10007e1e:	68a1      	ldr	r1, [r4, #8]
10007e20:	2908      	cmp	r1, #8
10007e22:	d077      	beq.n	10007f14 <cyw43_cb_process_async_event+0x190>
10007e24:	4b50      	ldr	r3, [pc, #320]	@ (10007f68 <cyw43_cb_process_async_event+0x1e4>)
10007e26:	58eb      	ldr	r3, [r5, r3]
10007e28:	2900      	cmp	r1, #0
10007e2a:	d1c1      	bne.n	10007db0 <cyw43_cb_process_async_event+0x2c>
10007e2c:	3102      	adds	r1, #2
10007e2e:	50a9      	str	r1, [r5, r2]
10007e30:	e7be      	b.n	10007db0 <cyw43_cb_process_async_event+0x2c>
10007e32:	2201      	movs	r2, #1
10007e34:	4b52      	ldr	r3, [pc, #328]	@ (10007f80 <cyw43_cb_process_async_event+0x1fc>)
10007e36:	4853      	ldr	r0, [pc, #332]	@ (10007f84 <cyw43_cb_process_async_event+0x200>)
10007e38:	52ea      	strh	r2, [r5, r3]
10007e3a:	f000 fb73 	bl	10008524 <cyw43_schedule_internal_poll_dispatch>
10007e3e:	e7b5      	b.n	10007dac <cyw43_cb_process_async_event+0x28>
10007e40:	68a3      	ldr	r3, [r4, #8]
10007e42:	2b06      	cmp	r3, #6
10007e44:	d071      	beq.n	10007f2a <cyw43_cb_process_async_event+0x1a6>
10007e46:	2b04      	cmp	r3, #4
10007e48:	d003      	beq.n	10007e52 <cyw43_cb_process_async_event+0xce>
10007e4a:	2202      	movs	r2, #2
10007e4c:	4393      	bics	r3, r2
10007e4e:	2b08      	cmp	r3, #8
10007e50:	d15c      	bne.n	10007f0c <cyw43_cb_process_async_event+0x188>
10007e52:	68e3      	ldr	r3, [r4, #12]
10007e54:	2b0f      	cmp	r3, #15
10007e56:	d159      	bne.n	10007f0c <cyw43_cb_process_async_event+0x188>
10007e58:	4b49      	ldr	r3, [pc, #292]	@ (10007f80 <cyw43_cb_process_async_event+0x1fc>)
10007e5a:	e02b      	b.n	10007eb4 <cyw43_cb_process_async_event+0x130>
10007e5c:	68a3      	ldr	r3, [r4, #8]
10007e5e:	2b00      	cmp	r3, #0
10007e60:	d1a4      	bne.n	10007dac <cyw43_cb_process_async_event+0x28>
10007e62:	68e3      	ldr	r3, [r4, #12]
10007e64:	2b08      	cmp	r3, #8
10007e66:	d1a1      	bne.n	10007dac <cyw43_cb_process_async_event+0x28>
10007e68:	2202      	movs	r2, #2
10007e6a:	4b45      	ldr	r3, [pc, #276]	@ (10007f80 <cyw43_cb_process_async_event+0x1fc>)
10007e6c:	32ff      	adds	r2, #255	@ 0xff
10007e6e:	e7e2      	b.n	10007e36 <cyw43_cb_process_async_event+0xb2>
10007e70:	68a3      	ldr	r3, [r4, #8]
10007e72:	2b00      	cmp	r3, #0
10007e74:	d19a      	bne.n	10007dac <cyw43_cb_process_async_event+0x28>
10007e76:	332e      	adds	r3, #46	@ 0x2e
10007e78:	5ce1      	ldrb	r1, [r4, r3]
10007e7a:	8863      	ldrh	r3, [r4, #2]
10007e7c:	07db      	lsls	r3, r3, #31
10007e7e:	d561      	bpl.n	10007f44 <cyw43_cb_process_async_event+0x1c0>
10007e80:	2900      	cmp	r1, #0
10007e82:	d165      	bne.n	10007f50 <cyw43_cb_process_async_event+0x1cc>
10007e84:	2380      	movs	r3, #128	@ 0x80
10007e86:	4a38      	ldr	r2, [pc, #224]	@ (10007f68 <cyw43_cb_process_async_event+0x1e4>)
10007e88:	00db      	lsls	r3, r3, #3
10007e8a:	58a9      	ldr	r1, [r5, r2]
10007e8c:	430b      	orrs	r3, r1
10007e8e:	50ab      	str	r3, [r5, r2]
10007e90:	e78e      	b.n	10007db0 <cyw43_cb_process_async_event+0x2c>
10007e92:	2100      	movs	r1, #0
10007e94:	0028      	movs	r0, r5
10007e96:	f000 fc19 	bl	100086cc <cyw43_cb_tcpip_set_link_down>
10007e9a:	2200      	movs	r2, #0
10007e9c:	4b32      	ldr	r3, [pc, #200]	@ (10007f68 <cyw43_cb_process_async_event+0x1e4>)
10007e9e:	50ea      	str	r2, [r5, r3]
10007ea0:	e789      	b.n	10007db6 <cyw43_cb_process_async_event+0x32>
10007ea2:	68a3      	ldr	r3, [r4, #8]
10007ea4:	2b00      	cmp	r3, #0
10007ea6:	d000      	beq.n	10007eaa <cyw43_cb_process_async_event+0x126>
10007ea8:	e780      	b.n	10007dac <cyw43_cb_process_async_event+0x28>
10007eaa:	68e3      	ldr	r3, [r4, #12]
10007eac:	2b02      	cmp	r3, #2
10007eae:	d000      	beq.n	10007eb2 <cyw43_cb_process_async_event+0x12e>
10007eb0:	e77c      	b.n	10007dac <cyw43_cb_process_async_event+0x28>
10007eb2:	4b35      	ldr	r3, [pc, #212]	@ (10007f88 <cyw43_cb_process_async_event+0x204>)
10007eb4:	2201      	movs	r2, #1
10007eb6:	4833      	ldr	r0, [pc, #204]	@ (10007f84 <cyw43_cb_process_async_event+0x200>)
10007eb8:	54ea      	strb	r2, [r5, r3]
10007eba:	f000 fb33 	bl	10008524 <cyw43_schedule_internal_poll_dispatch>
10007ebe:	4b2a      	ldr	r3, [pc, #168]	@ (10007f68 <cyw43_cb_process_async_event+0x1e4>)
10007ec0:	58eb      	ldr	r3, [r5, r3]
10007ec2:	e775      	b.n	10007db0 <cyw43_cb_process_async_event+0x2c>
10007ec4:	68a3      	ldr	r3, [r4, #8]
10007ec6:	2b00      	cmp	r3, #0
10007ec8:	d11d      	bne.n	10007f06 <cyw43_cb_process_async_event+0x182>
10007eca:	4b27      	ldr	r3, [pc, #156]	@ (10007f68 <cyw43_cb_process_async_event+0x1e4>)
10007ecc:	58ea      	ldr	r2, [r5, r3]
10007ece:	230f      	movs	r3, #15
10007ed0:	0019      	movs	r1, r3
10007ed2:	4011      	ands	r1, r2
10007ed4:	2904      	cmp	r1, #4
10007ed6:	d102      	bne.n	10007ede <cyw43_cb_process_async_event+0x15a>
10007ed8:	439a      	bics	r2, r3
10007eda:	3b0e      	subs	r3, #14
10007edc:	431a      	orrs	r2, r3
10007ede:	2380      	movs	r3, #128	@ 0x80
10007ee0:	009b      	lsls	r3, r3, #2
10007ee2:	4313      	orrs	r3, r2
10007ee4:	4a20      	ldr	r2, [pc, #128]	@ (10007f68 <cyw43_cb_process_async_event+0x1e4>)
10007ee6:	50ab      	str	r3, [r5, r2]
10007ee8:	e762      	b.n	10007db0 <cyw43_cb_process_async_event+0x2c>
10007eea:	68a3      	ldr	r3, [r4, #8]
10007eec:	2b00      	cmp	r3, #0
10007eee:	d100      	bne.n	10007ef2 <cyw43_cb_process_async_event+0x16e>
10007ef0:	e75c      	b.n	10007dac <cyw43_cb_process_async_event+0x28>
10007ef2:	2b03      	cmp	r3, #3
10007ef4:	d020      	beq.n	10007f38 <cyw43_cb_process_async_event+0x1b4>
10007ef6:	2202      	movs	r2, #2
10007ef8:	4b1b      	ldr	r3, [pc, #108]	@ (10007f68 <cyw43_cb_process_async_event+0x1e4>)
10007efa:	50ea      	str	r2, [r5, r3]
10007efc:	e75b      	b.n	10007db6 <cyw43_cb_process_async_event+0x32>
10007efe:	4823      	ldr	r0, [pc, #140]	@ (10007f8c <cyw43_cb_process_async_event+0x208>)
10007f00:	f7fc f828 	bl	10003f54 <__wrap_printf>
10007f04:	e775      	b.n	10007df2 <cyw43_cb_process_async_event+0x6e>
10007f06:	2b06      	cmp	r3, #6
10007f08:	d100      	bne.n	10007f0c <cyw43_cb_process_async_event+0x188>
10007f0a:	e74f      	b.n	10007dac <cyw43_cb_process_async_event+0x28>
10007f0c:	2204      	movs	r2, #4
10007f0e:	4b16      	ldr	r3, [pc, #88]	@ (10007f68 <cyw43_cb_process_async_event+0x1e4>)
10007f10:	50ea      	str	r2, [r5, r3]
10007f12:	e750      	b.n	10007db6 <cyw43_cb_process_async_event+0x32>
10007f14:	2386      	movs	r3, #134	@ 0x86
10007f16:	0021      	movs	r1, r4
10007f18:	011b      	lsls	r3, r3, #4
10007f1a:	58e8      	ldr	r0, [r5, r3]
10007f1c:	4b1c      	ldr	r3, [pc, #112]	@ (10007f90 <cyw43_cb_process_async_event+0x20c>)
10007f1e:	3130      	adds	r1, #48	@ 0x30
10007f20:	58eb      	ldr	r3, [r5, r3]
10007f22:	4798      	blx	r3
10007f24:	4b10      	ldr	r3, [pc, #64]	@ (10007f68 <cyw43_cb_process_async_event+0x1e4>)
10007f26:	58eb      	ldr	r3, [r5, r3]
10007f28:	e742      	b.n	10007db0 <cyw43_cb_process_async_event+0x2c>
10007f2a:	2380      	movs	r3, #128	@ 0x80
10007f2c:	4a0e      	ldr	r2, [pc, #56]	@ (10007f68 <cyw43_cb_process_async_event+0x1e4>)
10007f2e:	011b      	lsls	r3, r3, #4
10007f30:	58a9      	ldr	r1, [r5, r2]
10007f32:	430b      	orrs	r3, r1
10007f34:	50ab      	str	r3, [r5, r2]
10007f36:	e73b      	b.n	10007db0 <cyw43_cb_process_async_event+0x2c>
10007f38:	68e2      	ldr	r2, [r4, #12]
10007f3a:	2a00      	cmp	r2, #0
10007f3c:	d1db      	bne.n	10007ef6 <cyw43_cb_process_async_event+0x172>
10007f3e:	4a0a      	ldr	r2, [pc, #40]	@ (10007f68 <cyw43_cb_process_async_event+0x1e4>)
10007f40:	50ab      	str	r3, [r5, r2]
10007f42:	e738      	b.n	10007db6 <cyw43_cb_process_async_event+0x32>
10007f44:	0028      	movs	r0, r5
10007f46:	f000 fbc1 	bl	100086cc <cyw43_cb_tcpip_set_link_down>
10007f4a:	4b07      	ldr	r3, [pc, #28]	@ (10007f68 <cyw43_cb_process_async_event+0x1e4>)
10007f4c:	58eb      	ldr	r3, [r5, r3]
10007f4e:	e72f      	b.n	10007db0 <cyw43_cb_process_async_event+0x2c>
10007f50:	0028      	movs	r0, r5
10007f52:	f000 fbb5 	bl	100086c0 <cyw43_cb_tcpip_set_link_up>
10007f56:	4b04      	ldr	r3, [pc, #16]	@ (10007f68 <cyw43_cb_process_async_event+0x1e4>)
10007f58:	58eb      	ldr	r3, [r5, r3]
10007f5a:	e729      	b.n	10007db0 <cyw43_cb_process_async_event+0x2c>
10007f5c:	00000854 	.word	0x00000854
10007f60:	1004137c 	.word	0x1004137c
10007f64:	00000858 	.word	0x00000858
10007f68:	0000085c 	.word	0x0000085c
10007f6c:	00000e01 	.word	0x00000e01
10007f70:	10009c8c 	.word	0x10009c8c
10007f74:	10041444 	.word	0x10041444
10007f78:	10009ca0 	.word	0x10009ca0
10007f7c:	10009ca8 	.word	0x10009ca8
10007f80:	0000086a 	.word	0x0000086a
10007f84:	10007bb1 	.word	0x10007bb1
10007f88:	00000869 	.word	0x00000869
10007f8c:	10009ca4 	.word	0x10009ca4
10007f90:	00000864 	.word	0x00000864

10007f94 <cyw43_gpio_set>:
10007f94:	b5f8      	push	{r3, r4, r5, r6, r7, lr}
10007f96:	4647      	mov	r7, r8
10007f98:	46ce      	mov	lr, r9
10007f9a:	0004      	movs	r4, r0
10007f9c:	b580      	push	{r7, lr}
10007f9e:	4688      	mov	r8, r1
10007fa0:	0016      	movs	r6, r2
10007fa2:	f000 fb21 	bl	100085e8 <cyw43_thread_enter>
10007fa6:	4f1f      	ldr	r7, [pc, #124]	@ (10008024 <cyw43_gpio_set+0x90>)
10007fa8:	2100      	movs	r1, #0
10007faa:	683d      	ldr	r5, [r7, #0]
10007fac:	0020      	movs	r0, r4
10007fae:	2d00      	cmp	r5, #0
10007fb0:	d00e      	beq.n	10007fd0 <cyw43_gpio_set+0x3c>
10007fb2:	f7ff f873 	bl	1000709c <cyw43_ll_bus_sleep>
10007fb6:	0032      	movs	r2, r6
10007fb8:	4641      	mov	r1, r8
10007fba:	0020      	movs	r0, r4
10007fbc:	f7ff fda4 	bl	10007b08 <cyw43_ll_gpio_set>
10007fc0:	0005      	movs	r5, r0
10007fc2:	f000 fb1b 	bl	100085fc <cyw43_thread_exit>
10007fc6:	0028      	movs	r0, r5
10007fc8:	bcc0      	pop	{r6, r7}
10007fca:	46b9      	mov	r9, r7
10007fcc:	46b0      	mov	r8, r6
10007fce:	bdf8      	pop	{r3, r4, r5, r6, r7, pc}
10007fd0:	f000 fb74 	bl	100086bc <cyw43_cb_tcpip_deinit>
10007fd4:	2101      	movs	r1, #1
10007fd6:	0020      	movs	r0, r4
10007fd8:	f000 fb70 	bl	100086bc <cyw43_cb_tcpip_deinit>
10007fdc:	2385      	movs	r3, #133	@ 0x85
10007fde:	011b      	lsls	r3, r3, #4
10007fe0:	54e5      	strb	r5, [r4, r3]
10007fe2:	2380      	movs	r3, #128	@ 0x80
10007fe4:	25d0      	movs	r5, #208	@ 0xd0
10007fe6:	041b      	lsls	r3, r3, #16
10007fe8:	4699      	mov	r9, r3
10007fea:	062d      	lsls	r5, r5, #24
10007fec:	61ab      	str	r3, [r5, #24]
10007fee:	2014      	movs	r0, #20
10007ff0:	f000 fb40 	bl	10008674 <cyw43_delay_ms>
10007ff4:	464b      	mov	r3, r9
10007ff6:	2032      	movs	r0, #50	@ 0x32
10007ff8:	616b      	str	r3, [r5, #20]
10007ffa:	f000 fb3b 	bl	10008674 <cyw43_delay_ms>
10007ffe:	2100      	movs	r1, #0
10008000:	0020      	movs	r0, r4
10008002:	f7ff f89f 	bl	10007144 <cyw43_ll_bus_init>
10008006:	1e05      	subs	r5, r0, #0
10008008:	d1db      	bne.n	10007fc2 <cyw43_gpio_set+0x2e>
1000800a:	4b07      	ldr	r3, [pc, #28]	@ (10008028 <cyw43_gpio_set+0x94>)
1000800c:	0020      	movs	r0, r4
1000800e:	18e1      	adds	r1, r4, r3
10008010:	f7ff f85e 	bl	100070d0 <cyw43_ll_wifi_get_mac>
10008014:	2232      	movs	r2, #50	@ 0x32
10008016:	4b05      	ldr	r3, [pc, #20]	@ (1000802c <cyw43_gpio_set+0x98>)
10008018:	4805      	ldr	r0, [pc, #20]	@ (10008030 <cyw43_gpio_set+0x9c>)
1000801a:	601a      	str	r2, [r3, #0]
1000801c:	6038      	str	r0, [r7, #0]
1000801e:	f000 fa81 	bl	10008524 <cyw43_schedule_internal_poll_dispatch>
10008022:	e7c8      	b.n	10007fb6 <cyw43_gpio_set+0x22>
10008024:	200011cc 	.word	0x200011cc
10008028:	000008d3 	.word	0x000008d3
1000802c:	200011d0 	.word	0x200011d0
10008030:	10007bb1 	.word	0x10007bb1

10008034 <pio_sm_set_pindirs_with_mask64>:
10008034:	b5f0      	push	{r4, r5, r6, r7, lr}
10008036:	46de      	mov	lr, fp
10008038:	4657      	mov	r7, sl
1000803a:	464e      	mov	r6, r9
1000803c:	4645      	mov	r5, r8
1000803e:	b5e0      	push	{r5, r6, r7, lr}
10008040:	0016      	movs	r6, r2
10008042:	22dc      	movs	r2, #220	@ 0xdc
10008044:	4692      	mov	sl, r2
10008046:	b085      	sub	sp, #20
10008048:	004b      	lsls	r3, r1, #1
1000804a:	9302      	str	r3, [sp, #8]
1000804c:	185b      	adds	r3, r3, r1
1000804e:	00db      	lsls	r3, r3, #3
10008050:	18c5      	adds	r5, r0, r3
10008052:	44aa      	add	sl, r5
10008054:	4652      	mov	r2, sl
10008056:	4683      	mov	fp, r0
10008058:	0028      	movs	r0, r5
1000805a:	6812      	ldr	r2, [r2, #0]
1000805c:	30cc      	adds	r0, #204	@ 0xcc
1000805e:	9200      	str	r2, [sp, #0]
10008060:	6802      	ldr	r2, [r0, #0]
10008062:	002b      	movs	r3, r5
10008064:	9201      	str	r2, [sp, #4]
10008066:	4a1c      	ldr	r2, [pc, #112]	@ (100080d8 <pio_sm_set_pindirs_with_mask64+0xa4>)
10008068:	2080      	movs	r0, #128	@ 0x80
1000806a:	4694      	mov	ip, r2
1000806c:	9c0e      	ldr	r4, [sp, #56]	@ 0x38
1000806e:	4463      	add	r3, ip
10008070:	0280      	lsls	r0, r0, #10
10008072:	6018      	str	r0, [r3, #0]
10008074:	2c00      	cmp	r4, #0
10008076:	d01c      	beq.n	100080b2 <pio_sm_set_pindirs_with_mask64+0x7e>
10008078:	2380      	movs	r3, #128	@ 0x80
1000807a:	04db      	lsls	r3, r3, #19
1000807c:	4699      	mov	r9, r3
1000807e:	2301      	movs	r3, #1
10008080:	4698      	mov	r8, r3
10008082:	0033      	movs	r3, r6
10008084:	35d8      	adds	r5, #216	@ 0xd8
10008086:	002e      	movs	r6, r5
10008088:	4655      	mov	r5, sl
1000808a:	469a      	mov	sl, r3
1000808c:	4f13      	ldr	r7, [pc, #76]	@ (100080dc <pio_sm_set_pindirs_with_mask64+0xa8>)
1000808e:	9103      	str	r1, [sp, #12]
10008090:	0020      	movs	r0, r4
10008092:	f7f9 fd51 	bl	10001b38 <__wrap___ctzsi2>
10008096:	464a      	mov	r2, r9
10008098:	0143      	lsls	r3, r0, #5
1000809a:	4313      	orrs	r3, r2
1000809c:	602b      	str	r3, [r5, #0]
1000809e:	4653      	mov	r3, sl
100080a0:	4642      	mov	r2, r8
100080a2:	40c3      	lsrs	r3, r0
100080a4:	4013      	ands	r3, r2
100080a6:	433b      	orrs	r3, r7
100080a8:	6033      	str	r3, [r6, #0]
100080aa:	1e63      	subs	r3, r4, #1
100080ac:	401c      	ands	r4, r3
100080ae:	d1ef      	bne.n	10008090 <pio_sm_set_pindirs_with_mask64+0x5c>
100080b0:	9903      	ldr	r1, [sp, #12]
100080b2:	9b02      	ldr	r3, [sp, #8]
100080b4:	185b      	adds	r3, r3, r1
100080b6:	00db      	lsls	r3, r3, #3
100080b8:	445b      	add	r3, fp
100080ba:	001a      	movs	r2, r3
100080bc:	9900      	ldr	r1, [sp, #0]
100080be:	32dc      	adds	r2, #220	@ 0xdc
100080c0:	6011      	str	r1, [r2, #0]
100080c2:	9a01      	ldr	r2, [sp, #4]
100080c4:	33cc      	adds	r3, #204	@ 0xcc
100080c6:	601a      	str	r2, [r3, #0]
100080c8:	b005      	add	sp, #20
100080ca:	bcf0      	pop	{r4, r5, r6, r7}
100080cc:	46bb      	mov	fp, r7
100080ce:	46b2      	mov	sl, r6
100080d0:	46a9      	mov	r9, r5
100080d2:	46a0      	mov	r8, r4
100080d4:	bdf0      	pop	{r4, r5, r6, r7, pc}
100080d6:	46c0      	nop			@ (mov r8, r8)
100080d8:	000030cc 	.word	0x000030cc
100080dc:	0000e080 	.word	0x0000e080

100080e0 <pio_set_input_sync_bypass_with_mask64>:
100080e0:	6b81      	ldr	r1, [r0, #56]	@ 0x38
100080e2:	9b00      	ldr	r3, [sp, #0]
100080e4:	4051      	eors	r1, r2
100080e6:	4a03      	ldr	r2, [pc, #12]	@ (100080f4 <pio_set_input_sync_bypass_with_mask64+0x14>)
100080e8:	400b      	ands	r3, r1
100080ea:	4694      	mov	ip, r2
100080ec:	4460      	add	r0, ip
100080ee:	6003      	str	r3, [r0, #0]
100080f0:	4770      	bx	lr
100080f2:	46c0      	nop			@ (mov r8, r8)
100080f4:	00001038 	.word	0x00001038

100080f8 <pio_sm_set_consecutive_pindirs>:
100080f8:	b5f0      	push	{r4, r5, r6, r7, lr}
100080fa:	464e      	mov	r6, r9
100080fc:	4645      	mov	r5, r8
100080fe:	46de      	mov	lr, fp
10008100:	4657      	mov	r7, sl
10008102:	b5e0      	push	{r5, r6, r7, lr}
10008104:	b083      	sub	sp, #12
10008106:	4689      	mov	r9, r1
10008108:	a90c      	add	r1, sp, #48	@ 0x30
1000810a:	4684      	mov	ip, r0
1000810c:	780d      	ldrb	r5, [r1, #0]
1000810e:	2a1f      	cmp	r2, #31
10008110:	d845      	bhi.n	1000819e <pio_sm_set_consecutive_pindirs+0xa6>
10008112:	4649      	mov	r1, r9
10008114:	0049      	lsls	r1, r1, #1
10008116:	4688      	mov	r8, r1
10008118:	4449      	add	r1, r9
1000811a:	00c9      	lsls	r1, r1, #3
1000811c:	1846      	adds	r6, r0, r1
1000811e:	0037      	movs	r7, r6
10008120:	0034      	movs	r4, r6
10008122:	37dc      	adds	r7, #220	@ 0xdc
10008124:	6838      	ldr	r0, [r7, #0]
10008126:	34cc      	adds	r4, #204	@ 0xcc
10008128:	4683      	mov	fp, r0
1000812a:	6820      	ldr	r0, [r4, #0]
1000812c:	0031      	movs	r1, r6
1000812e:	9001      	str	r0, [sp, #4]
10008130:	481c      	ldr	r0, [pc, #112]	@ (100081a4 <pio_sm_set_consecutive_pindirs+0xac>)
10008132:	2480      	movs	r4, #128	@ 0x80
10008134:	4682      	mov	sl, r0
10008136:	02a4      	lsls	r4, r4, #10
10008138:	4451      	add	r1, sl
1000813a:	600c      	str	r4, [r1, #0]
1000813c:	4269      	negs	r1, r5
1000813e:	414d      	adcs	r5, r1
10008140:	211e      	movs	r1, #30
10008142:	426d      	negs	r5, r5
10008144:	438d      	bics	r5, r1
10008146:	4918      	ldr	r1, [pc, #96]	@ (100081a8 <pio_sm_set_consecutive_pindirs+0xb0>)
10008148:	468a      	mov	sl, r1
1000814a:	4455      	add	r5, sl
1000814c:	2b05      	cmp	r3, #5
1000814e:	d90c      	bls.n	1000816a <pio_sm_set_consecutive_pindirs+0x72>
10008150:	20a0      	movs	r0, #160	@ 0xa0
10008152:	211f      	movs	r1, #31
10008154:	0540      	lsls	r0, r0, #21
10008156:	36d8      	adds	r6, #216	@ 0xd8
10008158:	0154      	lsls	r4, r2, #5
1000815a:	4304      	orrs	r4, r0
1000815c:	3205      	adds	r2, #5
1000815e:	3b05      	subs	r3, #5
10008160:	603c      	str	r4, [r7, #0]
10008162:	400a      	ands	r2, r1
10008164:	6035      	str	r5, [r6, #0]
10008166:	2b05      	cmp	r3, #5
10008168:	d8f6      	bhi.n	10008158 <pio_sm_set_consecutive_pindirs+0x60>
1000816a:	0152      	lsls	r2, r2, #5
1000816c:	069b      	lsls	r3, r3, #26
1000816e:	4313      	orrs	r3, r2
10008170:	4642      	mov	r2, r8
10008172:	444a      	add	r2, r9
10008174:	00d2      	lsls	r2, r2, #3
10008176:	4462      	add	r2, ip
10008178:	0010      	movs	r0, r2
1000817a:	32dc      	adds	r2, #220	@ 0xdc
1000817c:	6013      	str	r3, [r2, #0]
1000817e:	0003      	movs	r3, r0
10008180:	33d8      	adds	r3, #216	@ 0xd8
10008182:	601d      	str	r5, [r3, #0]
10008184:	465b      	mov	r3, fp
10008186:	6013      	str	r3, [r2, #0]
10008188:	9b01      	ldr	r3, [sp, #4]
1000818a:	30cc      	adds	r0, #204	@ 0xcc
1000818c:	6003      	str	r3, [r0, #0]
1000818e:	2000      	movs	r0, #0
10008190:	b003      	add	sp, #12
10008192:	bcf0      	pop	{r4, r5, r6, r7}
10008194:	46bb      	mov	fp, r7
10008196:	46b2      	mov	sl, r6
10008198:	46a9      	mov	r9, r5
1000819a:	46a0      	mov	r8, r4
1000819c:	bdf0      	pop	{r4, r5, r6, r7, pc}
1000819e:	2005      	movs	r0, #5
100081a0:	4240      	negs	r0, r0
100081a2:	e7f5      	b.n	10008190 <pio_sm_set_consecutive_pindirs+0x98>
100081a4:	000030cc 	.word	0x000030cc
100081a8:	0000e09f 	.word	0x0000e09f

100081ac <pio_claim_free_sm_and_add_program>:
100081ac:	b5f0      	push	{r4, r5, r6, r7, lr}
100081ae:	4645      	mov	r5, r8
100081b0:	46de      	mov	lr, fp
100081b2:	4657      	mov	r7, sl
100081b4:	464e      	mov	r6, r9
100081b6:	b5e0      	push	{r5, r6, r7, lr}
100081b8:	b08b      	sub	sp, #44	@ 0x2c
100081ba:	9307      	str	r3, [sp, #28]
100081bc:	2302      	movs	r3, #2
100081be:	4680      	mov	r8, r0
100081c0:	2502      	movs	r5, #2
100081c2:	469a      	mov	sl, r3
100081c4:	3b01      	subs	r3, #1
100081c6:	4699      	mov	r9, r3
100081c8:	4b4d      	ldr	r3, [pc, #308]	@ (10008300 <pio_claim_free_sm_and_add_program+0x154>)
100081ca:	9105      	str	r1, [sp, #20]
100081cc:	469b      	mov	fp, r3
100081ce:	4b4d      	ldr	r3, [pc, #308]	@ (10008304 <pio_claim_free_sm_and_add_program+0x158>)
100081d0:	9206      	str	r2, [sp, #24]
100081d2:	9303      	str	r3, [sp, #12]
100081d4:	4b4c      	ldr	r3, [pc, #304]	@ (10008308 <pio_claim_free_sm_and_add_program+0x15c>)
100081d6:	9302      	str	r3, [sp, #8]
100081d8:	4b4c      	ldr	r3, [pc, #304]	@ (1000830c <pio_claim_free_sm_and_add_program+0x160>)
100081da:	9a03      	ldr	r2, [sp, #12]
100081dc:	469c      	mov	ip, r3
100081de:	4b4c      	ldr	r3, [pc, #304]	@ (10008310 <pio_claim_free_sm_and_add_program+0x164>)
100081e0:	4465      	add	r5, ip
100081e2:	052d      	lsls	r5, r5, #20
100081e4:	18ee      	adds	r6, r5, r3
100081e6:	0cb6      	lsrs	r6, r6, #18
100081e8:	9200      	str	r2, [sp, #0]
100081ea:	2100      	movs	r1, #0
100081ec:	0032      	movs	r2, r6
100081ee:	4658      	mov	r0, fp
100081f0:	1cf3      	adds	r3, r6, #3
100081f2:	f7f8 f957 	bl	100004a4 <hw_claim_unused_from_range>
100081f6:	0007      	movs	r7, r0
100081f8:	42b0      	cmp	r0, r6
100081fa:	db65      	blt.n	100082c8 <pio_claim_free_sm_and_add_program+0x11c>
100081fc:	f7f8 f91a 	bl	10000434 <hw_claim_lock>
10008200:	4643      	mov	r3, r8
10008202:	2201      	movs	r2, #1
10008204:	7919      	ldrb	r1, [r3, #4]
10008206:	2405      	movs	r4, #5
10008208:	408a      	lsls	r2, r1
1000820a:	9004      	str	r0, [sp, #16]
1000820c:	571c      	ldrsb	r4, [r3, r4]
1000820e:	9b02      	ldr	r3, [sp, #8]
10008210:	3a01      	subs	r2, #1
10008212:	5998      	ldr	r0, [r3, r6]
10008214:	2c00      	cmp	r4, #0
10008216:	db3c      	blt.n	10008292 <pio_claim_free_sm_and_add_program+0xe6>
10008218:	2320      	movs	r3, #32
1000821a:	1a5b      	subs	r3, r3, r1
1000821c:	429c      	cmp	r4, r3
1000821e:	d84c      	bhi.n	100082ba <pio_claim_free_sm_and_add_program+0x10e>
10008220:	0013      	movs	r3, r2
10008222:	40a3      	lsls	r3, r4
10008224:	4218      	tst	r0, r3
10008226:	d148      	bne.n	100082ba <pio_claim_free_sm_and_add_program+0x10e>
10008228:	4643      	mov	r3, r8
1000822a:	681b      	ldr	r3, [r3, #0]
1000822c:	469c      	mov	ip, r3
1000822e:	4643      	mov	r3, r8
10008230:	799b      	ldrb	r3, [r3, #6]
10008232:	2b00      	cmp	r3, #0
10008234:	d141      	bne.n	100082ba <pio_claim_free_sm_and_add_program+0x10e>
10008236:	40a2      	lsls	r2, r4
10008238:	9208      	str	r2, [sp, #32]
1000823a:	4202      	tst	r2, r0
1000823c:	d13d      	bne.n	100082ba <pio_claim_free_sm_and_add_program+0x10e>
1000823e:	2280      	movs	r2, #128	@ 0x80
10008240:	0192      	lsls	r2, r2, #6
10008242:	2300      	movs	r3, #0
10008244:	4691      	mov	r9, r2
10008246:	2900      	cmp	r1, #0
10008248:	d012      	beq.n	10008270 <pio_claim_free_sm_and_add_program+0xc4>
1000824a:	0002      	movs	r2, r0
1000824c:	46b0      	mov	r8, r6
1000824e:	4660      	mov	r0, ip
10008250:	000e      	movs	r6, r1
10008252:	4694      	mov	ip, r2
10008254:	005a      	lsls	r2, r3, #1
10008256:	5a81      	ldrh	r1, [r0, r2]
10008258:	4549      	cmp	r1, r9
1000825a:	d200      	bcs.n	1000825e <pio_claim_free_sm_and_add_program+0xb2>
1000825c:	1909      	adds	r1, r1, r4
1000825e:	18e2      	adds	r2, r4, r3
10008260:	3212      	adds	r2, #18
10008262:	0092      	lsls	r2, r2, #2
10008264:	3301      	adds	r3, #1
10008266:	5151      	str	r1, [r2, r5]
10008268:	429e      	cmp	r6, r3
1000826a:	d8f3      	bhi.n	10008254 <pio_claim_free_sm_and_add_program+0xa8>
1000826c:	4660      	mov	r0, ip
1000826e:	4646      	mov	r6, r8
10008270:	9b08      	ldr	r3, [sp, #32]
10008272:	1bbf      	subs	r7, r7, r6
10008274:	4303      	orrs	r3, r0
10008276:	0018      	movs	r0, r3
10008278:	9b02      	ldr	r3, [sp, #8]
1000827a:	5198      	str	r0, [r3, r6]
1000827c:	9804      	ldr	r0, [sp, #16]
1000827e:	f7f8 f8e5 	bl	1000044c <hw_claim_unlock>
10008282:	9b05      	ldr	r3, [sp, #20]
10008284:	2001      	movs	r0, #1
10008286:	601d      	str	r5, [r3, #0]
10008288:	9b06      	ldr	r3, [sp, #24]
1000828a:	601f      	str	r7, [r3, #0]
1000828c:	9b07      	ldr	r3, [sp, #28]
1000828e:	601c      	str	r4, [r3, #0]
10008290:	e024      	b.n	100082dc <pio_claim_free_sm_and_add_program+0x130>
10008292:	2420      	movs	r4, #32
10008294:	1a64      	subs	r4, r4, r1
10008296:	9409      	str	r4, [sp, #36]	@ 0x24
10008298:	d40f      	bmi.n	100082ba <pio_claim_free_sm_and_add_program+0x10e>
1000829a:	0013      	movs	r3, r2
1000829c:	40a3      	lsls	r3, r4
1000829e:	9308      	str	r3, [sp, #32]
100082a0:	4203      	tst	r3, r0
100082a2:	d025      	beq.n	100082f0 <pio_claim_free_sm_and_add_program+0x144>
100082a4:	468c      	mov	ip, r1
100082a6:	0023      	movs	r3, r4
100082a8:	0011      	movs	r1, r2
100082aa:	e004      	b.n	100082b6 <pio_claim_free_sm_and_add_program+0x10a>
100082ac:	000a      	movs	r2, r1
100082ae:	409a      	lsls	r2, r3
100082b0:	001c      	movs	r4, r3
100082b2:	4210      	tst	r0, r2
100082b4:	d019      	beq.n	100082ea <pio_claim_free_sm_and_add_program+0x13e>
100082b6:	3b01      	subs	r3, #1
100082b8:	d2f8      	bcs.n	100082ac <pio_claim_free_sm_and_add_program+0x100>
100082ba:	9804      	ldr	r0, [sp, #16]
100082bc:	f7f8 f8c6 	bl	1000044c <hw_claim_unlock>
100082c0:	0039      	movs	r1, r7
100082c2:	4658      	mov	r0, fp
100082c4:	f7f8 f93c 	bl	10000540 <hw_claim_clear>
100082c8:	2300      	movs	r3, #0
100082ca:	464d      	mov	r5, r9
100082cc:	4699      	mov	r9, r3
100082ce:	4653      	mov	r3, sl
100082d0:	2b01      	cmp	r3, #1
100082d2:	d002      	beq.n	100082da <pio_claim_free_sm_and_add_program+0x12e>
100082d4:	2301      	movs	r3, #1
100082d6:	469a      	mov	sl, r3
100082d8:	e77e      	b.n	100081d8 <pio_claim_free_sm_and_add_program+0x2c>
100082da:	2000      	movs	r0, #0
100082dc:	b00b      	add	sp, #44	@ 0x2c
100082de:	bcf0      	pop	{r4, r5, r6, r7}
100082e0:	46bb      	mov	fp, r7
100082e2:	46b2      	mov	sl, r6
100082e4:	46a9      	mov	r9, r5
100082e6:	46a0      	mov	r8, r4
100082e8:	bdf0      	pop	{r4, r5, r6, r7, pc}
100082ea:	000a      	movs	r2, r1
100082ec:	4661      	mov	r1, ip
100082ee:	e79b      	b.n	10008228 <pio_claim_free_sm_and_add_program+0x7c>
100082f0:	4643      	mov	r3, r8
100082f2:	799b      	ldrb	r3, [r3, #6]
100082f4:	2b00      	cmp	r3, #0
100082f6:	d1e0      	bne.n	100082ba <pio_claim_free_sm_and_add_program+0x10e>
100082f8:	4643      	mov	r3, r8
100082fa:	681b      	ldr	r3, [r3, #0]
100082fc:	469c      	mov	ip, r3
100082fe:	e79e      	b.n	1000823e <pio_claim_free_sm_and_add_program+0x92>
10008300:	2000119c 	.word	0x2000119c
10008304:	10009d54 	.word	0x10009d54
10008308:	20001064 	.word	0x20001064
1000830c:	00000501 	.word	0x00000501
10008310:	afe00000 	.word	0xafe00000

10008314 <pio_claim_free_sm_and_add_program_for_gpio_range>:
10008314:	b570      	push	{r4, r5, r6, lr}
10008316:	9d05      	ldr	r5, [sp, #20]
10008318:	9c04      	ldr	r4, [sp, #16]
1000831a:	46ac      	mov	ip, r5
1000831c:	4464      	add	r4, ip
1000831e:	2500      	movs	r5, #0
10008320:	2c20      	cmp	r4, #32
10008322:	d802      	bhi.n	1000832a <pio_claim_free_sm_and_add_program_for_gpio_range+0x16>
10008324:	f7ff ff42 	bl	100081ac <pio_claim_free_sm_and_add_program>
10008328:	0005      	movs	r5, r0
1000832a:	0028      	movs	r0, r5
1000832c:	bd70      	pop	{r4, r5, r6, pc}
1000832e:	46c0      	nop			@ (mov r8, r8)

10008330 <pio_remove_program_and_unclaim_sm>:
10008330:	b570      	push	{r4, r5, r6, lr}
10008332:	2501      	movs	r5, #1
10008334:	0016      	movs	r6, r2
10008336:	7902      	ldrb	r2, [r0, #4]
10008338:	000c      	movs	r4, r1
1000833a:	4095      	lsls	r5, r2
1000833c:	3d01      	subs	r5, #1
1000833e:	409d      	lsls	r5, r3
10008340:	f7f8 f878 	bl	10000434 <hw_claim_lock>
10008344:	4b07      	ldr	r3, [pc, #28]	@ (10008364 <pio_remove_program_and_unclaim_sm+0x34>)
10008346:	4a08      	ldr	r2, [pc, #32]	@ (10008368 <pio_remove_program_and_unclaim_sm+0x38>)
10008348:	469c      	mov	ip, r3
1000834a:	4464      	add	r4, ip
1000834c:	0d24      	lsrs	r4, r4, #20
1000834e:	00a4      	lsls	r4, r4, #2
10008350:	58a3      	ldr	r3, [r4, r2]
10008352:	43ab      	bics	r3, r5
10008354:	50a3      	str	r3, [r4, r2]
10008356:	f7f8 f879 	bl	1000044c <hw_claim_unlock>
1000835a:	19a1      	adds	r1, r4, r6
1000835c:	4803      	ldr	r0, [pc, #12]	@ (1000836c <pio_remove_program_and_unclaim_sm+0x3c>)
1000835e:	f7f8 f8ef 	bl	10000540 <hw_claim_clear>
10008362:	bd70      	pop	{r4, r5, r6, pc}
10008364:	afe00000 	.word	0xafe00000
10008368:	20001064 	.word	0x20001064
1000836c:	2000119c 	.word	0x2000119c

10008370 <dma_channel_unclaim>:
10008370:	b510      	push	{r4, lr}
10008372:	4b03      	ldr	r3, [pc, #12]	@ (10008380 <dma_channel_unclaim+0x10>)
10008374:	0001      	movs	r1, r0
10008376:	0018      	movs	r0, r3
10008378:	f7f8 f8e2 	bl	10000540 <hw_claim_clear>
1000837c:	bd10      	pop	{r4, pc}
1000837e:	46c0      	nop			@ (mov r8, r8)
10008380:	20021ef0 	.word	0x20021ef0

10008384 <dma_claim_unused_channel>:
10008384:	b510      	push	{r4, lr}
10008386:	4b06      	ldr	r3, [pc, #24]	@ (100083a0 <dma_claim_unused_channel+0x1c>)
10008388:	4c06      	ldr	r4, [pc, #24]	@ (100083a4 <dma_claim_unused_channel+0x20>)
1000838a:	b082      	sub	sp, #8
1000838c:	0001      	movs	r1, r0
1000838e:	9300      	str	r3, [sp, #0]
10008390:	2200      	movs	r2, #0
10008392:	230b      	movs	r3, #11
10008394:	0020      	movs	r0, r4
10008396:	f7f8 f885 	bl	100004a4 <hw_claim_unused_from_range>
1000839a:	b002      	add	sp, #8
1000839c:	bd10      	pop	{r4, pc}
1000839e:	46c0      	nop			@ (mov r8, r8)
100083a0:	10009d78 	.word	0x10009d78
100083a4:	20021ef0 	.word	0x20021ef0

100083a8 <dma_channel_cleanup>:
100083a8:	0003      	movs	r3, r0
100083aa:	4911      	ldr	r1, [pc, #68]	@ (100083f0 <dma_channel_cleanup+0x48>)
100083ac:	0182      	lsls	r2, r0, #6
100083ae:	1851      	adds	r1, r2, r1
100083b0:	6808      	ldr	r0, [r1, #0]
100083b2:	02d9      	lsls	r1, r3, #11
100083b4:	4041      	eors	r1, r0
100083b6:	480f      	ldr	r0, [pc, #60]	@ (100083f4 <dma_channel_cleanup+0x4c>)
100083b8:	b510      	push	{r4, lr}
100083ba:	4001      	ands	r1, r0
100083bc:	480e      	ldr	r0, [pc, #56]	@ (100083f8 <dma_channel_cleanup+0x50>)
100083be:	24a0      	movs	r4, #160	@ 0xa0
100083c0:	1810      	adds	r0, r2, r0
100083c2:	6001      	str	r1, [r0, #0]
100083c4:	2001      	movs	r0, #1
100083c6:	4098      	lsls	r0, r3
100083c8:	4b0c      	ldr	r3, [pc, #48]	@ (100083fc <dma_channel_cleanup+0x54>)
100083ca:	05e4      	lsls	r4, r4, #23
100083cc:	6018      	str	r0, [r3, #0]
100083ce:	4b0c      	ldr	r3, [pc, #48]	@ (10008400 <dma_channel_cleanup+0x58>)
100083d0:	2180      	movs	r1, #128	@ 0x80
100083d2:	6018      	str	r0, [r3, #0]
100083d4:	4b0b      	ldr	r3, [pc, #44]	@ (10008404 <dma_channel_cleanup+0x5c>)
100083d6:	0449      	lsls	r1, r1, #17
100083d8:	50e0      	str	r0, [r4, r3]
100083da:	4b0b      	ldr	r3, [pc, #44]	@ (10008408 <dma_channel_cleanup+0x60>)
100083dc:	469c      	mov	ip, r3
100083de:	4462      	add	r2, ip
100083e0:	6813      	ldr	r3, [r2, #0]
100083e2:	420b      	tst	r3, r1
100083e4:	d1fc      	bne.n	100083e0 <dma_channel_cleanup+0x38>
100083e6:	2380      	movs	r3, #128	@ 0x80
100083e8:	00db      	lsls	r3, r3, #3
100083ea:	50e0      	str	r0, [r4, r3]
100083ec:	bd10      	pop	{r4, pc}
100083ee:	46c0      	nop			@ (mov r8, r8)
100083f0:	50000010 	.word	0x50000010
100083f4:	00007801 	.word	0x00007801
100083f8:	50001010 	.word	0x50001010
100083fc:	50003404 	.word	0x50003404
10008400:	50003414 	.word	0x50003414
10008404:	00000444 	.word	0x00000444
10008408:	5000000c 	.word	0x5000000c

1000840c <cyw43_sleep_timeout_reached>:
1000840c:	b510      	push	{r4, lr}
1000840e:	6803      	ldr	r3, [r0, #0]
10008410:	4901      	ldr	r1, [pc, #4]	@ (10008418 <cyw43_sleep_timeout_reached+0xc>)
10008412:	6a5b      	ldr	r3, [r3, #36]	@ 0x24
10008414:	4798      	blx	r3
10008416:	bd10      	pop	{r4, pc}
10008418:	200006a4 	.word	0x200006a4

1000841c <cyw43_irq_init>:
1000841c:	2080      	movs	r0, #128	@ 0x80
1000841e:	b510      	push	{r4, lr}
10008420:	2240      	movs	r2, #64	@ 0x40
10008422:	4907      	ldr	r1, [pc, #28]	@ (10008440 <cyw43_irq_init+0x24>)
10008424:	0440      	lsls	r0, r0, #17
10008426:	f7f7 ffa9 	bl	1000037c <gpio_add_raw_irq_handler_with_order_priority_masked>
1000842a:	2201      	movs	r2, #1
1000842c:	2102      	movs	r1, #2
1000842e:	2018      	movs	r0, #24
10008430:	f7f7 ff7e 	bl	10000330 <gpio_set_irq_enabled>
10008434:	200d      	movs	r0, #13
10008436:	2101      	movs	r1, #1
10008438:	f7f8 f8ca 	bl	100005d0 <irq_set_enabled>
1000843c:	2000      	movs	r0, #0
1000843e:	bd10      	pop	{r4, pc}
10008440:	10008465 	.word	0x10008465

10008444 <cyw43_irq_deinit>:
10008444:	b510      	push	{r4, lr}
10008446:	2200      	movs	r2, #0
10008448:	2102      	movs	r1, #2
1000844a:	2018      	movs	r0, #24
1000844c:	f7f7 ff70 	bl	10000330 <gpio_set_irq_enabled>
10008450:	2080      	movs	r0, #128	@ 0x80
10008452:	4903      	ldr	r1, [pc, #12]	@ (10008460 <cyw43_irq_deinit+0x1c>)
10008454:	0440      	lsls	r0, r0, #17
10008456:	f7f7 ffa5 	bl	100003a4 <gpio_remove_raw_irq_handler_masked>
1000845a:	2000      	movs	r0, #0
1000845c:	bd10      	pop	{r4, pc}
1000845e:	46c0      	nop			@ (mov r8, r8)
10008460:	10008465 	.word	0x10008465

10008464 <cyw43_gpio_irq_handler>:
10008464:	23d0      	movs	r3, #208	@ 0xd0
10008466:	061b      	lsls	r3, r3, #24
10008468:	681a      	ldr	r2, [r3, #0]
1000846a:	b510      	push	{r4, lr}
1000846c:	0053      	lsls	r3, r2, #1
1000846e:	189b      	adds	r3, r3, r2
10008470:	4a09      	ldr	r2, [pc, #36]	@ (10008498 <cyw43_gpio_irq_handler+0x34>)
10008472:	011b      	lsls	r3, r3, #4
10008474:	4694      	mov	ip, r2
10008476:	4463      	add	r3, ip
10008478:	6adb      	ldr	r3, [r3, #44]	@ 0x2c
1000847a:	079b      	lsls	r3, r3, #30
1000847c:	d400      	bmi.n	10008480 <cyw43_gpio_irq_handler+0x1c>
1000847e:	bd10      	pop	{r4, pc}
10008480:	2200      	movs	r2, #0
10008482:	2102      	movs	r1, #2
10008484:	2018      	movs	r0, #24
10008486:	f7f7 ff53 	bl	10000330 <gpio_set_irq_enabled>
1000848a:	4b04      	ldr	r3, [pc, #16]	@ (1000849c <cyw43_gpio_irq_handler+0x38>)
1000848c:	4904      	ldr	r1, [pc, #16]	@ (100084a0 <cyw43_gpio_irq_handler+0x3c>)
1000848e:	6818      	ldr	r0, [r3, #0]
10008490:	6803      	ldr	r3, [r0, #0]
10008492:	6a5b      	ldr	r3, [r3, #36]	@ 0x24
10008494:	4798      	blx	r3
10008496:	e7f2      	b.n	1000847e <cyw43_gpio_irq_handler+0x1a>
10008498:	40014100 	.word	0x40014100
1000849c:	200011c8 	.word	0x200011c8
100084a0:	200006a4 	.word	0x200006a4

100084a4 <cyw43_do_poll>:
100084a4:	4b16      	ldr	r3, [pc, #88]	@ (10008500 <cyw43_do_poll+0x5c>)
100084a6:	b570      	push	{r4, r5, r6, lr}
100084a8:	681b      	ldr	r3, [r3, #0]
100084aa:	0004      	movs	r4, r0
100084ac:	2b00      	cmp	r3, #0
100084ae:	d00e      	beq.n	100084ce <cyw43_do_poll+0x2a>
100084b0:	4d14      	ldr	r5, [pc, #80]	@ (10008504 <cyw43_do_poll+0x60>)
100084b2:	682a      	ldr	r2, [r5, #0]
100084b4:	2a00      	cmp	r2, #0
100084b6:	d001      	beq.n	100084bc <cyw43_do_poll+0x18>
100084b8:	3a01      	subs	r2, #1
100084ba:	602a      	str	r2, [r5, #0]
100084bc:	4798      	blx	r3
100084be:	682b      	ldr	r3, [r5, #0]
100084c0:	2b00      	cmp	r3, #0
100084c2:	d105      	bne.n	100084d0 <cyw43_do_poll+0x2c>
100084c4:	6823      	ldr	r3, [r4, #0]
100084c6:	0020      	movs	r0, r4
100084c8:	490f      	ldr	r1, [pc, #60]	@ (10008508 <cyw43_do_poll+0x64>)
100084ca:	699b      	ldr	r3, [r3, #24]
100084cc:	4798      	blx	r3
100084ce:	bd70      	pop	{r4, r5, r6, pc}
100084d0:	f7f9 f848 	bl	10001564 <time_us_64>
100084d4:	2300      	movs	r3, #0
100084d6:	4a0d      	ldr	r2, [pc, #52]	@ (1000850c <cyw43_do_poll+0x68>)
100084d8:	4d0b      	ldr	r5, [pc, #44]	@ (10008508 <cyw43_do_poll+0x64>)
100084da:	1880      	adds	r0, r0, r2
100084dc:	4159      	adcs	r1, r3
100084de:	000b      	movs	r3, r1
100084e0:	2180      	movs	r1, #128	@ 0x80
100084e2:	0002      	movs	r2, r0
100084e4:	0609      	lsls	r1, r1, #24
100084e6:	428b      	cmp	r3, r1
100084e8:	d302      	bcc.n	100084f0 <cyw43_do_poll+0x4c>
100084ea:	2201      	movs	r2, #1
100084ec:	4b08      	ldr	r3, [pc, #32]	@ (10008510 <cyw43_do_poll+0x6c>)
100084ee:	4252      	negs	r2, r2
100084f0:	60eb      	str	r3, [r5, #12]
100084f2:	6823      	ldr	r3, [r4, #0]
100084f4:	0029      	movs	r1, r5
100084f6:	0020      	movs	r0, r4
100084f8:	695b      	ldr	r3, [r3, #20]
100084fa:	60aa      	str	r2, [r5, #8]
100084fc:	4798      	blx	r3
100084fe:	e7e6      	b.n	100084ce <cyw43_do_poll+0x2a>
10008500:	200011cc 	.word	0x200011cc
10008504:	200011d0 	.word	0x200011d0
10008508:	200006b8 	.word	0x200006b8
1000850c:	0000c350 	.word	0x0000c350
10008510:	7fffffff 	.word	0x7fffffff

10008514 <cyw43_post_poll_hook>:
10008514:	b510      	push	{r4, lr}
10008516:	2201      	movs	r2, #1
10008518:	2102      	movs	r1, #2
1000851a:	2018      	movs	r0, #24
1000851c:	f7f7 ff08 	bl	10000330 <gpio_set_irq_enabled>
10008520:	bd10      	pop	{r4, pc}
10008522:	46c0      	nop			@ (mov r8, r8)

10008524 <cyw43_schedule_internal_poll_dispatch>:
10008524:	4b03      	ldr	r3, [pc, #12]	@ (10008534 <cyw43_schedule_internal_poll_dispatch+0x10>)
10008526:	b510      	push	{r4, lr}
10008528:	6818      	ldr	r0, [r3, #0]
1000852a:	4903      	ldr	r1, [pc, #12]	@ (10008538 <cyw43_schedule_internal_poll_dispatch+0x14>)
1000852c:	6803      	ldr	r3, [r0, #0]
1000852e:	6a5b      	ldr	r3, [r3, #36]	@ 0x24
10008530:	4798      	blx	r3
10008532:	bd10      	pop	{r4, pc}
10008534:	200011c8 	.word	0x200011c8
10008538:	200006a4 	.word	0x200006a4

1000853c <cyw43_driver_init>:
1000853c:	b510      	push	{r4, lr}
1000853e:	0004      	movs	r4, r0
10008540:	4808      	ldr	r0, [pc, #32]	@ (10008564 <cyw43_driver_init+0x28>)
10008542:	f7ff fb95 	bl	10007c70 <cyw43_init>
10008546:	4b08      	ldr	r3, [pc, #32]	@ (10008568 <cyw43_driver_init+0x2c>)
10008548:	2200      	movs	r2, #0
1000854a:	601c      	str	r4, [r3, #0]
1000854c:	6823      	ldr	r3, [r4, #0]
1000854e:	0020      	movs	r0, r4
10008550:	4906      	ldr	r1, [pc, #24]	@ (1000856c <cyw43_driver_init+0x30>)
10008552:	691b      	ldr	r3, [r3, #16]
10008554:	4798      	blx	r3
10008556:	6823      	ldr	r3, [r4, #0]
10008558:	0020      	movs	r0, r4
1000855a:	4905      	ldr	r1, [pc, #20]	@ (10008570 <cyw43_driver_init+0x34>)
1000855c:	69db      	ldr	r3, [r3, #28]
1000855e:	4798      	blx	r3
10008560:	2001      	movs	r0, #1
10008562:	bd10      	pop	{r4, pc}
10008564:	200011d4 	.word	0x200011d4
10008568:	200011c8 	.word	0x200011c8
1000856c:	1000841d 	.word	0x1000841d
10008570:	200006a4 	.word	0x200006a4

10008574 <cyw43_driver_deinit>:
10008574:	b570      	push	{r4, r5, r6, lr}
10008576:	4d0d      	ldr	r5, [pc, #52]	@ (100085ac <cyw43_driver_deinit+0x38>)
10008578:	0004      	movs	r4, r0
1000857a:	682b      	ldr	r3, [r5, #0]
1000857c:	2b00      	cmp	r3, #0
1000857e:	d013      	beq.n	100085a8 <cyw43_driver_deinit+0x34>
10008580:	6803      	ldr	r3, [r0, #0]
10008582:	490b      	ldr	r1, [pc, #44]	@ (100085b0 <cyw43_driver_deinit+0x3c>)
10008584:	699b      	ldr	r3, [r3, #24]
10008586:	4798      	blx	r3
10008588:	6823      	ldr	r3, [r4, #0]
1000858a:	490a      	ldr	r1, [pc, #40]	@ (100085b4 <cyw43_driver_deinit+0x40>)
1000858c:	6a1b      	ldr	r3, [r3, #32]
1000858e:	0020      	movs	r0, r4
10008590:	4798      	blx	r3
10008592:	6823      	ldr	r3, [r4, #0]
10008594:	2200      	movs	r2, #0
10008596:	691b      	ldr	r3, [r3, #16]
10008598:	4907      	ldr	r1, [pc, #28]	@ (100085b8 <cyw43_driver_deinit+0x44>)
1000859a:	0020      	movs	r0, r4
1000859c:	4798      	blx	r3
1000859e:	4807      	ldr	r0, [pc, #28]	@ (100085bc <cyw43_driver_deinit+0x48>)
100085a0:	f7ff fb9c 	bl	10007cdc <cyw43_deinit>
100085a4:	2300      	movs	r3, #0
100085a6:	602b      	str	r3, [r5, #0]
100085a8:	bd70      	pop	{r4, r5, r6, pc}
100085aa:	46c0      	nop			@ (mov r8, r8)
100085ac:	200011c8 	.word	0x200011c8
100085b0:	200006b8 	.word	0x200006b8
100085b4:	200006a4 	.word	0x200006a4
100085b8:	10008445 	.word	0x10008445
100085bc:	200011d4 	.word	0x200011d4

100085c0 <cyw43_hal_generate_laa_mac>:
100085c0:	b510      	push	{r4, lr}
100085c2:	b082      	sub	sp, #8
100085c4:	4668      	mov	r0, sp
100085c6:	000c      	movs	r4, r1
100085c8:	f7fb fcd8 	bl	10003f7c <pico_get_unique_board_id>
100085cc:	466b      	mov	r3, sp
100085ce:	2206      	movs	r2, #6
100085d0:	1c99      	adds	r1, r3, #2
100085d2:	0020      	movs	r0, r4
100085d4:	f7f9 fefc 	bl	100023d0 <__wrap___aeabi_memcpy>
100085d8:	2201      	movs	r2, #1
100085da:	7823      	ldrb	r3, [r4, #0]
100085dc:	4393      	bics	r3, r2
100085de:	2202      	movs	r2, #2
100085e0:	4313      	orrs	r3, r2
100085e2:	7023      	strb	r3, [r4, #0]
100085e4:	b002      	add	sp, #8
100085e6:	bd10      	pop	{r4, pc}

100085e8 <cyw43_thread_enter>:
100085e8:	4b03      	ldr	r3, [pc, #12]	@ (100085f8 <cyw43_thread_enter+0x10>)
100085ea:	b510      	push	{r4, lr}
100085ec:	6818      	ldr	r0, [r3, #0]
100085ee:	6803      	ldr	r3, [r0, #0]
100085f0:	685b      	ldr	r3, [r3, #4]
100085f2:	4798      	blx	r3
100085f4:	bd10      	pop	{r4, pc}
100085f6:	46c0      	nop			@ (mov r8, r8)
100085f8:	200011c8 	.word	0x200011c8

100085fc <cyw43_thread_exit>:
100085fc:	4b03      	ldr	r3, [pc, #12]	@ (1000860c <cyw43_thread_exit+0x10>)
100085fe:	b510      	push	{r4, lr}
10008600:	6818      	ldr	r0, [r3, #0]
10008602:	6803      	ldr	r3, [r0, #0]
10008604:	689b      	ldr	r3, [r3, #8]
10008606:	4798      	blx	r3
10008608:	bd10      	pop	{r4, pc}
1000860a:	46c0      	nop			@ (mov r8, r8)
1000860c:	200011c8 	.word	0x200011c8

10008610 <cyw43_await_background_or_timeout_us>:
10008610:	b570      	push	{r4, r5, r6, lr}
10008612:	f3ef 8305 	mrs	r3, IPSR
10008616:	4a15      	ldr	r2, [pc, #84]	@ (1000866c <cyw43_await_background_or_timeout_us+0x5c>)
10008618:	0004      	movs	r4, r0
1000861a:	2500      	movs	r5, #0
1000861c:	6816      	ldr	r6, [r2, #0]
1000861e:	2b00      	cmp	r3, #0
10008620:	d112      	bne.n	10008648 <cyw43_await_background_or_timeout_us+0x38>
10008622:	f7f8 ff9f 	bl	10001564 <time_us_64>
10008626:	000b      	movs	r3, r1
10008628:	0002      	movs	r2, r0
1000862a:	2180      	movs	r1, #128	@ 0x80
1000862c:	1912      	adds	r2, r2, r4
1000862e:	416b      	adcs	r3, r5
10008630:	0609      	lsls	r1, r1, #24
10008632:	428b      	cmp	r3, r1
10008634:	d204      	bcs.n	10008640 <cyw43_await_background_or_timeout_us+0x30>
10008636:	6831      	ldr	r1, [r6, #0]
10008638:	0030      	movs	r0, r6
1000863a:	6b09      	ldr	r1, [r1, #48]	@ 0x30
1000863c:	4788      	blx	r1
1000863e:	bd70      	pop	{r4, r5, r6, pc}
10008640:	2201      	movs	r2, #1
10008642:	4b0b      	ldr	r3, [pc, #44]	@ (10008670 <cyw43_await_background_or_timeout_us+0x60>)
10008644:	4252      	negs	r2, r2
10008646:	e7f6      	b.n	10008636 <cyw43_await_background_or_timeout_us+0x26>
10008648:	f7f8 ff8c 	bl	10001564 <time_us_64>
1000864c:	000b      	movs	r3, r1
1000864e:	0002      	movs	r2, r0
10008650:	2180      	movs	r1, #128	@ 0x80
10008652:	1912      	adds	r2, r2, r4
10008654:	416b      	adcs	r3, r5
10008656:	0609      	lsls	r1, r1, #24
10008658:	428b      	cmp	r3, r1
1000865a:	d302      	bcc.n	10008662 <cyw43_await_background_or_timeout_us+0x52>
1000865c:	2201      	movs	r2, #1
1000865e:	4b04      	ldr	r3, [pc, #16]	@ (10008670 <cyw43_await_background_or_timeout_us+0x60>)
10008660:	4252      	negs	r2, r2
10008662:	6831      	ldr	r1, [r6, #0]
10008664:	0030      	movs	r0, r6
10008666:	6ac9      	ldr	r1, [r1, #44]	@ 0x2c
10008668:	4788      	blx	r1
1000866a:	e7e8      	b.n	1000863e <cyw43_await_background_or_timeout_us+0x2e>
1000866c:	200011c8 	.word	0x200011c8
10008670:	7fffffff 	.word	0x7fffffff

10008674 <cyw43_delay_ms>:
10008674:	b5f8      	push	{r3, r4, r5, r6, r7, lr}
10008676:	4b0f      	ldr	r3, [pc, #60]	@ (100086b4 <cyw43_delay_ms+0x40>)
10008678:	0006      	movs	r6, r0
1000867a:	681f      	ldr	r7, [r3, #0]
1000867c:	f7f8 ff72 	bl	10001564 <time_us_64>
10008680:	22fa      	movs	r2, #250	@ 0xfa
10008682:	0004      	movs	r4, r0
10008684:	000d      	movs	r5, r1
10008686:	2300      	movs	r3, #0
10008688:	0092      	lsls	r2, r2, #2
1000868a:	0030      	movs	r0, r6
1000868c:	2100      	movs	r1, #0
1000868e:	f7f9 fdf3 	bl	10002278 <__wrap___aeabi_lmul>
10008692:	000b      	movs	r3, r1
10008694:	0002      	movs	r2, r0
10008696:	2180      	movs	r1, #128	@ 0x80
10008698:	1912      	adds	r2, r2, r4
1000869a:	416b      	adcs	r3, r5
1000869c:	0609      	lsls	r1, r1, #24
1000869e:	428b      	cmp	r3, r1
100086a0:	d302      	bcc.n	100086a8 <cyw43_delay_ms+0x34>
100086a2:	2201      	movs	r2, #1
100086a4:	4b04      	ldr	r3, [pc, #16]	@ (100086b8 <cyw43_delay_ms+0x44>)
100086a6:	4252      	negs	r2, r2
100086a8:	6839      	ldr	r1, [r7, #0]
100086aa:	0038      	movs	r0, r7
100086ac:	6ac9      	ldr	r1, [r1, #44]	@ 0x2c
100086ae:	4788      	blx	r1
100086b0:	bdf8      	pop	{r3, r4, r5, r6, r7, pc}
100086b2:	46c0      	nop			@ (mov r8, r8)
100086b4:	200011c8 	.word	0x200011c8
100086b8:	7fffffff 	.word	0x7fffffff

100086bc <cyw43_cb_tcpip_deinit>:
100086bc:	4770      	bx	lr
100086be:	46c0      	nop			@ (mov r8, r8)

100086c0 <cyw43_cb_tcpip_set_link_up>:
100086c0:	b510      	push	{r4, lr}
100086c2:	4801      	ldr	r0, [pc, #4]	@ (100086c8 <cyw43_cb_tcpip_set_link_up+0x8>)
100086c4:	f7f7 fe9e 	bl	10000404 <panic>
100086c8:	10009d98 	.word	0x10009d98

100086cc <cyw43_cb_tcpip_set_link_down>:
100086cc:	b510      	push	{r4, lr}
100086ce:	4801      	ldr	r0, [pc, #4]	@ (100086d4 <cyw43_cb_tcpip_set_link_down+0x8>)
100086d0:	f7f7 fe98 	bl	10000404 <panic>
100086d4:	10009d98 	.word	0x10009d98

100086d8 <cyw43_cb_process_ethernet>:
100086d8:	b510      	push	{r4, lr}
100086da:	4801      	ldr	r0, [pc, #4]	@ (100086e0 <cyw43_cb_process_ethernet+0x8>)
100086dc:	f7f7 fe92 	bl	10000404 <panic>
100086e0:	10009d98 	.word	0x10009d98

100086e4 <async_context_threadsafe_background_acquire_lock_blocking>:
100086e4:	b510      	push	{r4, lr}
100086e6:	3030      	adds	r0, #48	@ 0x30
100086e8:	f001 f8b2 	bl	10009850 <__recursive_mutex_enter_blocking_veneer>
100086ec:	bd10      	pop	{r4, pc}
100086ee:	46c0      	nop			@ (mov r8, r8)

100086f0 <async_context_threadsafe_background_deinit>:
100086f0:	b570      	push	{r4, r5, r6, lr}
100086f2:	254d      	movs	r5, #77	@ 0x4d
100086f4:	0004      	movs	r4, r0
100086f6:	5d40      	ldrb	r0, [r0, r5]
100086f8:	2800      	cmp	r0, #0
100086fa:	d118      	bne.n	1000872e <async_context_threadsafe_background_deinit+0x3e>
100086fc:	6c63      	ldr	r3, [r4, #68]	@ 0x44
100086fe:	2b00      	cmp	r3, #0
10008700:	dd03      	ble.n	1000870a <async_context_threadsafe_background_deinit+0x1a>
10008702:	6c61      	ldr	r1, [r4, #68]	@ 0x44
10008704:	6a20      	ldr	r0, [r4, #32]
10008706:	f7f8 fdb5 	bl	10001274 <alarm_pool_cancel_alarm>
1000870a:	234c      	movs	r3, #76	@ 0x4c
1000870c:	5ce3      	ldrb	r3, [r4, r3]
1000870e:	2b00      	cmp	r3, #0
10008710:	d11a      	bne.n	10008748 <async_context_threadsafe_background_deinit+0x58>
10008712:	0025      	movs	r5, r4
10008714:	3530      	adds	r5, #48	@ 0x30
10008716:	0028      	movs	r0, r5
10008718:	f001 f89a 	bl	10009850 <__recursive_mutex_enter_blocking_veneer>
1000871c:	0028      	movs	r0, r5
1000871e:	f001 f8b7 	bl	10009890 <__recursive_mutex_exit_veneer>
10008722:	2250      	movs	r2, #80	@ 0x50
10008724:	2100      	movs	r1, #0
10008726:	0020      	movs	r0, r4
10008728:	f7f9 fe4c 	bl	100023c4 <__wrap_memset>
1000872c:	bd70      	pop	{r4, r5, r6, pc}
1000872e:	2100      	movs	r1, #0
10008730:	f7f7 ff4e 	bl	100005d0 <irq_set_enabled>
10008734:	4906      	ldr	r1, [pc, #24]	@ (10008750 <async_context_threadsafe_background_deinit+0x60>)
10008736:	5d60      	ldrb	r0, [r4, r5]
10008738:	f7f8 f87a 	bl	10000830 <irq_remove_handler>
1000873c:	5d60      	ldrb	r0, [r4, r5]
1000873e:	f7f8 f9db 	bl	10000af8 <user_irq_unclaim>
10008742:	2300      	movs	r3, #0
10008744:	5563      	strb	r3, [r4, r5]
10008746:	e7d9      	b.n	100086fc <async_context_threadsafe_background_deinit+0xc>
10008748:	6a20      	ldr	r0, [r4, #32]
1000874a:	f7f8 fca3 	bl	10001094 <alarm_pool_destroy>
1000874e:	e7e0      	b.n	10008712 <async_context_threadsafe_background_deinit+0x22>
10008750:	10008849 	.word	0x10008849

10008754 <handle_sync_func_call>:
10008754:	b570      	push	{r4, r5, r6, lr}
10008756:	0005      	movs	r5, r0
10008758:	698b      	ldr	r3, [r1, #24]
1000875a:	69c8      	ldr	r0, [r1, #28]
1000875c:	000c      	movs	r4, r1
1000875e:	4798      	blx	r3
10008760:	682b      	ldr	r3, [r5, #0]
10008762:	0021      	movs	r1, r4
10008764:	6a1b      	ldr	r3, [r3, #32]
10008766:	6220      	str	r0, [r4, #32]
10008768:	0028      	movs	r0, r5
1000876a:	4798      	blx	r3
1000876c:	0020      	movs	r0, r4
1000876e:	3010      	adds	r0, #16
10008770:	f001 f856 	bl	10009820 <__sem_release_veneer>
10008774:	bd70      	pop	{r4, r5, r6, pc}
10008776:	46c0      	nop			@ (mov r8, r8)

10008778 <process_under_lock>:
10008778:	b5f0      	push	{r4, r5, r6, r7, lr}
1000877a:	4b31      	ldr	r3, [pc, #196]	@ (10008840 <process_under_lock+0xc8>)
1000877c:	46d6      	mov	lr, sl
1000877e:	464f      	mov	r7, r9
10008780:	4646      	mov	r6, r8
10008782:	681a      	ldr	r2, [r3, #0]
10008784:	685b      	ldr	r3, [r3, #4]
10008786:	0004      	movs	r4, r0
10008788:	469a      	mov	sl, r3
1000878a:	4b2e      	ldr	r3, [pc, #184]	@ (10008844 <process_under_lock+0xcc>)
1000878c:	4690      	mov	r8, r2
1000878e:	254e      	movs	r5, #78	@ 0x4e
10008790:	4699      	mov	r9, r3
10008792:	b5c0      	push	{r6, r7, lr}
10008794:	b084      	sub	sp, #16
10008796:	0020      	movs	r0, r4
10008798:	f7fb fc68 	bl	1000406c <async_context_base_execute_once>
1000879c:	0006      	movs	r6, r0
1000879e:	000f      	movs	r7, r1
100087a0:	f7f8 fee0 	bl	10001564 <time_us_64>
100087a4:	0032      	movs	r2, r6
100087a6:	003b      	movs	r3, r7
100087a8:	1a12      	subs	r2, r2, r0
100087aa:	418b      	sbcs	r3, r1
100087ac:	2b00      	cmp	r3, #0
100087ae:	dd29      	ble.n	10008804 <process_under_lock+0x8c>
100087b0:	4546      	cmp	r6, r8
100087b2:	d02d      	beq.n	10008810 <process_under_lock+0x98>
100087b4:	5d63      	ldrb	r3, [r4, r5]
100087b6:	2b00      	cmp	r3, #0
100087b8:	d008      	beq.n	100087cc <process_under_lock+0x54>
100087ba:	6aa2      	ldr	r2, [r4, #40]	@ 0x28
100087bc:	6ae3      	ldr	r3, [r4, #44]	@ 0x2c
100087be:	0030      	movs	r0, r6
100087c0:	0039      	movs	r1, r7
100087c2:	1a80      	subs	r0, r0, r2
100087c4:	4199      	sbcs	r1, r3
100087c6:	2900      	cmp	r1, #0
100087c8:	dc27      	bgt.n	1000881a <process_under_lock+0xa2>
100087ca:	d035      	beq.n	10008838 <process_under_lock+0xc0>
100087cc:	6c63      	ldr	r3, [r4, #68]	@ 0x44
100087ce:	2b00      	cmp	r3, #0
100087d0:	dd03      	ble.n	100087da <process_under_lock+0x62>
100087d2:	6c61      	ldr	r1, [r4, #68]	@ 0x44
100087d4:	6a20      	ldr	r0, [r4, #32]
100087d6:	f7f8 fd4d 	bl	10001274 <alarm_pool_cancel_alarm>
100087da:	2301      	movs	r3, #1
100087dc:	62a6      	str	r6, [r4, #40]	@ 0x28
100087de:	62e7      	str	r7, [r4, #44]	@ 0x2c
100087e0:	5563      	strb	r3, [r4, r5]
100087e2:	2300      	movs	r3, #0
100087e4:	6a20      	ldr	r0, [r4, #32]
100087e6:	9302      	str	r3, [sp, #8]
100087e8:	464b      	mov	r3, r9
100087ea:	0032      	movs	r2, r6
100087ec:	9300      	str	r3, [sp, #0]
100087ee:	9401      	str	r4, [sp, #4]
100087f0:	003b      	movs	r3, r7
100087f2:	f7f8 fc7d 	bl	100010f0 <alarm_pool_add_alarm_at>
100087f6:	6460      	str	r0, [r4, #68]	@ 0x44
100087f8:	6c63      	ldr	r3, [r4, #68]	@ 0x44
100087fa:	2b00      	cmp	r3, #0
100087fc:	dc0d      	bgt.n	1000881a <process_under_lock+0xa2>
100087fe:	2300      	movs	r3, #0
10008800:	5563      	strb	r3, [r4, r5]
10008802:	e7c8      	b.n	10008796 <process_under_lock+0x1e>
10008804:	2b00      	cmp	r3, #0
10008806:	d1c6      	bne.n	10008796 <process_under_lock+0x1e>
10008808:	2a00      	cmp	r2, #0
1000880a:	d0c4      	beq.n	10008796 <process_under_lock+0x1e>
1000880c:	4546      	cmp	r6, r8
1000880e:	d1d1      	bne.n	100087b4 <process_under_lock+0x3c>
10008810:	4557      	cmp	r7, sl
10008812:	d1cf      	bne.n	100087b4 <process_under_lock+0x3c>
10008814:	6c63      	ldr	r3, [r4, #68]	@ 0x44
10008816:	2b00      	cmp	r3, #0
10008818:	dc05      	bgt.n	10008826 <process_under_lock+0xae>
1000881a:	b004      	add	sp, #16
1000881c:	bce0      	pop	{r5, r6, r7}
1000881e:	46ba      	mov	sl, r7
10008820:	46b1      	mov	r9, r6
10008822:	46a8      	mov	r8, r5
10008824:	bdf0      	pop	{r4, r5, r6, r7, pc}
10008826:	6c61      	ldr	r1, [r4, #68]	@ 0x44
10008828:	6a20      	ldr	r0, [r4, #32]
1000882a:	f7f8 fd23 	bl	10001274 <alarm_pool_cancel_alarm>
1000882e:	2300      	movs	r3, #0
10008830:	224e      	movs	r2, #78	@ 0x4e
10008832:	6463      	str	r3, [r4, #68]	@ 0x44
10008834:	54a3      	strb	r3, [r4, r2]
10008836:	e7f0      	b.n	1000881a <process_under_lock+0xa2>
10008838:	2800      	cmp	r0, #0
1000883a:	d0c7      	beq.n	100087cc <process_under_lock+0x54>
1000883c:	e7ed      	b.n	1000881a <process_under_lock+0xa2>
1000883e:	46c0      	nop			@ (mov r8, r8)
10008840:	10009dd8 	.word	0x10009dd8
10008844:	10008a01 	.word	0x10008a01

10008848 <low_priority_irq_handler>:
10008848:	b570      	push	{r4, r5, r6, lr}
1000884a:	f3ef 8305 	mrs	r3, IPSR
1000884e:	4a0c      	ldr	r2, [pc, #48]	@ (10008880 <low_priority_irq_handler+0x38>)
10008850:	3b2a      	subs	r3, #42	@ 0x2a
10008852:	009b      	lsls	r3, r3, #2
10008854:	589c      	ldr	r4, [r3, r2]
10008856:	2c00      	cmp	r4, #0
10008858:	d00d      	beq.n	10008876 <low_priority_irq_handler+0x2e>
1000885a:	0025      	movs	r5, r4
1000885c:	3530      	adds	r5, #48	@ 0x30
1000885e:	2100      	movs	r1, #0
10008860:	0028      	movs	r0, r5
10008862:	f001 f835 	bl	100098d0 <__recursive_mutex_try_enter_veneer>
10008866:	2800      	cmp	r0, #0
10008868:	d005      	beq.n	10008876 <low_priority_irq_handler+0x2e>
1000886a:	7a2b      	ldrb	r3, [r5, #8]
1000886c:	2b01      	cmp	r3, #1
1000886e:	d003      	beq.n	10008878 <low_priority_irq_handler+0x30>
10008870:	0028      	movs	r0, r5
10008872:	f001 f80d 	bl	10009890 <__recursive_mutex_exit_veneer>
10008876:	bd70      	pop	{r4, r5, r6, pc}
10008878:	0020      	movs	r0, r4
1000887a:	f7ff ff7d 	bl	10008778 <process_under_lock>
1000887e:	e7f7      	b.n	10008870 <low_priority_irq_handler+0x28>
10008880:	20001070 	.word	0x20001070

10008884 <async_context_threadsafe_background_wait_for_work_until>:
10008884:	b510      	push	{r4, lr}
10008886:	303c      	adds	r0, #60	@ 0x3c
10008888:	f000 ffea 	bl	10009860 <__sem_acquire_block_until_veneer>
1000888c:	bd10      	pop	{r4, pc}
1000888e:	46c0      	nop			@ (mov r8, r8)

10008890 <async_context_threadsafe_background_wait_until>:
10008890:	0010      	movs	r0, r2
10008892:	0019      	movs	r1, r3
10008894:	b510      	push	{r4, lr}
10008896:	f3ef 8305 	mrs	r3, IPSR
1000889a:	2b00      	cmp	r3, #0
1000889c:	d002      	beq.n	100088a4 <async_context_threadsafe_background_wait_until+0x14>
1000889e:	f7f8 fe6b 	bl	10001578 <busy_wait_until>
100088a2:	bd10      	pop	{r4, pc}
100088a4:	f7f8 fd22 	bl	100012ec <sleep_until>
100088a8:	e7fb      	b.n	100088a2 <async_context_threadsafe_background_wait_until+0x12>
100088aa:	46c0      	nop			@ (mov r8, r8)

100088ac <async_context_threadsafe_background_execute_sync>:
100088ac:	b5f0      	push	{r4, r5, r6, r7, lr}
100088ae:	46c6      	mov	lr, r8
100088b0:	27d0      	movs	r7, #208	@ 0xd0
100088b2:	b500      	push	{lr}
100088b4:	063f      	lsls	r7, r7, #24
100088b6:	0016      	movs	r6, r2
100088b8:	683b      	ldr	r3, [r7, #0]
100088ba:	7e82      	ldrb	r2, [r0, #26]
100088bc:	0004      	movs	r4, r0
100088be:	000d      	movs	r5, r1
100088c0:	b08c      	sub	sp, #48	@ 0x30
100088c2:	429a      	cmp	r2, r3
100088c4:	d020      	beq.n	10008908 <async_context_threadsafe_background_execute_sync+0x5c>
100088c6:	2224      	movs	r2, #36	@ 0x24
100088c8:	2100      	movs	r1, #0
100088ca:	a803      	add	r0, sp, #12
100088cc:	f7f9 fd7a 	bl	100023c4 <__wrap_memset>
100088d0:	4b2c      	ldr	r3, [pc, #176]	@ (10008984 <async_context_threadsafe_background_execute_sync+0xd8>)
100088d2:	2201      	movs	r2, #1
100088d4:	2100      	movs	r1, #0
100088d6:	a807      	add	r0, sp, #28
100088d8:	9304      	str	r3, [sp, #16]
100088da:	9509      	str	r5, [sp, #36]	@ 0x24
100088dc:	960a      	str	r6, [sp, #40]	@ 0x28
100088de:	f7f8 f92b 	bl	10000b38 <sem_init>
100088e2:	6823      	ldr	r3, [r4, #0]
100088e4:	a903      	add	r1, sp, #12
100088e6:	69db      	ldr	r3, [r3, #28]
100088e8:	0020      	movs	r0, r4
100088ea:	4798      	blx	r3
100088ec:	6823      	ldr	r3, [r4, #0]
100088ee:	0020      	movs	r0, r4
100088f0:	6a5b      	ldr	r3, [r3, #36]	@ 0x24
100088f2:	a903      	add	r1, sp, #12
100088f4:	4798      	blx	r3
100088f6:	a807      	add	r0, sp, #28
100088f8:	f000 ffda 	bl	100098b0 <__sem_acquire_blocking_veneer>
100088fc:	9d0b      	ldr	r5, [sp, #44]	@ 0x2c
100088fe:	0028      	movs	r0, r5
10008900:	b00c      	add	sp, #48	@ 0x30
10008902:	bc80      	pop	{r7}
10008904:	46b8      	mov	r8, r7
10008906:	bdf0      	pop	{r4, r5, r6, r7, pc}
10008908:	2330      	movs	r3, #48	@ 0x30
1000890a:	4698      	mov	r8, r3
1000890c:	4480      	add	r8, r0
1000890e:	4640      	mov	r0, r8
10008910:	f000 ff9e 	bl	10009850 <__recursive_mutex_enter_blocking_veneer>
10008914:	0030      	movs	r0, r6
10008916:	47a8      	blx	r5
10008918:	4643      	mov	r3, r8
1000891a:	7a1b      	ldrb	r3, [r3, #8]
1000891c:	0005      	movs	r5, r0
1000891e:	2b01      	cmp	r3, #1
10008920:	d003      	beq.n	1000892a <async_context_threadsafe_background_execute_sync+0x7e>
10008922:	4640      	mov	r0, r8
10008924:	f000 ffb4 	bl	10009890 <__recursive_mutex_exit_veneer>
10008928:	e7e9      	b.n	100088fe <async_context_threadsafe_background_execute_sync+0x52>
1000892a:	7ea2      	ldrb	r2, [r4, #26]
1000892c:	683b      	ldr	r3, [r7, #0]
1000892e:	0020      	movs	r0, r4
10008930:	429a      	cmp	r2, r3
10008932:	d01e      	beq.n	10008972 <async_context_threadsafe_background_execute_sync+0xc6>
10008934:	f7fb fc1e 	bl	10004174 <async_context_base_needs_servicing>
10008938:	2800      	cmp	r0, #0
1000893a:	d0f2      	beq.n	10008922 <async_context_threadsafe_background_execute_sync+0x76>
1000893c:	4640      	mov	r0, r8
1000893e:	f000 ffa7 	bl	10009890 <__recursive_mutex_exit_veneer>
10008942:	7ea2      	ldrb	r2, [r4, #26]
10008944:	683b      	ldr	r3, [r7, #0]
10008946:	429a      	cmp	r2, r3
10008948:	d016      	beq.n	10008978 <async_context_threadsafe_background_execute_sync+0xcc>
1000894a:	6ca1      	ldr	r1, [r4, #72]	@ 0x48
1000894c:	2900      	cmp	r1, #0
1000894e:	dd02      	ble.n	10008956 <async_context_threadsafe_background_execute_sync+0xaa>
10008950:	6a20      	ldr	r0, [r4, #32]
10008952:	f7f8 fc8f 	bl	10001274 <alarm_pool_cancel_alarm>
10008956:	4b0c      	ldr	r3, [pc, #48]	@ (10008988 <async_context_threadsafe_background_execute_sync+0xdc>)
10008958:	6a20      	ldr	r0, [r4, #32]
1000895a:	2200      	movs	r2, #0
1000895c:	9300      	str	r3, [sp, #0]
1000895e:	9401      	str	r4, [sp, #4]
10008960:	2300      	movs	r3, #0
10008962:	f7f8 fc2f 	bl	100011c4 <alarm_pool_add_alarm_at_force_in_context>
10008966:	64a0      	str	r0, [r4, #72]	@ 0x48
10008968:	0020      	movs	r0, r4
1000896a:	303c      	adds	r0, #60	@ 0x3c
1000896c:	f000 ff58 	bl	10009820 <__sem_release_veneer>
10008970:	e7c5      	b.n	100088fe <async_context_threadsafe_background_execute_sync+0x52>
10008972:	f7ff ff01 	bl	10008778 <process_under_lock>
10008976:	e7d4      	b.n	10008922 <async_context_threadsafe_background_execute_sync+0x76>
10008978:	234d      	movs	r3, #77	@ 0x4d
1000897a:	5ce0      	ldrb	r0, [r4, r3]
1000897c:	f7f7 fe3a 	bl	100005f4 <irq_set_pending>
10008980:	e7f2      	b.n	10008968 <async_context_threadsafe_background_execute_sync+0xbc>
10008982:	46c0      	nop			@ (mov r8, r8)
10008984:	10008755 	.word	0x10008755
10008988:	10008a01 	.word	0x10008a01

1000898c <async_context_threadsafe_background_lock_check>:
1000898c:	0003      	movs	r3, r0
1000898e:	b510      	push	{r4, lr}
10008990:	3330      	adds	r3, #48	@ 0x30
10008992:	7a1b      	ldrb	r3, [r3, #8]
10008994:	2b00      	cmp	r3, #0
10008996:	d005      	beq.n	100089a4 <async_context_threadsafe_background_lock_check+0x18>
10008998:	6b44      	ldr	r4, [r0, #52]	@ 0x34
1000899a:	f7fb fce1 	bl	10004360 <ulPortLockGetCurrentOwnerId>
1000899e:	42a0      	cmp	r0, r4
100089a0:	d100      	bne.n	100089a4 <async_context_threadsafe_background_lock_check+0x18>
100089a2:	bd10      	pop	{r4, pc}
100089a4:	4801      	ldr	r0, [pc, #4]	@ (100089ac <async_context_threadsafe_background_lock_check+0x20>)
100089a6:	f7f7 fd2d 	bl	10000404 <panic>
100089aa:	46c0      	nop			@ (mov r8, r8)
100089ac:	10009db8 	.word	0x10009db8

100089b0 <async_context_threadsafe_background_set_work_pending>:
100089b0:	2301      	movs	r3, #1
100089b2:	b510      	push	{r4, lr}
100089b4:	720b      	strb	r3, [r1, #8]
100089b6:	23d0      	movs	r3, #208	@ 0xd0
100089b8:	061b      	lsls	r3, r3, #24
100089ba:	7e82      	ldrb	r2, [r0, #26]
100089bc:	681b      	ldr	r3, [r3, #0]
100089be:	0004      	movs	r4, r0
100089c0:	b082      	sub	sp, #8
100089c2:	429a      	cmp	r2, r3
100089c4:	d015      	beq.n	100089f2 <async_context_threadsafe_background_set_work_pending+0x42>
100089c6:	6c81      	ldr	r1, [r0, #72]	@ 0x48
100089c8:	2900      	cmp	r1, #0
100089ca:	dc0e      	bgt.n	100089ea <async_context_threadsafe_background_set_work_pending+0x3a>
100089cc:	4b0b      	ldr	r3, [pc, #44]	@ (100089fc <async_context_threadsafe_background_set_work_pending+0x4c>)
100089ce:	6a20      	ldr	r0, [r4, #32]
100089d0:	2200      	movs	r2, #0
100089d2:	9300      	str	r3, [sp, #0]
100089d4:	9401      	str	r4, [sp, #4]
100089d6:	2300      	movs	r3, #0
100089d8:	f7f8 fbf4 	bl	100011c4 <alarm_pool_add_alarm_at_force_in_context>
100089dc:	64a0      	str	r0, [r4, #72]	@ 0x48
100089de:	0020      	movs	r0, r4
100089e0:	303c      	adds	r0, #60	@ 0x3c
100089e2:	f000 ff1d 	bl	10009820 <__sem_release_veneer>
100089e6:	b002      	add	sp, #8
100089e8:	bd10      	pop	{r4, pc}
100089ea:	6a00      	ldr	r0, [r0, #32]
100089ec:	f7f8 fc42 	bl	10001274 <alarm_pool_cancel_alarm>
100089f0:	e7ec      	b.n	100089cc <async_context_threadsafe_background_set_work_pending+0x1c>
100089f2:	234d      	movs	r3, #77	@ 0x4d
100089f4:	5cc0      	ldrb	r0, [r0, r3]
100089f6:	f7f7 fdfd 	bl	100005f4 <irq_set_pending>
100089fa:	e7f0      	b.n	100089de <async_context_threadsafe_background_set_work_pending+0x2e>
100089fc:	10008a01 	.word	0x10008a01

10008a00 <alarm_handler>:
10008a00:	2300      	movs	r3, #0
10008a02:	224e      	movs	r2, #78	@ 0x4e
10008a04:	b510      	push	{r4, lr}
10008a06:	648b      	str	r3, [r1, #72]	@ 0x48
10008a08:	548b      	strb	r3, [r1, r2]
10008a0a:	23d0      	movs	r3, #208	@ 0xd0
10008a0c:	061b      	lsls	r3, r3, #24
10008a0e:	7e8a      	ldrb	r2, [r1, #26]
10008a10:	681b      	ldr	r3, [r3, #0]
10008a12:	000c      	movs	r4, r1
10008a14:	b082      	sub	sp, #8
10008a16:	429a      	cmp	r2, r3
10008a18:	d017      	beq.n	10008a4a <alarm_handler+0x4a>
10008a1a:	6c89      	ldr	r1, [r1, #72]	@ 0x48
10008a1c:	2900      	cmp	r1, #0
10008a1e:	dc10      	bgt.n	10008a42 <alarm_handler+0x42>
10008a20:	4b0c      	ldr	r3, [pc, #48]	@ (10008a54 <alarm_handler+0x54>)
10008a22:	6a20      	ldr	r0, [r4, #32]
10008a24:	2200      	movs	r2, #0
10008a26:	9300      	str	r3, [sp, #0]
10008a28:	9401      	str	r4, [sp, #4]
10008a2a:	2300      	movs	r3, #0
10008a2c:	f7f8 fbca 	bl	100011c4 <alarm_pool_add_alarm_at_force_in_context>
10008a30:	64a0      	str	r0, [r4, #72]	@ 0x48
10008a32:	0020      	movs	r0, r4
10008a34:	303c      	adds	r0, #60	@ 0x3c
10008a36:	f000 fef3 	bl	10009820 <__sem_release_veneer>
10008a3a:	2000      	movs	r0, #0
10008a3c:	2100      	movs	r1, #0
10008a3e:	b002      	add	sp, #8
10008a40:	bd10      	pop	{r4, pc}
10008a42:	6a20      	ldr	r0, [r4, #32]
10008a44:	f7f8 fc16 	bl	10001274 <alarm_pool_cancel_alarm>
10008a48:	e7ea      	b.n	10008a20 <alarm_handler+0x20>
10008a4a:	234d      	movs	r3, #77	@ 0x4d
10008a4c:	5cc8      	ldrb	r0, [r1, r3]
10008a4e:	f7f7 fdd1 	bl	100005f4 <irq_set_pending>
10008a52:	e7ee      	b.n	10008a32 <alarm_handler+0x32>
10008a54:	10008a01 	.word	0x10008a01

10008a58 <async_context_threadsafe_background_release_lock>:
10008a58:	b570      	push	{r4, r5, r6, lr}
10008a5a:	0005      	movs	r5, r0
10008a5c:	3530      	adds	r5, #48	@ 0x30
10008a5e:	7a2b      	ldrb	r3, [r5, #8]
10008a60:	0004      	movs	r4, r0
10008a62:	b082      	sub	sp, #8
10008a64:	2b01      	cmp	r3, #1
10008a66:	d004      	beq.n	10008a72 <async_context_threadsafe_background_release_lock+0x1a>
10008a68:	0028      	movs	r0, r5
10008a6a:	f000 ff11 	bl	10009890 <__recursive_mutex_exit_veneer>
10008a6e:	b002      	add	sp, #8
10008a70:	bd70      	pop	{r4, r5, r6, pc}
10008a72:	26d0      	movs	r6, #208	@ 0xd0
10008a74:	0636      	lsls	r6, r6, #24
10008a76:	7e82      	ldrb	r2, [r0, #26]
10008a78:	6833      	ldr	r3, [r6, #0]
10008a7a:	429a      	cmp	r2, r3
10008a7c:	d01f      	beq.n	10008abe <async_context_threadsafe_background_release_lock+0x66>
10008a7e:	f7fb fb79 	bl	10004174 <async_context_base_needs_servicing>
10008a82:	2800      	cmp	r0, #0
10008a84:	d0f0      	beq.n	10008a68 <async_context_threadsafe_background_release_lock+0x10>
10008a86:	0028      	movs	r0, r5
10008a88:	f000 ff02 	bl	10009890 <__recursive_mutex_exit_veneer>
10008a8c:	7ea2      	ldrb	r2, [r4, #26]
10008a8e:	6833      	ldr	r3, [r6, #0]
10008a90:	429a      	cmp	r2, r3
10008a92:	d017      	beq.n	10008ac4 <async_context_threadsafe_background_release_lock+0x6c>
10008a94:	6ca1      	ldr	r1, [r4, #72]	@ 0x48
10008a96:	2900      	cmp	r1, #0
10008a98:	dc0d      	bgt.n	10008ab6 <async_context_threadsafe_background_release_lock+0x5e>
10008a9a:	4b0d      	ldr	r3, [pc, #52]	@ (10008ad0 <async_context_threadsafe_background_release_lock+0x78>)
10008a9c:	6a20      	ldr	r0, [r4, #32]
10008a9e:	2200      	movs	r2, #0
10008aa0:	9300      	str	r3, [sp, #0]
10008aa2:	9401      	str	r4, [sp, #4]
10008aa4:	2300      	movs	r3, #0
10008aa6:	f7f8 fb8d 	bl	100011c4 <alarm_pool_add_alarm_at_force_in_context>
10008aaa:	64a0      	str	r0, [r4, #72]	@ 0x48
10008aac:	0020      	movs	r0, r4
10008aae:	303c      	adds	r0, #60	@ 0x3c
10008ab0:	f000 feb6 	bl	10009820 <__sem_release_veneer>
10008ab4:	e7db      	b.n	10008a6e <async_context_threadsafe_background_release_lock+0x16>
10008ab6:	6a20      	ldr	r0, [r4, #32]
10008ab8:	f7f8 fbdc 	bl	10001274 <alarm_pool_cancel_alarm>
10008abc:	e7ed      	b.n	10008a9a <async_context_threadsafe_background_release_lock+0x42>
10008abe:	f7ff fe5b 	bl	10008778 <process_under_lock>
10008ac2:	e7d1      	b.n	10008a68 <async_context_threadsafe_background_release_lock+0x10>
10008ac4:	234d      	movs	r3, #77	@ 0x4d
10008ac6:	5ce0      	ldrb	r0, [r4, r3]
10008ac8:	f7f7 fd94 	bl	100005f4 <irq_set_pending>
10008acc:	e7ee      	b.n	10008aac <async_context_threadsafe_background_release_lock+0x54>
10008ace:	46c0      	nop			@ (mov r8, r8)
10008ad0:	10008a01 	.word	0x10008a01

10008ad4 <async_context_threadsafe_background_when_pending_worker>:
10008ad4:	b5f0      	push	{r4, r5, r6, r7, lr}
10008ad6:	0005      	movs	r5, r0
10008ad8:	000e      	movs	r6, r1
10008ada:	0004      	movs	r4, r0
10008adc:	3530      	adds	r5, #48	@ 0x30
10008ade:	0028      	movs	r0, r5
10008ae0:	b083      	sub	sp, #12
10008ae2:	f000 feb5 	bl	10009850 <__recursive_mutex_enter_blocking_veneer>
10008ae6:	0031      	movs	r1, r6
10008ae8:	0020      	movs	r0, r4
10008aea:	f7fb faab 	bl	10004044 <async_context_base_remove_when_pending_worker>
10008aee:	7a2b      	ldrb	r3, [r5, #8]
10008af0:	0006      	movs	r6, r0
10008af2:	2b01      	cmp	r3, #1
10008af4:	d005      	beq.n	10008b02 <async_context_threadsafe_background_when_pending_worker+0x2e>
10008af6:	0028      	movs	r0, r5
10008af8:	f000 feca 	bl	10009890 <__recursive_mutex_exit_veneer>
10008afc:	0030      	movs	r0, r6
10008afe:	b003      	add	sp, #12
10008b00:	bdf0      	pop	{r4, r5, r6, r7, pc}
10008b02:	27d0      	movs	r7, #208	@ 0xd0
10008b04:	063f      	lsls	r7, r7, #24
10008b06:	7ea2      	ldrb	r2, [r4, #26]
10008b08:	683b      	ldr	r3, [r7, #0]
10008b0a:	0020      	movs	r0, r4
10008b0c:	429a      	cmp	r2, r3
10008b0e:	d01f      	beq.n	10008b50 <async_context_threadsafe_background_when_pending_worker+0x7c>
10008b10:	f7fb fb30 	bl	10004174 <async_context_base_needs_servicing>
10008b14:	2800      	cmp	r0, #0
10008b16:	d0ee      	beq.n	10008af6 <async_context_threadsafe_background_when_pending_worker+0x22>
10008b18:	0028      	movs	r0, r5
10008b1a:	f000 feb9 	bl	10009890 <__recursive_mutex_exit_veneer>
10008b1e:	7ea2      	ldrb	r2, [r4, #26]
10008b20:	683b      	ldr	r3, [r7, #0]
10008b22:	429a      	cmp	r2, r3
10008b24:	d017      	beq.n	10008b56 <async_context_threadsafe_background_when_pending_worker+0x82>
10008b26:	6ca1      	ldr	r1, [r4, #72]	@ 0x48
10008b28:	2900      	cmp	r1, #0
10008b2a:	dc0d      	bgt.n	10008b48 <async_context_threadsafe_background_when_pending_worker+0x74>
10008b2c:	4b0c      	ldr	r3, [pc, #48]	@ (10008b60 <async_context_threadsafe_background_when_pending_worker+0x8c>)
10008b2e:	6a20      	ldr	r0, [r4, #32]
10008b30:	2200      	movs	r2, #0
10008b32:	9300      	str	r3, [sp, #0]
10008b34:	9401      	str	r4, [sp, #4]
10008b36:	2300      	movs	r3, #0
10008b38:	f7f8 fb44 	bl	100011c4 <alarm_pool_add_alarm_at_force_in_context>
10008b3c:	64a0      	str	r0, [r4, #72]	@ 0x48
10008b3e:	0020      	movs	r0, r4
10008b40:	303c      	adds	r0, #60	@ 0x3c
10008b42:	f000 fe6d 	bl	10009820 <__sem_release_veneer>
10008b46:	e7d9      	b.n	10008afc <async_context_threadsafe_background_when_pending_worker+0x28>
10008b48:	6a20      	ldr	r0, [r4, #32]
10008b4a:	f7f8 fb93 	bl	10001274 <alarm_pool_cancel_alarm>
10008b4e:	e7ed      	b.n	10008b2c <async_context_threadsafe_background_when_pending_worker+0x58>
10008b50:	f7ff fe12 	bl	10008778 <process_under_lock>
10008b54:	e7cf      	b.n	10008af6 <async_context_threadsafe_background_when_pending_worker+0x22>
10008b56:	234d      	movs	r3, #77	@ 0x4d
10008b58:	5ce0      	ldrb	r0, [r4, r3]
10008b5a:	f7f7 fd4b 	bl	100005f4 <irq_set_pending>
10008b5e:	e7ee      	b.n	10008b3e <async_context_threadsafe_background_when_pending_worker+0x6a>
10008b60:	10008a01 	.word	0x10008a01

10008b64 <async_context_threadsafe_background_add_at_time_worker>:
10008b64:	b5f0      	push	{r4, r5, r6, r7, lr}
10008b66:	0005      	movs	r5, r0
10008b68:	000e      	movs	r6, r1
10008b6a:	0004      	movs	r4, r0
10008b6c:	3530      	adds	r5, #48	@ 0x30
10008b6e:	0028      	movs	r0, r5
10008b70:	b083      	sub	sp, #12
10008b72:	f000 fe6d 	bl	10009850 <__recursive_mutex_enter_blocking_veneer>
10008b76:	0031      	movs	r1, r6
10008b78:	0020      	movs	r0, r4
10008b7a:	f7fb fa2b 	bl	10003fd4 <async_context_base_add_at_time_worker>
10008b7e:	7a2b      	ldrb	r3, [r5, #8]
10008b80:	0006      	movs	r6, r0
10008b82:	2b01      	cmp	r3, #1
10008b84:	d005      	beq.n	10008b92 <async_context_threadsafe_background_add_at_time_worker+0x2e>
10008b86:	0028      	movs	r0, r5
10008b88:	f000 fe82 	bl	10009890 <__recursive_mutex_exit_veneer>
10008b8c:	0030      	movs	r0, r6
10008b8e:	b003      	add	sp, #12
10008b90:	bdf0      	pop	{r4, r5, r6, r7, pc}
10008b92:	27d0      	movs	r7, #208	@ 0xd0
10008b94:	063f      	lsls	r7, r7, #24
10008b96:	7ea2      	ldrb	r2, [r4, #26]
10008b98:	683b      	ldr	r3, [r7, #0]
10008b9a:	0020      	movs	r0, r4
10008b9c:	429a      	cmp	r2, r3
10008b9e:	d01f      	beq.n	10008be0 <async_context_threadsafe_background_add_at_time_worker+0x7c>
10008ba0:	f7fb fae8 	bl	10004174 <async_context_base_needs_servicing>
10008ba4:	2800      	cmp	r0, #0
10008ba6:	d0ee      	beq.n	10008b86 <async_context_threadsafe_background_add_at_time_worker+0x22>
10008ba8:	0028      	movs	r0, r5
10008baa:	f000 fe71 	bl	10009890 <__recursive_mutex_exit_veneer>
10008bae:	7ea2      	ldrb	r2, [r4, #26]
10008bb0:	683b      	ldr	r3, [r7, #0]
10008bb2:	429a      	cmp	r2, r3
10008bb4:	d017      	beq.n	10008be6 <async_context_threadsafe_background_add_at_time_worker+0x82>
10008bb6:	6ca1      	ldr	r1, [r4, #72]	@ 0x48
10008bb8:	2900      	cmp	r1, #0
10008bba:	dc0d      	bgt.n	10008bd8 <async_context_threadsafe_background_add_at_time_worker+0x74>
10008bbc:	4b0c      	ldr	r3, [pc, #48]	@ (10008bf0 <async_context_threadsafe_background_add_at_time_worker+0x8c>)
10008bbe:	6a20      	ldr	r0, [r4, #32]
10008bc0:	2200      	movs	r2, #0
10008bc2:	9300      	str	r3, [sp, #0]
10008bc4:	9401      	str	r4, [sp, #4]
10008bc6:	2300      	movs	r3, #0
10008bc8:	f7f8 fafc 	bl	100011c4 <alarm_pool_add_alarm_at_force_in_context>
10008bcc:	64a0      	str	r0, [r4, #72]	@ 0x48
10008bce:	0020      	movs	r0, r4
10008bd0:	303c      	adds	r0, #60	@ 0x3c
10008bd2:	f000 fe25 	bl	10009820 <__sem_release_veneer>
10008bd6:	e7d9      	b.n	10008b8c <async_context_threadsafe_background_add_at_time_worker+0x28>
10008bd8:	6a20      	ldr	r0, [r4, #32]
10008bda:	f7f8 fb4b 	bl	10001274 <alarm_pool_cancel_alarm>
10008bde:	e7ed      	b.n	10008bbc <async_context_threadsafe_background_add_at_time_worker+0x58>
10008be0:	f7ff fdca 	bl	10008778 <process_under_lock>
10008be4:	e7cf      	b.n	10008b86 <async_context_threadsafe_background_add_at_time_worker+0x22>
10008be6:	234d      	movs	r3, #77	@ 0x4d
10008be8:	5ce0      	ldrb	r0, [r4, r3]
10008bea:	f7f7 fd03 	bl	100005f4 <irq_set_pending>
10008bee:	e7ee      	b.n	10008bce <async_context_threadsafe_background_add_at_time_worker+0x6a>
10008bf0:	10008a01 	.word	0x10008a01

10008bf4 <async_context_threadsafe_background_remove_at_time_worker>:
10008bf4:	b5f0      	push	{r4, r5, r6, r7, lr}
10008bf6:	0005      	movs	r5, r0
10008bf8:	000e      	movs	r6, r1
10008bfa:	0004      	movs	r4, r0
10008bfc:	3530      	adds	r5, #48	@ 0x30
10008bfe:	0028      	movs	r0, r5
10008c00:	b083      	sub	sp, #12
10008c02:	f000 fe25 	bl	10009850 <__recursive_mutex_enter_blocking_veneer>
10008c06:	0031      	movs	r1, r6
10008c08:	0020      	movs	r0, r4
10008c0a:	f7fb f9f5 	bl	10003ff8 <async_context_base_remove_at_time_worker>
10008c0e:	7a2b      	ldrb	r3, [r5, #8]
10008c10:	0006      	movs	r6, r0
10008c12:	2b01      	cmp	r3, #1
10008c14:	d005      	beq.n	10008c22 <async_context_threadsafe_background_remove_at_time_worker+0x2e>
10008c16:	0028      	movs	r0, r5
10008c18:	f000 fe3a 	bl	10009890 <__recursive_mutex_exit_veneer>
10008c1c:	0030      	movs	r0, r6
10008c1e:	b003      	add	sp, #12
10008c20:	bdf0      	pop	{r4, r5, r6, r7, pc}
10008c22:	27d0      	movs	r7, #208	@ 0xd0
10008c24:	063f      	lsls	r7, r7, #24
10008c26:	7ea2      	ldrb	r2, [r4, #26]
10008c28:	683b      	ldr	r3, [r7, #0]
10008c2a:	0020      	movs	r0, r4
10008c2c:	429a      	cmp	r2, r3
10008c2e:	d01f      	beq.n	10008c70 <async_context_threadsafe_background_remove_at_time_worker+0x7c>
10008c30:	f7fb faa0 	bl	10004174 <async_context_base_needs_servicing>
10008c34:	2800      	cmp	r0, #0
10008c36:	d0ee      	beq.n	10008c16 <async_context_threadsafe_background_remove_at_time_worker+0x22>
10008c38:	0028      	movs	r0, r5
10008c3a:	f000 fe29 	bl	10009890 <__recursive_mutex_exit_veneer>
10008c3e:	7ea2      	ldrb	r2, [r4, #26]
10008c40:	683b      	ldr	r3, [r7, #0]
10008c42:	429a      	cmp	r2, r3
10008c44:	d017      	beq.n	10008c76 <async_context_threadsafe_background_remove_at_time_worker+0x82>
10008c46:	6ca1      	ldr	r1, [r4, #72]	@ 0x48
10008c48:	2900      	cmp	r1, #0
10008c4a:	dc0d      	bgt.n	10008c68 <async_context_threadsafe_background_remove_at_time_worker+0x74>
10008c4c:	4b0c      	ldr	r3, [pc, #48]	@ (10008c80 <async_context_threadsafe_background_remove_at_time_worker+0x8c>)
10008c4e:	6a20      	ldr	r0, [r4, #32]
10008c50:	2200      	movs	r2, #0
10008c52:	9300      	str	r3, [sp, #0]
10008c54:	9401      	str	r4, [sp, #4]
10008c56:	2300      	movs	r3, #0
10008c58:	f7f8 fab4 	bl	100011c4 <alarm_pool_add_alarm_at_force_in_context>
10008c5c:	64a0      	str	r0, [r4, #72]	@ 0x48
10008c5e:	0020      	movs	r0, r4
10008c60:	303c      	adds	r0, #60	@ 0x3c
10008c62:	f000 fddd 	bl	10009820 <__sem_release_veneer>
10008c66:	e7d9      	b.n	10008c1c <async_context_threadsafe_background_remove_at_time_worker+0x28>
10008c68:	6a20      	ldr	r0, [r4, #32]
10008c6a:	f7f8 fb03 	bl	10001274 <alarm_pool_cancel_alarm>
10008c6e:	e7ed      	b.n	10008c4c <async_context_threadsafe_background_remove_at_time_worker+0x58>
10008c70:	f7ff fd82 	bl	10008778 <process_under_lock>
10008c74:	e7cf      	b.n	10008c16 <async_context_threadsafe_background_remove_at_time_worker+0x22>
10008c76:	234d      	movs	r3, #77	@ 0x4d
10008c78:	5ce0      	ldrb	r0, [r4, r3]
10008c7a:	f7f7 fcbb 	bl	100005f4 <irq_set_pending>
10008c7e:	e7ee      	b.n	10008c5e <async_context_threadsafe_background_remove_at_time_worker+0x6a>
10008c80:	10008a01 	.word	0x10008a01

10008c84 <async_context_threadsafe_background_add_when_pending_worker>:
10008c84:	b5f0      	push	{r4, r5, r6, r7, lr}
10008c86:	0005      	movs	r5, r0
10008c88:	000e      	movs	r6, r1
10008c8a:	0004      	movs	r4, r0
10008c8c:	3530      	adds	r5, #48	@ 0x30
10008c8e:	0028      	movs	r0, r5
10008c90:	b083      	sub	sp, #12
10008c92:	f000 fddd 	bl	10009850 <__recursive_mutex_enter_blocking_veneer>
10008c96:	0031      	movs	r1, r6
10008c98:	0020      	movs	r0, r4
10008c9a:	f7fb f9c1 	bl	10004020 <async_context_base_add_when_pending_worker>
10008c9e:	7a2b      	ldrb	r3, [r5, #8]
10008ca0:	0006      	movs	r6, r0
10008ca2:	2b01      	cmp	r3, #1
10008ca4:	d005      	beq.n	10008cb2 <async_context_threadsafe_background_add_when_pending_worker+0x2e>
10008ca6:	0028      	movs	r0, r5
10008ca8:	f000 fdf2 	bl	10009890 <__recursive_mutex_exit_veneer>
10008cac:	0030      	movs	r0, r6
10008cae:	b003      	add	sp, #12
10008cb0:	bdf0      	pop	{r4, r5, r6, r7, pc}
10008cb2:	27d0      	movs	r7, #208	@ 0xd0
10008cb4:	063f      	lsls	r7, r7, #24
10008cb6:	7ea2      	ldrb	r2, [r4, #26]
10008cb8:	683b      	ldr	r3, [r7, #0]
10008cba:	0020      	movs	r0, r4
10008cbc:	429a      	cmp	r2, r3
10008cbe:	d01f      	beq.n	10008d00 <async_context_threadsafe_background_add_when_pending_worker+0x7c>
10008cc0:	f7fb fa58 	bl	10004174 <async_context_base_needs_servicing>
10008cc4:	2800      	cmp	r0, #0
10008cc6:	d0ee      	beq.n	10008ca6 <async_context_threadsafe_background_add_when_pending_worker+0x22>
10008cc8:	0028      	movs	r0, r5
10008cca:	f000 fde1 	bl	10009890 <__recursive_mutex_exit_veneer>
10008cce:	7ea2      	ldrb	r2, [r4, #26]
10008cd0:	683b      	ldr	r3, [r7, #0]
10008cd2:	429a      	cmp	r2, r3
10008cd4:	d017      	beq.n	10008d06 <async_context_threadsafe_background_add_when_pending_worker+0x82>
10008cd6:	6ca1      	ldr	r1, [r4, #72]	@ 0x48
10008cd8:	2900      	cmp	r1, #0
10008cda:	dc0d      	bgt.n	10008cf8 <async_context_threadsafe_background_add_when_pending_worker+0x74>
10008cdc:	4b0c      	ldr	r3, [pc, #48]	@ (10008d10 <async_context_threadsafe_background_add_when_pending_worker+0x8c>)
10008cde:	6a20      	ldr	r0, [r4, #32]
10008ce0:	2200      	movs	r2, #0
10008ce2:	9300      	str	r3, [sp, #0]
10008ce4:	9401      	str	r4, [sp, #4]
10008ce6:	2300      	movs	r3, #0
10008ce8:	f7f8 fa6c 	bl	100011c4 <alarm_pool_add_alarm_at_force_in_context>
10008cec:	64a0      	str	r0, [r4, #72]	@ 0x48
10008cee:	0020      	movs	r0, r4
10008cf0:	303c      	adds	r0, #60	@ 0x3c
10008cf2:	f000 fd95 	bl	10009820 <__sem_release_veneer>
10008cf6:	e7d9      	b.n	10008cac <async_context_threadsafe_background_add_when_pending_worker+0x28>
10008cf8:	6a20      	ldr	r0, [r4, #32]
10008cfa:	f7f8 fabb 	bl	10001274 <alarm_pool_cancel_alarm>
10008cfe:	e7ed      	b.n	10008cdc <async_context_threadsafe_background_add_when_pending_worker+0x58>
10008d00:	f7ff fd3a 	bl	10008778 <process_under_lock>
10008d04:	e7cf      	b.n	10008ca6 <async_context_threadsafe_background_add_when_pending_worker+0x22>
10008d06:	234d      	movs	r3, #77	@ 0x4d
10008d08:	5ce0      	ldrb	r0, [r4, r3]
10008d0a:	f7f7 fc73 	bl	100005f4 <irq_set_pending>
10008d0e:	e7ee      	b.n	10008cee <async_context_threadsafe_background_add_when_pending_worker+0x6a>
10008d10:	10008a01 	.word	0x10008a01

10008d14 <async_context_threadsafe_background_default_config>:
10008d14:	23ff      	movs	r3, #255	@ 0xff
10008d16:	7003      	strb	r3, [r0, #0]
10008d18:	2300      	movs	r3, #0
10008d1a:	6043      	str	r3, [r0, #4]
10008d1c:	4770      	bx	lr
10008d1e:	46c0      	nop			@ (mov r8, r8)

10008d20 <async_context_threadsafe_background_init>:
10008d20:	b570      	push	{r4, r5, r6, lr}
10008d22:	0004      	movs	r4, r0
10008d24:	000d      	movs	r5, r1
10008d26:	224c      	movs	r2, #76	@ 0x4c
10008d28:	2100      	movs	r1, #0
10008d2a:	3004      	adds	r0, #4
10008d2c:	f7f9 fb4a 	bl	100023c4 <__wrap_memset>
10008d30:	4b22      	ldr	r3, [pc, #136]	@ (10008dbc <async_context_threadsafe_background_init+0x9c>)
10008d32:	6023      	str	r3, [r4, #0]
10008d34:	2303      	movs	r3, #3
10008d36:	8323      	strh	r3, [r4, #24]
10008d38:	23d0      	movs	r3, #208	@ 0xd0
10008d3a:	061b      	lsls	r3, r3, #24
10008d3c:	681b      	ldr	r3, [r3, #0]
10008d3e:	76a3      	strb	r3, [r4, #26]
10008d40:	686b      	ldr	r3, [r5, #4]
10008d42:	2b00      	cmp	r3, #0
10008d44:	d028      	beq.n	10008d98 <async_context_threadsafe_background_init+0x78>
10008d46:	6223      	str	r3, [r4, #32]
10008d48:	0020      	movs	r0, r4
10008d4a:	2201      	movs	r2, #1
10008d4c:	2101      	movs	r1, #1
10008d4e:	303c      	adds	r0, #60	@ 0x3c
10008d50:	f7f7 fef2 	bl	10000b38 <sem_init>
10008d54:	0020      	movs	r0, r4
10008d56:	3030      	adds	r0, #48	@ 0x30
10008d58:	f7f7 ff30 	bl	10000bbc <recursive_mutex_init>
10008d5c:	2000      	movs	r0, #0
10008d5e:	782e      	ldrb	r6, [r5, #0]
10008d60:	f7f7 fed4 	bl	10000b0c <user_irq_claim_unused>
10008d64:	0003      	movs	r3, r0
10008d66:	2000      	movs	r0, #0
10008d68:	2b00      	cmp	r3, #0
10008d6a:	db14      	blt.n	10008d96 <async_context_threadsafe_background_init+0x76>
10008d6c:	0019      	movs	r1, r3
10008d6e:	254d      	movs	r5, #77	@ 0x4d
10008d70:	4a13      	ldr	r2, [pc, #76]	@ (10008dc0 <async_context_threadsafe_background_init+0xa0>)
10008d72:	391a      	subs	r1, #26
10008d74:	0089      	lsls	r1, r1, #2
10008d76:	30ff      	adds	r0, #255	@ 0xff
10008d78:	508c      	str	r4, [r1, r2]
10008d7a:	4018      	ands	r0, r3
10008d7c:	5563      	strb	r3, [r4, r5]
10008d7e:	4911      	ldr	r1, [pc, #68]	@ (10008dc4 <async_context_threadsafe_background_init+0xa4>)
10008d80:	f7f7 fc40 	bl	10000604 <irq_set_exclusive_handler>
10008d84:	2101      	movs	r1, #1
10008d86:	5d60      	ldrb	r0, [r4, r5]
10008d88:	f7f7 fc22 	bl	100005d0 <irq_set_enabled>
10008d8c:	5d60      	ldrb	r0, [r4, r5]
10008d8e:	0031      	movs	r1, r6
10008d90:	f7f7 fe38 	bl	10000a04 <irq_set_priority>
10008d94:	2001      	movs	r0, #1
10008d96:	bd70      	pop	{r4, r5, r6, pc}
10008d98:	f7f8 f91e 	bl	10000fd8 <alarm_pool_get_default>
10008d9c:	6220      	str	r0, [r4, #32]
10008d9e:	7ea6      	ldrb	r6, [r4, #26]
10008da0:	f7f8 faa2 	bl	100012e8 <alarm_pool_core_num>
10008da4:	4286      	cmp	r6, r0
10008da6:	d0cf      	beq.n	10008d48 <async_context_threadsafe_background_init+0x28>
10008da8:	f7f8 fbae 	bl	10001508 <alarm_pool_get_default_timer>
10008dac:	2104      	movs	r1, #4
10008dae:	f7f8 f917 	bl	10000fe0 <alarm_pool_create_on_timer_with_unused_hardware_alarm>
10008db2:	234c      	movs	r3, #76	@ 0x4c
10008db4:	2201      	movs	r2, #1
10008db6:	6220      	str	r0, [r4, #32]
10008db8:	54e2      	strb	r2, [r4, r3]
10008dba:	e7c5      	b.n	10008d48 <async_context_threadsafe_background_init+0x28>
10008dbc:	100415a8 	.word	0x100415a8
10008dc0:	20001070 	.word	0x20001070
10008dc4:	10008849 	.word	0x10008849

10008dc8 <strncmp>:
10008dc8:	b530      	push	{r4, r5, lr}
10008dca:	2a00      	cmp	r2, #0
10008dcc:	d026      	beq.n	10008e1c <strncmp+0x54>
10008dce:	0003      	movs	r3, r0
10008dd0:	430b      	orrs	r3, r1
10008dd2:	079b      	lsls	r3, r3, #30
10008dd4:	d124      	bne.n	10008e20 <strncmp+0x58>
10008dd6:	2a03      	cmp	r2, #3
10008dd8:	d922      	bls.n	10008e20 <strncmp+0x58>
10008dda:	4d16      	ldr	r5, [pc, #88]	@ (10008e34 <strncmp+0x6c>)
10008ddc:	e00b      	b.n	10008df6 <strncmp+0x2e>
10008dde:	3a04      	subs	r2, #4
10008de0:	2a00      	cmp	r2, #0
10008de2:	d01b      	beq.n	10008e1c <strncmp+0x54>
10008de4:	4c14      	ldr	r4, [pc, #80]	@ (10008e38 <strncmp+0x70>)
10008de6:	191c      	adds	r4, r3, r4
10008de8:	439c      	bics	r4, r3
10008dea:	422c      	tst	r4, r5
10008dec:	d116      	bne.n	10008e1c <strncmp+0x54>
10008dee:	3004      	adds	r0, #4
10008df0:	3104      	adds	r1, #4
10008df2:	2a03      	cmp	r2, #3
10008df4:	d914      	bls.n	10008e20 <strncmp+0x58>
10008df6:	6803      	ldr	r3, [r0, #0]
10008df8:	680c      	ldr	r4, [r1, #0]
10008dfa:	42a3      	cmp	r3, r4
10008dfc:	d0ef      	beq.n	10008dde <strncmp+0x16>
10008dfe:	7804      	ldrb	r4, [r0, #0]
10008e00:	780d      	ldrb	r5, [r1, #0]
10008e02:	42a5      	cmp	r5, r4
10008e04:	d113      	bne.n	10008e2e <strncmp+0x66>
10008e06:	2301      	movs	r3, #1
10008e08:	e006      	b.n	10008e18 <strncmp+0x50>
10008e0a:	5cc4      	ldrb	r4, [r0, r3]
10008e0c:	5ccd      	ldrb	r5, [r1, r3]
10008e0e:	42ac      	cmp	r4, r5
10008e10:	d10d      	bne.n	10008e2e <strncmp+0x66>
10008e12:	3301      	adds	r3, #1
10008e14:	429a      	cmp	r2, r3
10008e16:	d001      	beq.n	10008e1c <strncmp+0x54>
10008e18:	2c00      	cmp	r4, #0
10008e1a:	d1f6      	bne.n	10008e0a <strncmp+0x42>
10008e1c:	2000      	movs	r0, #0
10008e1e:	bd30      	pop	{r4, r5, pc}
10008e20:	7804      	ldrb	r4, [r0, #0]
10008e22:	780d      	ldrb	r5, [r1, #0]
10008e24:	42ac      	cmp	r4, r5
10008e26:	d102      	bne.n	10008e2e <strncmp+0x66>
10008e28:	2a01      	cmp	r2, #1
10008e2a:	d1ec      	bne.n	10008e06 <strncmp+0x3e>
10008e2c:	e7f6      	b.n	10008e1c <strncmp+0x54>
10008e2e:	1b60      	subs	r0, r4, r5
10008e30:	e7f5      	b.n	10008e1e <strncmp+0x56>
10008e32:	46c0      	nop			@ (mov r8, r8)
10008e34:	80808080 	.word	0x80808080
10008e38:	fefefeff 	.word	0xfefefeff

10008e3c <calloc>:
10008e3c:	0003      	movs	r3, r0
10008e3e:	b510      	push	{r4, lr}
10008e40:	000a      	movs	r2, r1
10008e42:	4903      	ldr	r1, [pc, #12]	@ (10008e50 <calloc+0x14>)
10008e44:	6808      	ldr	r0, [r1, #0]
10008e46:	0019      	movs	r1, r3
10008e48:	f000 f804 	bl	10008e54 <_calloc_r>
10008e4c:	bd10      	pop	{r4, pc}
10008e4e:	46c0      	nop			@ (mov r8, r8)
10008e50:	200006d0 	.word	0x200006d0

10008e54 <_calloc_r>:
10008e54:	b570      	push	{r4, r5, r6, lr}
10008e56:	0c0b      	lsrs	r3, r1, #16
10008e58:	2400      	movs	r4, #0
10008e5a:	0c15      	lsrs	r5, r2, #16
10008e5c:	2b00      	cmp	r3, #0
10008e5e:	d128      	bne.n	10008eb2 <_calloc_r+0x5e>
10008e60:	2d00      	cmp	r5, #0
10008e62:	d13c      	bne.n	10008ede <_calloc_r+0x8a>
10008e64:	b28b      	uxth	r3, r1
10008e66:	b291      	uxth	r1, r2
10008e68:	4359      	muls	r1, r3
10008e6a:	f000 f847 	bl	10008efc <_malloc_r>
10008e6e:	1e05      	subs	r5, r0, #0
10008e70:	d033      	beq.n	10008eda <_calloc_r+0x86>
10008e72:	0003      	movs	r3, r0
10008e74:	3b08      	subs	r3, #8
10008e76:	685a      	ldr	r2, [r3, #4]
10008e78:	2303      	movs	r3, #3
10008e7a:	439a      	bics	r2, r3
10008e7c:	3a04      	subs	r2, #4
10008e7e:	2a24      	cmp	r2, #36	@ 0x24
10008e80:	d812      	bhi.n	10008ea8 <_calloc_r+0x54>
10008e82:	0003      	movs	r3, r0
10008e84:	2a13      	cmp	r2, #19
10008e86:	d90a      	bls.n	10008e9e <_calloc_r+0x4a>
10008e88:	6004      	str	r4, [r0, #0]
10008e8a:	6044      	str	r4, [r0, #4]
10008e8c:	3308      	adds	r3, #8
10008e8e:	2a1b      	cmp	r2, #27
10008e90:	d905      	bls.n	10008e9e <_calloc_r+0x4a>
10008e92:	6084      	str	r4, [r0, #8]
10008e94:	60c4      	str	r4, [r0, #12]
10008e96:	2a24      	cmp	r2, #36	@ 0x24
10008e98:	d02a      	beq.n	10008ef0 <_calloc_r+0x9c>
10008e9a:	0003      	movs	r3, r0
10008e9c:	3310      	adds	r3, #16
10008e9e:	2200      	movs	r2, #0
10008ea0:	601a      	str	r2, [r3, #0]
10008ea2:	605a      	str	r2, [r3, #4]
10008ea4:	609a      	str	r2, [r3, #8]
10008ea6:	e002      	b.n	10008eae <_calloc_r+0x5a>
10008ea8:	2100      	movs	r1, #0
10008eaa:	f7f9 fa8b 	bl	100023c4 <__wrap_memset>
10008eae:	0028      	movs	r0, r5
10008eb0:	bd70      	pop	{r4, r5, r6, pc}
10008eb2:	2d00      	cmp	r5, #0
10008eb4:	d116      	bne.n	10008ee4 <_calloc_r+0x90>
10008eb6:	1c15      	adds	r5, r2, #0
10008eb8:	b289      	uxth	r1, r1
10008eba:	b292      	uxth	r2, r2
10008ebc:	434a      	muls	r2, r1
10008ebe:	b2ad      	uxth	r5, r5
10008ec0:	b29b      	uxth	r3, r3
10008ec2:	436b      	muls	r3, r5
10008ec4:	0c11      	lsrs	r1, r2, #16
10008ec6:	185b      	adds	r3, r3, r1
10008ec8:	0c19      	lsrs	r1, r3, #16
10008eca:	d10b      	bne.n	10008ee4 <_calloc_r+0x90>
10008ecc:	0419      	lsls	r1, r3, #16
10008ece:	b292      	uxth	r2, r2
10008ed0:	4311      	orrs	r1, r2
10008ed2:	f000 f813 	bl	10008efc <_malloc_r>
10008ed6:	1e05      	subs	r5, r0, #0
10008ed8:	d1cb      	bne.n	10008e72 <_calloc_r+0x1e>
10008eda:	2500      	movs	r5, #0
10008edc:	e7e7      	b.n	10008eae <_calloc_r+0x5a>
10008ede:	1c2b      	adds	r3, r5, #0
10008ee0:	1c0d      	adds	r5, r1, #0
10008ee2:	e7e9      	b.n	10008eb8 <_calloc_r+0x64>
10008ee4:	f000 fc8e 	bl	10009804 <__errno>
10008ee8:	230c      	movs	r3, #12
10008eea:	2500      	movs	r5, #0
10008eec:	6003      	str	r3, [r0, #0]
10008eee:	e7de      	b.n	10008eae <_calloc_r+0x5a>
10008ef0:	0003      	movs	r3, r0
10008ef2:	6104      	str	r4, [r0, #16]
10008ef4:	3318      	adds	r3, #24
10008ef6:	6144      	str	r4, [r0, #20]
10008ef8:	e7d1      	b.n	10008e9e <_calloc_r+0x4a>
10008efa:	46c0      	nop			@ (mov r8, r8)

10008efc <_malloc_r>:
10008efc:	b5f0      	push	{r4, r5, r6, r7, lr}
10008efe:	464e      	mov	r6, r9
10008f00:	4645      	mov	r5, r8
10008f02:	46de      	mov	lr, fp
10008f04:	4657      	mov	r7, sl
10008f06:	b5e0      	push	{r5, r6, r7, lr}
10008f08:	000d      	movs	r5, r1
10008f0a:	350b      	adds	r5, #11
10008f0c:	0006      	movs	r6, r0
10008f0e:	b085      	sub	sp, #20
10008f10:	2d16      	cmp	r5, #22
10008f12:	d827      	bhi.n	10008f64 <_malloc_r+0x68>
10008f14:	2910      	cmp	r1, #16
10008f16:	d900      	bls.n	10008f1a <_malloc_r+0x1e>
10008f18:	e0da      	b.n	100090d0 <_malloc_r+0x1d4>
10008f1a:	f000 fc2f 	bl	1000977c <__malloc_lock>
10008f1e:	2510      	movs	r5, #16
10008f20:	2318      	movs	r3, #24
10008f22:	2102      	movs	r1, #2
10008f24:	4fc8      	ldr	r7, [pc, #800]	@ (10009248 <_malloc_r+0x34c>)
10008f26:	18fb      	adds	r3, r7, r3
10008f28:	001a      	movs	r2, r3
10008f2a:	685c      	ldr	r4, [r3, #4]
10008f2c:	3a08      	subs	r2, #8
10008f2e:	4294      	cmp	r4, r2
10008f30:	d100      	bne.n	10008f34 <_malloc_r+0x38>
10008f32:	e147      	b.n	100091c4 <_malloc_r+0x2c8>
10008f34:	2203      	movs	r2, #3
10008f36:	6863      	ldr	r3, [r4, #4]
10008f38:	68a1      	ldr	r1, [r4, #8]
10008f3a:	4393      	bics	r3, r2
10008f3c:	68e2      	ldr	r2, [r4, #12]
10008f3e:	60ca      	str	r2, [r1, #12]
10008f40:	6091      	str	r1, [r2, #8]
10008f42:	2101      	movs	r1, #1
10008f44:	18e3      	adds	r3, r4, r3
10008f46:	685a      	ldr	r2, [r3, #4]
10008f48:	0030      	movs	r0, r6
10008f4a:	430a      	orrs	r2, r1
10008f4c:	605a      	str	r2, [r3, #4]
10008f4e:	f000 fc17 	bl	10009780 <__malloc_unlock>
10008f52:	0020      	movs	r0, r4
10008f54:	3008      	adds	r0, #8
10008f56:	b005      	add	sp, #20
10008f58:	bcf0      	pop	{r4, r5, r6, r7}
10008f5a:	46bb      	mov	fp, r7
10008f5c:	46b2      	mov	sl, r6
10008f5e:	46a9      	mov	r9, r5
10008f60:	46a0      	mov	r8, r4
10008f62:	bdf0      	pop	{r4, r5, r6, r7, pc}
10008f64:	2307      	movs	r3, #7
10008f66:	439d      	bics	r5, r3
10008f68:	d500      	bpl.n	10008f6c <_malloc_r+0x70>
10008f6a:	e0b1      	b.n	100090d0 <_malloc_r+0x1d4>
10008f6c:	42a9      	cmp	r1, r5
10008f6e:	d900      	bls.n	10008f72 <_malloc_r+0x76>
10008f70:	e0ae      	b.n	100090d0 <_malloc_r+0x1d4>
10008f72:	f000 fc03 	bl	1000977c <__malloc_lock>
10008f76:	23fc      	movs	r3, #252	@ 0xfc
10008f78:	005b      	lsls	r3, r3, #1
10008f7a:	429d      	cmp	r5, r3
10008f7c:	d200      	bcs.n	10008f80 <_malloc_r+0x84>
10008f7e:	e196      	b.n	100092ae <_malloc_r+0x3b2>
10008f80:	0a69      	lsrs	r1, r5, #9
10008f82:	d100      	bne.n	10008f86 <_malloc_r+0x8a>
10008f84:	e0a8      	b.n	100090d8 <_malloc_r+0x1dc>
10008f86:	2904      	cmp	r1, #4
10008f88:	d900      	bls.n	10008f8c <_malloc_r+0x90>
10008f8a:	e150      	b.n	1000922e <_malloc_r+0x332>
10008f8c:	2338      	movs	r3, #56	@ 0x38
10008f8e:	4698      	mov	r8, r3
10008f90:	09a9      	lsrs	r1, r5, #6
10008f92:	4488      	add	r8, r1
10008f94:	3139      	adds	r1, #57	@ 0x39
10008f96:	00cb      	lsls	r3, r1, #3
10008f98:	2208      	movs	r2, #8
10008f9a:	4252      	negs	r2, r2
10008f9c:	4694      	mov	ip, r2
10008f9e:	4faa      	ldr	r7, [pc, #680]	@ (10009248 <_malloc_r+0x34c>)
10008fa0:	18fb      	adds	r3, r7, r3
10008fa2:	449c      	add	ip, r3
10008fa4:	4663      	mov	r3, ip
10008fa6:	68dc      	ldr	r4, [r3, #12]
10008fa8:	45a4      	cmp	ip, r4
10008faa:	d014      	beq.n	10008fd6 <_malloc_r+0xda>
10008fac:	2303      	movs	r3, #3
10008fae:	4699      	mov	r9, r3
10008fb0:	000b      	movs	r3, r1
10008fb2:	4661      	mov	r1, ip
10008fb4:	469c      	mov	ip, r3
10008fb6:	e007      	b.n	10008fc8 <_malloc_r+0xcc>
10008fb8:	68e0      	ldr	r0, [r4, #12]
10008fba:	2a00      	cmp	r2, #0
10008fbc:	db00      	blt.n	10008fc0 <_malloc_r+0xc4>
10008fbe:	e0fb      	b.n	100091b8 <_malloc_r+0x2bc>
10008fc0:	4281      	cmp	r1, r0
10008fc2:	d100      	bne.n	10008fc6 <_malloc_r+0xca>
10008fc4:	e0fc      	b.n	100091c0 <_malloc_r+0x2c4>
10008fc6:	0004      	movs	r4, r0
10008fc8:	464a      	mov	r2, r9
10008fca:	6863      	ldr	r3, [r4, #4]
10008fcc:	4393      	bics	r3, r2
10008fce:	1b5a      	subs	r2, r3, r5
10008fd0:	2a0f      	cmp	r2, #15
10008fd2:	ddf1      	ble.n	10008fb8 <_malloc_r+0xbc>
10008fd4:	4641      	mov	r1, r8
10008fd6:	003a      	movs	r2, r7
10008fd8:	693c      	ldr	r4, [r7, #16]
10008fda:	3208      	adds	r2, #8
10008fdc:	4294      	cmp	r4, r2
10008fde:	d100      	bne.n	10008fe2 <_malloc_r+0xe6>
10008fe0:	e0d9      	b.n	10009196 <_malloc_r+0x29a>
10008fe2:	2003      	movs	r0, #3
10008fe4:	6863      	ldr	r3, [r4, #4]
10008fe6:	4383      	bics	r3, r0
10008fe8:	1b58      	subs	r0, r3, r5
10008fea:	280f      	cmp	r0, #15
10008fec:	dd00      	ble.n	10008ff0 <_malloc_r+0xf4>
10008fee:	e162      	b.n	100092b6 <_malloc_r+0x3ba>
10008ff0:	613a      	str	r2, [r7, #16]
10008ff2:	617a      	str	r2, [r7, #20]
10008ff4:	2800      	cmp	r0, #0
10008ff6:	daa4      	bge.n	10008f42 <_malloc_r+0x46>
10008ff8:	687a      	ldr	r2, [r7, #4]
10008ffa:	4690      	mov	r8, r2
10008ffc:	2280      	movs	r2, #128	@ 0x80
10008ffe:	0092      	lsls	r2, r2, #2
10009000:	4293      	cmp	r3, r2
10009002:	d300      	bcc.n	10009006 <_malloc_r+0x10a>
10009004:	e0e4      	b.n	100091d0 <_malloc_r+0x2d4>
10009006:	08da      	lsrs	r2, r3, #3
10009008:	0958      	lsrs	r0, r3, #5
1000900a:	2301      	movs	r3, #1
1000900c:	4083      	lsls	r3, r0
1000900e:	4640      	mov	r0, r8
10009010:	4318      	orrs	r0, r3
10009012:	4680      	mov	r8, r0
10009014:	00d3      	lsls	r3, r2, #3
10009016:	19db      	adds	r3, r3, r7
10009018:	689a      	ldr	r2, [r3, #8]
1000901a:	6078      	str	r0, [r7, #4]
1000901c:	60e3      	str	r3, [r4, #12]
1000901e:	60a2      	str	r2, [r4, #8]
10009020:	609c      	str	r4, [r3, #8]
10009022:	60d4      	str	r4, [r2, #12]
10009024:	2001      	movs	r0, #1
10009026:	108b      	asrs	r3, r1, #2
10009028:	4098      	lsls	r0, r3
1000902a:	4540      	cmp	r0, r8
1000902c:	d85c      	bhi.n	100090e8 <_malloc_r+0x1ec>
1000902e:	4643      	mov	r3, r8
10009030:	4203      	tst	r3, r0
10009032:	d10a      	bne.n	1000904a <_malloc_r+0x14e>
10009034:	2303      	movs	r3, #3
10009036:	4399      	bics	r1, r3
10009038:	4643      	mov	r3, r8
1000903a:	0040      	lsls	r0, r0, #1
1000903c:	3104      	adds	r1, #4
1000903e:	4203      	tst	r3, r0
10009040:	d103      	bne.n	1000904a <_malloc_r+0x14e>
10009042:	0040      	lsls	r0, r0, #1
10009044:	3104      	adds	r1, #4
10009046:	4203      	tst	r3, r0
10009048:	d0fb      	beq.n	10009042 <_malloc_r+0x146>
1000904a:	2303      	movs	r3, #3
1000904c:	46b3      	mov	fp, r6
1000904e:	469c      	mov	ip, r3
10009050:	000e      	movs	r6, r1
10009052:	46b8      	mov	r8, r7
10009054:	9001      	str	r0, [sp, #4]
10009056:	00f0      	lsls	r0, r6, #3
10009058:	4440      	add	r0, r8
1000905a:	0001      	movs	r1, r0
1000905c:	46b2      	mov	sl, r6
1000905e:	68cb      	ldr	r3, [r1, #12]
10009060:	e00b      	b.n	1000907a <_malloc_r+0x17e>
10009062:	4664      	mov	r4, ip
10009064:	685a      	ldr	r2, [r3, #4]
10009066:	001f      	movs	r7, r3
10009068:	43a2      	bics	r2, r4
1000906a:	68db      	ldr	r3, [r3, #12]
1000906c:	1b54      	subs	r4, r2, r5
1000906e:	2c0f      	cmp	r4, #15
10009070:	dd00      	ble.n	10009074 <_malloc_r+0x178>
10009072:	e0ef      	b.n	10009254 <_malloc_r+0x358>
10009074:	2c00      	cmp	r4, #0
10009076:	db00      	blt.n	1000907a <_malloc_r+0x17e>
10009078:	e109      	b.n	1000928e <_malloc_r+0x392>
1000907a:	4299      	cmp	r1, r3
1000907c:	d1f1      	bne.n	10009062 <_malloc_r+0x166>
1000907e:	2301      	movs	r3, #1
10009080:	4699      	mov	r9, r3
10009082:	44ca      	add	sl, r9
10009084:	4653      	mov	r3, sl
10009086:	3108      	adds	r1, #8
10009088:	079b      	lsls	r3, r3, #30
1000908a:	d1e8      	bne.n	1000905e <_malloc_r+0x162>
1000908c:	2203      	movs	r2, #3
1000908e:	e005      	b.n	1000909c <_malloc_r+0x1a0>
10009090:	6803      	ldr	r3, [r0, #0]
10009092:	3808      	subs	r0, #8
10009094:	3e01      	subs	r6, #1
10009096:	4283      	cmp	r3, r0
10009098:	d000      	beq.n	1000909c <_malloc_r+0x1a0>
1000909a:	e203      	b.n	100094a4 <_malloc_r+0x5a8>
1000909c:	4232      	tst	r2, r6
1000909e:	d1f7      	bne.n	10009090 <_malloc_r+0x194>
100090a0:	4643      	mov	r3, r8
100090a2:	9a01      	ldr	r2, [sp, #4]
100090a4:	685b      	ldr	r3, [r3, #4]
100090a6:	4393      	bics	r3, r2
100090a8:	4642      	mov	r2, r8
100090aa:	6053      	str	r3, [r2, #4]
100090ac:	9a01      	ldr	r2, [sp, #4]
100090ae:	0052      	lsls	r2, r2, #1
100090b0:	9201      	str	r2, [sp, #4]
100090b2:	429a      	cmp	r2, r3
100090b4:	d816      	bhi.n	100090e4 <_malloc_r+0x1e8>
100090b6:	2a00      	cmp	r2, #0
100090b8:	d106      	bne.n	100090c8 <_malloc_r+0x1cc>
100090ba:	e013      	b.n	100090e4 <_malloc_r+0x1e8>
100090bc:	2204      	movs	r2, #4
100090be:	4691      	mov	r9, r2
100090c0:	9a01      	ldr	r2, [sp, #4]
100090c2:	44ca      	add	sl, r9
100090c4:	0052      	lsls	r2, r2, #1
100090c6:	9201      	str	r2, [sp, #4]
100090c8:	4213      	tst	r3, r2
100090ca:	d0f7      	beq.n	100090bc <_malloc_r+0x1c0>
100090cc:	4656      	mov	r6, sl
100090ce:	e7c2      	b.n	10009056 <_malloc_r+0x15a>
100090d0:	230c      	movs	r3, #12
100090d2:	2000      	movs	r0, #0
100090d4:	6033      	str	r3, [r6, #0]
100090d6:	e73e      	b.n	10008f56 <_malloc_r+0x5a>
100090d8:	2380      	movs	r3, #128	@ 0x80
100090da:	223f      	movs	r2, #63	@ 0x3f
100090dc:	2140      	movs	r1, #64	@ 0x40
100090de:	4690      	mov	r8, r2
100090e0:	009b      	lsls	r3, r3, #2
100090e2:	e759      	b.n	10008f98 <_malloc_r+0x9c>
100090e4:	465e      	mov	r6, fp
100090e6:	4647      	mov	r7, r8
100090e8:	2203      	movs	r2, #3
100090ea:	68bc      	ldr	r4, [r7, #8]
100090ec:	6863      	ldr	r3, [r4, #4]
100090ee:	4393      	bics	r3, r2
100090f0:	469a      	mov	sl, r3
100090f2:	42ab      	cmp	r3, r5
100090f4:	d302      	bcc.n	100090fc <_malloc_r+0x200>
100090f6:	1b5a      	subs	r2, r3, r5
100090f8:	2a0f      	cmp	r2, #15
100090fa:	dc4f      	bgt.n	1000919c <_malloc_r+0x2a0>
100090fc:	0023      	movs	r3, r4
100090fe:	4453      	add	r3, sl
10009100:	9302      	str	r3, [sp, #8]
10009102:	4b52      	ldr	r3, [pc, #328]	@ (1000924c <_malloc_r+0x350>)
10009104:	2008      	movs	r0, #8
10009106:	4699      	mov	r9, r3
10009108:	681b      	ldr	r3, [r3, #0]
1000910a:	3310      	adds	r3, #16
1000910c:	195b      	adds	r3, r3, r5
1000910e:	9301      	str	r3, [sp, #4]
10009110:	f000 fb26 	bl	10009760 <sysconf>
10009114:	494e      	ldr	r1, [pc, #312]	@ (10009250 <_malloc_r+0x354>)
10009116:	9003      	str	r0, [sp, #12]
10009118:	680b      	ldr	r3, [r1, #0]
1000911a:	468b      	mov	fp, r1
1000911c:	3301      	adds	r3, #1
1000911e:	d006      	beq.n	1000912e <_malloc_r+0x232>
10009120:	4684      	mov	ip, r0
10009122:	9b01      	ldr	r3, [sp, #4]
10009124:	4242      	negs	r2, r0
10009126:	3b01      	subs	r3, #1
10009128:	4463      	add	r3, ip
1000912a:	4013      	ands	r3, r2
1000912c:	9301      	str	r3, [sp, #4]
1000912e:	0030      	movs	r0, r6
10009130:	9901      	ldr	r1, [sp, #4]
10009132:	f000 fb55 	bl	100097e0 <_sbrk_r>
10009136:	0003      	movs	r3, r0
10009138:	4680      	mov	r8, r0
1000913a:	3301      	adds	r3, #1
1000913c:	d100      	bne.n	10009140 <_malloc_r+0x244>
1000913e:	e0d8      	b.n	100092f2 <_malloc_r+0x3f6>
10009140:	9b02      	ldr	r3, [sp, #8]
10009142:	4283      	cmp	r3, r0
10009144:	d900      	bls.n	10009148 <_malloc_r+0x24c>
10009146:	e0d2      	b.n	100092ee <_malloc_r+0x3f2>
10009148:	464b      	mov	r3, r9
1000914a:	9901      	ldr	r1, [sp, #4]
1000914c:	685a      	ldr	r2, [r3, #4]
1000914e:	468c      	mov	ip, r1
10009150:	4462      	add	r2, ip
10009152:	9903      	ldr	r1, [sp, #12]
10009154:	605a      	str	r2, [r3, #4]
10009156:	9b02      	ldr	r3, [sp, #8]
10009158:	0010      	movs	r0, r2
1000915a:	3901      	subs	r1, #1
1000915c:	4543      	cmp	r3, r8
1000915e:	d000      	beq.n	10009162 <_malloc_r+0x266>
10009160:	e0e5      	b.n	1000932e <_malloc_r+0x432>
10009162:	4643      	mov	r3, r8
10009164:	420b      	tst	r3, r1
10009166:	d000      	beq.n	1000916a <_malloc_r+0x26e>
10009168:	e0e1      	b.n	1000932e <_malloc_r+0x432>
1000916a:	68bb      	ldr	r3, [r7, #8]
1000916c:	2101      	movs	r1, #1
1000916e:	4698      	mov	r8, r3
10009170:	4663      	mov	r3, ip
10009172:	4453      	add	r3, sl
10009174:	430b      	orrs	r3, r1
10009176:	4641      	mov	r1, r8
10009178:	604b      	str	r3, [r1, #4]
1000917a:	4649      	mov	r1, r9
1000917c:	6ac9      	ldr	r1, [r1, #44]	@ 0x2c
1000917e:	4291      	cmp	r1, r2
10009180:	d201      	bcs.n	10009186 <_malloc_r+0x28a>
10009182:	4649      	mov	r1, r9
10009184:	62ca      	str	r2, [r1, #44]	@ 0x2c
10009186:	4649      	mov	r1, r9
10009188:	6b09      	ldr	r1, [r1, #48]	@ 0x30
1000918a:	4291      	cmp	r1, r2
1000918c:	d201      	bcs.n	10009192 <_malloc_r+0x296>
1000918e:	4649      	mov	r1, r9
10009190:	630a      	str	r2, [r1, #48]	@ 0x30
10009192:	4644      	mov	r4, r8
10009194:	e0af      	b.n	100092f6 <_malloc_r+0x3fa>
10009196:	687b      	ldr	r3, [r7, #4]
10009198:	4698      	mov	r8, r3
1000919a:	e743      	b.n	10009024 <_malloc_r+0x128>
1000919c:	2301      	movs	r3, #1
1000919e:	0029      	movs	r1, r5
100091a0:	431a      	orrs	r2, r3
100091a2:	4319      	orrs	r1, r3
100091a4:	1965      	adds	r5, r4, r5
100091a6:	6061      	str	r1, [r4, #4]
100091a8:	0030      	movs	r0, r6
100091aa:	60bd      	str	r5, [r7, #8]
100091ac:	606a      	str	r2, [r5, #4]
100091ae:	f000 fae7 	bl	10009780 <__malloc_unlock>
100091b2:	0020      	movs	r0, r4
100091b4:	3008      	adds	r0, #8
100091b6:	e6ce      	b.n	10008f56 <_malloc_r+0x5a>
100091b8:	68a2      	ldr	r2, [r4, #8]
100091ba:	60d0      	str	r0, [r2, #12]
100091bc:	6082      	str	r2, [r0, #8]
100091be:	e6c0      	b.n	10008f42 <_malloc_r+0x46>
100091c0:	4661      	mov	r1, ip
100091c2:	e708      	b.n	10008fd6 <_malloc_r+0xda>
100091c4:	68dc      	ldr	r4, [r3, #12]
100091c6:	3102      	adds	r1, #2
100091c8:	42a3      	cmp	r3, r4
100091ca:	d100      	bne.n	100091ce <_malloc_r+0x2d2>
100091cc:	e703      	b.n	10008fd6 <_malloc_r+0xda>
100091ce:	e6b1      	b.n	10008f34 <_malloc_r+0x38>
100091d0:	0a5a      	lsrs	r2, r3, #9
100091d2:	2a04      	cmp	r2, #4
100091d4:	d800      	bhi.n	100091d8 <_malloc_r+0x2dc>
100091d6:	e083      	b.n	100092e0 <_malloc_r+0x3e4>
100091d8:	2a14      	cmp	r2, #20
100091da:	d900      	bls.n	100091de <_malloc_r+0x2e2>
100091dc:	e108      	b.n	100093f0 <_malloc_r+0x4f4>
100091de:	0010      	movs	r0, r2
100091e0:	305b      	adds	r0, #91	@ 0x5b
100091e2:	4682      	mov	sl, r0
100091e4:	325c      	adds	r2, #92	@ 0x5c
100091e6:	00d2      	lsls	r2, r2, #3
100091e8:	2008      	movs	r0, #8
100091ea:	4240      	negs	r0, r0
100091ec:	4684      	mov	ip, r0
100091ee:	18ba      	adds	r2, r7, r2
100091f0:	4494      	add	ip, r2
100091f2:	4662      	mov	r2, ip
100091f4:	6892      	ldr	r2, [r2, #8]
100091f6:	300b      	adds	r0, #11
100091f8:	4681      	mov	r9, r0
100091fa:	4594      	cmp	ip, r2
100091fc:	d100      	bne.n	10009200 <_malloc_r+0x304>
100091fe:	e0df      	b.n	100093c0 <_malloc_r+0x4c4>
10009200:	0008      	movs	r0, r1
10009202:	46a2      	mov	sl, r4
10009204:	4661      	mov	r1, ip
10009206:	4684      	mov	ip, r0
10009208:	e002      	b.n	10009210 <_malloc_r+0x314>
1000920a:	6892      	ldr	r2, [r2, #8]
1000920c:	4291      	cmp	r1, r2
1000920e:	d004      	beq.n	1000921a <_malloc_r+0x31e>
10009210:	464c      	mov	r4, r9
10009212:	6850      	ldr	r0, [r2, #4]
10009214:	43a0      	bics	r0, r4
10009216:	4298      	cmp	r0, r3
10009218:	d8f7      	bhi.n	1000920a <_malloc_r+0x30e>
1000921a:	68d3      	ldr	r3, [r2, #12]
1000921c:	4661      	mov	r1, ip
1000921e:	4654      	mov	r4, sl
10009220:	469c      	mov	ip, r3
10009222:	4663      	mov	r3, ip
10009224:	60a2      	str	r2, [r4, #8]
10009226:	60e3      	str	r3, [r4, #12]
10009228:	609c      	str	r4, [r3, #8]
1000922a:	60d4      	str	r4, [r2, #12]
1000922c:	e6fa      	b.n	10009024 <_malloc_r+0x128>
1000922e:	2914      	cmp	r1, #20
10009230:	d96e      	bls.n	10009310 <_malloc_r+0x414>
10009232:	2954      	cmp	r1, #84	@ 0x54
10009234:	d900      	bls.n	10009238 <_malloc_r+0x33c>
10009236:	e0e4      	b.n	10009402 <_malloc_r+0x506>
10009238:	236e      	movs	r3, #110	@ 0x6e
1000923a:	4698      	mov	r8, r3
1000923c:	0b29      	lsrs	r1, r5, #12
1000923e:	4488      	add	r8, r1
10009240:	316f      	adds	r1, #111	@ 0x6f
10009242:	00cb      	lsls	r3, r1, #3
10009244:	e6a8      	b.n	10008f98 <_malloc_r+0x9c>
10009246:	46c0      	nop			@ (mov r8, r8)
10009248:	20000800 	.word	0x20000800
1000924c:	20000ee8 	.word	0x20000ee8
10009250:	200007f8 	.word	0x200007f8
10009254:	46ba      	mov	sl, r7
10009256:	2001      	movs	r0, #1
10009258:	4651      	mov	r1, sl
1000925a:	4684      	mov	ip, r0
1000925c:	1949      	adds	r1, r1, r5
1000925e:	4305      	orrs	r5, r0
10009260:	4650      	mov	r0, sl
10009262:	6045      	str	r5, [r0, #4]
10009264:	6885      	ldr	r5, [r0, #8]
10009266:	4647      	mov	r7, r8
10009268:	4660      	mov	r0, ip
1000926a:	60eb      	str	r3, [r5, #12]
1000926c:	465e      	mov	r6, fp
1000926e:	609d      	str	r5, [r3, #8]
10009270:	4653      	mov	r3, sl
10009272:	6139      	str	r1, [r7, #16]
10009274:	6179      	str	r1, [r7, #20]
10009276:	4320      	orrs	r0, r4
10009278:	3708      	adds	r7, #8
1000927a:	6048      	str	r0, [r1, #4]
1000927c:	60cf      	str	r7, [r1, #12]
1000927e:	0030      	movs	r0, r6
10009280:	608f      	str	r7, [r1, #8]
10009282:	509c      	str	r4, [r3, r2]
10009284:	f000 fa7c 	bl	10009780 <__malloc_unlock>
10009288:	4650      	mov	r0, sl
1000928a:	3008      	adds	r0, #8
1000928c:	e663      	b.n	10008f56 <_malloc_r+0x5a>
1000928e:	46ba      	mov	sl, r7
10009290:	2001      	movs	r0, #1
10009292:	465e      	mov	r6, fp
10009294:	4452      	add	r2, sl
10009296:	6851      	ldr	r1, [r2, #4]
10009298:	4301      	orrs	r1, r0
1000929a:	6051      	str	r1, [r2, #4]
1000929c:	68ba      	ldr	r2, [r7, #8]
1000929e:	0030      	movs	r0, r6
100092a0:	60d3      	str	r3, [r2, #12]
100092a2:	609a      	str	r2, [r3, #8]
100092a4:	f000 fa6c 	bl	10009780 <__malloc_unlock>
100092a8:	0038      	movs	r0, r7
100092aa:	3008      	adds	r0, #8
100092ac:	e653      	b.n	10008f56 <_malloc_r+0x5a>
100092ae:	002b      	movs	r3, r5
100092b0:	08e9      	lsrs	r1, r5, #3
100092b2:	3308      	adds	r3, #8
100092b4:	e636      	b.n	10008f24 <_malloc_r+0x28>
100092b6:	1961      	adds	r1, r4, r5
100092b8:	4688      	mov	r8, r1
100092ba:	2101      	movs	r1, #1
100092bc:	468c      	mov	ip, r1
100092be:	430d      	orrs	r5, r1
100092c0:	4641      	mov	r1, r8
100092c2:	6065      	str	r5, [r4, #4]
100092c4:	6139      	str	r1, [r7, #16]
100092c6:	6179      	str	r1, [r7, #20]
100092c8:	60ca      	str	r2, [r1, #12]
100092ca:	608a      	str	r2, [r1, #8]
100092cc:	4662      	mov	r2, ip
100092ce:	4302      	orrs	r2, r0
100092d0:	604a      	str	r2, [r1, #4]
100092d2:	50e0      	str	r0, [r4, r3]
100092d4:	0030      	movs	r0, r6
100092d6:	f000 fa53 	bl	10009780 <__malloc_unlock>
100092da:	0020      	movs	r0, r4
100092dc:	3008      	adds	r0, #8
100092de:	e63a      	b.n	10008f56 <_malloc_r+0x5a>
100092e0:	099a      	lsrs	r2, r3, #6
100092e2:	0010      	movs	r0, r2
100092e4:	3239      	adds	r2, #57	@ 0x39
100092e6:	3038      	adds	r0, #56	@ 0x38
100092e8:	4682      	mov	sl, r0
100092ea:	00d2      	lsls	r2, r2, #3
100092ec:	e77c      	b.n	100091e8 <_malloc_r+0x2ec>
100092ee:	42bc      	cmp	r4, r7
100092f0:	d014      	beq.n	1000931c <_malloc_r+0x420>
100092f2:	68bc      	ldr	r4, [r7, #8]
100092f4:	6863      	ldr	r3, [r4, #4]
100092f6:	2203      	movs	r2, #3
100092f8:	4393      	bics	r3, r2
100092fa:	1b5a      	subs	r2, r3, r5
100092fc:	42ab      	cmp	r3, r5
100092fe:	d302      	bcc.n	10009306 <_malloc_r+0x40a>
10009300:	2a0f      	cmp	r2, #15
10009302:	dd00      	ble.n	10009306 <_malloc_r+0x40a>
10009304:	e74a      	b.n	1000919c <_malloc_r+0x2a0>
10009306:	0030      	movs	r0, r6
10009308:	f000 fa3a 	bl	10009780 <__malloc_unlock>
1000930c:	2000      	movs	r0, #0
1000930e:	e622      	b.n	10008f56 <_malloc_r+0x5a>
10009310:	235b      	movs	r3, #91	@ 0x5b
10009312:	4698      	mov	r8, r3
10009314:	4488      	add	r8, r1
10009316:	315c      	adds	r1, #92	@ 0x5c
10009318:	00cb      	lsls	r3, r1, #3
1000931a:	e63d      	b.n	10008f98 <_malloc_r+0x9c>
1000931c:	464b      	mov	r3, r9
1000931e:	6858      	ldr	r0, [r3, #4]
10009320:	9b01      	ldr	r3, [sp, #4]
10009322:	469c      	mov	ip, r3
10009324:	464b      	mov	r3, r9
10009326:	4460      	add	r0, ip
10009328:	6058      	str	r0, [r3, #4]
1000932a:	9b03      	ldr	r3, [sp, #12]
1000932c:	1e59      	subs	r1, r3, #1
1000932e:	465b      	mov	r3, fp
10009330:	681b      	ldr	r3, [r3, #0]
10009332:	3301      	adds	r3, #1
10009334:	d070      	beq.n	10009418 <_malloc_r+0x51c>
10009336:	4643      	mov	r3, r8
10009338:	9a02      	ldr	r2, [sp, #8]
1000933a:	1a9b      	subs	r3, r3, r2
1000933c:	464a      	mov	r2, r9
1000933e:	181b      	adds	r3, r3, r0
10009340:	6053      	str	r3, [r2, #4]
10009342:	2307      	movs	r3, #7
10009344:	4642      	mov	r2, r8
10009346:	4640      	mov	r0, r8
10009348:	401a      	ands	r2, r3
1000934a:	9202      	str	r2, [sp, #8]
1000934c:	4218      	tst	r0, r3
1000934e:	d040      	beq.n	100093d2 <_malloc_r+0x4d6>
10009350:	9803      	ldr	r0, [sp, #12]
10009352:	3301      	adds	r3, #1
10009354:	4684      	mov	ip, r0
10009356:	1a9b      	subs	r3, r3, r2
10009358:	9a01      	ldr	r2, [sp, #4]
1000935a:	4498      	add	r8, r3
1000935c:	4442      	add	r2, r8
1000935e:	9201      	str	r2, [sp, #4]
10009360:	4463      	add	r3, ip
10009362:	400a      	ands	r2, r1
10009364:	1a9b      	subs	r3, r3, r2
10009366:	4019      	ands	r1, r3
10009368:	0030      	movs	r0, r6
1000936a:	468b      	mov	fp, r1
1000936c:	f000 fa38 	bl	100097e0 <_sbrk_r>
10009370:	1c43      	adds	r3, r0, #1
10009372:	d077      	beq.n	10009464 <_malloc_r+0x568>
10009374:	4643      	mov	r3, r8
10009376:	1ac0      	subs	r0, r0, r3
10009378:	0003      	movs	r3, r0
1000937a:	445b      	add	r3, fp
1000937c:	9301      	str	r3, [sp, #4]
1000937e:	464b      	mov	r3, r9
10009380:	685a      	ldr	r2, [r3, #4]
10009382:	2001      	movs	r0, #1
10009384:	445a      	add	r2, fp
10009386:	605a      	str	r2, [r3, #4]
10009388:	4643      	mov	r3, r8
1000938a:	4641      	mov	r1, r8
1000938c:	60bb      	str	r3, [r7, #8]
1000938e:	9b01      	ldr	r3, [sp, #4]
10009390:	4303      	orrs	r3, r0
10009392:	604b      	str	r3, [r1, #4]
10009394:	42bc      	cmp	r4, r7
10009396:	d100      	bne.n	1000939a <_malloc_r+0x49e>
10009398:	e6ef      	b.n	1000917a <_malloc_r+0x27e>
1000939a:	4653      	mov	r3, sl
1000939c:	2b0f      	cmp	r3, #15
1000939e:	d93f      	bls.n	10009420 <_malloc_r+0x524>
100093a0:	2107      	movs	r1, #7
100093a2:	3b0c      	subs	r3, #12
100093a4:	438b      	bics	r3, r1
100093a6:	6861      	ldr	r1, [r4, #4]
100093a8:	4001      	ands	r1, r0
100093aa:	2005      	movs	r0, #5
100093ac:	4319      	orrs	r1, r3
100093ae:	6061      	str	r1, [r4, #4]
100093b0:	18e1      	adds	r1, r4, r3
100093b2:	6048      	str	r0, [r1, #4]
100093b4:	6088      	str	r0, [r1, #8]
100093b6:	2b0f      	cmp	r3, #15
100093b8:	d849      	bhi.n	1000944e <_malloc_r+0x552>
100093ba:	4643      	mov	r3, r8
100093bc:	685b      	ldr	r3, [r3, #4]
100093be:	e6dc      	b.n	1000917a <_malloc_r+0x27e>
100093c0:	4653      	mov	r3, sl
100093c2:	1098      	asrs	r0, r3, #2
100093c4:	2301      	movs	r3, #1
100093c6:	4083      	lsls	r3, r0
100093c8:	4640      	mov	r0, r8
100093ca:	4318      	orrs	r0, r3
100093cc:	4680      	mov	r8, r0
100093ce:	6078      	str	r0, [r7, #4]
100093d0:	e727      	b.n	10009222 <_malloc_r+0x326>
100093d2:	9b01      	ldr	r3, [sp, #4]
100093d4:	9a03      	ldr	r2, [sp, #12]
100093d6:	4443      	add	r3, r8
100093d8:	400b      	ands	r3, r1
100093da:	1ad3      	subs	r3, r2, r3
100093dc:	4019      	ands	r1, r3
100093de:	0030      	movs	r0, r6
100093e0:	468b      	mov	fp, r1
100093e2:	f000 f9fd 	bl	100097e0 <_sbrk_r>
100093e6:	1c43      	adds	r3, r0, #1
100093e8:	d1c4      	bne.n	10009374 <_malloc_r+0x478>
100093ea:	2300      	movs	r3, #0
100093ec:	469b      	mov	fp, r3
100093ee:	e7c6      	b.n	1000937e <_malloc_r+0x482>
100093f0:	2a54      	cmp	r2, #84	@ 0x54
100093f2:	d817      	bhi.n	10009424 <_malloc_r+0x528>
100093f4:	0b1a      	lsrs	r2, r3, #12
100093f6:	0010      	movs	r0, r2
100093f8:	326f      	adds	r2, #111	@ 0x6f
100093fa:	306e      	adds	r0, #110	@ 0x6e
100093fc:	4682      	mov	sl, r0
100093fe:	00d2      	lsls	r2, r2, #3
10009400:	e6f2      	b.n	100091e8 <_malloc_r+0x2ec>
10009402:	23aa      	movs	r3, #170	@ 0xaa
10009404:	005b      	lsls	r3, r3, #1
10009406:	4299      	cmp	r1, r3
10009408:	d817      	bhi.n	1000943a <_malloc_r+0x53e>
1000940a:	3bdd      	subs	r3, #221	@ 0xdd
1000940c:	4698      	mov	r8, r3
1000940e:	0be9      	lsrs	r1, r5, #15
10009410:	4488      	add	r8, r1
10009412:	3178      	adds	r1, #120	@ 0x78
10009414:	00cb      	lsls	r3, r1, #3
10009416:	e5bf      	b.n	10008f98 <_malloc_r+0x9c>
10009418:	465b      	mov	r3, fp
1000941a:	4642      	mov	r2, r8
1000941c:	601a      	str	r2, [r3, #0]
1000941e:	e790      	b.n	10009342 <_malloc_r+0x446>
10009420:	6048      	str	r0, [r1, #4]
10009422:	e770      	b.n	10009306 <_malloc_r+0x40a>
10009424:	20aa      	movs	r0, #170	@ 0xaa
10009426:	0040      	lsls	r0, r0, #1
10009428:	4282      	cmp	r2, r0
1000942a:	d826      	bhi.n	1000947a <_malloc_r+0x57e>
1000942c:	0bda      	lsrs	r2, r3, #15
1000942e:	0010      	movs	r0, r2
10009430:	3278      	adds	r2, #120	@ 0x78
10009432:	3077      	adds	r0, #119	@ 0x77
10009434:	4682      	mov	sl, r0
10009436:	00d2      	lsls	r2, r2, #3
10009438:	e6d6      	b.n	100091e8 <_malloc_r+0x2ec>
1000943a:	4b1c      	ldr	r3, [pc, #112]	@ (100094ac <_malloc_r+0x5b0>)
1000943c:	4299      	cmp	r1, r3
1000943e:	d826      	bhi.n	1000948e <_malloc_r+0x592>
10009440:	237c      	movs	r3, #124	@ 0x7c
10009442:	4698      	mov	r8, r3
10009444:	0ca9      	lsrs	r1, r5, #18
10009446:	4488      	add	r8, r1
10009448:	317d      	adds	r1, #125	@ 0x7d
1000944a:	00cb      	lsls	r3, r1, #3
1000944c:	e5a4      	b.n	10008f98 <_malloc_r+0x9c>
1000944e:	0021      	movs	r1, r4
10009450:	0030      	movs	r0, r6
10009452:	3108      	adds	r1, #8
10009454:	f000 f886 	bl	10009564 <_free_r>
10009458:	464b      	mov	r3, r9
1000945a:	685a      	ldr	r2, [r3, #4]
1000945c:	68bb      	ldr	r3, [r7, #8]
1000945e:	4698      	mov	r8, r3
10009460:	685b      	ldr	r3, [r3, #4]
10009462:	e68a      	b.n	1000917a <_malloc_r+0x27e>
10009464:	9a01      	ldr	r2, [sp, #4]
10009466:	9b02      	ldr	r3, [sp, #8]
10009468:	4694      	mov	ip, r2
1000946a:	4642      	mov	r2, r8
1000946c:	3b08      	subs	r3, #8
1000946e:	4463      	add	r3, ip
10009470:	1a9b      	subs	r3, r3, r2
10009472:	9301      	str	r3, [sp, #4]
10009474:	2300      	movs	r3, #0
10009476:	469b      	mov	fp, r3
10009478:	e781      	b.n	1000937e <_malloc_r+0x482>
1000947a:	480c      	ldr	r0, [pc, #48]	@ (100094ac <_malloc_r+0x5b0>)
1000947c:	4282      	cmp	r2, r0
1000947e:	d80c      	bhi.n	1000949a <_malloc_r+0x59e>
10009480:	0c9a      	lsrs	r2, r3, #18
10009482:	0010      	movs	r0, r2
10009484:	327d      	adds	r2, #125	@ 0x7d
10009486:	307c      	adds	r0, #124	@ 0x7c
10009488:	4682      	mov	sl, r0
1000948a:	00d2      	lsls	r2, r2, #3
1000948c:	e6ac      	b.n	100091e8 <_malloc_r+0x2ec>
1000948e:	23fe      	movs	r3, #254	@ 0xfe
10009490:	227e      	movs	r2, #126	@ 0x7e
10009492:	217f      	movs	r1, #127	@ 0x7f
10009494:	4690      	mov	r8, r2
10009496:	009b      	lsls	r3, r3, #2
10009498:	e57e      	b.n	10008f98 <_malloc_r+0x9c>
1000949a:	22fe      	movs	r2, #254	@ 0xfe
1000949c:	207e      	movs	r0, #126	@ 0x7e
1000949e:	0092      	lsls	r2, r2, #2
100094a0:	4682      	mov	sl, r0
100094a2:	e6a1      	b.n	100091e8 <_malloc_r+0x2ec>
100094a4:	4643      	mov	r3, r8
100094a6:	685b      	ldr	r3, [r3, #4]
100094a8:	e600      	b.n	100090ac <_malloc_r+0x1b0>
100094aa:	46c0      	nop			@ (mov r8, r8)
100094ac:	00000554 	.word	0x00000554

100094b0 <_malloc_trim_r>:
100094b0:	b5f0      	push	{r4, r5, r6, r7, lr}
100094b2:	46c6      	mov	lr, r8
100094b4:	0006      	movs	r6, r0
100094b6:	b500      	push	{lr}
100094b8:	2008      	movs	r0, #8
100094ba:	000d      	movs	r5, r1
100094bc:	f000 f950 	bl	10009760 <sysconf>
100094c0:	0004      	movs	r4, r0
100094c2:	0030      	movs	r0, r6
100094c4:	f000 f95a 	bl	1000977c <__malloc_lock>
100094c8:	4b23      	ldr	r3, [pc, #140]	@ (10009558 <_malloc_trim_r+0xa8>)
100094ca:	0021      	movs	r1, r4
100094cc:	4698      	mov	r8, r3
100094ce:	689b      	ldr	r3, [r3, #8]
100094d0:	685f      	ldr	r7, [r3, #4]
100094d2:	2303      	movs	r3, #3
100094d4:	439f      	bics	r7, r3
100094d6:	0038      	movs	r0, r7
100094d8:	3811      	subs	r0, #17
100094da:	1b40      	subs	r0, r0, r5
100094dc:	1900      	adds	r0, r0, r4
100094de:	f7f8 fb59 	bl	10001b94 <__wrap___aeabi_uidiv>
100094e2:	1e45      	subs	r5, r0, #1
100094e4:	4365      	muls	r5, r4
100094e6:	42ac      	cmp	r4, r5
100094e8:	dc08      	bgt.n	100094fc <_malloc_trim_r+0x4c>
100094ea:	2100      	movs	r1, #0
100094ec:	0030      	movs	r0, r6
100094ee:	f000 f977 	bl	100097e0 <_sbrk_r>
100094f2:	4643      	mov	r3, r8
100094f4:	689b      	ldr	r3, [r3, #8]
100094f6:	19db      	adds	r3, r3, r7
100094f8:	4298      	cmp	r0, r3
100094fa:	d006      	beq.n	1000950a <_malloc_trim_r+0x5a>
100094fc:	0030      	movs	r0, r6
100094fe:	f000 f93f 	bl	10009780 <__malloc_unlock>
10009502:	2000      	movs	r0, #0
10009504:	bc80      	pop	{r7}
10009506:	46b8      	mov	r8, r7
10009508:	bdf0      	pop	{r4, r5, r6, r7, pc}
1000950a:	0030      	movs	r0, r6
1000950c:	4269      	negs	r1, r5
1000950e:	f000 f967 	bl	100097e0 <_sbrk_r>
10009512:	3001      	adds	r0, #1
10009514:	d00e      	beq.n	10009534 <_malloc_trim_r+0x84>
10009516:	2201      	movs	r2, #1
10009518:	4643      	mov	r3, r8
1000951a:	1b7f      	subs	r7, r7, r5
1000951c:	689b      	ldr	r3, [r3, #8]
1000951e:	4317      	orrs	r7, r2
10009520:	4a0e      	ldr	r2, [pc, #56]	@ (1000955c <_malloc_trim_r+0xac>)
10009522:	605f      	str	r7, [r3, #4]
10009524:	6813      	ldr	r3, [r2, #0]
10009526:	0030      	movs	r0, r6
10009528:	1b5b      	subs	r3, r3, r5
1000952a:	6013      	str	r3, [r2, #0]
1000952c:	f000 f928 	bl	10009780 <__malloc_unlock>
10009530:	2001      	movs	r0, #1
10009532:	e7e7      	b.n	10009504 <_malloc_trim_r+0x54>
10009534:	2100      	movs	r1, #0
10009536:	0030      	movs	r0, r6
10009538:	f000 f952 	bl	100097e0 <_sbrk_r>
1000953c:	4643      	mov	r3, r8
1000953e:	689a      	ldr	r2, [r3, #8]
10009540:	1a83      	subs	r3, r0, r2
10009542:	2b0f      	cmp	r3, #15
10009544:	ddda      	ble.n	100094fc <_malloc_trim_r+0x4c>
10009546:	4c06      	ldr	r4, [pc, #24]	@ (10009560 <_malloc_trim_r+0xb0>)
10009548:	4904      	ldr	r1, [pc, #16]	@ (1000955c <_malloc_trim_r+0xac>)
1000954a:	6824      	ldr	r4, [r4, #0]
1000954c:	1b00      	subs	r0, r0, r4
1000954e:	6008      	str	r0, [r1, #0]
10009550:	2101      	movs	r1, #1
10009552:	430b      	orrs	r3, r1
10009554:	6053      	str	r3, [r2, #4]
10009556:	e7d1      	b.n	100094fc <_malloc_trim_r+0x4c>
10009558:	20000800 	.word	0x20000800
1000955c:	20000eec 	.word	0x20000eec
10009560:	200007f8 	.word	0x200007f8

10009564 <_free_r>:
10009564:	b5f8      	push	{r3, r4, r5, r6, r7, lr}
10009566:	46ce      	mov	lr, r9
10009568:	4647      	mov	r7, r8
1000956a:	0005      	movs	r5, r0
1000956c:	000c      	movs	r4, r1
1000956e:	b580      	push	{r7, lr}
10009570:	2900      	cmp	r1, #0
10009572:	d057      	beq.n	10009624 <_free_r+0xc0>
10009574:	f000 f902 	bl	1000977c <__malloc_lock>
10009578:	2301      	movs	r3, #1
1000957a:	0021      	movs	r1, r4
1000957c:	469c      	mov	ip, r3
1000957e:	3908      	subs	r1, #8
10009580:	6848      	ldr	r0, [r1, #4]
10009582:	4662      	mov	r2, ip
10009584:	0003      	movs	r3, r0
10009586:	2403      	movs	r4, #3
10009588:	4393      	bics	r3, r2
1000958a:	18cf      	adds	r7, r1, r3
1000958c:	687a      	ldr	r2, [r7, #4]
1000958e:	4e65      	ldr	r6, [pc, #404]	@ (10009724 <_free_r+0x1c0>)
10009590:	43a2      	bics	r2, r4
10009592:	68b4      	ldr	r4, [r6, #8]
10009594:	42bc      	cmp	r4, r7
10009596:	d100      	bne.n	1000959a <_free_r+0x36>
10009598:	e070      	b.n	1000967c <_free_r+0x118>
1000959a:	18bc      	adds	r4, r7, r2
1000959c:	46a1      	mov	r9, r4
1000959e:	4664      	mov	r4, ip
100095a0:	607a      	str	r2, [r7, #4]
100095a2:	4204      	tst	r4, r0
100095a4:	d121      	bne.n	100095ea <_free_r+0x86>
100095a6:	6808      	ldr	r0, [r1, #0]
100095a8:	1a09      	subs	r1, r1, r0
100095aa:	181b      	adds	r3, r3, r0
100095ac:	6888      	ldr	r0, [r1, #8]
100095ae:	4680      	mov	r8, r0
100095b0:	4648      	mov	r0, r9
100095b2:	6840      	ldr	r0, [r0, #4]
100095b4:	4020      	ands	r0, r4
100095b6:	0034      	movs	r4, r6
100095b8:	3408      	adds	r4, #8
100095ba:	4681      	mov	r9, r0
100095bc:	45a0      	cmp	r8, r4
100095be:	d051      	beq.n	10009664 <_free_r+0x100>
100095c0:	4640      	mov	r0, r8
100095c2:	68cc      	ldr	r4, [r1, #12]
100095c4:	60c4      	str	r4, [r0, #12]
100095c6:	60a0      	str	r0, [r4, #8]
100095c8:	4648      	mov	r0, r9
100095ca:	2800      	cmp	r0, #0
100095cc:	d111      	bne.n	100095f2 <_free_r+0x8e>
100095ce:	189b      	adds	r3, r3, r2
100095d0:	4855      	ldr	r0, [pc, #340]	@ (10009728 <_free_r+0x1c4>)
100095d2:	68ba      	ldr	r2, [r7, #8]
100095d4:	4282      	cmp	r2, r0
100095d6:	d100      	bne.n	100095da <_free_r+0x76>
100095d8:	e07f      	b.n	100096da <_free_r+0x176>
100095da:	68f8      	ldr	r0, [r7, #12]
100095dc:	60d0      	str	r0, [r2, #12]
100095de:	6082      	str	r2, [r0, #8]
100095e0:	2201      	movs	r2, #1
100095e2:	431a      	orrs	r2, r3
100095e4:	604a      	str	r2, [r1, #4]
100095e6:	50cb      	str	r3, [r1, r3]
100095e8:	e007      	b.n	100095fa <_free_r+0x96>
100095ea:	4648      	mov	r0, r9
100095ec:	6840      	ldr	r0, [r0, #4]
100095ee:	4220      	tst	r0, r4
100095f0:	d0ed      	beq.n	100095ce <_free_r+0x6a>
100095f2:	4662      	mov	r2, ip
100095f4:	431a      	orrs	r2, r3
100095f6:	604a      	str	r2, [r1, #4]
100095f8:	603b      	str	r3, [r7, #0]
100095fa:	2280      	movs	r2, #128	@ 0x80
100095fc:	0092      	lsls	r2, r2, #2
100095fe:	4293      	cmp	r3, r2
10009600:	d214      	bcs.n	1000962c <_free_r+0xc8>
10009602:	08da      	lsrs	r2, r3, #3
10009604:	0958      	lsrs	r0, r3, #5
10009606:	2301      	movs	r3, #1
10009608:	4083      	lsls	r3, r0
1000960a:	6870      	ldr	r0, [r6, #4]
1000960c:	4303      	orrs	r3, r0
1000960e:	6073      	str	r3, [r6, #4]
10009610:	00d3      	lsls	r3, r2, #3
10009612:	199b      	adds	r3, r3, r6
10009614:	689a      	ldr	r2, [r3, #8]
10009616:	60cb      	str	r3, [r1, #12]
10009618:	608a      	str	r2, [r1, #8]
1000961a:	6099      	str	r1, [r3, #8]
1000961c:	60d1      	str	r1, [r2, #12]
1000961e:	0028      	movs	r0, r5
10009620:	f000 f8ae 	bl	10009780 <__malloc_unlock>
10009624:	bcc0      	pop	{r6, r7}
10009626:	46b9      	mov	r9, r7
10009628:	46b0      	mov	r8, r6
1000962a:	bdf8      	pop	{r3, r4, r5, r6, r7, pc}
1000962c:	0a5c      	lsrs	r4, r3, #9
1000962e:	2c04      	cmp	r4, #4
10009630:	d83d      	bhi.n	100096ae <_free_r+0x14a>
10009632:	099c      	lsrs	r4, r3, #6
10009634:	0020      	movs	r0, r4
10009636:	3439      	adds	r4, #57	@ 0x39
10009638:	3038      	adds	r0, #56	@ 0x38
1000963a:	00e4      	lsls	r4, r4, #3
1000963c:	1934      	adds	r4, r6, r4
1000963e:	6822      	ldr	r2, [r4, #0]
10009640:	3c08      	subs	r4, #8
10009642:	2703      	movs	r7, #3
10009644:	4294      	cmp	r4, r2
10009646:	d103      	bne.n	10009650 <_free_r+0xec>
10009648:	e040      	b.n	100096cc <_free_r+0x168>
1000964a:	6892      	ldr	r2, [r2, #8]
1000964c:	4294      	cmp	r4, r2
1000964e:	d003      	beq.n	10009658 <_free_r+0xf4>
10009650:	6850      	ldr	r0, [r2, #4]
10009652:	43b8      	bics	r0, r7
10009654:	4298      	cmp	r0, r3
10009656:	d8f8      	bhi.n	1000964a <_free_r+0xe6>
10009658:	68d4      	ldr	r4, [r2, #12]
1000965a:	60cc      	str	r4, [r1, #12]
1000965c:	608a      	str	r2, [r1, #8]
1000965e:	60a1      	str	r1, [r4, #8]
10009660:	60d1      	str	r1, [r2, #12]
10009662:	e7dc      	b.n	1000961e <_free_r+0xba>
10009664:	2800      	cmp	r0, #0
10009666:	d158      	bne.n	1000971a <_free_r+0x1b6>
10009668:	68b8      	ldr	r0, [r7, #8]
1000966a:	18d2      	adds	r2, r2, r3
1000966c:	68fb      	ldr	r3, [r7, #12]
1000966e:	60c3      	str	r3, [r0, #12]
10009670:	6098      	str	r0, [r3, #8]
10009672:	4663      	mov	r3, ip
10009674:	4313      	orrs	r3, r2
10009676:	604b      	str	r3, [r1, #4]
10009678:	508a      	str	r2, [r1, r2]
1000967a:	e7d0      	b.n	1000961e <_free_r+0xba>
1000967c:	189a      	adds	r2, r3, r2
1000967e:	4663      	mov	r3, ip
10009680:	4203      	tst	r3, r0
10009682:	d106      	bne.n	10009692 <_free_r+0x12e>
10009684:	680b      	ldr	r3, [r1, #0]
10009686:	1ac9      	subs	r1, r1, r3
10009688:	6888      	ldr	r0, [r1, #8]
1000968a:	18d2      	adds	r2, r2, r3
1000968c:	68cb      	ldr	r3, [r1, #12]
1000968e:	60c3      	str	r3, [r0, #12]
10009690:	6098      	str	r0, [r3, #8]
10009692:	2301      	movs	r3, #1
10009694:	4313      	orrs	r3, r2
10009696:	604b      	str	r3, [r1, #4]
10009698:	4b24      	ldr	r3, [pc, #144]	@ (1000972c <_free_r+0x1c8>)
1000969a:	60b1      	str	r1, [r6, #8]
1000969c:	681b      	ldr	r3, [r3, #0]
1000969e:	4293      	cmp	r3, r2
100096a0:	d8bd      	bhi.n	1000961e <_free_r+0xba>
100096a2:	4b23      	ldr	r3, [pc, #140]	@ (10009730 <_free_r+0x1cc>)
100096a4:	0028      	movs	r0, r5
100096a6:	6819      	ldr	r1, [r3, #0]
100096a8:	f7ff ff02 	bl	100094b0 <_malloc_trim_r>
100096ac:	e7b7      	b.n	1000961e <_free_r+0xba>
100096ae:	2c14      	cmp	r4, #20
100096b0:	d907      	bls.n	100096c2 <_free_r+0x15e>
100096b2:	2c54      	cmp	r4, #84	@ 0x54
100096b4:	d81a      	bhi.n	100096ec <_free_r+0x188>
100096b6:	0b1c      	lsrs	r4, r3, #12
100096b8:	0020      	movs	r0, r4
100096ba:	346f      	adds	r4, #111	@ 0x6f
100096bc:	306e      	adds	r0, #110	@ 0x6e
100096be:	00e4      	lsls	r4, r4, #3
100096c0:	e7bc      	b.n	1000963c <_free_r+0xd8>
100096c2:	0020      	movs	r0, r4
100096c4:	345c      	adds	r4, #92	@ 0x5c
100096c6:	305b      	adds	r0, #91	@ 0x5b
100096c8:	00e4      	lsls	r4, r4, #3
100096ca:	e7b7      	b.n	1000963c <_free_r+0xd8>
100096cc:	2301      	movs	r3, #1
100096ce:	1080      	asrs	r0, r0, #2
100096d0:	4083      	lsls	r3, r0
100096d2:	6870      	ldr	r0, [r6, #4]
100096d4:	4303      	orrs	r3, r0
100096d6:	6073      	str	r3, [r6, #4]
100096d8:	e7bf      	b.n	1000965a <_free_r+0xf6>
100096da:	60d1      	str	r1, [r2, #12]
100096dc:	6091      	str	r1, [r2, #8]
100096de:	60ca      	str	r2, [r1, #12]
100096e0:	608a      	str	r2, [r1, #8]
100096e2:	2201      	movs	r2, #1
100096e4:	431a      	orrs	r2, r3
100096e6:	604a      	str	r2, [r1, #4]
100096e8:	50cb      	str	r3, [r1, r3]
100096ea:	e798      	b.n	1000961e <_free_r+0xba>
100096ec:	22aa      	movs	r2, #170	@ 0xaa
100096ee:	0052      	lsls	r2, r2, #1
100096f0:	4294      	cmp	r4, r2
100096f2:	d805      	bhi.n	10009700 <_free_r+0x19c>
100096f4:	0bdc      	lsrs	r4, r3, #15
100096f6:	0020      	movs	r0, r4
100096f8:	3478      	adds	r4, #120	@ 0x78
100096fa:	3077      	adds	r0, #119	@ 0x77
100096fc:	00e4      	lsls	r4, r4, #3
100096fe:	e79d      	b.n	1000963c <_free_r+0xd8>
10009700:	4a0c      	ldr	r2, [pc, #48]	@ (10009734 <_free_r+0x1d0>)
10009702:	4294      	cmp	r4, r2
10009704:	d805      	bhi.n	10009712 <_free_r+0x1ae>
10009706:	0c9c      	lsrs	r4, r3, #18
10009708:	0020      	movs	r0, r4
1000970a:	347d      	adds	r4, #125	@ 0x7d
1000970c:	307c      	adds	r0, #124	@ 0x7c
1000970e:	00e4      	lsls	r4, r4, #3
10009710:	e794      	b.n	1000963c <_free_r+0xd8>
10009712:	24fe      	movs	r4, #254	@ 0xfe
10009714:	207e      	movs	r0, #126	@ 0x7e
10009716:	00a4      	lsls	r4, r4, #2
10009718:	e790      	b.n	1000963c <_free_r+0xd8>
1000971a:	4662      	mov	r2, ip
1000971c:	431a      	orrs	r2, r3
1000971e:	604a      	str	r2, [r1, #4]
10009720:	603b      	str	r3, [r7, #0]
10009722:	e77c      	b.n	1000961e <_free_r+0xba>
10009724:	20000800 	.word	0x20000800
10009728:	20000808 	.word	0x20000808
1000972c:	200007fc 	.word	0x200007fc
10009730:	20000ee8 	.word	0x20000ee8
10009734:	00000554 	.word	0x00000554

10009738 <malloc>:
10009738:	b510      	push	{r4, lr}
1000973a:	4b03      	ldr	r3, [pc, #12]	@ (10009748 <malloc+0x10>)
1000973c:	0001      	movs	r1, r0
1000973e:	6818      	ldr	r0, [r3, #0]
10009740:	f7ff fbdc 	bl	10008efc <_malloc_r>
10009744:	bd10      	pop	{r4, pc}
10009746:	46c0      	nop			@ (mov r8, r8)
10009748:	200006d0 	.word	0x200006d0

1000974c <free>:
1000974c:	b510      	push	{r4, lr}
1000974e:	4b03      	ldr	r3, [pc, #12]	@ (1000975c <free+0x10>)
10009750:	0001      	movs	r1, r0
10009752:	6818      	ldr	r0, [r3, #0]
10009754:	f7ff ff06 	bl	10009564 <_free_r>
10009758:	bd10      	pop	{r4, pc}
1000975a:	46c0      	nop			@ (mov r8, r8)
1000975c:	200006d0 	.word	0x200006d0

10009760 <sysconf>:
10009760:	2380      	movs	r3, #128	@ 0x80
10009762:	b510      	push	{r4, lr}
10009764:	015b      	lsls	r3, r3, #5
10009766:	2808      	cmp	r0, #8
10009768:	d101      	bne.n	1000976e <sysconf+0xe>
1000976a:	0018      	movs	r0, r3
1000976c:	bd10      	pop	{r4, pc}
1000976e:	f000 f849 	bl	10009804 <__errno>
10009772:	2316      	movs	r3, #22
10009774:	6003      	str	r3, [r0, #0]
10009776:	3b17      	subs	r3, #23
10009778:	e7f7      	b.n	1000976a <sysconf+0xa>
1000977a:	46c0      	nop			@ (mov r8, r8)

1000977c <__malloc_lock>:
1000977c:	4770      	bx	lr
1000977e:	46c0      	nop			@ (mov r8, r8)

10009780 <__malloc_unlock>:
10009780:	4770      	bx	lr
10009782:	46c0      	nop			@ (mov r8, r8)

10009784 <strlen>:
10009784:	b510      	push	{r4, lr}
10009786:	0783      	lsls	r3, r0, #30
10009788:	d00a      	beq.n	100097a0 <strlen+0x1c>
1000978a:	0003      	movs	r3, r0
1000978c:	2103      	movs	r1, #3
1000978e:	e002      	b.n	10009796 <strlen+0x12>
10009790:	3301      	adds	r3, #1
10009792:	420b      	tst	r3, r1
10009794:	d005      	beq.n	100097a2 <strlen+0x1e>
10009796:	781a      	ldrb	r2, [r3, #0]
10009798:	2a00      	cmp	r2, #0
1000979a:	d1f9      	bne.n	10009790 <strlen+0xc>
1000979c:	1a18      	subs	r0, r3, r0
1000979e:	bd10      	pop	{r4, pc}
100097a0:	0003      	movs	r3, r0
100097a2:	6819      	ldr	r1, [r3, #0]
100097a4:	4a0c      	ldr	r2, [pc, #48]	@ (100097d8 <strlen+0x54>)
100097a6:	4c0d      	ldr	r4, [pc, #52]	@ (100097dc <strlen+0x58>)
100097a8:	188a      	adds	r2, r1, r2
100097aa:	438a      	bics	r2, r1
100097ac:	4222      	tst	r2, r4
100097ae:	d10f      	bne.n	100097d0 <strlen+0x4c>
100097b0:	6859      	ldr	r1, [r3, #4]
100097b2:	4a09      	ldr	r2, [pc, #36]	@ (100097d8 <strlen+0x54>)
100097b4:	3304      	adds	r3, #4
100097b6:	188a      	adds	r2, r1, r2
100097b8:	438a      	bics	r2, r1
100097ba:	4222      	tst	r2, r4
100097bc:	d108      	bne.n	100097d0 <strlen+0x4c>
100097be:	6859      	ldr	r1, [r3, #4]
100097c0:	4a05      	ldr	r2, [pc, #20]	@ (100097d8 <strlen+0x54>)
100097c2:	3304      	adds	r3, #4
100097c4:	188a      	adds	r2, r1, r2
100097c6:	438a      	bics	r2, r1
100097c8:	4222      	tst	r2, r4
100097ca:	d0f1      	beq.n	100097b0 <strlen+0x2c>
100097cc:	e000      	b.n	100097d0 <strlen+0x4c>
100097ce:	3301      	adds	r3, #1
100097d0:	781a      	ldrb	r2, [r3, #0]
100097d2:	2a00      	cmp	r2, #0
100097d4:	d1fb      	bne.n	100097ce <strlen+0x4a>
100097d6:	e7e1      	b.n	1000979c <strlen+0x18>
100097d8:	fefefeff 	.word	0xfefefeff
100097dc:	80808080 	.word	0x80808080

100097e0 <_sbrk_r>:
100097e0:	2300      	movs	r3, #0
100097e2:	b570      	push	{r4, r5, r6, lr}
100097e4:	4c06      	ldr	r4, [pc, #24]	@ (10009800 <_sbrk_r+0x20>)
100097e6:	0005      	movs	r5, r0
100097e8:	0008      	movs	r0, r1
100097ea:	6023      	str	r3, [r4, #0]
100097ec:	f7fa f9ac 	bl	10003b48 <_sbrk>
100097f0:	1c43      	adds	r3, r0, #1
100097f2:	d000      	beq.n	100097f6 <_sbrk_r+0x16>
100097f4:	bd70      	pop	{r4, r5, r6, pc}
100097f6:	6823      	ldr	r3, [r4, #0]
100097f8:	2b00      	cmp	r3, #0
100097fa:	d0fb      	beq.n	100097f4 <_sbrk_r+0x14>
100097fc:	602b      	str	r3, [r5, #0]
100097fe:	e7f9      	b.n	100097f4 <_sbrk_r+0x14>
10009800:	20001058 	.word	0x20001058

10009804 <__errno>:
10009804:	4b01      	ldr	r3, [pc, #4]	@ (1000980c <__errno+0x8>)
10009806:	6818      	ldr	r0, [r3, #0]
10009808:	4770      	bx	lr
1000980a:	46c0      	nop			@ (mov r8, r8)
1000980c:	200006d0 	.word	0x200006d0

10009810 <__mutex_enter_blocking_veneer>:
10009810:	b401      	push	{r0}
10009812:	4802      	ldr	r0, [pc, #8]	@ (1000981c <__mutex_enter_blocking_veneer+0xc>)
10009814:	4684      	mov	ip, r0
10009816:	bc01      	pop	{r0}
10009818:	4760      	bx	ip
1000981a:	bf00      	nop
1000981c:	20000189 	.word	0x20000189

10009820 <__sem_release_veneer>:
10009820:	b401      	push	{r0}
10009822:	4802      	ldr	r0, [pc, #8]	@ (1000982c <__sem_release_veneer+0xc>)
10009824:	4684      	mov	ip, r0
10009826:	bc01      	pop	{r0}
10009828:	4760      	bx	ip
1000982a:	bf00      	nop
1000982c:	20000149 	.word	0x20000149

10009830 <__flash_do_cmd_cs_veneer>:
10009830:	b401      	push	{r0}
10009832:	4802      	ldr	r0, [pc, #8]	@ (1000983c <__flash_do_cmd_cs_veneer+0xc>)
10009834:	4684      	mov	ip, r0
10009836:	bc01      	pop	{r0}
10009838:	4760      	bx	ip
1000983a:	bf00      	nop
1000983c:	20000411 	.word	0x20000411

10009840 <__memmove_veneer>:
10009840:	b401      	push	{r0}
10009842:	4802      	ldr	r0, [pc, #8]	@ (1000984c <__memmove_veneer+0xc>)
10009844:	4684      	mov	ip, r0
10009846:	bc01      	pop	{r0}
10009848:	4760      	bx	ip
1000984a:	bf00      	nop
1000984c:	20000509 	.word	0x20000509

10009850 <__recursive_mutex_enter_blocking_veneer>:
10009850:	b401      	push	{r0}
10009852:	4802      	ldr	r0, [pc, #8]	@ (1000985c <__recursive_mutex_enter_blocking_veneer+0xc>)
10009854:	4684      	mov	ip, r0
10009856:	bc01      	pop	{r0}
10009858:	4760      	bx	ip
1000985a:	bf00      	nop
1000985c:	200001c5 	.word	0x200001c5

10009860 <__sem_acquire_block_until_veneer>:
10009860:	b401      	push	{r0}
10009862:	4802      	ldr	r0, [pc, #8]	@ (1000986c <__sem_acquire_block_until_veneer+0xc>)
10009864:	4684      	mov	ip, r0
10009866:	bc01      	pop	{r0}
10009868:	4760      	bx	ip
1000986a:	bf00      	nop
1000986c:	200000fd 	.word	0x200000fd

10009870 <____aeabi_idiv0_veneer>:
10009870:	b401      	push	{r0}
10009872:	4802      	ldr	r0, [pc, #8]	@ (1000987c <____aeabi_idiv0_veneer+0xc>)
10009874:	4684      	mov	ip, r0
10009876:	bc01      	pop	{r0}
10009878:	4760      	bx	ip
1000987a:	bf00      	nop
1000987c:	20000505 	.word	0x20000505

10009880 <__mutex_exit_veneer>:
10009880:	b401      	push	{r0}
10009882:	4802      	ldr	r0, [pc, #8]	@ (1000988c <__mutex_exit_veneer+0xc>)
10009884:	4684      	mov	ip, r0
10009886:	bc01      	pop	{r0}
10009888:	4760      	bx	ip
1000988a:	bf00      	nop
1000988c:	20000329 	.word	0x20000329

10009890 <__recursive_mutex_exit_veneer>:
10009890:	b401      	push	{r0}
10009892:	4802      	ldr	r0, [pc, #8]	@ (1000989c <__recursive_mutex_exit_veneer+0xc>)
10009894:	4684      	mov	ip, r0
10009896:	bc01      	pop	{r0}
10009898:	4760      	bx	ip
1000989a:	bf00      	nop
1000989c:	20000349 	.word	0x20000349

100098a0 <____aeabi_ldiv0_veneer>:
100098a0:	b401      	push	{r0}
100098a2:	4802      	ldr	r0, [pc, #8]	@ (100098ac <____aeabi_ldiv0_veneer+0xc>)
100098a4:	4684      	mov	ip, r0
100098a6:	bc01      	pop	{r0}
100098a8:	4760      	bx	ip
100098aa:	bf00      	nop
100098ac:	20000505 	.word	0x20000505

100098b0 <__sem_acquire_blocking_veneer>:
100098b0:	b401      	push	{r0}
100098b2:	4802      	ldr	r0, [pc, #8]	@ (100098bc <__sem_acquire_blocking_veneer+0xc>)
100098b4:	4684      	mov	ip, r0
100098b6:	bc01      	pop	{r0}
100098b8:	4760      	bx	ip
100098ba:	bf00      	nop
100098bc:	200000c1 	.word	0x200000c1

100098c0 <__mutex_try_enter_block_until_veneer>:
100098c0:	b401      	push	{r0}
100098c2:	4802      	ldr	r0, [pc, #8]	@ (100098cc <__mutex_try_enter_block_until_veneer+0xc>)
100098c4:	4684      	mov	ip, r0
100098c6:	bc01      	pop	{r0}
100098c8:	4760      	bx	ip
100098ca:	bf00      	nop
100098cc:	200002f5 	.word	0x200002f5

100098d0 <__recursive_mutex_try_enter_veneer>:
100098d0:	b401      	push	{r0}
100098d2:	4802      	ldr	r0, [pc, #8]	@ (100098dc <__recursive_mutex_try_enter_veneer+0xc>)
100098d4:	4684      	mov	ip, r0
100098d6:	bc01      	pop	{r0}
100098d8:	4760      	bx	ip
100098da:	bf00      	nop
100098dc:	2000024d 	.word	0x2000024d

100098e0 <__pre_init_runtime_init_early_resets>:
100098e0:	10001919                                ....

100098e4 <__pre_init_runtime_init_usb_power_down>:
100098e4:	10001945 10001b29 100023b5 100021ad     E...)....#...!..
100098f4:	100022b9                                ."..

100098f8 <__pre_init_runtime_init_clocks>:
100098f8:	10001a51                                Q...

100098fc <__pre_init_runtime_init_post_clock_resets>:
100098fc:	10001961                                a...

10009900 <__pre_init_runtime_init_rp2040_gpio_ie_disable>:
10009900:	10001981                                ....

10009904 <__pre_init_runtime_init_spin_locks_reset>:
10009904:	10001995                                ....

10009908 <__pre_init_runtime_init_mutex>:
10009908:	10000b69                                i...

1000990c <__pre_init_runtime_init_install_ram_vector_table>:
1000990c:	1000199d                                ....

10009910 <__pre_init_runtime_init_default_alarm_pool>:
10009910:	10000efd                                ....

10009914 <__pre_init_first_per_core_initializer>:
10009914:	100018e1                                ....

10009918 <__pre_init_runtime_init_per_core_irq_priorities>:
10009918:	100005ad                                ....

1000991c <__pre_init_runtime_init_per_core_tls_setup>:
1000991c:	10003fc9                                .?..

10009920 <__init_array_start>:
10009920:	10003f6d 	.word	0x10003f6d
10009924:	100045b9 	.word	0x100045b9

Disassembly of section .data:

200000c0 <sem_acquire_blocking>:
200000c0:	b510      	push	{r4, lr}
200000c2:	0004      	movs	r4, r0
200000c4:	e002      	b.n	200000cc <sem_acquire_blocking+0xc>
200000c6:	0020      	movs	r0, r4
200000c8:	f000 fa8e 	bl	200005e8 <__vPortLockInternalSpinUnlockWithWait_veneer>
200000cc:	6822      	ldr	r2, [r4, #0]
200000ce:	f3ef 8110 	mrs	r1, PRIMASK
200000d2:	b672      	cpsid	i
200000d4:	6813      	ldr	r3, [r2, #0]
200000d6:	2b00      	cmp	r3, #0
200000d8:	d0fc      	beq.n	200000d4 <sem_acquire_blocking+0x14>
200000da:	f3bf 8f5f 	dmb	sy
200000de:	2204      	movs	r2, #4
200000e0:	5ea3      	ldrsh	r3, [r4, r2]
200000e2:	2b00      	cmp	r3, #0
200000e4:	ddef      	ble.n	200000c6 <sem_acquire_blocking+0x6>
200000e6:	3b01      	subs	r3, #1
200000e8:	80a3      	strh	r3, [r4, #4]
200000ea:	6823      	ldr	r3, [r4, #0]
200000ec:	f3bf 8f5f 	dmb	sy
200000f0:	2200      	movs	r2, #0
200000f2:	601a      	str	r2, [r3, #0]
200000f4:	f381 8810 	msr	PRIMASK, r1
200000f8:	bd10      	pop	{r4, pc}
200000fa:	46c0      	nop			@ (mov r8, r8)

200000fc <sem_acquire_block_until>:
200000fc:	b5f8      	push	{r3, r4, r5, r6, r7, lr}
200000fe:	0004      	movs	r4, r0
20000100:	0017      	movs	r7, r2
20000102:	001e      	movs	r6, r3
20000104:	e006      	b.n	20000114 <sem_acquire_block_until+0x18>
20000106:	003a      	movs	r2, r7
20000108:	0033      	movs	r3, r6
2000010a:	0020      	movs	r0, r4
2000010c:	f000 fa5c 	bl	200005c8 <__xPortLockInternalSpinUnlockWithBestEffortWaitOrTimeout_veneer>
20000110:	2800      	cmp	r0, #0
20000112:	d117      	bne.n	20000144 <sem_acquire_block_until+0x48>
20000114:	6825      	ldr	r5, [r4, #0]
20000116:	f3ef 8110 	mrs	r1, PRIMASK
2000011a:	b672      	cpsid	i
2000011c:	6828      	ldr	r0, [r5, #0]
2000011e:	2800      	cmp	r0, #0
20000120:	d0fc      	beq.n	2000011c <sem_acquire_block_until+0x20>
20000122:	f3bf 8f5f 	dmb	sy
20000126:	2304      	movs	r3, #4
20000128:	5ee0      	ldrsh	r0, [r4, r3]
2000012a:	2800      	cmp	r0, #0
2000012c:	ddeb      	ble.n	20000106 <sem_acquire_block_until+0xa>
2000012e:	3801      	subs	r0, #1
20000130:	80a0      	strh	r0, [r4, #4]
20000132:	6823      	ldr	r3, [r4, #0]
20000134:	f3bf 8f5f 	dmb	sy
20000138:	2200      	movs	r2, #0
2000013a:	601a      	str	r2, [r3, #0]
2000013c:	f381 8810 	msr	PRIMASK, r1
20000140:	2001      	movs	r0, #1
20000142:	bdf8      	pop	{r3, r4, r5, r6, r7, pc}
20000144:	2000      	movs	r0, #0
20000146:	e7fc      	b.n	20000142 <sem_acquire_block_until+0x46>

20000148 <sem_release>:
20000148:	b510      	push	{r4, lr}
2000014a:	6802      	ldr	r2, [r0, #0]
2000014c:	f3ef 8110 	mrs	r1, PRIMASK
20000150:	b672      	cpsid	i
20000152:	6813      	ldr	r3, [r2, #0]
20000154:	2b00      	cmp	r3, #0
20000156:	d0fc      	beq.n	20000152 <sem_release+0xa>
20000158:	f3bf 8f5f 	dmb	sy
2000015c:	2204      	movs	r2, #4
2000015e:	5e83      	ldrsh	r3, [r0, r2]
20000160:	2406      	movs	r4, #6
20000162:	5f02      	ldrsh	r2, [r0, r4]
20000164:	429a      	cmp	r2, r3
20000166:	dc08      	bgt.n	2000017a <sem_release+0x32>
20000168:	6803      	ldr	r3, [r0, #0]
2000016a:	f3bf 8f5f 	dmb	sy
2000016e:	2200      	movs	r2, #0
20000170:	601a      	str	r2, [r3, #0]
20000172:	f381 8810 	msr	PRIMASK, r1
20000176:	2000      	movs	r0, #0
20000178:	bd10      	pop	{r4, pc}
2000017a:	3301      	adds	r3, #1
2000017c:	8083      	strh	r3, [r0, #4]
2000017e:	f000 fa1b 	bl	200005b8 <__vPortLockInternalSpinUnlockWithNotify_veneer>
20000182:	2001      	movs	r0, #1
20000184:	e7f8      	b.n	20000178 <sem_release+0x30>
20000186:	46c0      	nop			@ (mov r8, r8)

20000188 <mutex_enter_blocking>:
20000188:	b570      	push	{r4, r5, r6, lr}
2000018a:	0004      	movs	r4, r0
2000018c:	f000 fa24 	bl	200005d8 <__ulPortLockGetCurrentOwnerId_veneer>
20000190:	0005      	movs	r5, r0
20000192:	e002      	b.n	2000019a <mutex_enter_blocking+0x12>
20000194:	0020      	movs	r0, r4
20000196:	f000 fa27 	bl	200005e8 <__vPortLockInternalSpinUnlockWithWait_veneer>
2000019a:	6822      	ldr	r2, [r4, #0]
2000019c:	f3ef 8110 	mrs	r1, PRIMASK
200001a0:	b672      	cpsid	i
200001a2:	6813      	ldr	r3, [r2, #0]
200001a4:	2b00      	cmp	r3, #0
200001a6:	d0fc      	beq.n	200001a2 <mutex_enter_blocking+0x1a>
200001a8:	f3bf 8f5f 	dmb	sy
200001ac:	6863      	ldr	r3, [r4, #4]
200001ae:	3301      	adds	r3, #1
200001b0:	d1f0      	bne.n	20000194 <mutex_enter_blocking+0xc>
200001b2:	6065      	str	r5, [r4, #4]
200001b4:	6823      	ldr	r3, [r4, #0]
200001b6:	f3bf 8f5f 	dmb	sy
200001ba:	2200      	movs	r2, #0
200001bc:	601a      	str	r2, [r3, #0]
200001be:	f381 8810 	msr	PRIMASK, r1
200001c2:	bd70      	pop	{r4, r5, r6, pc}

200001c4 <recursive_mutex_enter_blocking>:
200001c4:	b570      	push	{r4, r5, r6, lr}
200001c6:	0004      	movs	r4, r0
200001c8:	f000 fa06 	bl	200005d8 <__ulPortLockGetCurrentOwnerId_veneer>
200001cc:	0005      	movs	r5, r0
200001ce:	e004      	b.n	200001da <recursive_mutex_enter_blocking+0x16>
200001d0:	3301      	adds	r3, #1
200001d2:	d00e      	beq.n	200001f2 <recursive_mutex_enter_blocking+0x2e>
200001d4:	0020      	movs	r0, r4
200001d6:	f000 fa07 	bl	200005e8 <__vPortLockInternalSpinUnlockWithWait_veneer>
200001da:	6822      	ldr	r2, [r4, #0]
200001dc:	f3ef 8110 	mrs	r1, PRIMASK
200001e0:	b672      	cpsid	i
200001e2:	6813      	ldr	r3, [r2, #0]
200001e4:	2b00      	cmp	r3, #0
200001e6:	d0fc      	beq.n	200001e2 <recursive_mutex_enter_blocking+0x1e>
200001e8:	f3bf 8f5f 	dmb	sy
200001ec:	6863      	ldr	r3, [r4, #4]
200001ee:	42ab      	cmp	r3, r5
200001f0:	d1ee      	bne.n	200001d0 <recursive_mutex_enter_blocking+0xc>
200001f2:	7a23      	ldrb	r3, [r4, #8]
200001f4:	6065      	str	r5, [r4, #4]
200001f6:	3301      	adds	r3, #1
200001f8:	7223      	strb	r3, [r4, #8]
200001fa:	6823      	ldr	r3, [r4, #0]
200001fc:	f3bf 8f5f 	dmb	sy
20000200:	2200      	movs	r2, #0
20000202:	601a      	str	r2, [r3, #0]
20000204:	f381 8810 	msr	PRIMASK, r1
20000208:	bd70      	pop	{r4, r5, r6, pc}
2000020a:	46c0      	nop			@ (mov r8, r8)

2000020c <mutex_try_enter>:
2000020c:	b570      	push	{r4, r5, r6, lr}
2000020e:	6802      	ldr	r2, [r0, #0]
20000210:	0004      	movs	r4, r0
20000212:	f3ef 8510 	mrs	r5, PRIMASK
20000216:	b672      	cpsid	i
20000218:	6813      	ldr	r3, [r2, #0]
2000021a:	2b00      	cmp	r3, #0
2000021c:	d0fc      	beq.n	20000218 <mutex_try_enter+0xc>
2000021e:	f3bf 8f5f 	dmb	sy
20000222:	6863      	ldr	r3, [r4, #4]
20000224:	1c5a      	adds	r2, r3, #1
20000226:	d00b      	beq.n	20000240 <mutex_try_enter+0x34>
20000228:	2900      	cmp	r1, #0
2000022a:	d000      	beq.n	2000022e <mutex_try_enter+0x22>
2000022c:	600b      	str	r3, [r1, #0]
2000022e:	2000      	movs	r0, #0
20000230:	6823      	ldr	r3, [r4, #0]
20000232:	f3bf 8f5f 	dmb	sy
20000236:	2200      	movs	r2, #0
20000238:	601a      	str	r2, [r3, #0]
2000023a:	f385 8810 	msr	PRIMASK, r5
2000023e:	bd70      	pop	{r4, r5, r6, pc}
20000240:	f000 f9ca 	bl	200005d8 <__ulPortLockGetCurrentOwnerId_veneer>
20000244:	6060      	str	r0, [r4, #4]
20000246:	2001      	movs	r0, #1
20000248:	e7f2      	b.n	20000230 <mutex_try_enter+0x24>
2000024a:	46c0      	nop			@ (mov r8, r8)

2000024c <recursive_mutex_try_enter>:
2000024c:	b570      	push	{r4, r5, r6, lr}
2000024e:	0004      	movs	r4, r0
20000250:	000d      	movs	r5, r1
20000252:	f000 f9c1 	bl	200005d8 <__ulPortLockGetCurrentOwnerId_veneer>
20000256:	6822      	ldr	r2, [r4, #0]
20000258:	f3ef 8c10 	mrs	ip, PRIMASK
2000025c:	b672      	cpsid	i
2000025e:	6813      	ldr	r3, [r2, #0]
20000260:	2b00      	cmp	r3, #0
20000262:	d0fc      	beq.n	2000025e <recursive_mutex_try_enter+0x12>
20000264:	f3bf 8f5f 	dmb	sy
20000268:	6863      	ldr	r3, [r4, #4]
2000026a:	1c5a      	adds	r2, r3, #1
2000026c:	d006      	beq.n	2000027c <recursive_mutex_try_enter+0x30>
2000026e:	4283      	cmp	r3, r0
20000270:	d004      	beq.n	2000027c <recursive_mutex_try_enter+0x30>
20000272:	2d00      	cmp	r5, #0
20000274:	d000      	beq.n	20000278 <recursive_mutex_try_enter+0x2c>
20000276:	602b      	str	r3, [r5, #0]
20000278:	2000      	movs	r0, #0
2000027a:	e004      	b.n	20000286 <recursive_mutex_try_enter+0x3a>
2000027c:	6060      	str	r0, [r4, #4]
2000027e:	2001      	movs	r0, #1
20000280:	7a23      	ldrb	r3, [r4, #8]
20000282:	3301      	adds	r3, #1
20000284:	7223      	strb	r3, [r4, #8]
20000286:	6823      	ldr	r3, [r4, #0]
20000288:	f3bf 8f5f 	dmb	sy
2000028c:	2200      	movs	r2, #0
2000028e:	601a      	str	r2, [r3, #0]
20000290:	f38c 8810 	msr	PRIMASK, ip
20000294:	bd70      	pop	{r4, r5, r6, pc}
20000296:	46c0      	nop			@ (mov r8, r8)

20000298 <mutex_enter_block_until>:
20000298:	b5f8      	push	{r3, r4, r5, r6, r7, lr}
2000029a:	46ce      	mov	lr, r9
2000029c:	4647      	mov	r7, r8
2000029e:	b580      	push	{r7, lr}
200002a0:	0004      	movs	r4, r0
200002a2:	4690      	mov	r8, r2
200002a4:	001f      	movs	r7, r3
200002a6:	f000 f997 	bl	200005d8 <__ulPortLockGetCurrentOwnerId_veneer>
200002aa:	4681      	mov	r9, r0
200002ac:	e006      	b.n	200002bc <mutex_enter_block_until+0x24>
200002ae:	4642      	mov	r2, r8
200002b0:	003b      	movs	r3, r7
200002b2:	0020      	movs	r0, r4
200002b4:	f000 f988 	bl	200005c8 <__xPortLockInternalSpinUnlockWithBestEffortWaitOrTimeout_veneer>
200002b8:	2800      	cmp	r0, #0
200002ba:	d119      	bne.n	200002f0 <mutex_enter_block_until+0x58>
200002bc:	6826      	ldr	r6, [r4, #0]
200002be:	f3ef 8110 	mrs	r1, PRIMASK
200002c2:	b672      	cpsid	i
200002c4:	6835      	ldr	r5, [r6, #0]
200002c6:	2d00      	cmp	r5, #0
200002c8:	d0fc      	beq.n	200002c4 <mutex_enter_block_until+0x2c>
200002ca:	f3bf 8f5f 	dmb	sy
200002ce:	6865      	ldr	r5, [r4, #4]
200002d0:	3501      	adds	r5, #1
200002d2:	d1ec      	bne.n	200002ae <mutex_enter_block_until+0x16>
200002d4:	464b      	mov	r3, r9
200002d6:	6063      	str	r3, [r4, #4]
200002d8:	6823      	ldr	r3, [r4, #0]
200002da:	f3bf 8f5f 	dmb	sy
200002de:	2200      	movs	r2, #0
200002e0:	601a      	str	r2, [r3, #0]
200002e2:	f381 8810 	msr	PRIMASK, r1
200002e6:	2001      	movs	r0, #1
200002e8:	bcc0      	pop	{r6, r7}
200002ea:	46b9      	mov	r9, r7
200002ec:	46b0      	mov	r8, r6
200002ee:	bdf8      	pop	{r3, r4, r5, r6, r7, pc}
200002f0:	2000      	movs	r0, #0
200002f2:	e7f9      	b.n	200002e8 <mutex_enter_block_until+0x50>

200002f4 <mutex_try_enter_block_until>:
200002f4:	b5f0      	push	{r4, r5, r6, r7, lr}
200002f6:	b083      	sub	sp, #12
200002f8:	a901      	add	r1, sp, #4
200002fa:	0005      	movs	r5, r0
200002fc:	0017      	movs	r7, r2
200002fe:	001e      	movs	r6, r3
20000300:	f7ff ff84 	bl	2000020c <mutex_try_enter>
20000304:	1e04      	subs	r4, r0, #0
20000306:	d002      	beq.n	2000030e <mutex_try_enter_block_until+0x1a>
20000308:	0020      	movs	r0, r4
2000030a:	b003      	add	sp, #12
2000030c:	bdf0      	pop	{r4, r5, r6, r7, pc}
2000030e:	f000 f963 	bl	200005d8 <__ulPortLockGetCurrentOwnerId_veneer>
20000312:	9b01      	ldr	r3, [sp, #4]
20000314:	4298      	cmp	r0, r3
20000316:	d0f7      	beq.n	20000308 <mutex_try_enter_block_until+0x14>
20000318:	003a      	movs	r2, r7
2000031a:	0033      	movs	r3, r6
2000031c:	0028      	movs	r0, r5
2000031e:	f7ff ffbb 	bl	20000298 <mutex_enter_block_until>
20000322:	0004      	movs	r4, r0
20000324:	e7f0      	b.n	20000308 <mutex_try_enter_block_until+0x14>
20000326:	46c0      	nop			@ (mov r8, r8)

20000328 <mutex_exit>:
20000328:	b510      	push	{r4, lr}
2000032a:	6802      	ldr	r2, [r0, #0]
2000032c:	f3ef 8110 	mrs	r1, PRIMASK
20000330:	b672      	cpsid	i
20000332:	6813      	ldr	r3, [r2, #0]
20000334:	2b00      	cmp	r3, #0
20000336:	d0fc      	beq.n	20000332 <mutex_exit+0xa>
20000338:	f3bf 8f5f 	dmb	sy
2000033c:	2301      	movs	r3, #1
2000033e:	425b      	negs	r3, r3
20000340:	6043      	str	r3, [r0, #4]
20000342:	f000 f939 	bl	200005b8 <__vPortLockInternalSpinUnlockWithNotify_veneer>
20000346:	bd10      	pop	{r4, pc}

20000348 <recursive_mutex_exit>:
20000348:	b510      	push	{r4, lr}
2000034a:	6802      	ldr	r2, [r0, #0]
2000034c:	f3ef 8110 	mrs	r1, PRIMASK
20000350:	b672      	cpsid	i
20000352:	6813      	ldr	r3, [r2, #0]
20000354:	2b00      	cmp	r3, #0
20000356:	d0fc      	beq.n	20000352 <recursive_mutex_exit+0xa>
20000358:	f3bf 8f5f 	dmb	sy
2000035c:	7a03      	ldrb	r3, [r0, #8]
2000035e:	3b01      	subs	r3, #1
20000360:	b2db      	uxtb	r3, r3
20000362:	7203      	strb	r3, [r0, #8]
20000364:	2b00      	cmp	r3, #0
20000366:	d007      	beq.n	20000378 <recursive_mutex_exit+0x30>
20000368:	6803      	ldr	r3, [r0, #0]
2000036a:	f3bf 8f5f 	dmb	sy
2000036e:	2200      	movs	r2, #0
20000370:	601a      	str	r2, [r3, #0]
20000372:	f381 8810 	msr	PRIMASK, r1
20000376:	bd10      	pop	{r4, pc}
20000378:	3b01      	subs	r3, #1
2000037a:	6043      	str	r3, [r0, #4]
2000037c:	f000 f91c 	bl	200005b8 <__vPortLockInternalSpinUnlockWithNotify_veneer>
20000380:	e7f9      	b.n	20000376 <recursive_mutex_exit+0x2e>
20000382:	46c0      	nop			@ (mov r8, r8)

20000384 <flash_init_boot2_copyout>:
20000384:	b510      	push	{r4, lr}
20000386:	4c08      	ldr	r4, [pc, #32]	@ (200003a8 <flash_init_boot2_copyout+0x24>)
20000388:	7823      	ldrb	r3, [r4, #0]
2000038a:	2b00      	cmp	r3, #0
2000038c:	d10a      	bne.n	200003a4 <flash_init_boot2_copyout+0x20>
2000038e:	2380      	movs	r3, #128	@ 0x80
20000390:	4806      	ldr	r0, [pc, #24]	@ (200003ac <flash_init_boot2_copyout+0x28>)
20000392:	4907      	ldr	r1, [pc, #28]	@ (200003b0 <flash_init_boot2_copyout+0x2c>)
20000394:	055b      	lsls	r3, r3, #21
20000396:	681a      	ldr	r2, [r3, #0]
20000398:	50c2      	str	r2, [r0, r3]
2000039a:	3304      	adds	r3, #4
2000039c:	428b      	cmp	r3, r1
2000039e:	d1fa      	bne.n	20000396 <flash_init_boot2_copyout+0x12>
200003a0:	2301      	movs	r3, #1
200003a2:	7023      	strb	r3, [r4, #0]
200003a4:	bd10      	pop	{r4, pc}
200003a6:	46c0      	nop			@ (mov r8, r8)
200003a8:	20021ef4 	.word	0x20021ef4
200003ac:	10001088 	.word	0x10001088
200003b0:	10000100 	.word	0x10000100

200003b4 <flash_enable_xip_via_boot2>:
200003b4:	b510      	push	{r4, lr}
200003b6:	4b01      	ldr	r3, [pc, #4]	@ (200003bc <flash_enable_xip_via_boot2+0x8>)
200003b8:	4798      	blx	r3
200003ba:	bd10      	pop	{r4, pc}
200003bc:	20001089 	.word	0x20001089

200003c0 <flash_save_hardware_state>:
200003c0:	4b08      	ldr	r3, [pc, #32]	@ (200003e4 <flash_save_hardware_state+0x24>)
200003c2:	685a      	ldr	r2, [r3, #4]
200003c4:	6042      	str	r2, [r0, #4]
200003c6:	689a      	ldr	r2, [r3, #8]
200003c8:	6082      	str	r2, [r0, #8]
200003ca:	68da      	ldr	r2, [r3, #12]
200003cc:	60c2      	str	r2, [r0, #12]
200003ce:	691a      	ldr	r2, [r3, #16]
200003d0:	6102      	str	r2, [r0, #16]
200003d2:	695a      	ldr	r2, [r3, #20]
200003d4:	6142      	str	r2, [r0, #20]
200003d6:	699b      	ldr	r3, [r3, #24]
200003d8:	6183      	str	r3, [r0, #24]
200003da:	23a0      	movs	r3, #160	@ 0xa0
200003dc:	055b      	lsls	r3, r3, #21
200003de:	681b      	ldr	r3, [r3, #0]
200003e0:	6003      	str	r3, [r0, #0]
200003e2:	4770      	bx	lr
200003e4:	40020000 	.word	0x40020000

200003e8 <flash_restore_hardware_state>:
200003e8:	6842      	ldr	r2, [r0, #4]
200003ea:	4b08      	ldr	r3, [pc, #32]	@ (2000040c <flash_restore_hardware_state+0x24>)
200003ec:	605a      	str	r2, [r3, #4]
200003ee:	6882      	ldr	r2, [r0, #8]
200003f0:	609a      	str	r2, [r3, #8]
200003f2:	68c2      	ldr	r2, [r0, #12]
200003f4:	60da      	str	r2, [r3, #12]
200003f6:	6902      	ldr	r2, [r0, #16]
200003f8:	611a      	str	r2, [r3, #16]
200003fa:	6942      	ldr	r2, [r0, #20]
200003fc:	615a      	str	r2, [r3, #20]
200003fe:	6982      	ldr	r2, [r0, #24]
20000400:	619a      	str	r2, [r3, #24]
20000402:	23a0      	movs	r3, #160	@ 0xa0
20000404:	6802      	ldr	r2, [r0, #0]
20000406:	055b      	lsls	r3, r3, #21
20000408:	601a      	str	r2, [r3, #0]
2000040a:	4770      	bx	lr
2000040c:	40020000 	.word	0x40020000

20000410 <flash_do_cmd_cs>:
20000410:	2314      	movs	r3, #20
20000412:	b5f0      	push	{r4, r5, r6, r7, lr}
20000414:	46d6      	mov	lr, sl
20000416:	464f      	mov	r7, r9
20000418:	4646      	mov	r6, r8
2000041a:	469a      	mov	sl, r3
2000041c:	b5c0      	push	{r6, r7, lr}
2000041e:	4681      	mov	r9, r0
20000420:	8818      	ldrh	r0, [r3, #0]
20000422:	3304      	adds	r3, #4
20000424:	b088      	sub	sp, #32
20000426:	4698      	mov	r8, r3
20000428:	000e      	movs	r6, r1
2000042a:	881b      	ldrh	r3, [r3, #0]
2000042c:	4930      	ldr	r1, [pc, #192]	@ (200004f0 <flash_do_cmd_cs+0xe0>)
2000042e:	0014      	movs	r4, r2
20000430:	4798      	blx	r3
20000432:	4653      	mov	r3, sl
20000434:	0007      	movs	r7, r0
20000436:	8818      	ldrh	r0, [r3, #0]
20000438:	4643      	mov	r3, r8
2000043a:	492e      	ldr	r1, [pc, #184]	@ (200004f4 <flash_do_cmd_cs+0xe4>)
2000043c:	881b      	ldrh	r3, [r3, #0]
2000043e:	4798      	blx	r3
20000440:	4653      	mov	r3, sl
20000442:	0005      	movs	r5, r0
20000444:	8818      	ldrh	r0, [r3, #0]
20000446:	4643      	mov	r3, r8
20000448:	492b      	ldr	r1, [pc, #172]	@ (200004f8 <flash_do_cmd_cs+0xe8>)
2000044a:	881b      	ldrh	r3, [r3, #0]
2000044c:	4798      	blx	r3
2000044e:	4680      	mov	r8, r0
20000450:	f7ff ff98 	bl	20000384 <flash_init_boot2_copyout>
20000454:	a801      	add	r0, sp, #4
20000456:	f7ff ffb3 	bl	200003c0 <flash_save_hardware_state>
2000045a:	47b8      	blx	r7
2000045c:	47a8      	blx	r5
2000045e:	4b27      	ldr	r3, [pc, #156]	@ (200004fc <flash_do_cmd_cs+0xec>)
20000460:	681a      	ldr	r2, [r3, #0]
20000462:	2380      	movs	r3, #128	@ 0x80
20000464:	009b      	lsls	r3, r3, #2
20000466:	4053      	eors	r3, r2
20000468:	22c0      	movs	r2, #192	@ 0xc0
2000046a:	0092      	lsls	r2, r2, #2
2000046c:	4013      	ands	r3, r2
2000046e:	4a24      	ldr	r2, [pc, #144]	@ (20000500 <flash_do_cmd_cs+0xf0>)
20000470:	6013      	str	r3, [r2, #0]
20000472:	1e22      	subs	r2, r4, #0
20000474:	d020      	beq.n	200004b8 <flash_do_cmd_cs+0xa8>
20000476:	21c0      	movs	r1, #192	@ 0xc0
20000478:	2708      	movs	r7, #8
2000047a:	2002      	movs	r0, #2
2000047c:	0549      	lsls	r1, r1, #21
2000047e:	e011      	b.n	200004a4 <flash_do_cmd_cs+0x94>
20000480:	2c00      	cmp	r4, #0
20000482:	d014      	beq.n	200004ae <flash_do_cmd_cs+0x9e>
20000484:	1b13      	subs	r3, r2, r4
20000486:	2b0d      	cmp	r3, #13
20000488:	d929      	bls.n	200004de <flash_do_cmd_cs+0xce>
2000048a:	2d00      	cmp	r5, #0
2000048c:	d00a      	beq.n	200004a4 <flash_do_cmd_cs+0x94>
2000048e:	0023      	movs	r3, r4
20000490:	2a00      	cmp	r2, #0
20000492:	d005      	beq.n	200004a0 <flash_do_cmd_cs+0x90>
20000494:	6e0b      	ldr	r3, [r1, #96]	@ 0x60
20000496:	3a01      	subs	r2, #1
20000498:	7033      	strb	r3, [r6, #0]
2000049a:	0013      	movs	r3, r2
2000049c:	3601      	adds	r6, #1
2000049e:	4323      	orrs	r3, r4
200004a0:	2b00      	cmp	r3, #0
200004a2:	d009      	beq.n	200004b8 <flash_do_cmd_cs+0xa8>
200004a4:	003d      	movs	r5, r7
200004a6:	6a8b      	ldr	r3, [r1, #40]	@ 0x28
200004a8:	401d      	ands	r5, r3
200004aa:	4218      	tst	r0, r3
200004ac:	d1e8      	bne.n	20000480 <flash_do_cmd_cs+0x70>
200004ae:	2d00      	cmp	r5, #0
200004b0:	d1ed      	bne.n	2000048e <flash_do_cmd_cs+0x7e>
200004b2:	0023      	movs	r3, r4
200004b4:	4313      	orrs	r3, r2
200004b6:	d1f5      	bne.n	200004a4 <flash_do_cmd_cs+0x94>
200004b8:	4b10      	ldr	r3, [pc, #64]	@ (200004fc <flash_do_cmd_cs+0xec>)
200004ba:	681a      	ldr	r2, [r3, #0]
200004bc:	23c0      	movs	r3, #192	@ 0xc0
200004be:	009b      	lsls	r3, r3, #2
200004c0:	4393      	bics	r3, r2
200004c2:	4a0f      	ldr	r2, [pc, #60]	@ (20000500 <flash_do_cmd_cs+0xf0>)
200004c4:	6013      	str	r3, [r2, #0]
200004c6:	47c0      	blx	r8
200004c8:	f7ff ff74 	bl	200003b4 <flash_enable_xip_via_boot2>
200004cc:	a801      	add	r0, sp, #4
200004ce:	f7ff ff8b 	bl	200003e8 <flash_restore_hardware_state>
200004d2:	b008      	add	sp, #32
200004d4:	bce0      	pop	{r5, r6, r7}
200004d6:	46ba      	mov	sl, r7
200004d8:	46b1      	mov	r9, r6
200004da:	46a8      	mov	r8, r5
200004dc:	bdf0      	pop	{r4, r5, r6, r7, pc}
200004de:	464b      	mov	r3, r9
200004e0:	781b      	ldrb	r3, [r3, #0]
200004e2:	3c01      	subs	r4, #1
200004e4:	660b      	str	r3, [r1, #96]	@ 0x60
200004e6:	2301      	movs	r3, #1
200004e8:	469c      	mov	ip, r3
200004ea:	44e1      	add	r9, ip
200004ec:	e7df      	b.n	200004ae <flash_do_cmd_cs+0x9e>
200004ee:	46c0      	nop			@ (mov r8, r8)
200004f0:	00004649 	.word	0x00004649
200004f4:	00005845 	.word	0x00005845
200004f8:	00004346 	.word	0x00004346
200004fc:	4001800c 	.word	0x4001800c
20000500:	4001900c 	.word	0x4001900c

20000504 <__aeabi_idiv0>:
20000504:	4770      	bx	lr
20000506:	46c0      	nop			@ (mov r8, r8)

20000508 <memmove>:
20000508:	b5f0      	push	{r4, r5, r6, r7, lr}
2000050a:	4288      	cmp	r0, r1
2000050c:	d90a      	bls.n	20000524 <memmove+0x1c>
2000050e:	188b      	adds	r3, r1, r2
20000510:	4298      	cmp	r0, r3
20000512:	d207      	bcs.n	20000524 <memmove+0x1c>
20000514:	1e53      	subs	r3, r2, #1
20000516:	2a00      	cmp	r2, #0
20000518:	d003      	beq.n	20000522 <memmove+0x1a>
2000051a:	5cca      	ldrb	r2, [r1, r3]
2000051c:	54c2      	strb	r2, [r0, r3]
2000051e:	3b01      	subs	r3, #1
20000520:	d2fb      	bcs.n	2000051a <memmove+0x12>
20000522:	bdf0      	pop	{r4, r5, r6, r7, pc}
20000524:	0005      	movs	r5, r0
20000526:	2a0f      	cmp	r2, #15
20000528:	d80a      	bhi.n	20000540 <memmove+0x38>
2000052a:	1e56      	subs	r6, r2, #1
2000052c:	2a00      	cmp	r2, #0
2000052e:	d0f8      	beq.n	20000522 <memmove+0x1a>
20000530:	2300      	movs	r3, #0
20000532:	5ccc      	ldrb	r4, [r1, r3]
20000534:	001a      	movs	r2, r3
20000536:	54ec      	strb	r4, [r5, r3]
20000538:	3301      	adds	r3, #1
2000053a:	4296      	cmp	r6, r2
2000053c:	d1f9      	bne.n	20000532 <memmove+0x2a>
2000053e:	e7f0      	b.n	20000522 <memmove+0x1a>
20000540:	2703      	movs	r7, #3
20000542:	003e      	movs	r6, r7
20000544:	430d      	orrs	r5, r1
20000546:	000c      	movs	r4, r1
20000548:	0003      	movs	r3, r0
2000054a:	402e      	ands	r6, r5
2000054c:	422f      	tst	r7, r5
2000054e:	d12d      	bne.n	200005ac <memmove+0xa4>
20000550:	0015      	movs	r5, r2
20000552:	3d10      	subs	r5, #16
20000554:	092d      	lsrs	r5, r5, #4
20000556:	46ac      	mov	ip, r5
20000558:	012f      	lsls	r7, r5, #4
2000055a:	183f      	adds	r7, r7, r0
2000055c:	6825      	ldr	r5, [r4, #0]
2000055e:	601d      	str	r5, [r3, #0]
20000560:	6865      	ldr	r5, [r4, #4]
20000562:	605d      	str	r5, [r3, #4]
20000564:	68a5      	ldr	r5, [r4, #8]
20000566:	609d      	str	r5, [r3, #8]
20000568:	68e5      	ldr	r5, [r4, #12]
2000056a:	3410      	adds	r4, #16
2000056c:	60dd      	str	r5, [r3, #12]
2000056e:	001d      	movs	r5, r3
20000570:	3310      	adds	r3, #16
20000572:	42bd      	cmp	r5, r7
20000574:	d1f2      	bne.n	2000055c <memmove+0x54>
20000576:	4665      	mov	r5, ip
20000578:	230f      	movs	r3, #15
2000057a:	240c      	movs	r4, #12
2000057c:	3501      	adds	r5, #1
2000057e:	012d      	lsls	r5, r5, #4
20000580:	1949      	adds	r1, r1, r5
20000582:	4013      	ands	r3, r2
20000584:	1945      	adds	r5, r0, r5
20000586:	4214      	tst	r4, r2
20000588:	d013      	beq.n	200005b2 <memmove+0xaa>
2000058a:	3b04      	subs	r3, #4
2000058c:	089b      	lsrs	r3, r3, #2
2000058e:	3301      	adds	r3, #1
20000590:	009b      	lsls	r3, r3, #2
20000592:	598c      	ldr	r4, [r1, r6]
20000594:	51ac      	str	r4, [r5, r6]
20000596:	3604      	adds	r6, #4
20000598:	429e      	cmp	r6, r3
2000059a:	d1fa      	bne.n	20000592 <memmove+0x8a>
2000059c:	2303      	movs	r3, #3
2000059e:	401a      	ands	r2, r3
200005a0:	19ad      	adds	r5, r5, r6
200005a2:	1989      	adds	r1, r1, r6
200005a4:	1e56      	subs	r6, r2, #1
200005a6:	2a00      	cmp	r2, #0
200005a8:	d1c2      	bne.n	20000530 <memmove+0x28>
200005aa:	e7ba      	b.n	20000522 <memmove+0x1a>
200005ac:	0005      	movs	r5, r0
200005ae:	1e56      	subs	r6, r2, #1
200005b0:	e7be      	b.n	20000530 <memmove+0x28>
200005b2:	001a      	movs	r2, r3
200005b4:	e7b9      	b.n	2000052a <memmove+0x22>
200005b6:	46c0      	nop			@ (mov r8, r8)

200005b8 <__vPortLockInternalSpinUnlockWithNotify_veneer>:
200005b8:	b401      	push	{r0}
200005ba:	4802      	ldr	r0, [pc, #8]	@ (200005c4 <__vPortLockInternalSpinUnlockWithNotify_veneer+0xc>)
200005bc:	4684      	mov	ip, r0
200005be:	bc01      	pop	{r0}
200005c0:	4760      	bx	ip
200005c2:	bf00      	nop
200005c4:	100043f5 	.word	0x100043f5

200005c8 <__xPortLockInternalSpinUnlockWithBestEffortWaitOrTimeout_veneer>:
200005c8:	b401      	push	{r0}
200005ca:	4802      	ldr	r0, [pc, #8]	@ (200005d4 <__xPortLockInternalSpinUnlockWithBestEffortWaitOrTimeout_veneer+0xc>)
200005cc:	4684      	mov	ip, r0
200005ce:	bc01      	pop	{r0}
200005d0:	4760      	bx	ip
200005d2:	bf00      	nop
200005d4:	100044bd 	.word	0x100044bd

200005d8 <__ulPortLockGetCurrentOwnerId_veneer>:
200005d8:	b401      	push	{r0}
200005da:	4802      	ldr	r0, [pc, #8]	@ (200005e4 <__ulPortLockGetCurrentOwnerId_veneer+0xc>)
200005dc:	4684      	mov	ip, r0
200005de:	bc01      	pop	{r0}
200005e0:	4760      	bx	ip
200005e2:	bf00      	nop
200005e4:	10004361 	.word	0x10004361

200005e8 <__vPortLockInternalSpinUnlockWithWait_veneer>:
200005e8:	b401      	push	{r0}
200005ea:	4802      	ldr	r0, [pc, #8]	@ (200005f4 <__vPortLockInternalSpinUnlockWithWait_veneer+0xc>)
200005ec:	4684      	mov	ip, r0
200005ee:	bc01      	pop	{r0}
200005f0:	4760      	bx	ip
200005f2:	bf00      	nop
200005f4:	1000438d 	.word	0x1000438d

200005f8 <striped_spin_lock_num>:
200005f8:	00000010                                ....

200005fc <irq_handler_chain_slots>:
200005fc:	00000000 	.word	0x00000000
20000600:	00010000 	.word	0x00010000
	...
2000060c:	00020000 	.word	0x00020000
	...
20000618:	00030000 	.word	0x00030000
	...
20000624:	00040000 	.word	0x00040000
	...
20000630:	00050000 	.word	0x00050000
	...
2000063c:	00ff0000 	.word	0x00ff0000
20000640:	00000000 	.word	0x00000000

20000644 <irq_handler_chain_first_slot>:
20000644:	b501      	push	{r0, lr}
20000646:	6848      	ldr	r0, [r1, #4]
20000648:	3101      	adds	r1, #1
2000064a:	468e      	mov	lr, r1
2000064c:	4700      	bx	r0

2000064e <irq_handler_chain_remove_tail>:
2000064e:	4670      	mov	r0, lr
20000650:	3809      	subs	r0, #9
20000652:	4901      	ldr	r1, [pc, #4]	@ (20000658 <irq_handler_chain_remove_tail+0xa>)
20000654:	4788      	blx	r1
20000656:	bd01      	pop	{r0, pc}
20000658:	10000a2d 	.word	0x10000a2d
2000065c:	00000000 	.word	0x00000000

20000660 <last_added.0>:
20000660:	ffffffff 7fffffff                       ........

20000668 <default_alarm_pool>:
	...
2000067c:	20000c68                                h.. 

20000680 <aeabi_bits_funcs>:
20000680:	00003350 	.word	0x00003350
20000684:	0000334c 	.word	0x0000334c
20000688:	00003354 	.word	0x00003354
2000068c:	00003352 	.word	0x00003352

20000690 <aeabi_bits_funcs_end>:
20000690:	0000534d 	.word	0x0000534d
20000694:	0000434d 	.word	0x0000434d
20000698:	00003453 	.word	0x00003453
2000069c:	00003443 	.word	0x00003443

200006a0 <ucPrimaryCoreNum>:
200006a0:	000000ff                                ....

200006a4 <cyw43_poll_worker>:
200006a4:	00000000 100084a5 00000000 00000000     ................
200006b4:	00000000                                ....

200006b8 <sleep_timeout_worker>:
200006b8:	00000000 1000840d 00000000 00000000     ................
	...

200006d0 <_impure_ptr>:
200006d0:	200006d8 00000000                       ... ....

200006d8 <_impure_data>:
200006d8:	00000000 20000f20 20000f88 20000ff0     .... .. ... ... 
	...
20000770:	00000001 00000000 abcd330e e66d1234     .........3..4.m.
20000780:	0005deec 0000000b 00000000 00000000     ................
	...

200007f8 <__malloc_sbrk_base>:
200007f8:	ffffffff                                ....

200007fc <__malloc_trim_threshold>:
200007fc:	00020000                                ....

20000800 <__malloc_av_>:
	...
20000808:	20000800 20000800 20000808 20000808     ... ... ... ... 
20000818:	20000810 20000810 20000818 20000818     ... ... ... ... 
20000828:	20000820 20000820 20000828 20000828      ..  .. (.. (.. 
20000838:	20000830 20000830 20000838 20000838     0.. 0.. 8.. 8.. 
20000848:	20000840 20000840 20000848 20000848     @.. @.. H.. H.. 
20000858:	20000850 20000850 20000858 20000858     P.. P.. X.. X.. 
20000868:	20000860 20000860 20000868 20000868     `.. `.. h.. h.. 
20000878:	20000870 20000870 20000878 20000878     p.. p.. x.. x.. 
20000888:	20000880 20000880 20000888 20000888     ... ... ... ... 
20000898:	20000890 20000890 20000898 20000898     ... ... ... ... 
200008a8:	200008a0 200008a0 200008a8 200008a8     ... ... ... ... 
200008b8:	200008b0 200008b0 200008b8 200008b8     ... ... ... ... 
200008c8:	200008c0 200008c0 200008c8 200008c8     ... ... ... ... 
200008d8:	200008d0 200008d0 200008d8 200008d8     ... ... ... ... 
200008e8:	200008e0 200008e0 200008e8 200008e8     ... ... ... ... 
200008f8:	200008f0 200008f0 200008f8 200008f8     ... ... ... ... 
20000908:	20000900 20000900 20000908 20000908     ... ... ... ... 
20000918:	20000910 20000910 20000918 20000918     ... ... ... ... 
20000928:	20000920 20000920 20000928 20000928      ..  .. (.. (.. 
20000938:	20000930 20000930 20000938 20000938     0.. 0.. 8.. 8.. 
20000948:	20000940 20000940 20000948 20000948     @.. @.. H.. H.. 
20000958:	20000950 20000950 20000958 20000958     P.. P.. X.. X.. 
20000968:	20000960 20000960 20000968 20000968     `.. `.. h.. h.. 
20000978:	20000970 20000970 20000978 20000978     p.. p.. x.. x.. 
20000988:	20000980 20000980 20000988 20000988     ... ... ... ... 
20000998:	20000990 20000990 20000998 20000998     ... ... ... ... 
200009a8:	200009a0 200009a0 200009a8 200009a8     ... ... ... ... 
200009b8:	200009b0 200009b0 200009b8 200009b8     ... ... ... ... 
200009c8:	200009c0 200009c0 200009c8 200009c8     ... ... ... ... 
200009d8:	200009d0 200009d0 200009d8 200009d8     ... ... ... ... 
200009e8:	200009e0 200009e0 200009e8 200009e8     ... ... ... ... 
200009f8:	200009f0 200009f0 200009f8 200009f8     ... ... ... ... 
20000a08:	20000a00 20000a00 20000a08 20000a08     ... ... ... ... 
20000a18:	20000a10 20000a10 20000a18 20000a18     ... ... ... ... 
20000a28:	20000a20 20000a20 20000a28 20000a28      ..  .. (.. (.. 
20000a38:	20000a30 20000a30 20000a38 20000a38     0.. 0.. 8.. 8.. 
20000a48:	20000a40 20000a40 20000a48 20000a48     @.. @.. H.. H.. 
20000a58:	20000a50 20000a50 20000a58 20000a58     P.. P.. X.. X.. 
20000a68:	20000a60 20000a60 20000a68 20000a68     `.. `.. h.. h.. 
20000a78:	20000a70 20000a70 20000a78 20000a78     p.. p.. x.. x.. 
20000a88:	20000a80 20000a80 20000a88 20000a88     ... ... ... ... 
20000a98:	20000a90 20000a90 20000a98 20000a98     ... ... ... ... 
20000aa8:	20000aa0 20000aa0 20000aa8 20000aa8     ... ... ... ... 
20000ab8:	20000ab0 20000ab0 20000ab8 20000ab8     ... ... ... ... 
20000ac8:	20000ac0 20000ac0 20000ac8 20000ac8     ... ... ... ... 
20000ad8:	20000ad0 20000ad0 20000ad8 20000ad8     ... ... ... ... 
20000ae8:	20000ae0 20000ae0 20000ae8 20000ae8     ... ... ... ... 
20000af8:	20000af0 20000af0 20000af8 20000af8     ... ... ... ... 
20000b08:	20000b00 20000b00 20000b08 20000b08     ... ... ... ... 
20000b18:	20000b10 20000b10 20000b18 20000b18     ... ... ... ... 
20000b28:	20000b20 20000b20 20000b28 20000b28      ..  .. (.. (.. 
20000b38:	20000b30 20000b30 20000b38 20000b38     0.. 0.. 8.. 8.. 
20000b48:	20000b40 20000b40 20000b48 20000b48     @.. @.. H.. H.. 
20000b58:	20000b50 20000b50 20000b58 20000b58     P.. P.. X.. X.. 
20000b68:	20000b60 20000b60 20000b68 20000b68     `.. `.. h.. h.. 
20000b78:	20000b70 20000b70 20000b78 20000b78     p.. p.. x.. x.. 
20000b88:	20000b80 20000b80 20000b88 20000b88     ... ... ... ... 
20000b98:	20000b90 20000b90 20000b98 20000b98     ... ... ... ... 
20000ba8:	20000ba0 20000ba0 20000ba8 20000ba8     ... ... ... ... 
20000bb8:	20000bb0 20000bb0 20000bb8 20000bb8     ... ... ... ... 
20000bc8:	20000bc0 20000bc0 20000bc8 20000bc8     ... ... ... ... 
20000bd8:	20000bd0 20000bd0 20000bd8 20000bd8     ... ... ... ... 
20000be8:	20000be0 20000be0 20000be8 20000be8     ... ... ... ... 
20000bf8:	20000bf0 20000bf0 20000bf8 20000bf8     ... ... ... ... 

20000c08 <malloc_mutex>:
	...

20000c10 <print_mutex>:
	...
