:020000041000EA
:1000000000B5324B212058609868022188439860DF
:10001000D860186158612E4B002199600221596106
:100020000121F02299502B49196001219960352056
:1000300000F044F80222904214D00621196600F024
:1000400034F8196E01211966002018661A6600F04E
:100050002CF8196E196E196E052000F02FF8012189
:100060000842F9D1002199601B49196000215960AB
:100070001A491B48016001219960EB211966A021F2
:10008000196600F012F800219960164914480160C1
:100090000121996001BC002800D000471248134993
:1000A000086003C880F30888084703B5996A0420EC
:1000B0000142FBD001200142F8D103BD02B5186610
:1000C0001866FFF7F2FF186E186E02BD00000240BE
:1000D000000000180000070000035F00212200005C
:1000E000F4000018222000A00001001008ED00E03C
:1000F00000000000000000000000000074B24E7A12
:1001000000200420F7010010CB010010CD010010E9
:10011000C9010010C9010010C9010010C901001077
:10012000C9010010C9010010C9010010CF01001061
:10013000C9010010C9010010D1010010D301001045
:10014000C1010010C1010010C1010010C101001067
:10015000C1010010C1010010C1010010C101001057
:10016000C1010010C1010010C1010010C101001047
:10017000C1010010C1010010C1010010C101001037
:10018000C1010010C1010010C1010010C101001027
:10019000C1010010C1010010C1010010C101001017
:1001A000C1010010C1010010C1010010C101001007
:1001B000C1010010C1010010C1010010C1010010F7
:1001C000EFF30580103800BE00BE00BE00BE00BECA
:1001D00000BE00BEF2EB8871E0150410001604109A
:1001E0003802001090A31AE700201E49086006C8D4
:1001F00081F3088810471C480068002801D00020BF
:10020000F3E70DA40ECC002902D000F012F8F9E7B4
:100210001649174A002000E001C19142FCD115495E
:100220008847154988471549884700BEFDE701C939
:1002300001C29A42FBD3704700160410C000002090
:10024000180C002058210410000004200000042095
:1002500058210410001004200010042000000000A9
:100260007047000008ED00E0000000D0180C0020EE
:10027000F81E0220853B0010810200107D3B00101B
:1002800010B504F0E3FE00280ED10121002004F097
:10029000CDFEFA2001F090F80021002004F0C6FE07
:1002A000FA2001F089F8F0E701F01CFB094A83000D
:1002B0009A1810B514684022544080322240064CEF
:1002C000C000A44663441A60044B9C4660444160ED
:1002D00010BDC04604C0014004D0014000400140B0
:1002E000074B8000C3181B68C90092000A435A409C
:1002F0000C231340034A9446604403607047C04691
:1003000004C0014004D001408000002905D0064B04
:100310009C460223604403607047044B9C460223C2
:1003200060440360F8E7C04604E0014004F0014087
:10033000D0231B061B6830B55C000500E418C30819
:1003400007202840800081401800094D3C302401DE
:1003500080009B0041511B19002A04D0054A944695
:100360006344196030BD044A944663441960F9E758
:10037000004001400061014000710140D0231B0694
:100380001B6870B5064D9B005C59204205D10443A3
:100390000D205C5100F060F970BD01F0A3FAC04679
:1003A000681D002010B504000D2000F041FAD02394
:1003B0001B061B6802499B005A58A2435A5010BDA5
:1003C000681D00200123D0228340120693629361AE
:1003D000094A83009A1811684022514080320A402D
:1003E0000649C0008C4663441A60054B9C460523B1
:1003F000604443607047C04604C0014004D00140DF
:10040000004001400FB400B5084883B003F01AFD66
:10041000049B002B07D005A91800019103F074FB81
:10042000034803F00FFD012003F086FB289900101C
:10043000AC9A0010EFF3108072B6034A1368002BD9
:10044000FCD0BFF35F8F70472C0100D0BFF35F8FEC
:100450000022024B1A6080F3108870472C0100D0F4
:1004600070B5EFF3108C72B60D4D2B68002BFCD0DD
:10047000BFF35F8F0724CB08C618C05C01230C4074
:10048000A3401C000440034207D118433070BFF35F
:100490005F8F2C608CF3108870BD1000FFF7B2FFE7
:1004A0002C0100D0F8B54746CE46884680B5EFF31C
:1004B000108C72B6214D2C68002CFCD0BFF35F8FDE
:1004C0009A422CD8D4080727055D06190124174045
:1004D000BC402C421FD007210127894609E0D408DF
:1004E000055D06194C4639001440A1400C00294214
:1004F00011D001329342F2D201204042BFF35F8F0C
:1005000000220E4B1A608CF3108800280FDBC0BC51
:10051000B946B046F8BD254310003570EEE7BFF38D
:100520005F8F00232B608CF31088012040424346EC
:10053000002BECD00898FFF765FFC0462C0100D0D7
:1005400030B5EFF3108C72B60A4C2368002BFCD048
:10055000BFF35F8F072301220B409A40CD08435D14
:1005600093434355BFF35F8F002323608CF31088C0
:1005700030BDC0462C0100D0044A1078431CDBB2C9
:10058000172B00D9102313707047C046F8050020C0
:100590000021044B044ABFF35F8F02C39342FAD198
:1005A0007047C046000100D0800100D0054B064ACC
:1005B0001360064A136053609360D3601361536104
:1005C000936170478080808000E400E004E400E0F4
:1005D0001F2318401E3B8340002905D0C021044A38
:1005E0004900535013607047802201498B50FAE74D
:1005F00000E100E001238340014A13607047C046D8
:1006000000E200E010B5EFF3108C72B60F4A1368E9
:10061000002BFCD0BFF35F8F0D4B10309B68800028
:100620001B580C4A934201D099420CD1084B9B684D
:100630001950BFF35F8FBFF35F8F0022034B1A6027
:100640008CF3108810BD01F04DF9C046240100D094
:1006500000ED00E0C1010010F0B557464E46DE4601
:100660004546E0B58A4685B00600EFF3108972B6BC
:1006700063490B68002BFCD0BFF35F8F0021614BF7
:1006800059568C46002900DAB7E049000D005E4C4F
:100690006544AD0067190291B979103619705B4B4A
:1006A000B1009B6801915B58191B472935D801217E
:1006B00018008843C679964200D875E09B46029B95
:1006C000019E9846039507E04D006D18AD00651931
:1006D000EB7993424ED92800062141560029F3DADE
:1006E00045465B4601960295061D494D0396039EBD
:1006F000043FBF1B3F05474E7F0D3743664687804B
:1007000086710298604480002418E2715246424883
:10071000A5802060A171A26018E040498B4200D002
:100720006BE03F4B3B4963533E4B0235043B65193D
:100730005B1B1B055B0D0B437B803B4BFA71BB8046
:10074000FF23BB715346BB6001233B432F4A0199F2
:1007500092685350BFF35F8FBFF35F8F0022284B27
:100760001A6089F3108805B0F0BCBB46B246A946B2
:10077000A046F0BD01964646029686885B46760501
:10078000B346061D039D03965E463615B346061D09
:10079000B046C3445E4604356519751BE0262D0539
:1007A0006D0D36023543A2E7204BFA719C460300DB
:1007B00066461B1B5B415E43360DB446AE1CB0461D
:1007C000A0444646164B6353164B0435043B9B1B13
:1007D0001B05104E5B0D33437B806319C31A043B2A
:1007E0001B055B0D3343BB806346BB715346BB6047
:1007F000094B03603B000B43A8E701F073F8C046C8
:10080000240100D0F51E0220FC05002000ED00E0D0
:1008100001BD000000E0FFFF01488047C10100105A
:1008200000A1FFFF4406002001BDFFFFAAAA0000AF
:10083000F0B5DE4657464E464546E0B583B0EFF389
:10084000108C72B6634A1368002BFCD0BFF35F8F25
:10085000614B624C9A68030010339D005259A146C7
:10086000A2423DD08A424ED05D4C161B472E37D84F
:100870000127BA4687405B4EB04636683E401F2788
:10088000B3465646384086404746802001963E5043
:10089000BFF35F8FEFF305808046002835D0834299
:1008A00000D094E01000534698438668B14208D1C6
:1008B0007BE07B00DB199B00E3189E68B14236D0D9
:1008C00018000627C757002FF3DAB14259D05B460C
:1008D000002B27D0C021434B019849005850186085
:1008E0003D4B9B685A51BFF35F8FBFF35F8F002270
:1008F000384B1A608CF3108803B0F0BCBB46B2468C
:10090000A946A046F0BD2200EAE7100053469843EE
:100910008668B142D5D1062686570300002E0ADA32
:100920004A4636E080232F490198C850D8E706266A
:100930009E57002E26DB7100881980002718B846C4
:10094000BF689F604746FF79DF714746BF797FB236
:100950009F71002F27DB4746BF887F053F15B846AC
:10096000E0278044E01A40440005400D3F02384330
:1009700098808B191C499B000878E31898710E70B9
:10098000A5E703004146002914D1FF3181711749C1
:10099000818015480178997115491B1B5B415943AA
:1009A000090D017093E71348E2E706268657030016
:1009B000002EC0DA10491148C91A08394C02640DDA
:1009C000204398800E4849080143D9807FE700F012
:1009D00089FFC046240100D000ED00E0C1010010F5
:1009E000FC05002000E100E0F51E022001BDFFFF34
:1009F000AAAA000001BD00004E06002000F0FFFF83
:100A000000F8FFFF10B58308040003202040FF24F6
:100A1000054AC0009446844081409B0063441A68A4
:100A2000A2430A431A6010BD00E400E070B501243F
:100A30000443EFF30581EFF3108C72B6274A136875
:100A4000002BFCD0BFF35F8F254A0500254BAD1A64
:100A50006D416B431B0D244D8900AE685BB2765827
:100A6000A64224D006215156994224D01221515633
:100A700099422AD01E215156994228D02A215156F6
:100A8000994226D036215156994224D042215156BE
:100A90000524994210D0154A117813708171BFF363
:100AA0005F8F00220D4B1A608CF3108870BDAA680E
:100AB0000F4C5450EFE700246100091989005218C7
:100AC000FF2191710B499180E5E70124F4E70224AD
:100AD000F2E70324F0E70424EEE7C046240100D047
:100AE000FC050020AAAA000000ED00E0F51E02208F
:100AF000C101001001BDFFFF1F2110B5091A0248F6
:100B0000FFF71EFD10BDC046F61E022010B5084BB3
:100B1000084C82B001000093002205232000FFF75B
:100B2000C1FC002801DB1F23181A02B010BDC0460B
:100B300038990010F61E022070B504000E00150052
:100B4000FFF71AFD0100200000F006F8A680E580FE
:100B5000BFF35F8F70BDC046024B9C466144890065
:100B60000160704740000034F8B5124C124DAC42A1
:100B700012D20126002776422368002B0DD0FFF702
:100B8000FBFC01002000FFF7E7FF66602772BFF360
:100B90005F8F0C34AC42EFD3F8BDFFF7EDFC0100E2
:100BA0002000FFF7D9FF6660BFF35F8F0834AC42C7
:100BB000E2D3F1E7080C0020180C002010B5040067
:100BC000FFF7DAFC01002000FFF7C6FF01235B42BC
:100BD000636000232372BFF35F8F10BDF0B5DE4664
:100BE00057464E464546E0B583B0EFF305820323F2
:100BF0001340B54A990052580091904601229A40FC
:100C00009346B24B1A60B24B01935B46B1484363C3
:100C1000434608229B5E9946002B3ADA43469B885E
:100C20001BB2002B00DB9DE043469B79002B00D0DC
:100C3000E1E0434608241C5F002C20DB43465A6950
:100C400063001B19DB00D3189D68DC686B1C00D1A6
:100C500003E1A048009984466144826A0B69AE1A98
:100C60009B1A9E4213D35A46036A1A420FD09948E0
:100C700000F070FC8C4202DCC7D18542C5D940BF70
:100C800003B0F0BCBB46B246A946A046F0BD0D611C
:100C9000EDE7424652695B0092464B44DB009A44C2
:100CA00053469E68DF6800F055FC8F42B6DC00D1E9
:100CB000F8E0002F00DAD9E05246534654691B6928
:100CC000019A934200D1CCE0414652460820085E8A
:100CD0005288000421001043984704000D002300AF
:100CE0002B4300D1C2E0002D00DBDFE030003900F3
:100CF000001BA94153469860D96000229A5E002AE1
:100D000000DA8BE743465D6953009C18E4002C1918
:100D1000A768E4688C4200DD80E702D1874200D9F1
:100D20007CE74646328108360DE08C4200D1C6E0B1
:100D30001E000023F25E002A0ADB53009C18E40028
:100D40002C19A768E4689B18DB00EB188C42ECDDDB
:100D500053461A804B46338043469B881BB2002B78
:100D600000DA61E743461A69EFF3108172B613683F
:100D7000002BFCD0BFF35F8F43469E880123424681
:100D80005B42938036B21369BFF35F8F00221A6013
:100D900081F31088002E00DA46E743465D69083388
:100DA00042469C467700BF19FF00EF19BB686046BA
:100DB00098460823D15E9246FC68002907DA0EE0C7
:100DC000A24246D018000023C15E002906DB4B007A
:100DD0005B18DB00EB18DA68A242F1DD52460680B0
:100DE0000023FE5E3980002EDCDA904643469B7974
:100DF000002B00D11DE7002342469371434646462F
:100E00000821595E08364B1C00D138E74746894611
:100E1000556902E006004B1C18D04B005B18DB0044
:100E2000E8180A008C46E95E43881BB2002BF1DA11
:100E300001235B42DC178360C4604A4503D03180E4
:100E40003B8903803A81E1464B1CE6D1B8464C46CB
:100E5000F2E69A684245B5D9C0E7631C00D0F8E6CF
:100E600005E7200023699847002825D153464246CC
:100E70001B8813811269EFF3108372B61168002981
:100E8000FCD0BFF35F8F4246514652880A804246EB
:100E9000494651801269BFF35F8F0021116083F3CF
:100EA0001088BBE6864200D803E7B7E6094800F0A1
:100EB00051FB001969411DE7656824680FE7874207
:100EC00000D835E744E7C046C01A00203C70054012
:100ED000DD0B001000400540074810B50268EFF335
:100EE000108172B61368002BFCD0BFF35F8F03F044
:100EF00081FA0020002110BD7C1E002070B52E4C10
:100F00002569002D04D00A212C48FFF725FE70BD6D
:100F10002B4E0321300000F0FBFAE660FFF72CFBBC
:100F2000284B03229C46D02322701B061B680121FC
:100F30006370254B6044A3600F2380002061022072
:100F4000638063694942A180198002311986473163
:100F50001D83585218315A5275325C3999521832E1
:100F60000131995218320131995218320131995296
:100F7000083518329D520231183299521832013117
:100F8000995218320131995218320131995218325E
:100F9000013199521832013199520C4B0C49DC60E5
:100FA00001303562FFF72EFB01210320FFF710FB14
:100FB000084B1D60A7E7C046680600207C1E002085
:100FC0000040054040000034FFFF1000C01A002020
:100FD000DD0B0010386005400048704768060020AF
:100FE000F8B5050018200F0001F094F9041E45D053
:100FF0001821380001F0ACF9606100283BD00121D4
:10100000280000F097FAE5600600FFF7B5FAD02255
:101010002670120612681A4B62709C460122BBB2FF
:1010200052426044800063819B1820612281A2802B
:101030006380002F0BD079006269C919C900114B78
:1010400089181380013318329BB28A42F9D10127E3
:10105000B7400D4BB20030000C492F62D450FFF75F
:10106000D1FA01213000FFF7B3FA094B9C466544E1
:101070002F602000F8BD200001F08CF90024F8E773
:1010800040000034FFFF0000C01A0020DD0B0010FC
:1010900038200000124B70B5040098421ED0012386
:1010A0000578C668AB400F4A3362B218136001215D
:1010B0002800FFF78DFA28000B49FFF7B9FB29003C
:1010C000300000F02FFA00212278084B606992006E
:1010D000D15001F05FF9200001F05CF970BDC0460D
:1010E0006806002038300000DD0B0010C01A002018
:1010F000F8B51F0008AB1B7804001600002B08D1C0
:1011000000F030FA32003B00121A8B41002B00DA5B
:1011100053E02269EFF3108072B61368002BFCD005
:10112000BFF35F8F0223E15E63694A005218D20069
:101130009B18002937DB1A8862802269BFF35F8F12
:101140000025156080F31088069A9E60DF601A61A2
:10115000079A5A615A8801325204520C101C002A14
:101160001FD082B25880080410432669EFF310871D
:1011700072B63268002AFCD0BFF35F8FA2881A8053
:10118000A1802369BFF35F8F00221A6087F3108864
:101190000B4923788C4601329A40E36863441A6015
:1011A000F8BD0120DDE72369BFF35F8F00221A60DD
:1011B00080F3108801204042F2E70020F0E7C046AB
:1011C0003C20000070B501000469EFF3108C72B68A
:1011D00020680028FCD0BFF35F8F02200D5E4C69B1
:1011E00068004019C0002418002D37DB2088488093
:1011F0000869BFF35F8F002606608CF31088E360F8
:1012000063880498013320615B0405985B0CA2603D
:1012100060611A1C002B1FD093B22804628018430F
:101220000A69EFF3108C72B61368002BFCD0BFF381
:101230005F8F8B8823808D800B69BFF35F8F0022C7
:101240001A608CF310880B7801329A40CB680849F9
:101250008C4663441A6070BD0122DDE70B69BFF361
:101260005F8F00221A608CF3108801204042F2E761
:101270003C20000010B543890A1493421ADD530044
:101280009B184269DB00D3180469EFF3108C72B627
:101290002268002AFCD0BFF35F8F5A88090494B2F9
:1012A000090C8A4208D00369BFF35F8F00221A60DD
:1012B0008CF31088002010BD8022120214435C8041
:1012C000012302698371BFF35F8F002111608CF3EA
:1012D0001088044902788C469340C2680120624419
:1012E0001360E8E73C20000040787047F0B54746BF
:1012F000CE46040080B50D0096267642F7173619C3
:101300006F4183B08F4215D812D000F02BF9320014
:101310003B00121A8B41002B16DC002B40D0200022
:10132000290000F029F903B0C0BCB946B046F0BDB1
:101330008642EAD90026002700F014F932003B006B
:10134000121A8B41002BE8DD00F00CF932003B0053
:10135000121A8B41002B0ADB00230193124B32003F
:10136000009312483B00FFF72DFF0028D7DBB8465B
:10137000B1460F4F0F4E7B6A984504D8BA6A914523
:10138000CDD99845CBD13268EFF3108172B613688E
:10139000002BFCD0BFF35F8F300002F0F7FFEAE7CD
:1013A000002ABCD0D0E7C046D90E00106806002045
:1013B000004005407C1E002070B5060000F0D2F809
:1013C000FA2204000D00002330000021920000F0FA
:1013D00053FF8023001969411B06994202D3012063
:1013E00002494042FFF782FF70BDC046FFFFFF7F0A
:1013F000F0B5D6464F464646C0B504000D0082B053
:10140000EFF305830F00002B31D13B4B98461B684F
:10141000834227D0394B9946DB689A464B46504663
:101420001E7800F097F80B00514602000436B60013
:1014300071582000891A8C4629000026801A99418B
:101440008E4224DC21D020BF2D4A536ABB422AD3CE
:10145000926A0120A24213D302B0E0BCBA46B14660
:10146000A846F0BD43465B688B42D3D1EBE72449E5
:1014700000204B6AAB42EFD38A6A0130A242EBD222
:101480005B1B5A1E9341D8B2E6E78445DBD900F0D6
:1014900069F822002B00121A8B41002B05DA184A3A
:1014A000536ABB42D4D20020D6E700230193154BE8
:1014B0002200009348462B00FFF784FE011EEEDD5C
:1014C00043461C605D600E4B5A6ABA4211D39B6A58
:1014D000A3420CD34846FFF7CDFE094A0020536AC9
:1014E000BB42B9D3926A0130A242B5D2C8E7BA4230
:1014F000F0D120BFEEE7C04660060020680600205D
:1015000000400540D90E00100048704700400540DB
:1015100010B5024A0248FEF7A3FF10BD549900100F
:101520009811002010B50248FFF70AF810BDC04618
:101530009811002000B5054B83B0009300220323CF
:101540000348FEF7AFFF03B000BDC0467899001016
:10155000981100200300416A0A00986A596A8A4279
:10156000FAD17047034B596A0A00986A596A914246
:10157000FAD1704700400540064A536A9942FCD8A8
:1015800007D1044B02E05A6A914202D19A6A824220
:10159000F9D3704700400540F8B5DE464E46574641
:1015A0004546E0B58B4605000A991800160000F084
:1015B000F1FA0A9B6C001F02324B64199C46A4008E
:1015C0006444636881469F4200D967602B1FDBB289
:1015D0009846012B30D9C02380229B01E3181201C9
:1015E0001A60294BAD0059599A4600291BD1730145
:1015F000E026226853401E40802342465B01E318E8
:101600001E60012A30D9802380229B01E318120139
:101610001A6053464A4667605A51F0BCBB46B24610
:10162000A946A046F8BD586900F0B4FA013043005D
:101630001B18033BFDD2DAE75B46012BCBD1C0235D
:1016400003229B01E3181A60023AA3681A42FCD0F5
:101650007301E0262268AD0053401E4080230A4AF1
:101660005B019246E3181E605A46216851400322EE
:101670000A401A6001225B469A40A3681A42FCD0D5
:10168000C1E7C04600800040A0110020F0B54646EA
:101690004F46D646C0B51F00344B44009C46241824
:1016A000A4006444636888461600FF2B02D8802398
:1016B0005B006360031FDBB29A46012B30D9C02365
:1016C00080229B01E31812011A60294B85005959A9
:1016D000994600291BD17301E026226853401E4021
:1016E000802352465B01E3181E60012A30D9802313
:1016F00080229B01E31812011A6080235B00636063
:101700004B465F51E0BCBA46B146A846F0BD5869A9
:1017100000F040FA013043001B18033BFDD2DAE72A
:101720004346012BCBD1C02303229B01E3181A604F
:10173000023AA3681A42FCD07301E02622688500B1
:1017400053401E4080230A4A5B019146E3181E6005
:1017500042462168514003220A401A600123424652
:101760009340A2681342FCD0C1E7C046008000400D
:10177000A0110020014B8000C0587047A01100202C
:10178000F8B5040021481E0017000D0000F002FA11
:101790000100380000F0FEF9069B36041B031E43CF
:1017A0002368002B20DB1A4B1A49E3185A1E934179
:1017B0008022920194465B421B0B174A1B03634431
:1017C0001360164A13601F000A689743FBD1144B3D
:1017D0002560E2182123A06013602368002BFCDA47
:1017E0000823E6601360F8BD3F2322681340AB4234
:1017F000D9D1A3681B051B0D8342D4D1EE22E36827
:10180000D2021340B342CED1EDE7C046001BB70071
:101810000040FDBF08C0004000E0004000F0004074
:10182000043000008023024A9B000B43D3627047C0
:1018300000800540142310B50100188804331B886C
:10184000984710BD162310B50100188802331B8875
:10185000984710BDF8B54746CE4680B50F1E19D043
:1018600014239946043304000025012698464B466C
:101870001888434621681B88984701C4431E984135
:10188000013540420640AF42F1D13000C0BCB946FC
:10189000B046F8BD0126F8E7142370B50400188897
:1018A00004330D001B8803499847290003002000DA
:1018B0009847C04655420000AA23064A1B01136000
:1018C0008D235B00D3600449044B19605368002BDF
:1018D000FCDA70470040024000B0FA0000600240AD
:1018E0007047C04610B50148FEF78CFD8C9900107A
:1018F00070B5074D074EB54209D20024013E761B54
:10190000B60808CD984723000134B342F9D170BD21
:10191000E098001020990010054B064A06491A600D
:10192000064A074B1A6010000B689843FBD17047BA
:1019300000E00040BFCDFBFE08C00040FE7F3C0041
:1019400000F00040044BDB6C002B03D18022034BE2
:10195000D2021A607047C046000011504C2011504E
:10196000044A054B1A60054A1368DB018033FBD13A
:101970007047C046FFFFFF0100F0004008C0004074
:101980004022034B9A675A671A67DA667047C04667
:1019900000F0014010B5FEF7FBFD10BDF8B527497A
:1019A000274C284D641AA4082200302C00D930227C
:1019B0002800920000F00CFD2F2C3BD830202F2166
:1019C000A700EB195B07204A001BDB0F091B052949
:1019D00016D92600002B01D0EA51661CC01AE31864
:1019E0009B004108EB18C900C9181A605A600833F7
:1019F0008B42FAD1012303421CD098438419A700DB
:101A0000EA51631C2F2C15D09B00EA50A31C2E2CEE
:101A100010D09B00EA50E31C2D2C0BD09B00EA5009
:101A2000231D2C2C06D09B00EA50631D2B2C01D0CB
:101A30009B00EA50054B9D60F8BDC04600010010B8
:101A4000C001001000000020C101001000ED00E006
:101A5000002310B5294C82B0A367FFF72DFF0122A8
:101A6000274B1A60636C012BFCD10322254B1A60B3
:101A7000224A936B012BFCD1013300930121224AAE
:101A800022480433FFF77CFE052301210093204AFE
:101A90002048FFF775FE0022022104201E4BFFF7AD
:101AA000F5FD0022012105201C4BFFF7EFFD002270
:101AB000002107201A4BFFF7E9FD00220021082032
:101AC000174BFFF7E3FD8023DB000093002200218A
:101AD0000920134BFFF760FD0022104B0021062068
:101AE000FFF7D4FD0420FFF745FE0E4900F052F841
:101AF00001000020FFF796FE02B010BD00800040FC
:101B00003CB0004030B00040002F685900800240D7
:101B1000008C864700C00240001BB7004059730785
:101B2000006CDC0240420F0001480421014B1847C1
:101B30008006002055180010014B9B6818470000D4
:101B400080060020124A936F9B0815D29066D166DA
:101B5000002905D0FFE7FFE7FFE7516F106F7047DF
:101B600004B580210906C2175140002800D0C8439F
:101B700007F07EFE002104BDF0B5146E556E576F60
:101B8000166FFFF7E3FF1466556657671667F0BDDB
:101B9000000000D0114A936F9B0813D21066516663
:101BA000002905D0FFE7FFE7FFE7516F106F70478F
:101BB00004B5002801D00020C04307F059FE0021E1
:101BC00004BDC046F0B5146E556E576F166FFFF723
:101BD000E5FF1466556657671667F0BD000000D034
:101BE00094464A4A926F9208624601D228E0C04663
:101BF000F0B5464E346E756E776F366F00F020F894
:101C00009446424A14665566576716676246F0BDA9
:101C100094463E4A926F9208624601D254E0C04612
:101C2000F0B53A4E346E756E776F366F00F04CF843
:101C30009446364A14665566576716676246F0BD85
:101C4000002B24DB11D000293EDA00B5C943404205
:101C500000D1013100F038F8C943404200D10131D0
:101C6000DB43524200D1013300BD002AEBD10028F2
:101C700001D1002905D00020C90FC90701D1C043F7
:101C8000410800B507F00CFE0022002300BD00B59E
:101C900000290ADBDB43524200D1013300F014F883
:101CA000C943404200D1013100BDC943404200D187
:101CB0000131DB43524200D1013300F005F8DB4330
:101CC000524200D1013300BD002923D1002B18D18D
:101CD000002A0CD0BC460D4F38667A6600210023DE
:101CE000FFE7FFE7FFE77A6F386F67467047002826
:101CF00001D00748010000B507F0D2FD0022002303
:101D000000BD02000B00002000217047000000D041
:101D1000FFFFFFFF002B00D0BFE0130C28D1002AEB
:101D2000E7D080B4114F39667A66FFE7FFE730B439
:101D3000040C7B6F396F1B0423433B667A66FFE715
:101D4000FFE7FFE7C04684B27B6F3D6F1B04234370
:101D50003B667A66FFE7FFE7C04600232C042D0CA4
:101D60007A6F386F00196941B0BC7047000000D02D
:101D7000F0B594460025140E01D112020835140F57
:101D800001D112010435940F01D192000235D40F14
:101D900001D152000135D40B0134254F7C66254C0E
:101DA0003C660E0C93B2FFE7FFE7FFE73C6F66432C
:101DB000360C7703BE467343DF0B5B04C01AB94190
:101DC000130C7343DB18C91ACE086643360CB644AD
:101DD00093B273431F0F1B01C01AB941130C734315
:101DE0001F0B1B05C01AB941860D8F023E43664387
:101DF000360C092D24DB520A7243801A7703460AF7
:101E00006643360C16235B1BDE40DF40BF19644679
:101E10006643821B7046043506330100D940A84052
:101E2000C01900D30131A24206D20023F0BD000048
:101E3000000000D0FFFFFFFF121B0130F3D3F1E7DA
:101E400009277F1BFE406446A2B27243801A00D26B
:101E50000139220C7243130C1204821A99410B00AF
:101E60007046043513370100F940A840801900D3AB
:101E70000131002B02D1A2420AD2F0BD013000D3C1
:101E80000131121BFAD2013BF8D1A24200D2F0BDBF
:101E9000013000D30131121BF7E7F0B51C0C00D064
:101EA00080E00CB400251C0A04D11B02160E33433B
:101EB000120208351C0B04D11B01160F334312010B
:101EC00004359C0B04D19B00960F334392000235DE
:101ED000DC0B02D192185B4101351C00971864415C
:101EE0000134464F7C66464C3C660E0CFFE7FFE72C
:101EF000FFE7C0463C6F6643360C7703BE4697B299
:101F00007743C01B00D20139C01B00D201399FB2F8
:101F10007743C91BC91B170C77437E04FF0B801B3B
:101F2000B941CE086643360C0C2D33DBB644120B98
:101F30001F053A431B0B97B27743C01B00D20139F0
:101F40009FB27743C91B170C77433E043F0C801B9D
:101F5000B941860D8F023E43664329277F1BFE4011
:101F60000C3D7746AF40BF1930BCA2B2ABB2724352
:101F70007343801A9941220C7243130C1204801A85
:101F8000994102000B000137001BA941F9D2781ECC
:101F90000021F0BD0C277F1BFE4077467F0BAF4032
:101FA000FF19E0E700245D1C07D0144F7D663966F9
:101FB000FFE7FFE7FFE7FFE73C6F95B29EB265439F
:101FC0006643401BB141150C1E0C65436643360445
:101FD0002F0C3E432D04401BB141994204D2020014
:101FE0000B0020000021F0BD01D19042F7D3801AF0
:101FF000994101349942F2D3F6E70000000000D085
:10200000FFFFFFFF48404140484018B4134B5B6856
:10201000019308BD18B4114B1B68019308BD944689
:102020000F4A926F920805D2624618B40B4BDB68D8
:10203000019308BD0A4AF0B5146E556E576F166FBE
:102040006246FFF7F2FF064A146655665767166741
:10205000F0BD18B4014B9B68019308BDE80D00204A
:10206000000000D0FFB550404240504059404B4026
:10207000594000E0FFB5154F4C00640D03D0BC4241
:1020800004D10C0314D80020090D09055C00640D6F
:1020900003D0BC4204D11C030AD800221B0D1B052F
:1020A00001264B4009D44B4003D58B4200D18242DC
:1020B000FFBD9942FCD19042FFBD0B43DB180343A7
:1020C0001343F5D0C9434918FFBD0000FF070000C6
:1020D00000B5FFF7CFFF804100BDC04600B5FFF758
:1020E000C1FF01D9002000BD012000BD00B5FFF7F0
:1020F000B9FF804100BD012040054A00121804D8F4
:102100005A00121801D800207047012070470000C3
:102110000021002805D17047C1174840401AFAD065
:10212000C90713B5064B1B6898470CBC441CA2405A
:102130001005120B0349091B09051943114310BD72
:10214000781D00201F04000010B54C00620D802394
:10215000D218DB00D21A5B057E2A10DD9E3A13DA14
:10216000CC170903490819435242D1406400013495
:102170001532202A05DAD0400843604310BD002004
:1021800010BD0846604310BDC80FC018013810BD0F
:1021900018B4024B5B6A019308BD0000E80D0020F3
:1021A00010B50148FEF72EF998990010132370B569
:1021B0001D78012D19D014DD1D48FFF743FB0600E3
:1021C0001C48FFF73FFB1C4C80223100200000F030
:1021D000FFF8022D06D01948FFF72CFB184B1860AA
:1021E00070BD154C174BA364F5E7174B124C2360D9
:1021F0006360A360E36023616361A361E3612362C1
:102200006362A362E36223636363A363E3632364A0
:102210006364A364E36423656365A365E365236680
:102220006366A366E36623676367A367E367D9E72B
:102230005344000053460000E80D00204C330000DA
:10224000781D00204D220010A121001007B5604626
:1022500001880A0A0230DF2AFAD1C9B2820804D3FF
:10226000028840880004104300E00068014A505092
:10227000039007BDE80D002051434343C9188C4625
:10228000110C83B24B4310B4040C614392B280B280
:10229000504362431C041B0C001910BC5941130429
:1022A000120CC018514161447047000010B501483C
:1022B000FEF7A8F8AC9A0010132310B510481C784C
:1022C000FFF7C0FA0100012C0AD003DD80220D487F
:1022D00000F07EF80C48FFF7ADFA0C4B186010BD0B
:1022E000084C5422200000F073F822000849803284
:1022F0002368002B00D1216004349442F8D1E9E72F
:10230000534600007C1D00204C330000781D002047
:10231000AD22001070B504000A4E300007F078FAC4
:10232000200007F009FA0500300007F0A9FA002D97
:1023300005D0054B2C199C4201D8280070BD0348DC
:10234000FEF760F8080C002000000420B09900108F
:10235000F8B506000C000C4F380007F059FA2100C0
:10236000300006F06BFD0500380007F089FA744371
:10237000002D05D0054B2C199C4201D82800F8BD32
:102380000348FEF73FF8C046080C00200000042078
:10239000B099001070B50400054D280007F038FA18
:1023A000200007F0D3F9280007F06AFA70BDC04694
:1023B000080C002001480421014B1847900600201A
:1023C00055180010014B1B681847000090060020AC
:1023D000014B5B6818470000900600207047C0461C
:1023E000F8B55746DE464E464546E0B599460A9B47
:1023F00007009A460D9B884693460B9C9B073BD152
:102400000C9B9C423DD21E1B0B9415000C005E449D
:102410002A004B46013521002020B847B542F7D1AC
:10242000A0460B9C002C20D0454636195346321B43
:10243000013C185D29004B46B847002CF6D12B0013
:10244000350098460D9B9B070FD55B46EC1A0C9BFD
:10245000A3420AD9464698462A004B46310020201E
:102460000134B84701354445F6D32800F0BCBB46DB
:10247000B246A946A046F8BD16001500002CD3D1DF
:10248000E0E71600002CCFD11500EEE7F0B54F467F
:102490004646D646C0B584B098460EAB1B789446E7
:1024A0009946129B0D9C109F119E9A0725D4002ED1
:1024B00065D1BC4221D201221A409246202C00D183
:1024C000E9E00C9A551E302202E0202C00D17BE07E
:1024D00001342A55A742F8D85246002A0DD0B442FA
:1024E0000BD20C9A551E3022202C02D171E0202CE8
:1024F0002DD001342A55B442F9D1DA063CD55A051B
:102500002ED4002C28D10F9A102A00D1B6E0022A2E
:1025100000D1BCE030220C9C227001244A46002AE3
:1025200065D15A0700D499E02B220C9D2A5501341D
:1025300003930C9B62460093029643460194FFF777
:102540004FFF04B0E0BCBA46B146A846F0BD202417
:10255000DA06EDD55A0503D4A74266D0B44264D05A
:102560000F9A102A71D0022A57D0202CE0D02200D6
:10257000013430250C9FBD54202CD9D0CEE7012248
:1025800015001D40AA461A4236D04A46002A4AD1B2
:102590000C321A4247D1BC42A1D2202C91D1202E1C
:1025A00017D82024DA06C3D55A051BD4202F01D012
:1025B000202ED5D11F220F9D102D6FD0022DD8D1E6
:1025C00062250C9FBD54D0E75246002A79D0202EB8
:1025D000BDD92024DA06ABD55A0503D4202FE9D083
:1025E000202EE7D00F9A102AA2D12024A0E72D2276
:1025F0000C9D2A5501349BE7BC4200D37DE7202C7B
:1026000000D05EE7DA06F0D55A05EED4202F62D06E
:10261000202EEAD134001F22CDE7202C00D187E7FD
:1026200022000134CCE7013EB5E7621E012CC2D185
:102630000F9A102A00D06AE79A063BD558220C9CC4
:102640002270283A6270022468E79A060ED4202C81
:10265000CBD078220C9D2A55013486E71A0700D486
:1026600066E720220C9D2A55013461E7202CBCD05E
:1026700058250C9A12191570013476E79A0608D578
:1026800058220C9C227030226270022446E760328D
:10269000F7E77822F5E7002A83D1B3E7A21E013CD1
:1026A0009D0603D478250C9FBD5460E758250C9FE8
:1026B000BD545CE778220C9C2270483A6270022478
:1026C0002CE7DA0600D433E75A058BD4202F00D04C
:1026D00044E71F226FE73C001F226CE710B500287B
:1026E00000D110BD01F062FBFBE7C0460B0010B546
:1026F000002802D049681B68984710BDF0B55746BE
:102700004E464546DE46E0B599B08246894690463B
:102710000893229A239B10001900FFF7ECFC002875
:1027200000D0CDE0229823990122D94B5242FFF7E5
:10273000DDFC002800D0C3E0229823990122D54B6C
:102740005242FFF7C5FC002800D0B9E02298239937
:1027500000220023FFF7BCFC002800D0F1E1229EFC
:10276000239F8023269ADB001A400D92269A1A4254
:1027700001D1062324938023269A1B011A403B0093
:1027800093460996334300D0B3E0002A00D0C2E15B
:10279000002300240A930B94002304250993259B0E
:1027A0000024AB4200D95C1B0223269A1A400C92EB
:1027B000269A134203D06B426B415B421C40099B3B
:1027C000002B07D00A9A0B9B30003900FFF727FC3B
:1027D00006000F002298239900220023FFF778FCBF
:1027E000002803D0802109067B181F00269AAA4BD7
:1027F000009601971340089E0493249B0394029330
:10280000424633004946504600F0AAF90400002D24
:1028100067D02020269A4946024013005A4253416D
:102820005B42621C18400A92330022004530D047B8
:10283000099A6F1ED317D4185C40D30F9B4600250E
:1028400001E0202D13D008AA94461F2320006344E2
:102850000A2101355E19FFF79DF9303131702000F2
:102860000A21FFF797F926000400092EE9D805236D
:102870000693002304930A3303935B46089E029356
:1028800010AB0A9A009349463300504605970195CC
:10289000FFF7FCFD0C9A0400002A22D04246851A5C
:1028A000259AAA421DD9B046574616002200434633
:1028B000494620200135B8470134AE42F6D810E031
:1028C000269B42460493259B49460393249B5046EE
:1028D0000293229B239C00930194089B00F040F9F3
:1028E0000400200019B0F0BCBB46B246A946A04681
:1028F000F0BD6A4B78009C46400D6044FFF70CFC2D
:10290000674A684BFFF7A5FB674A684BFFF782FBF6
:10291000674A3B031B0B1A4304000D000998110082
:10292000644B0022FFF771FB634A644BFFF791FB96
:1029300002000B0020002900FFF76CFBFFF704FCEE
:102940000990FFF7E9FB5E4A5E4B04000D00FFF7BC
:1029500080FB00225C4BFFF75DFBFFF7F5FB5B4A5A
:102960005B4B29000C902000FFF773FB04000C98D0
:102970000D00FFF7D1FB574A574BFFF76AFB0200E8
:102980000B0020002900FFF740FB04000D000200AF
:102990000B000A940B95FFF75CFB04000D000A98EE
:1029A0000B9902000B00FFF735FB00220E900F91F0
:1029B0004A4B20002900FFF732FB0022484BFFF76B
:1029C00029FB02000B0020002900FFF728FB002252
:1029D000444BFFF71FFB02000B0020002900FFF70C
:1029E0001EFB0A9A0B9B0D0080210400C9050020E4
:1029F000FFF70BFB02000B0020002900FFF70AFB8A
:102A000002000B000E980F99FFF709FB0022284BDC
:102A1000FFF700FB344B0C9C9C46644423050022CA
:102A2000FFF717FB04000D0002000B003000390017
:102A30000A940B95FFF74CFB00285DD123002A0078
:102A4000C625099963318D42AD4159466D42043521
:102A5000002900D1A3E6134363D030003900234A94
:102A6000234BFFF73BFB002807D000223000390042
:102A7000204BFFF72DFB002853D1249B002B00D1C6
:102A80008DE60D9B5A1E9341249AD31A249386E611
:102A9000FFFFEF7FFFFFEFFFFFF7FFFF01FCFFFFEF
:102AA000FB799F501344D33FB3C8608B288AC63F3D
:102AB0000000F03F0000F83F61436F63A787D23FFB
:102AC00071A379094F930A400000E03F1655B5BB4A
:102AD000B16B0240EF39FAFE422EE63F00002C4077
:102AE0000000244000001840FF0300002D431CEBB1
:102AF000E2361A3F80842E41099B0022013B099354
:102B00002000164B2900FFF78AFA0A000100030093
:102B10000A910B9294E7002300240A930B9400235C
:102B20000993249A099B9A4214DDD31A013B2493FA
:102B30008023269ADB001A4300230025269209935E
:102B40002DE6802212069446229B1E00239B63449E
:102B50001F0006E600232493EAE7C0460000244055
:102B6000F0B54546DE464E465746E0B595B08B4635
:102B7000904699461E9A1F9B0A9019001000209DAE
:102B8000FFF7B9FA002800D0B0E11E981F99012282
:102B9000C74B5242FFF79CFA002800D037E11E983D
:102BA0001F990122C34B5242FFF7A0FA002800D020
:102BB000A7E01E981F990022BF4BFFF797FA002845
:102BC00000D088E01E981F990022BC4BFFF780FAC6
:102BD000002800D07FE01E981F9900220023FFF7F5
:102BE00077FA002800D0FAE000230B938023229C80
:102BF000229ADB001C401A4200D102E1092D00D8C4
:102C00007CE106A98C462C00172200233021093CC8
:102C100062440133D154EF1A202B00D132E1A34298
:102C2000F7D10022A44B069207931E981F99FFF735
:102C30008BFA0500FFF770FA02000B001E981F992F
:102C4000FFF7E3F9069A079BFFF703FA089009914B
:102C5000FFF79EFA0600FFF75BFA02000B000898E8
:102C60000999FFF7D2F90022954B08900991FFF7D7
:102C70003DFA002800D1D2E001363000FFF748FAD3
:102C8000069A079BFFF72AFA002801D00026013593
:102C9000AA46002F00D098E02800FFF73DFA020076
:102CA0000B001E981F99FFF7B0F9854B0022060014
:102CB0000F00FFF70DFA0CAB9A46002845D1002211
:102CC000300039007E4BFFF711FA00283DD1EB07A9
:102CD0003BD5013539E0229B42460493219B59465E
:102CE00003930A981E9B1F9C0295009301944B46E8
:102CF000FFF704FD15B0F0BCBB46B246A946A0469E
:102D0000F0BD229B5B0767D403226E4B2299019290
:102D1000039121990291009342464B4659460A98E5
:102D2000FFF75EFBE6E706AA9446172328006344F4
:102D30000A2101341E19FEF705FF303128003170D9
:102D40000A21FEF7FFFE051E76D0202CEBD10323CF
:102D5000229A1340012B1DD1219B002B1AD00B9BD3
:102D6000002B00D0BBE0229A0C33134200D0B6E017
:102D7000219BA34200D887E006AB9C461722302354
:102D8000624404E02199013413558C4259D0202C1F
:102D9000F8D12024229B01940393219B0293534654
:102DA000B9E706AA944617230A2163443000013488
:102DB0001D19FEF7EFFE3031297030000A21013F66
:102DC000FEF7E8FE092E46D90600202CE9D155462B
:102DD0000CAB20249A46B8E704223B4B96E71E9A98
:102DE0001F9B00200021FFF710F901230B93802384
:102DF000229C229ADB001E901F911C401A4200D098
:102E0000FCE60022314B0627069207930DE7229B32
:102E10000393219B0293042301932D4B7BE7002214
:102E200008980999264BFFF753F9002800D02FE79F
:102E3000002E4FD101362BE70323229A1340012B9A
:102E400066D0202CA6D00B9B002B1FD02D235246E2
:102E5000135501349EE75546202CB9D030233A193A
:102E6000002F08D0172006A9013409180B55202C73
:102E7000AED09442F6D10CAB9A462E23524613554F
:102E8000013462E72024CCE6202C83D0229B5B0710
:102E900008D4229B1B0700D47CE7202352461355FD
:102EA000013477E72B2352461355013472E7C046AD
:102EB000FFFFEFFFFFFFEF7F65CDCD4165CDCDC1BA
:102EC0000000E03F089A0010009A001080842E4114
:102ED000109A0010F30700D4DAE60136D8E6219BF9
:102EE000013B2193A34200D946E7AAE7229B039323
:102EF000219B029303230193074B0CE7074BEA0046
:102F00009B185C681B682F000693079400248CE6CE
:102F1000219B002B95D022E70C9A0010E09F001017
:102F2000F0B55746DE464E464546E0B5A5B01F0013
:102F30002E9B91460D93CA4ACA4B82468B461A6015
:102F4000002900D129E2002338789846002800D1D2
:102F50002BE2C54B44460C93C44B55464E460E934C
:102F60000AE0631C9846220033005946A8474446AD
:102F70003878002800D187E001372528F1D10823CF
:102F80009A46043B9946023B9846013B00229C46E8
:102F90000B943878791C0300203BDBB2102B03D84C
:102FA0000C9C9B00E3589F460300303B0B9C0B920C
:102FB000092B3AD9002398462A2800D1DDE00023C6
:102FC0009A462E284BD00300683BDBB2122B1ED84A
:102FD0000E9A9B00D3589F4663460F001A43D8E7CA
:102FE00043460F001A43D4E74B460F001A43D0E77D
:102FF00010230F001A43CCE753460F001A43C8E7CB
:1030000080235B000B9A78781A430B9201310F00F2
:1030100067284FD82428A4D90300253BDBB2422BD4
:103020009FD893499B00CB589F46002398460B9B03
:1030300047469C4600E00131BB00DB195B001F18CE
:103040000878303F0300303B092BF4D963460B93DB
:103050000023B8469A460F0001312E28B3D18020B4
:103060000B9AC00002430B92302252429446787869
:103070000B0084446246092A00D8AAE12A2800D11C
:10308000B9E10F0001319EE7A046AA46B146C84506
:1030900003D301235B424B4498464B464246594674
:1030A0000020D047200025B0F0BCBB46B246A94660
:1030B000A046F0BD01006939C9B20F2900D950E717
:1030C00001238B409C466B4B994663464A4613400E
:1030D0000F9362464B461A4200D068E10A2956D047
:1030E000072900D03DE70D9B02CB9846002900D070
:1030F00092E10B9B10211A008A4310001131084302
:10310000814680201A00C0000240110003421CD1F9
:1031100014AB9C461F220F2362440D959C4615005C
:103120000F9B0B9402E0202B0CD0110064460C4046
:1031300020003730092C00D807380133E8540A0939
:103140000F29F0D80B9C0D9D0F934B460822069338
:103150005346059208320392002204930F9B029279
:1031600001931CAB22000093594633002800FFF75F
:103170008DF9434604000D93FAE60D9B04CB90466F
:10318000002A79DB78780D930F00013117E70D9B4A
:1031900002CB14930B789C4618005346002B00D1A9
:1031A00034E1002815D05346013B013399460D9474
:1031B0000B9C89444A460B00A14601E0934203D090
:1031C0005C780133002CF9D14A465B1A0D9C0B92B6
:1031D0000F938023DB0099460B9A13400D934B46C7
:1031E0001A4204D00F9B534501D953460F93022333
:1031F00099460B9A13400B934B46134200D1F5E1CD
:103200006346002B00D1D6E10D9B002B00D182E15B
:103210000B1BD14631009A463B00A1442E005F466D
:103220004D4622009B46894609E04B463900541C16
:10323000B0475346185D002800D192E12200954224
:10324000F3D14B465A46A946BB46350017001E002F
:103250004C460B9B002B00D0ADE1149B0D9387E6F1
:10326000212F0010BC1A0020409E0010849E0010E8
:10327000D09E0010419000000B9A283802430B9218
:1032800042465242787890460F000D93013196E6FF
:1032900078786C2800D15DE180230B9A5B001A439B
:1032A0000B920131B3E680239B00ABE67878682867
:1032B00000D148E180230B9A01311A430B92A6E614
:1032C000672800D1B2E0472800D11AE1452800D193
:1032D0001CE10B9A0721049242460D9B039207338F
:1032E00052468B43190002920CC9280000920193A8
:1032F0000D91220033005946FFF700FA040037E62B
:10330000462800D18DE00B9A0721049242460D9B7E
:103310000392073352468B43190002920CC92800CE
:10332000009201930D91220033005946FFF718FCDB
:1033300004001DE6631C98462200330059462520F0
:10334000A847444614E60D9B04330F93631C99462B
:103350000B9B9A0700D40AE10D9B2200187859466E
:103360003300A84743464444012B00D86FE1B046E0
:103370002E0025004C46B9465F46220043460134E4
:1033800039002020B047AC42F7D12C00BB463500B5
:103390004F4646460F9B0D93EAE5D64B38789A4642
:1033A00000239846002800D0D3E500246FE66F285C
:1033B00042D000D8FDE11023782800D19BE00B9A81
:1033C0009A430B920A239C46002314930A330F93CB
:1033D00038E057460B9AB900C919490001330F1854
:1033E0001878303F010030390929F4D9BA460B92D8
:1033F0001F00591CE7E50D9BB87804CB0237D14379
:10340000C9170A4092460D93791CDCE5002800D1CB
:10341000DFE602235B42C8E621200B9A0243914675
:1034200076E620230B9A1A430B926CE780230B9AC3
:103430001B011A430B924CE708239C46002314936C
:1034400008330F930B9880230200DB001A40110011
:103450000200184200D080E00C239A431000802321
:1034600002009B001A400B92184200D0F1E080232A
:1034700002005B001A4091460D9A043214921842E1
:1034800000D0C3E2430600D5D7E0030600D421E311
:103490000D9B1B880993002B00D02DE1103398431E
:1034A000002900D128E1002399464346059353465D
:1034B00004930F9B06900393002302934B460193C2
:1034C0001CAB22000093594633002800FEF7DEFFB4
:1034D0000400C2E6582809D0622800D0E3E20223A3
:1034E0009C460023149302330F93ABE720230B9ADF
:1034F0001A430B92103B9C460023149310330F93F6
:10350000A0E780230B9A1B011A430B9220230B9AEE
:103510001A430B92DDE60B1B9A460F9B99463B0024
:1035200037005E469B4622003B003100A8475346C9
:103530000134185D0028F6D14B460F935B46B34625
:103540003E001F0085E6C0230B9AB8781A430B9201
:10355000F91C5CE5C0239B00F6E70D239A4310009D
:103560007DE75B463500BB464E461F0071E643468D
:10357000012B66D9631E434432002E001D003B0020
:10358000A2465F4691469B4622004B4601343900D5
:103590002020B047AC42F7D15B463500BB464E46D3
:1035A000A14654461F000D9B4A46187859463300E1
:1035B0004444A847EEE60F9BA146984500D84CE648
:1035C0004444E41AB0462E0025004C46B9465F46F6
:1035D00022004346013439002020B047AC42F7D1E5
:1035E0002C00BB4635004F46464636E60F988045D0
:1035F00000D873E24346E218131A32002E001D0071
:103600003B0091465F469B460F9122004B4601349A
:1036100039002020B047AC42F7D15B46BB461F00C3
:1036200043460F9901330F930B7835009C464E4665
:103630006046002800D0E7E50FE60D9B1B78099354
:1036400029E70D9B2200187859463300A8474C46BD
:10365000A0E60D9AFA3BFF3B07329A4301339946A5
:1036600091444B460D931368526815921A4306D144
:103670001032904300220992002900D083E0612299
:10368000810600D54122D2B20A9214AA91460A9A22
:1036900000210A3A0B9242461792524618925A4615
:1036A000B24609911E001F31149B4944BB46169433
:1036B0001A950024674698468946159D19901B92D5
:1036C0000AE03032D2B24B4601341A55A8454CD0EC
:1036D000202C4CD006000D003A00002330002900B9
:1036E000FEF796FAD2B2092AEBD90B9B9C466244AC
:1036F000D2B2E8E7DD2300106123820600D5412322
:10370000DBB20A3B0B93434614A91F228C46159348
:1037100053466244B2460D9417974C468046A946DC
:103720001700099D0F9E169308E03033DBB2013479
:103730003B55B5420ED3202C0CD00500310028009B
:10374000FEF728FACBB20929EFD90B9A94466344C5
:10375000DBB2ECE7159B40469846169B4D46564615
:10376000A1469A460D9C179F9FE6B742B0D9179B7A
:1037700056469846189B5F469A461B9B09949B4663
:10378000169C19981A9D43460593534604930F9B24
:103790000690039300230293099B01931CAB220024
:1037A0000093594633002800FEF770FE0400FFF72F
:1037B000DFFB10230B9A9A430F92692800D091E106
:1037C0000B9980230A00DB001A4010000A001942FE
:1037D00003D0112118008A430F920F9A8023110001
:1037E0009B0019408C461A425BD1802311005B007C
:1037F000194089460D9904310B911A4200D0B2E06C
:1038000013005B0600D4EDE00D9B1B781A00D90F66
:103810000D91002B00D1A3E0100014AA944642465B
:103820001F23159252466344A846BA464D46149447
:10383000B14604001F00169201E0202D0FD0200099
:103840000A21FEF7A7F901357E19303131702000C9
:103850000A21FEF79FF926000400092EEDD8159BDA
:103860004E46A94645469846169B57469A46149C8E
:103870000F9B069343460593534604930A230393F1
:103880000D9B02934B4601931CAB220000935946BB
:1038900033002800FEF7FAFD0B9B04000D93FFF7A1
:1038A00067FB07220D9B07339343013294469C44E8
:1038B00062460D920CCBD90F0B911100194300D128
:1038C0009BE0D917139112915140109113995940CF
:1038D000119110981199129A139B801A9941109086
:1038E000119114AA944642460023159252469946D5
:1038F000169232001F336344A8464E46BA461494CB
:103900001F00109C119D914601E0202E10D0200038
:1039100029000A220023FEF77BF9013630322B0002
:10392000BA550D0022000400002BEED1092AECD874
:10393000159B10941195454698464B46169AB146EC
:1039400057461E009246149C0F9B069343460593D0
:10395000534604930A2303930B9B02934B461CE7A5
:10396000002885D159E70D9B1B68DA0F1100002B49
:1039700000D1A6E0DA179818504014AA91461F23E8
:1039800042464B44A8460D94169704006546B1463E
:103990001F001491159201E0202D0FD020000A2164
:1039A000FEF7F8F801357E193031317020000A2118
:1039B000FEF7F0F826000400092EEDD8159BAC4662
:1039C00045469846149B4E4619000D9C169F0F9B2A
:1039D0000291069343460593534604930A230393A7
:1039E000634650E713001B066ED50D9B00229B5EBD
:1039F000D9175A184A4092B209E70023994600287D
:103A0000A2D100220023109211936AE70D9B1B683C
:103A10009946002B03D110339843002938D16123F4
:103A2000820600D54123DBB20A3B0D934346169331
:103A3000534614A91F228C4617932B0062444D460F
:103A4000B246159418978046170099460B9C0F9E16
:103A500008E03033DBB201343B55B5420ED3202CA5
:103A60000CD0050031002800FEF794F8CBB20929EC
:103A7000EFD90D9A94466344DBB2ECE7169B4046BF
:103A80009846179B56464D469A460B94189F159C90
:103A900043460593534604930F9B069003930023DC
:103AA00002930B9B0BE50B9980230A00DB001A4065
:103AB00010000A00194200D08BE610239A430F929F
:103AC0008BE6002883D158E70D9B1B68D9175A183D
:103AD0004A409CE60D9B1B680993DCE4030001331C
:103AE0000F93A5E50B926DE400B585B0039101211C
:103AF00002900093034813004A4202A9FFF710FA0C
:103B000005B000BDED26001010B5094A0300146889
:103B100084B0002C08D0012200910648524203A92B
:103B2000A047012004B010BD00F08CF90020F9E797
:103B3000BC1A0020DD2600100021002010B5FDF782
:103B4000ABFEC0467047C046094A03001068002813
:103B500005D00849C3188B4207D813607047064840
:103B60000449C31810608B42F7D901204042F5E7A1
:103B7000B81A002000000420F81E022010B5FFF73C
:103B8000DBFFC04670B5FDF7B3FE074D074EB542EB
:103B900009D20024013E761BB60808CD98472300C1
:103BA0000134B342F9D170BD20990010289900105A
:103BB000030010B5080011001B68984710BDC046EF
:103BC000F0B5C64600B5437D07000D001600002B7A
:103BD00038D0002A2EDD00216A1E90466A5C037DE3
:103BE0004C1C00200A2A0CD0A64216D043461B5D6E
:103BF00021000D3B5A4253416A5CDBB24C1C0A2A3D
:103C0000F2D1002BF0D1884217DB022110483B682B
:103C10009847A64207D02000E8E7864203DD311A24
:103C20003B6828189847AD19013D2B780D3B5A4247
:103C300053413B7580BCB846F0BD091A3B68281853
:103C40009847E2E70368110028009847F2E7C0466A
:103C500030A00010F8B50B680D005A1CCB180A6094
:103C60001871802A00D0F8BD0E4B1C68002C15D0AE
:103C70000D4E0F1D02E02469002C0FD02368002B8D
:103C8000F9D03368002B01D0A342F4D120003900D1
:103C90002A68FFF795FF2469002CEFD100232B60E1
:103CA000E1E7C046B01A0020B41A0020F0B5DE46A5
:103CB00057464E464546E0B585B017001C00060045
:103CC0000D00FDF74FFC0023314A12184B418021B3
:103CD00009068B4202D301222E4B52422E49080084
:103CE0008A4605F0EDFD01906B1C03D1300005F014
:103CF00049FD0500002C26D0284B9846284B1C680F
:103D0000002C15D0002F21D1264F02E02469002C71
:103D10000ED02368002BF9D03B68002B01D09C42C9
:103D2000F4D120002A003100C0472469002CF0D1D2
:103D3000019B002B28D1280005B0F0BCBB46B24641
:103D4000A946A046F0BD184B9846D7E7154B9946B3
:103D500002ABDF1D0A239B4602E02469002CE7D05A
:103D60002368002BF9D04B461B68002B01D0A342DF
:103D7000F3D12A0031002000C0475B460122390000
:103D800020003B70C047E8E7504605F079FDD2E7D8
:103D900040420F00FFFFFF7F100C0020C13B0010CE
:103DA000B01A0020B41A0020B13B0010F0B5CE4686
:103DB000474680B583B06B460600DD1D2870FDF7D1
:103DC000D1FB00231A4A12184B41802109068B426D
:103DD00002D30122174B524217490800884605F0CA
:103DE0006FFD164B81461C68002C14D0144F02E066
:103DF0002469002C0FD02368002BF9D03B68002BDE
:103E000001D09C42F4D1200001222900FFF7D8FE06
:103E10002469002CEFD14B46002B05D1300003B0B4
:103E2000C0BCB946B046F0BD404605F029FDF5E7F7
:103E300040420F00FFFFFF7F100C0020B01A00204F
:103E4000B41A002070B5040005F09CFC01230100A9
:103E5000050001222000FFF729FF084B1C68002CF9
:103E600006D06368002B05D098472469002CF8D150
:103E7000280070BD2469002CF3D1F9E7B01A0020A6
:103E8000F0B5CE46474680B5A3B004000D00FDF75F
:103E900069FB0023294A12184B41802109068B42F5
:103EA00002D30122264B5242264F380005F008FD6E
:103EB00000230600019322002B00234801A9FFF7ED
:103EC00013FE019B8046002B14D1204B1C68002C54
:103ED00006D06368002B0BD098472469002CF8D1DA
:103EE000002E25D1404623B0C0BCB946B046F0BD37
:103EF0002469ECE7154B1D689946002D1CD0144C25
:103F000002E02D69002D0FD02B68002BF9D023681B
:103F1000002B01D0AB42F4D12800019A02A9FFF78F
:103F20004FFE2D69002DEFD14B4601951C68CEE761
:103F3000380005F0A5FCD5E70195D1E740420F0018
:103F4000FFFFFF7F100C0020553C0010B01A00202E
:103F5000B41A00200FB400B583B004A901C90191BF
:103F6000FFF78EFF03B008BC04B0184710B5024835
:103F700000F00CF810BDC046701D002010B50822DE
:103F80000149FEF725FA10BD701D002010B588B05C
:103F900004000D2200216846FEF714FA0D220021CC
:103FA00004A8FEF70FFA6A464B236846137004A96B
:103FB00000230D2205F03CFC152108222000694455
:103FC000FEF706FA08B010BD0022014B5A60704798
:103FD0005C10002083680830002B04D107E0180033
:103FE0001B68002B03D09942F9D1002003E0002385
:103FF000016001200B6070478368002B08D08B4262
:1040000002D107E0994206D018001B68002BF9D1B5
:104010000020704708300B6803600120F9E7C046B4
:1040200043680430002B04D107E018001B68002B04
:1040300003D09942F9D1002003E000230160012060
:104040000B6070474368002B08D08B4202D107E019
:10405000994206D018001B68002BF9D10020704748
:1040600004300B6803600120F9E7C046F0B55746FD
:10407000DE464646C0B53E4B82B05C681B68009386
:10408000019483688246002B2CD0082353449B461E
:10409000FDF768FA53469B6804000D005F46002B4D
:1040A00020D000221E0094469846B268F368200093
:1040B0002900801A9941002902DB14001D00BC462A
:1040C00037003668002EF0D162464346002A48D0B9
:1040D000116850460B6813604B68984753469B68BD
:1040E000002BD5D153465C68002C29D000255646BC
:1040F000237A002B31D02100636825723000984765
:104100002468002CF4D1B168B246002918D0009C74
:10411000019D0E0003E004000D00002E0ED03300C0
:1041200022009868D9682B00121A8B413668002B40
:10413000F1DCF2D1002AEED1002EF0D100940195ED
:10414000009B019C5246180021001361546102B08B
:10415000E0BCBB46B246A846F0BD2468002CC7D1DF
:10416000D1E7190053465C68002CBFD1CFE7C046A9
:10417000D89D0010F0B5C646804600B5FDF7F2F9AF
:1041800043469B6806000F00002B03D10EE01B681E
:10419000002B0BD09C68DD6831003A00091BAA4156
:1041A000002AF4DB012080BCB846F0BD43465B68C2
:1041B000002B03D106E01B68002BF4D0187A0028EE
:1041C000F9D0F0E70020EEE7F0B5C646431E00B593
:1041D0000A3314D8072304001A000834224023426B
:1041E0006CD01300093BA34209D31030841A00F0AD
:1041F000DBFC374A27001568002D28D10EE000F0BF
:10420000D3FC334A1368002B06D0002500F0D4FC01
:10421000280080BCB846F0BD0027002407202D4DA3
:104220002B002900284245D100202B4E70603160C0
:104230002A4EB44607266544B5431560284AEB1A52
:104240001360284A6860286013604B600D60002F7F
:10425000DBDD244F3E68A642D7D31F48036804E045
:104260001A68002A04D0180013005968A142F7D335
:10427000AB42CAD01D001A680835904602600A1B7E
:10428000102A05D919194A6042460A6001602100C6
:10429000134A761A10683E60864200D21660802269
:1042A00012060A435A6000221A600F4A136801334B
:1042B0001360ABE7EB1D83431900B5E700F074FC16
:1042C000034A27001568002DA8D0002CC1DA9CE70E
:1042D000DC1A0020801E0020C81E0220F8FF01000A
:1042E000A01E02209C1E0220AC1E02208022044B35
:1042F00052051A60BFF34F8FBFF36F8F7047C046F0
:1043000004ED00E072B6044A136801331360BFF392
:104310004F8FBFF36F8F7047841E0220094A1368C6
:10432000013B1360002B0CD107490A68002A07D013
:104330000B6006490968BFF35F8F136081F3108833
:1043400062B67047841E0220641D0020801E022079
:10435000EFF3108072B6704780F310887047C04644
:10436000D02310B51B061868074B1B78834200D07A
:1043700010BDEFF30583002B02D05B00C018F7E7F8
:1043800000F0F6FDF4E7C046A006002000B5144A90
:1043900003681078D0221206126883B0904208D0C9
:1043A000BFF35F8F00221A6081F3108820BF03B033
:1043B00000BD0C4A13600C4A11600C4A022194465D
:1043C00063449B10FF319940094B01221868012377
:1043D0005B420093090A002300F056F9E7E7C04664
:1043E000A0060020641D0020801E022000FFFF2F79
:1043F000981E02200A002B4903688C46022130B522
:1044000063449B10FF319940274B83B01C78D02325
:104410001B061B68090A9C421FD040BF234D03683E
:104420002C68A34234D02368002BFCD0BFF35F8FED
:104430001F4C23680B4323602B68BFF35F8F002161
:1044400019600368D020002100064165BFF35F8F2B
:10445000196082F3108803B030BD40BF0368BFF31A
:104460005F8F0020186082F31088EFF30583DBB2C2
:10447000002B12D00F4B019001AA186800F0AAF986
:10448000019B002BE7D080220B4B52051A60E2E71C
:10449000074C206808432060D4E7064B186800F0FA
:1044A0004FF9D8E700FFFF2FA0060020D01A002008
:1044B000881E0220981E022004ED00E0F0B5CE46D2
:1044C000474680B51D00344B14001A78D0231B06D4
:1044D0001B688146884683B09A420FD00368BFF3B9
:1044E0005F8F00221A6081F3108820002900FCF7FA
:1044F0007FFF03B0C0BCB946B046F0BDFDF732F84F
:1045000022002B000127121A8B41244E7F42B6183D
:104510005F41002F20DC1BD04B461B68BFF35F8F31
:1045200000221A6088F310881D4B5A6A954205D8FC
:104530009B6A0120A342DCD29542DAD18022194B3A
:1045400052051A60BFF34F8FBFF36F8F0020D0E783
:10455000FA239B009E42DFD3FA2200233000390069
:104560009200FDF73DFB031ED6D04A464046126836
:104570000D490A600D4908600D498C4602216244CC
:104580009210FF3191400B4A090A106800930122F2
:10459000002300F079F8C7E7A006002018FCFFFF11
:1045A0000040054004ED00E0641D0020801E022054
:1045B00000FFFF2F981E022010B5FBF7DDFF054A14
:1045C000054B944660448000186000F051F8034B9E
:1045D000186010BD40000034D01A0020981E022040
:1045E000F8B5DE4657464E464546E0B505000F0095
:1045F000060000F0D9FA29682C6939430C36296085
:10460000A6422CD0002398468023DB049B468023BF
:104610005B049A4680239B0499460FE06746002F6F
:104620000AD057463A4202D042461A4390464B4679
:10463000194300F053FC2968A6420ED020000F0059
:104640000268646813021B0A1F40BC465F463A4278
:10465000E4D06345E5D0A642F0D1434699432960B2
:1046600000F0AAFAF0BCBB46B246A946A046F8BD87
:1046700010B51C20FFF7A8FD041E03D0002308C0BE
:1046800000F0B4F8200010BDF0B5C646060000B535
:104690000D0090461F0000F087FA3468002F13D1F8
:1046A00025420BD04346002B0BD02300AB43336095
:1046B00000F082FA200080BCB846F0BD069B002BBB
:1046C00021D100F079FAF5E72B0023409D42E9D093
:1046D000069B002BF5D0434680215A1E9341C90406
:1046E0001B061943069A2943301D00F02FFB00F0EA
:1046F00063FA00281CD000F073FC0400830107D586
:104700002402240AD6E741464B1E99410906E9E7EF
:10471000FFF7F8FD3468002F0DD12C4205D0434639
:10472000002B02D02300AB433360FFF7F7FDE7E730
:10473000FFF7DCFDDFE723002B409D42F5D1EEE7DC
:10474000F8B5DE4657464E464546E0B505000F0033
:10475000060000F029FA29682C6939430C362960D3
:10476000A6422CD0002398468023DB049B4680235E
:104770005B049A4680239B0499460FE06746002F0E
:104780000AD057463A4202D042461A4390464B4618
:10479000194300F0A3FB2968A6420ED020000F00A9
:1047A0000268646813021B0A1F40BC465F463A4217
:1047B000E4D06345E5D0A642F0D143469943296051
:1047C00000F0FAF92868F0BCBB46B246A946A046FC
:1047D000F8BDC04610B5044C13000A0001002000CB
:1047E00000F00AFC10BDC046E1450010030008338C
:1047F00001224360C3600361002352428260036070
:104800007047C046030030B50D6808336A1C0DD0F0
:104810001C005B681A68AA42FAD94B609960036869
:104820008C60013361600861036030BD04696368B6
:10483000F3E7C0460369416882688A60516059683D
:10484000814205D000220261186801381860704763
:104850005A60F7E7F0B5C64600B5846C82B0A26B2B
:10486000E36B002501909A4204D3280002B080BC7B
:10487000B846F0BD4523226CE65CA76B76B2002AF1
:104880001CD0606801A9FDF7A3FD6368226C9B182A
:10489000A2686360934201D32368636000250137F7
:1048A000A763731C15D1636A002BDED0200024306F
:1048B00000F0AEFA0028D8D00125D6E72368984644
:1048C000002BEBD1A06800F059FB43460500A36024
:1048D000E5E700F035FA8642C7D24523013676B2C5
:1048E000E654C2E7F8B54E46DE4657464546040054
:1048F000E0B591461D000F00FFF72AFDA26BE36BA8
:1049000006009A422DD300239846022D09D030008C
:10491000FFF722FD4046F0BCBB46B246A946A04682
:10492000F8BD4533E35C226C5BB29846A36B9B46B3
:10493000A36B9A46002A3BD15746236801379A4613
:10494000002B63D04346A763013327D1A36C002B10
:1049500042D0022D4AD15B46002B47D00123984616
:10496000D5E74523E35C226C5BB29846A36B9B467C
:10497000A36B9A46002ADFD0002D19D13900574683
:104980006068FDF725FD6368226C01379B18A268FB
:1049900063609342D6D323686360D3E700F0D0F915
:1049A0008045DBD24346452201335BB2A354D5E7B1
:1049B0003900E068FDF70CFD226CE36851429B1A58
:1049C0002268E360934202D2A3685B18E360574613
:1049D000022D17D00137B5E7636A002BBED0200047
:1049E000243000F015FA002805D1B7E72000FFF7C2
:1049F00031FF0028B2D04B46002BAFD001234A46EE
:104A00001360ABE7002F9DD101379BE7A06800F052
:104A1000B5FA5346A36095E7F0B5DE4657464E46D5
:104A20004546584BE0B51A6883B0013294461A6087
:104A3000002A5ED0544B1A6894456ED3534A904670
:104A400012681268002A00D195E000220092504AB4
:104A5000504D9346002291464F4A0193924636E0CC
:104A6000494659611168013911609A6A002A0DD0CE
:104A7000D969186A566888604160190018318E42F9
:104A80006FD0494699621168013911605246D96A5E
:104A90001268914201D9524611608A005218920060
:104AA000AE18706887689860DF607C6084605E61C3
:104AB000AB580133AB505B461B68DB6A994201D9A6
:104AC0000123009343461B681B68002B4ED04346CE
:104AD0001B68DB68DB685A68944544D35A69986858
:104AE000D9681C1D816048605068A042B8D15160EF
:104AF000B6E7264B294A19681068186011602849E2
:104B00000A6801320A601A681268002A23D11E4B13
:104B1000013A1A601A68944590D2002300931C4B06
:104B20001C4D9B465B461B68DA6A93009B189B00F2
:104B3000EB58012B01D9012300931A4B1B68002B62
:104B400001D001230093009803B0F0BCBB46B246ED
:104B5000A946A046F0BD1B68DB681A680A4B1A60BC
:104B600069E750608DE7019B1A60DBE7019B01223A
:104B700052421A60D6E700220092054A054D93463C
:104B8000F5E7C046E41E0220A41E0220D81A002029
:104B9000D41A0020E41A0020941E0220E01A0020FB
:104BA000A81E0220EC1E0220024A13680133136083
:104BB0007047C046901E0220F0B5DE4657464E466E
:104BC0004546E0B583B0FFF79DFB534C2368013B9E
:104BD00023602368002B00D081E0504B1B68002B22
:104BE0007DD04F4B9C461B68002B00D190E04D4B75
:104BF0004D4D98464D4B019499464D4B9A46002396
:104C00009B466346DB68DB68D869196A9A6A8160EB
:104C10004860180056681830864200D172E0594644
:104C200099621168013911605A699868D9685668A3
:104C300081604860181D864262D011680139116098
:104C40004146DA6A09688A4201D941460A60910000
:104C500089188C002E1971688F689960DF60786000
:104C600088605E612B5901332B514B461B68DB6A10
:104C70009A423FD9534601221A6063461B68002BB3
:104C8000BFD12C4B019C1A681268002A3CD01B68CB
:104C9000DB681A68284B1A60284E3568002D14D03E
:104CA000012708E0FFF7B8FE002801D053461F6037
:104CB000013D002D08D02368002BF3D03368013D5F
:104CC00001333360002DF6D1356053461B68002B4D
:104CD00005D0164B01241B68FFF708FB00E00024F9
:104CE000FFF71CFB200003B0F0BCBB46B246A94650
:104CF000A046F0BD63461B68002B00D081E7C0E7EB
:104D000051609AE751608AE70B4B013A1A60C3E79A
:104D1000074B9A46C0E7C046901E02208C1E022018
:104D2000B41E0220941E0220E41A0020D41A00208F
:104D3000EC1E0220D81A0020A41E0220B01E022061
:104D4000014B18687047C0468C1E02208023F0B5C6
:104D5000C646294C15001B0622680B4300B593611B
:104D6000226843689968D361226811622268183208
:104D70004A602268002118329A60236898620368AA
:104D8000013303601D4B1E681D4B1F681D4B1B68C4
:104D9000226898466D232068D1540430FFF74AFDFD
:104DA0006B1C15D023682168AD195D600431AE42DB
:104DB00005D94046FFF726FD80BCB846F0BD380057
:104DC000FFF720FD104B1A689542F5D21D60F3E7FE
:104DD0000E4B21685A688A6090682168C860216813
:104DE00004314160216804319160226853611A687E
:104DF00001321A60E0E7C046D41A0020E41E022007
:104E0000D81A0020E01A0020A41E0220D01E022082
:104E1000C368F0B5DB68D869196A9A6A816048602E
:104E2000180054681830844241D0002199621168FA
:104E300001391160234AD96A1268002A29D15A69B6
:104E40009C68D8681D1DA06044605468AC4230D096
:104E50001068013810601C4A1068884225D38A0007
:104E60001A485218920086187468A7689C60DF6020
:104E70007D60A5605E61835801338350144B002030
:104E80001B68DB6A8B4203D20122124B01301A608D
:104E9000F0BD114A5468A568DC611D626860A060BD
:104EA0009A62136801331360E8E71160D7E7516035
:104EB000BBE75060106801381060034A10688842F0
:104EC000CDD2F2E7901E0220941E0220E41A0020A8
:104ED000D41A0020EC1E0220B41E022080231B06E0
:104EE000F0B5026944680B4381680360C368A16040
:104EF0004C60546884422ED000210161116898688A
:104F0000013911605A69D9681D1D81604860506877
:104F1000A84222D0116801391160114AD96A10687B
:104F2000814200D911608A000E48521892008618FA
:104F30007468A7689C60DF607D60A5605E618358CF
:104F400001338350084B1B68DB6A994202D9012266
:104F5000064B1A60F0BD5160CEE75160DAE7C046FB
:104F6000941E0220E41A0020D41A0020EC1E022015
:104F7000014B18687047C046D41A002070B5041E53
:104F800008D0036DC16AC26C013B0365914201D038
:104F9000002B01D0002070BD051D2800FFF74AFC42
:104FA0002023E26C9B1AA3610B4BE26219688A42D0
:104FB00000D91A60930009499B189B00C8184268E1
:104FC0009668A260E66075609560CA5860610132BB
:104FD0000120CA50DFE7C046941E0220E41A0020D8
:104FE000044B1A68196890691A682023C96A5B1A09
:104FF00093617047D41A002010B514001A000223E0
:1050000084B05B420093054B019002911868694699
:1050100000230394FFF766FC04B010BDE81E0220D5
:10502000014B18607047C0466C10002010B5034B50
:105030000A000100180002F0ADFF10BDD4110020DD
:10504000014B18687047C0466C10002010B582B044
:10505000FFF7F6FF002807D003F070FA03000020E6
:10506000002B10D002B010BD684603F053FE0F4C69
:105070006946200003F054FE002813D02000FFF7FB
:10508000CFFF2000E8E7FFF7DBFF040003F072FA30
:10509000064B9C4206D1236820005B6B984700209A
:1050A000FFF7BEFF01204042DCE7C046180C00209D
:1050B00010B50520FCF75EFB030C64200349584340
:1050C000FCF768FD0338FDD210BDC0469A3B0000D6
:1050D000184B70B5C4580500002C14D02168002965
:1050E00006D06368A268144803F022F90023236005
:1050F0000C202056002810DA0D202056002803DA54
:1051000000220C4BEA5070BD03F04EF90D202056E2
:1051100003F02EF9FF236373F2E703F045F90C2047
:10512000205603F025F9FF230D2023732056002875
:10513000E6DBE9E74C08000034A00010F0B5C646F5
:105140003F4C404B00B5C4500023062122000126ED
:1051500084B02360013BA3810191123105000091CD
:1051600039482100231D0832029603F0D3F80028A5
:1051700060D0636835495F1D3F03DB011F43344B3B
:105180000A681F4030239343324A206813600B683B
:105190003100994311608022002352040092019350
:1051A00002F09EFFA16820684B005B18DB00C3186B
:1051B000B8461A008027C832BF021760C027BF0256
:1051C0009760474604321760234ADC331A601D2279
:1051D0000123009602F090FF204B21689C46614419
:1051E000090D06311820C9B2FBF760F80122002131
:1051F0001820FBF775F801211820FBF785F8A16846
:1052000023684A005218D2009B18154AD8331A60F6
:10521000002003F0B7F82073002003F0B3F8237BDD
:1052200040B260731843000604D4002004B080BC70
:10523000B846F0BD2800FFF74BFF06204042F5E7D7
:10524000881100204C08000034A0001078C00140F4
:10525000FFFFFF9F78D0014018771C240000E0AFCB
:1052600001E00000F0B54E464546DE465746E0B543
:1052700089461600984689B0002900D124E1964B52
:10528000C458964B21689C466144090D063118208C
:10529000C9B2FBF70BF8914B21689C466144090D9C
:1052A00006311D20C9B2FBF701F8012200211D20A3
:1052B000FBF716F8D02380221B0692049A6143461E
:1052C000002B00D122E14B46002B00D1FAE0012552
:1052D0002A00A16820688A400368934303606368DA
:1052E0009C464B005B18DB00C718CC3703933B6828
:1052F0009A4663465A1D7A4B12039B4604925346C4
:105300005A461340049A1A436346DB011A433A6033
:10531000744A039B94468022C318634412061A60A1
:105320001A608022002352040092019302F082FE50
:105330002900A36827681A1D914094468022920193
:10534000BA181160190028000831884099001060CF
:10535000F2007918013A0A615A00D218D200624864
:10536000BA18D83210601298801BC000013808614A
:105370001F205E491160616801401160A0210C226C
:10538000C9058A46A2565046954059494550910153
:10539000080080258346079156496D0459440868E2
:1053A0002842FCD10D20012520565149854003900B
:1053B00050464550A021C9058A464E4903988B4660
:1053C00085018021AA445D449B462B0049041D6849
:1053D0000D42FCD15B46414903907D182D0DED0037
:1053E0005919C9038B4658464349D2020A40024321
:1053F000424806950100A0201143C005624683463D
:105400004846079D92005D44049228600498B9467E
:105410008346D944484605912900B2086860AA60CD
:10542000059DCD600399069DC80233496544084037
:105430001299ED03890805438A1A314859462843D1
:105440005546103179182960414689196960AA606A
:1054500001229A401300E86039680B433B600C223C
:10546000284B80219C46A25649049201624413684D
:105470000B42FCD10D22234B80219C46A2564904AD
:105480009201624413680B42FCD100213200404675
:10549000FCF798FFA16823684A005218D2009B18B5
:1054A000194AD8331A60D02380221B0692045A610D
:1054B000FFF7FEFD002009B0F0BCBB46B246A9468E
:1054C000A046F0BDC14602E74346002B00D0D6E619
:1054D00005204042EFE7C0464C0800000000E0AF66
:1054E0007F00FEFFD0100000206000004060000040
:1054F000440400000C000050FD7F00FF1900400034
:10550000290040001000005003A000004B46002B73
:10551000C0D001273A00A16820688A4003689343FD
:10552000036063689C464B005B18DB00C518CC35F4
:1055300003932B689A4663465A1C484B12039B46BA
:10554000049253465A461340049A1A436346DB01B9
:105550001A432A60424A039B94468022C31863443C
:1055600012061A601A6080220023520400920193EE
:1055700002F060FD3A00A0682168031D9A409A4637
:1055800080239B01CB181A6002003D000832954031
:1055900082001D60F3008A18013B136143001B1851
:1055A000DB00304DCB18D8331D60454615611F25F3
:1055B0002D4A1A6062682A401A600C23E356A02222
:1055C0009F409C46294BD205D75063469B019B4682
:1055D00017008025264A5F445A446D0413682B4205
:1055E000FCD16246D2029446224A234B9046624640
:1055F0004546CB181B0DDB001B182A40DB03134369
:105600001E4AB60813434A463A60524695004D1961
:105610007D60BE60FB60012383400D68184A2B4308
:105620000B6080215A44490413680B42FCD10122CB
:10563000A368216818339A408A608B681A42FCD0AC
:105640000122A16820688A40036893430360002315
:1056500018220093013302F04FFD1BE77F00FEFF8D
:10566000D0100000206000004060000044040000F2
:105670000C000050FD7F00FF0000E0AF190040006B
:105680001000005010B51720FAF79CFED02480239C
:1056900024061B040022012163621720FAF720FE72
:1056A0001820FAF78FFE80235B0463621920A36140
:1056B000FAF788FE80239B046362636110BDC046D5
:1056C00070B5D024802524062D04A561142002F095
:1056D000D1FF6561FA2002F0CDFF1820FAF772FEC3
:1056E00080235B04A36270BD002300B585B00393E3
:1056F0000A4BD2021A40082309071143084A0093B3
:105700000A4302AB52BA002102920422FFF7AAFD1B
:10571000002801D1039840BA05B000BD00F8FF0F82
:105720000400004010B5114BD2021A400B071A4377
:105730000F4B88B013434C1E0293634263411B011D
:10574000083300930422002102ABFFF78BFD0028F1
:105750000AD1631E9C4103236142994308226B4690
:10576000053189009B18585808B010BD00F8FF0F8C
:105770000400004010B5114BD2021A400B071A4327
:105780000F4B88B013434C1E0293634263411B01CD
:10579000083300930422002102ABFFF763FD0028C9
:1057A0000AD1631E9C4103236142994308226B4640
:1057B000053189009B18585808B010BD00F8FF0F3C
:1057C0000200004010B5114BD2021A400B071A43D9
:1057D0000F4B88B013434C1E0293634263411B017D
:1057E000083300930422002102ABFFF73BFD0028A1
:1057F0000AD1631E9C4103236142994308226B46F0
:10580000053189009B18585808B010BD00F8FF0FEB
:1058100001000040F0B55BBADE4657464E464546AD
:10582000E0B5734CD202224009071143714A85B09A
:105830000A430393704B02A9C458704B8A4652BA6C
:105840009C46216818206144090D0631C9B20292B4
:10585000FAF72CFD694B21689C466144090D06311D
:105860001D20C9B2FAF722FD012200211D20FAF7FE
:1058700037FDD023802201271B0692049A613A004B
:10588000A16820688A4003686568934303604B0001
:105890005B18DB00C618CC3632689C4690466A1C02
:1058A0001303574A9B46914642464B461A40130003
:1058B0005A46ED011A432A433260524A63469446DF
:1058C0008022C318634412061A601A6080220023E3
:1058D00052040092019302F0ADFB3A00A0682168E7
:1058E000031D9A40994680239B01CB181A60020041
:1058F0003D00083295401D603F2382008A181361E5
:1059000043001B18DB00404DCB18D8331D60002529
:1059100015613E4A1F351A60626880262A401A6067
:105920000C23E356A0229F409C46394BD205D7500A
:1059300063469A01A023DB05D718364B7604D518A9
:105940002B683342FCD16546ED02AC46324D2B4B01
:10595000A84665464646CB181B0DDB001B18354094
:10596000DB032B432D4D2B4355463D604D46AE008A
:1059700002258E197E60BD60FB60012383400D68A7
:105980002B430B60264B80219C46490462441368DC
:105990000B42FCD10122A368216818339A408A6027
:1059A0008B681342FCD00122A16820688A400368FA
:1059B00093430360002318220093013302F09CFB01
:1059C000A16823684A005218D2009B18154AD833A0
:1059D0001A60D02380221B0692045A61FFF768FBED
:1059E000002005B0F0BCBB46B246A946A046F0BDBB
:1059F00000F8FF0F040000C04C0800000000E0AFFA
:105A00007F00FEFFD010000020600000406000001A
:105A1000440400000C000050FD7F00FF190040000E
:105A20001000005003A00000F0B5DE4657464E4679
:105A30004546E0B585B002ACA246724CD202224087
:105A400009070A43704901270A43029252465360EC
:105A50006E4BC4586E4B21689C466144090D06315B
:105A60001820C9B2FAF722FC694B21689C466144B0
:105A7000090D06311D20C9B2FAF718FC01220021D8
:105A80001D20FAF72DFCD02380221B0692049A6178
:105A90003A00A16820688A40036865689343036000
:105AA0004B005B18DB00C618CC3632689C4690462B
:105AB0006A1C1303574A9B46914642464B461A407E
:105AC00013005A46ED011A432A433260524A634694
:105AD00094468022C318634412061A601A6080221A
:105AE000002352040092019302F0A4FA3A00A06845
:105AF0002168031D9A40994680239B01CB181A60A8
:105B000002003D00083295401D603F2382008A1844
:105B1000136143001B18DB00404DCB18D8331D60C8
:105B2000002515613E4A1F351A60626880262A40AA
:105B30001A600C23E356A0229F409C46394BD205A5
:105B4000D75063469A01A023DB05D718364B76045D
:105B5000D5182B683342FCD16546ED02AC46334D77
:105B60002B4BA84665464646CB181B0DDB001B1881
:105B70003540DB032B432E4D2B4355463D604D46B0
:105B8000AE0002258E197E60BD60FB60012383405C
:105B90000D682B430B60274B80219C4649046244CF
:105BA00013680B42FCD10122A368216818339A4084
:105BB0008A608B681342FCD00122A16820688A4069
:105BC000036893430360002318220093013302F01B
:105BD00093FAA16823684A005218D2009B18164A0B
:105BE000D8331A60D02380221B0692045A61FFF733
:105BF0005FFA002005B0F0BCBB46B246A946A046FD
:105C0000F0BDC04600F8FF0F040000C04C080000C3
:105C10000000E0AF7F00FEFFD01000002060000019
:105C200040600000440400000C000050FD7F00FFB5
:105C3000190040001000005003A00000F0B5DE463F
:105C400057464E464546E0B585B002ACA246724C7A
:105C5000D202224009070A43704901270A430292EF
:105C6000524653606E4BC4586E4B21689C4661444B
:105C7000090D06311820C9B2FAF718FB694B2168E3
:105C80009C466144090D06311D20C9B2FAF70EFB8E
:105C9000012200211D20FAF723FBD02380221B06BE
:105CA00092049A613A00A16820688A400368656896
:105CB000934303604B005B18DB00C618CC36326898
:105CC0009C4690466A1C1303574A9B46914642469F
:105CD0004B461A4013005A46ED011A432A433260DC
:105CE000524A634694468022C318634412061A60DF
:105CF0001A608022002352040092019302F09AF964
:105D00003A00A0682168031D9A40994680239B01B0
:105D1000CB181A6002003D00083295401D603F23F9
:105D200082008A18136143001B18DB00404DCB181A
:105D3000D8331D60002515613E4A1F351A60626820
:105D400080262A401A600C23E356A0229F409C46DE
:105D5000394BD205D75063469A01A023DB05D718EB
:105D6000364B7604D5182B683342FCD16546ED02DC
:105D7000AC46334D2B4BA84665464646CB181B0D0B
:105D8000DB001B183540DB032B432E4D2B435546C0
:105D90003D604D46AE0002258E197E60BD60FB6001
:105DA000012383400D682B430B60274B80219C46C9
:105DB0004904624413680B42FCD10122A3682168A4
:105DC00018339A408A608B681342FCD00122A16884
:105DD00020688A40036893430360002318220093DD
:105DE000013302F089F9A16823684A005218D200F1
:105DF0009B18164AD8331A60D02380221B069204BF
:105E00005A61FFF755F9002005B0F0BCBB46B24619
:105E1000A946A046F0BDC04600F8FF0F020000C032
:105E20004C0800000000E0AF7F00FEFFD010000033
:105E30002060000040600000440400000C0000509E
:105E4000FD7F00FF190040001000005003A000007B
:105E5000F0B5DE4657464E464546E0B585B002AC45
:105E6000A246724CD202224009070A437049012718
:105E70000A430292524653606E4BC4586E4B2168DF
:105E80009C466144090D06311820C9B2FAF70EFA92
:105E9000694B21689C466144090D06311D20C9B239
:105EA000FAF704FA012200211D20FAF719FAD0238B
:105EB00080221B0692049A613A00A16820688A40F9
:105EC00003686568934303604B005B18DB00C618EA
:105ED000CC3632689C4690466A1C1303574A9B4650
:105EE000914642464B461A4013005A46ED011A436A
:105EF0002A433260524A634694468022C318634460
:105F000012061A601A608022002352040092019344
:105F100002F090F83A00A0682168031D9A40994663
:105F200080239B01CB181A6002003D000832954087
:105F30001D603F2382008A18136143001B18DB0099
:105F4000404DCB18D8331D60002515613E4A1F35E2
:105F50001A60626880262A401A600C23E356A02249
:105F60009F409C46394BD205D75063469A01A023E7
:105F7000DB05D718364B7604D5182B683342FCD195
:105F80006546ED02AC46334D2B4BA846654646466A
:105F9000CB181B0DDB001B183540DB032B432E4DAC
:105FA0002B4355463D604D46AE0002258E197E605E
:105FB000BD60FB60012383400D682B430B60274BC2
:105FC00080219C464904624413680B42FCD10122A3
:105FD000A368216818339A408A608B681342FCD00A
:105FE0000122A16820688A4003689343036000236C
:105FF00018220093013302F07FF8A16823684A0059
:106000005218D2009B18164AD8331A60D023802227
:106010001B0692045A61FFF74BF8002005B0F0BC54
:10602000BB46B246A946A046F0BDC04600F8FF0FE9
:10603000010000C04C0800000000E0AF7F00FEFF40
:10604000D010000020600000406000004404000008
:106050000C000050FD7F00FF1900400010000050B0
:1060600003A00000F0B5DE1C1D000323040083B074
:106070009E43012924D024230420164FD2023A4003
:1060800009072A430A4380210430C90580000A43D6
:106090002018043642600021009604222000E318F4
:1060A000FFF7E0F8061E0FD12100089B2831994226
:1060B00003D02A001800FCF78BF9300003B0F0BDC4
:1060C000002010361133D8E731000348FDF742FFB6
:1060D000F3E7C04600F8FF0F189A0010F0B55746D6
:1060E0004E464546DE46E0B50500032091468BB09E
:1060F0001A00033302AF8343022922D01C1D4B46F2
:10610000234EDB020907334011431943C023280003
:106110001B060B43B96C28306B62884201D0FCF738
:1061200057F9290000232200280024310093FFF7AB
:1061300099F8BD4609B0F0BCBB46B246A946A04698
:10614000F0BDFA240826A8468A469346A4007B6040
:10615000013C16D30F4B0422BB60082300214046AC
:106160000096FB186D46FFF77DF8002800D1F8680F
:10617000AD468006ECD5454651465A467B68002C14
:10618000BCD10548FDF75EFE06204042D1E7C0467F
:1061900000F8FF0F044000404C9C0010836870B56D
:1061A000CC0B0500E403A3420DD0802263405204CF
:1061B000934219D2FF22120413420CD1FF22120281
:1061C000134201D1AC6070BD012128000A4A230AA4
:1061D000FFF73EFEF6E7230C01212800074AFFF7F0
:1061E00037FEAB686340E9E7230E0121044AFFF75D
:1061F0002FFEAB686340DDE70A0001000B000100E1
:106200000C000100F0B5C646033000B58D1E8408B1
:1062100010D0631E072B03D90B002B435B0721D043
:106220002A00A4002C19938850881B04034308C239
:10623000A242F8D16B885BBA6B808B1C1A6813BAC8
:106240006B608B1D186803BAAB600B000A331B68C8
:106250001BBAEB608A23DB059A421BD0280080BC66
:10626000B846F0BDC3089C46DB002E0008009846E7
:10627000CF180CC80CC68742FBD163465800434672
:10628000EF18CE188442D5D0738832881B0413438C
:106290003B60CFE780231B059842DFD10B000A004B
:1062A0000E00B232AE3310681B882E3632691C18CD
:1062B000944216D83A31C918081881423AD20027B8
:1062C000002404E0DD2A10D0C918884220D94B7878
:1062D0000233CA189042F7D30A78302AF2D10C0060
:1062E000F2E701235B42AB60B8E78A1C90468A78EC
:1062F000002AE9D142465278502AE5D142469278A6
:10630000F22AE1D14246D278012ADDD10F00DBE743
:10631000631E9C41A400002F01D002221443B28BC3
:10632000D20601D5012214438422A95CA952043269
:10633000AC5493E70024F2E7F0B5C6460E00050022
:106340000B0000B501211A4AFFF782FD330001213D
:106350002800174AFFF77CFD002E25D003230327D2
:10636000984640240BE0012002F084F9013C330000
:10637000012128000E4AFFF76BFD002C0FD00121F0
:1063800028000B4AFFF71EFA0028ECDB42460240C9
:10639000BA42E8D1FF28E6D080BCB846F0BD310053
:1063A0000448FDF7D7FDF7E7012300279846D8E713
:1063B0001F000100349A0010F0B5D6464F464646FD
:1063C000C0B5C37C05000F00924682B0002B05D1FA
:1063D000006801F0CBFC012800D097E0280001F014
:1063E000CBFCAB7C002B05D101212800FFF7A4FFDB
:1063F0000123AB74EB7C002B00D16EE0FA24A400E7
:1064000003E0013C002C00D180E00822002128009C
:10641000FFF788F9431CF4D0C30500D4BFE0C022C5
:1064200003035B0D591ED200914200D3B1E08007F7
:1064300000D5AEE02C002834002202212800009470
:10644000FFF710FE00283BD1298D6A8D0B00134306
:1064500000D1A4E00123EB74604B9C460B00534039
:10646000634500D0A1E0D24392B2914200D099E0BE
:106470000B2900D8A0E0237AAB730F236279134075
:10648000022B23D8627A944666466A7BB21AD2B24D
:10649000142A3ED90C291DD0012B3CD0022B60D0F0
:1064A0001B2900D894E0E3792D8AE3185A89954294
:1064B00000D08AE0524610331C1B0C1B3C6013605A
:1064C00002B0E0BCBA46B146A846F0BD0B2040423F
:1064D0000C29F5D104204042F2E7042200212800D3
:1064E000FFF748F983B298463D4B040099461B8854
:1064F000434502D0862303422DD14346002B42D18F
:106500004B4642461A80A40600D577E70120404258
:10651000D6E76E73BEE710295DD9E379E318DA7820
:10652000920004329B181A7B1C1B091B882A46D137
:106530005A7B6C2A43D1DA7C002A3AD11A7D102A80
:1065400037D15A7D182A34D1524618391833396058
:1065500001201360B4E70104090C2248FDF7FAFC9E
:10656000CBE710292ED9E2790220A218D3789B001C
:106570000433D31892781C1BD2070C1B14435246C9
:106580003C6013609CE7042200212800FFF756FBC3
:10659000B6E7012301212800134AFFF759FC002325
:1065A000EB74B3E7022040428AE71048FDF7D2FCC3
:1065B000ACE70A20404283E70320404280E70920FD
:1065C00040427DE7072040427AE70620404277E7D5
:1065D0000520404274E70820404271E7FFFF0000B9
:1065E000F21E0220589A00100D000100849A00103B
:1065F000F0B5DE46574645464E460400E0B585B048
:106600009A468846934601F0B7FBA37C002B05D140
:1066100001212000FFF790FE0123A374A37B002B30
:1066200024D02F4F2F4EBB6A99460EE0A17B002944
:1066300003D1237B627B9A421CD14B46ED1AB542B3
:1066400045D8FA20800001F0E3FF200003AA02A948
:10665000BD6AFFF7B1FE0128E8D103990298FFF760
:10666000D1FD0100200001F08DFBDFE7237B627B81
:106670009A42D6D05A4651460C3292B20A80D24340
:106680000B714A80524641465171002251468A712F
:1066900041468E1E711E8E41012176428E43514627
:1066A00001330E360A814A81CE7123735B46033271
:1066B0000F3393430091002202212000FFF70EFDCB
:1066C00005B0F0BCBB46B246A946A046F0BD637B10
:1066D000227B0548FDF73EFC02204042F0E7C04621
:1066E0000040054040420F00B09A0010F0B55746F8
:1066F0004E464546DE46E0B5294E9246B76A984674
:10670000284AB36A0500894683B0DB1B93422ED822
:10671000254B9B4610E0022820D0002803DB010017
:106720005846FDF717FCFA20800001F071FFB36AAC
:106730001C4ADB1B93421AD86946280001AAFFF7BE
:106740003BFE041E23D00128E5D101990098FFF7F4
:1067500059FD0100280001F015FBE4E70099019BB9
:106760004A0028685208C90F01F0B6FFDBE743462C
:106770005246494602240D48FDF7ECFB64422000D6
:1067800003B0F0BCBB46B246A946A046F0BD009A95
:10679000424500D9424601990C9803F051F8EEE7C2
:1067A000004005403F420F00D49A0010009B0010AB
:1067B000F0B54546904640225746DE464E46524288
:1067C00093469246E0B50024070083B08B449A4478
:1067D0004022230040349146444502D94246D31A10
:1067E00099465B461D19BB68EE0BF6039E420DD021
:1067F000802273405204934227D2FF221204134294
:106800002FD1FF221202134218D1BE6080225346BC
:106810006D041B196D0C1202009301214B463800C8
:106820002A43FFF75BFC002801D14445D0D303B0D5
:10683000F0BCBB46B246A946A046F0BD01213800D7
:106840000C4A330AFFF704FBDFE700230A4A012161
:106850003800FFF7FDFAFF22BB68120473401342B1
:10686000CFD0330C01213800044AFFF7F1FABB689E
:106870007340C6E70A0001000C0001000B00010094
:10688000F0B5CE46474680B5060083B00400080048
:106890001700894602F076FF431C984644360500EF
:1068A0001A0049463000FBF793FD4346F2183B0AB5
:1068B000177053703B0C3F0E9370D7702A008023E3
:1068C00021326F1D1B019A4220D80822238AFF32F1
:1068D00001339BB290466263063AFF3A23821B045F
:1068E0001343E36300232A002364230000212000D4
:1068F000A76315322833FFF77BFE002806D13B0043
:106900004246022120000096FFF7F0FE03B0C0BC13
:10691000B946B046F0BDC046F0B5CE46474680B554
:10692000060083B00400080099468846170002F06C
:1069300029FF4436451C3A004946701902F080FF91
:106940002A0041463000ED19FBF742FD2A00802362
:106950001C321B019A4220D8218A0A9B013189B23C
:106960001B0321820904194302231943002308272A
:1069700023642300FF37E163200000216763A563E0
:1069800028330C3AFFF734FE002806D12B003A00DA
:10699000022120000096FFF7A9FE03B0C0BCB94653
:1069A000B046F0BD836870B5CE0B04000D00F60351
:1069B0009E420DD0802273405204934239D2FF226E
:1069C000120413422CD1FF221202134221D1A660DD
:1069D00080226D046D0C12022A4301212000FEF773
:1069E000F1FEC025A36806006D05AB420FD08022E2
:1069F0006B405204934238D2FF221204134228D132
:106A0000FF22120213421CD1C0235B05A360300099
:106A100070BD01212000194A330AFFF719FAD6E7A1
:106A2000330C01212000164AFFF712FAA3687340C5
:106A3000C9E7330E0121134AFFF70AFAA36873402E
:106A4000BDE7C023012120000C4A5B03FFF700FAD9
:106A5000DAE7C0230A4A5B0101212000FFF7F8F9B9
:106A6000C023A2685B055340CAE718230121200018
:106A7000044AFFF7EDF9A3686B40BDE70A00010087
:106A80000B0001000C000100F0B5C646CE0B0D0056
:106A90008168040090461F0000B5F6038E420DD0B9
:106AA000802371405B04994266D2FF231B04194284
:106AB00059D1FF231B02194225D1A66080224346EB
:106AC0006D046D0C12022A43012B23D03B000121DF
:106AD0002000FEF7A9FFC025A3686D05AB420FD0CB
:106AE00080226B40520493421AD2FF2212041342B6
:106AF00022D1FF22120213422DD1C0235B05A360D5
:106B000080BCB846F0BD012120001F4A330AFFF7C0
:106B10009FF9D2E73B0001212000FFF799F9DAE75E
:106B200018231A4A01212000FFF792F9FF22A368D7
:106B300012046B401342DCD0C023154A5B010121D3
:106B40002000FFF785F9C023A2685B055340FF22B0
:106B500012021342D1D0C023012120000A4A5B0354
:106B6000FFF776F9C9E701212000094A330CFFF746
:106B70006FF9A16871409CE70121044A330EFFF7C9
:106B800067F9A168714090E70A0001000C0001005C
:106B90000B000100F8B5CE46474604000D0080B555
:106BA000012900D1E4E1D74BC82798463F02C0260F
:106BB00041462000FFF7F2FA3A0001212000FEF7DB
:106BC00001FEA3687605B34212D0802273405204BE
:106BD000934200D3E7E0FF221204134200D0EFE01B
:106BE000FF221202134200D0FAE0C0235B05A3602B
:106BF00041462000FFF7D2FA3A0001212000FEF7BB
:106C0000E1FDC022A368520506009146934212D0CE
:106C1000534080225204934200D39EE1FF2212048B
:106C2000134200D08DE1FF221202134200D080E116
:106C3000C0235B05A360F60700D4A1E1012D00D1BC
:106C40009BE1B14DB14E31002000FFF7A7FA0323BD
:106C50002A0001212000FFF7FBF8C022A36852059B
:106C60009146934212D0534080225204934200D363
:106C700054E1FF221204134200D037E1FF22120236
:106C8000134200D02AE1C0235B05A360310020003D
:106C9000FFF784FA2A0001212000FEF793FDC022AD
:106CA000A36852059146934212D053408022520469
:106CB000934200D307E1FF221204134200D0F6E012
:106CC000FF221202134200D0E9E0C0235B05A3605B
:106CD00041462000FFF762FA3A00C0270023012155
:106CE0002000FFF7B5F8A3687F05BB4212D08022D1
:106CF0007B405204934200D3C8E0FF2212041342A7
:106D000000D0B7E0FF221202134200D0AAE0C02355
:106D10005B05A360C027012001F0ACFC310020001E
:106D2000FFF73CFA01232A0001212000FFF790F829
:106D3000A3687F05BB4211D080227B40520493425E
:106D400000D386E0FF221204134200D075E0FF2238
:106D50001202134269D1C0235B05A36031002000F9
:106D6000FFF71CFA2A00C02501212000FEF72AFDAA
:106D7000A3686D05AB420FD080226B405204934252
:106D80004AD2FF22120413423AD1FF2212021342C6
:106D90002ED1C0235B05A360012001F06BFCC0BCB9
:106DA000B946B046F8BD1823594A01212000FFF723
:106DB0004FF8FF22A36812047340134200D10FE77B
:106DC000C023544A5B0101212000FFF741F8C02392
:106DD000A2685B055340FF221202134200D104E770
:106DE000C023012120004C4A5B03FFF731F8FCE689
:106DF000C02301212000484A5B03FFF729F8C8E7B8
:106E0000C023444A5B0101212000FFF721F8C02381
:106E1000A2685B055340B8E71823012120003C4AD3
:106E2000FFF716F8A3686B40ABE7C02301212000F1
:106E3000394A5B03FFF70CF88DE7C023354A5B0145
:106E400001212000FFF704F8C023A2685B0553402E
:106E50007DE71823012120002D4AFEF7F9FFA368E2
:106E60007B406FE7C023012120002B4A5B03FEF724
:106E7000EFFF4CE7C023274A5B0101212000FEF70A
:106E8000E7FFC023A2685B0553403BE718230121BD
:106E900020001F4AFEF7DCFFA3687B402DE7C023DC
:106EA000012120001C4A5B03FEF7D2FF0DE7C0233F
:106EB000184A5B0101212000FEF7CAFFC023A26827
:106EC0005B055340FCE61823114A01212000FEF720
:106ED000BFFF4A46A3685A401300ECE6C0230121D5
:106EE00020000D4A5B03FEF7B3FFCCE6C023094A3E
:106EF0005B0101212000FEF7ABFFC023A2685B0508
:106F00005340BBE60048101808C40000084410189D
:106F10000C0001000B0001000A00010018231A4AAE
:106F200001212000FEF794FF4A46A3685A4013004F
:106F30009FE6C02301212000144A5B03FEF788FF6F
:106F400076E6C023124A5B0101212000FEF780FF94
:106F5000C023A2685B05534065E618230A4A012155
:106F60002000FEF775FF4A46A3685A40130055E615
:106F7000B827084B3F02984619E6074D074E62E6D0
:106F80000748FCF75FFF59E60C0001000A0001000A
:106F90000B0001000038101808B400000834101865
:106FA000289B00108022002352008281034A016046
:106FB00083608373036183507047C0464C080000B0
:106FC00010B5FEF785F810BD10B5040082B0694613
:106FD000200001AAFFF7F0F9431C14D0031DF6D0DE
:106FE000012812D00228F2D10099019B4A002068A2
:106FF0005208C90F01F070FB6946200001AAFFF793
:10700000DBF9431CEAD102B010BD01990098FFF7EB
:10701000F9F80100200000F0B5FED8E7F0B502272E
:10702000C64698464B001F40802300B516001C3210
:10703000040082B04D081B019A422BD83304008A09
:107040001B0CA363089B013080B21B0320823B43CF
:1070500000040343E363200000233200414623641D
:107060006563443002F0ECFB230032000021200075
:1070700028331032FFF7BCFA002807D143462A0014
:107080000093390033002000FFF730FB02B080BCD2
:10709000B846F0BD05204042F8E7C04610B50400F0
:1070A000002909D0837C002B00D110BD00230021D2
:1070B0008374FFF741F9F8E700F05EFEA37C002B34
:1070C000F3D101212000FFF737F90123A374ECE786
:1070D000F0B5C6460700040000B54437142282B05C
:1070E0000E0038001649FBF773F9238A8322013317
:1070F0009BB223821B04E36300232364230052001A
:1071000062639046F23AA2630021200028331032D5
:10711000FFF76EFA051E0DD1142342460021200010
:107120000097FFF7E3FA051E04D10622390030006C
:10713000FBF74EF9280002B080BCB846F0BDC0464F
:107140001C130410F0B55746DE464E464546E0B5E2
:10715000B74B87B09B6A040043600F00FDF7EEFF5A
:10716000002812D1FEF78EFA0A25FEF7A9FAB14ED1
:10717000142200212000FEF7B7FAB04212D00120FD
:10718000013D01F077FA002DF2D1AB48FCF75AFE31
:1071900006256D42280007B0F0BCBB46B246A946A2
:1071A000A046F0BD002200212000A44BFEF732FBD8
:1071B0000028EAD1002200212000FEF7B3FA1023B4
:1071C0001D2200212000FEF743FE0028DDD1992377
:1071D000042200212000FEF73BFE0028D5D1BE236B
:1071E000062200212000FEF729FD0028CDD108232A
:1071F00001212000924AFEF72BFE0A25402601219C
:1072000020008F4AFEF7DEFA064209D10120013D37
:1072100001F030FA002DF2D18A48FCF713FEB7E7EF
:107220000023874A01212000FEF712FE2000864934
:10723000FEF7B4FFB822C025012120001202FEF79C
:10724000C1FAA3686D05AB4212D080226B40520494
:10725000934200D335E3FF221204134200D024E30B
:10726000FF221202134200D017E3C0235B05A36084
:1072700020007549FEF792FFB8220121200012027A
:10728000FEF7A0FAC026A36805007605B34212D027
:10729000802273405204934200D3F5E2FF2212048D
:1072A000134200D0E4E2FF221202134200D0A7E210
:1072B000C0235B05A360ED0700D4B8E32000634959
:1072C000FEF76CFFC822C025012120001202FEF744
:1072D00079FAA3686D05AB4212D080226B4052044C
:1072E000934200D383E2FF221204134200D00EE344
:1072F000FF221202134200D001E3C0235B05A3600A
:1073000020005249FEF74AFFC82201212000120244
:10731000FEF758FAC026A36805007605B34212D0DE
:10732000802273405204934200D3DFE2FF22120412
:10733000134200D0CEE2FF221202134200D0F2E24A
:10734000C0235B05A360ED0700D474E3C0250221D0
:107350002000FFF71FFCA3686D05AB4212D080220E
:107360006B405204934200D3F6E1FF221204134211
:1073700000D0E5E1FF221202134200D012E2C02346
:107380005B05A360C025032301212000304AFEF7DE
:107390004BFBA3686D05AB4212D080226B405204B8
:1073A000934200D3F5E1FF221204134200D0E4E13E
:1073B000FF221202134200D0D7E1C0235B05A36075
:1073C000C025002301212000224AFEF72DFBA368DF
:1073D0006D05AB4212D080226B405204934200D321
:1073E000F4E1FF221204134200D0E3E1FF22120273
:1073F000134200D0F3E1C0235B05A360164B174A8C
:107400009A46174B53449E5A1B3AFF3A964200DB6A
:1074100092E1144A9B5C002B00D08DE1502E00DCE1
:107420008AE1114B50259946104B5344984623E06E
:1074300000400540ADBEEDFE989B0010B304020075
:107440000E000100EC9B00100038101800481018C6
:1074500010C0000044C0000048A000100E0300004F
:107460009E6803000D030000B89B0010AB6B030087
:107470000135AE4200DC5FE1434609224946581B14
:1074800001F0A2FC0028F3D1534600212000E04A7D
:10749000FFF78EF9051E00D07CE6BA22DD4BDE49EF
:1074A00092002000FFF784F9DC4B04222000DC4925
:1074B000FFF7EAFA01212000FFF76CFB2000D94911
:1074C000FFF770FA03230340012B02D0D648FCF7E4
:1074D000B9FC2000D549FFF765FAC00700D52AE2BC
:1074E000FA268023B600984606E00120013E01F00E
:1074F000C1F8002E00D190E201212000CC4AFEF715
:1075000061F943460342F0D0F02304222000C94928
:10751000FFF7BAFA202301212000C74AFEF798FCA2
:10752000FA262023B600984606E00120013E01F02D
:10753000A1F8002E00D175E2082200212000FEF7FC
:10754000F1F843460342F0D00121BC4A2000FEF787
:1075500039F90222C3B213430121B84A2000FEF7D1
:1075600077FC0823F02200212000FEF771FC0223A3
:107570000121AF4A2000FEF76BFC01212000B04A38
:10758000FEF720F9C30700D4DDE10F230121AD4A46
:107590002000FEF75DFC00230121AA4A2000FEF72F
:1075A00057FC0121A74A2000FEF70CF90422002114
:1075B0002000FEF7DFF8C30700D5CDE1C026A368A1
:1075C0007605B34212D0802273405204934200D316
:1075D0001AE2FF221204134200D009E2FF22120233
:1075E000134200D0FCE1C0235B05A360C02601214B
:1075F0002000954AFEF796F8A3687605B34212D0AC
:10760000802273405204934200D3D8E1FF22120437
:10761000134200D0C7E1FF221202134200D0D7E18B
:10762000C0235B05A360200000F0A6FBA37C002B19
:1076300005D101212000FEF77FFE0123A37444231E
:10764000824E98463100A04408222C314046FAF779
:10765000BFFE7F4BF622DB21E36420000023920073
:10766000890251442265636558309946FAF7B0FEA5
:107670000822FF3292466263FC2292009346A26384
:107680000222238A002101339BB223821B0413436D
:10769000E3634B462364283399468022A1444B463A
:1076A0002000D200FEF7A4FF002807D1434652462F
:1076B000009302215B462000FFF718F831001322E7
:1076C00038314046FAF784FE238A832201339BB285
:1076D00023821B04E3630023520092466263F33A61
:1076E000A263236400214B4620001032FEF780FF86
:1076F000002807D14346524600930021132320005F
:10770000FEF7F4FF636C002B00D018E1002220008C
:107710005049FFF7B5F8012220004F49FFF7B0F8B4
:10772000002F00D11FE100230622009320003B0020
:107730004A49FFF7F1F82DE54948FCF783FB27E5B7
:10774000C023484A5B0101212000FEF781FBC023D2
:10775000A2685B0553400DE6182301212000424A30
:10776000FEF776FBA3686B40FFE5C02301212000F4
:107770003E4A5B03FEF76CFB1FE6C023394A5B0100
:1077800001212000FEF764FBC023A2685B05534083
:107790000EE6182301212000334AFEF759FBA368A7
:1077A0006B4000E6C02301212000304A5B03FEF756
:1077B0004FFBE4E5C0232B4A5B0101212000FEF7CB
:1077C00047FBC023A2685B0553400FE61823012145
:1077D0002000254AFEF73CFBA3686B4001E6C0236E
:1077E00001212000214A5B03FEF732FB03E6182348
:1077F000012120001C4AFEF72BFBA3686B4072E5B9
:10780000C02301212000194A5B03FEF721FB4FE54D
:10781000C06B03002010041014FD0700BA0045FFE0
:10782000FCFF070008341018189C001000381018CE
:107830000E00010024200018080001001E000100B5
:107840001F0001000F00010008850000081304104C
:1078500006100200449B0010509B0010749C001006
:10786000C49B00100B0001000C0001000A00010085
:10787000C023734A5B0101212000FEF7E9FAC0230F
:10788000A2685B0553400EE51823012120006D4AD4
:10789000FEF7DEFAA368734000E5C0230121200053
:1078A000694A5B03FEF7D4FADFE4C023644A5B0154
:1078B00001212000FEF7CCFAC023A2685B055340EB
:1078C000CEE41823012120005E4AFEF7C1FAA36826
:1078D0006B40C0E4C0235A4A5B0101212000FEF73F
:1078E000B7FAC023A2685B05534024E518230121A1
:1078F0002000544AFEF7ACFAA368734016E5C02393
:1079000001212000504A5B03FEF7A2FAF5E4C023F0
:107910004B4A5B0101212000FEF79AFAC023A268BE
:107920005B055340E4E4C02301212000464A5B0389
:10793000FEF78EFA04E54548FCF784FAD0E54448A2
:10794000FCF780FAE2E60123C0B2034301212000E4
:10795000404AFEF77DFA18E683B204220021200097
:10796000FEF76CF92AE63300F26C4C3304929B88E4
:1079700004AF02AE31002000BB80FFF7A9FB002856
:107980000BD1029A049B9A4201D0FFF703FCB28804
:10799000BB889A4201D0FFF7FDFB3100002000F0C8
:1079A0000FFE3700BFE6C023254A5B0101212000FE
:1079B000FEF74EFAC023A2685B0553402BE618235E
:1079C000012120001F4AFEF743FAA36873401DE619
:1079D000C023012120001C4A5B03FEF739FA1FE691
:1079E000C02301212000184A5B03FEF731FAFAE5B3
:1079F000C023134A5B0101212000FEF729FAC023AE
:107A0000A2685B055340E9E51823012120000D4AD7
:107A1000FEF71EFAA3687340DBE50F48FCF712FA85
:107A2000FFF7B6FB0D48FCF70DFAFFF7B1FB0C486A
:107A3000FCF708FA42E40A48FCF704FA86E4C04678
:107A40000B0001000C0001000A000100189C00104E
:107A50005C9C00101F0001002C9C0010449C001036
:107A6000289B0010042210B5038A426401339BB2A4
:107A7000038282631B04023A1343C3630023A521DC
:107A80000364030082B041632833002112320400F2
:107A9000FEF7AEFD002808D1230044330093A52251
:107AA000042302212000FEF721FE02B010BDC046D3
:107AB0001A2230B5134B4263C518038A0A320133C8
:107AC0009BB2038282631B04223A1343C3630023E5
:107AD00004000364290083B022324430FAF778FCB2
:107AE00023003422002120002833FEF781FD0028E6
:107AF00006D124231A22022120000095FEF7F6FD6C
:107B000003B030BD28080000F0B5040083B002299E
:107B10003FD80600531E9A41012744368F405542F4
:107B20001D4908223000FAF753FC4C230022102193
:107B3000FFB2E7540133E2540133E2540133E2541B
:107B40003D400133E5540133E2540133E254013343
:107B5000E254238AA16301339BB20E3923821B04B2
:107B60000B430825E3632300FF3522640021200036
:107B7000656328332032FEF73BFD002806D1102331
:107B80002A00022120000096FEF7B0FD002003B07D
:107B9000F0BD01204042FAE7849C001010B5006857
:107BA00000F0E4F8013843425841C0B210BDC0466D
:107BB00010B5284B82B01B68002B17D0264C200034
:107BC000FFF7ECFF00283CD1244BE25C002A2BD1CC
:107BD000234BE25C002A1DD1224BE25C002A0CD12F
:107BE000214B1B68002B03D000F094FC02B010BDA9
:107BF00001212000FFF752FAF6E700222000E254AC
:107C0000FFF756FF0122194BE250174B1B68002B60
:107C1000EAD1EDE700222000E254FFF723FF114BE9
:107C2000E25C002ADCD0E8E700226921E25420006F
:107C300000230092FFF7F2F9094BE25C002ACBD057
:107C4000E8E72000FFF7C0F9044BE25C002ABFD050
:107C5000EAE7C046CC110020D411002069080000DA
:107C60006B0800006A080000D01100205C080000CA
:107C700070B58023D025802604002D065B04AB62FE
:107C80003604002200211820F8F72AFB6E62002239
:107C900000211720F8F724FBAE6121002000FFF738
:107CA00081F98522002303211201A354064AA3501F
:107CB000064AA3501432A152054AA354054A136040
:107CC0000122054BE25070BD580800005C0800001E
:107CD00072080000CC11002068080000F8B504000C
:107CE00000F082FC1C4E3368002B32D000212000B3
:107CF00000F0E4FC0121200000F0E0FC2000FFF790
:107D00005FF9D025802380275B042D06AB6200221B
:107D1000002118203F04F8F7E3FA00220021172081
:107D20006F62F8F7DDFA21002000AF61FFF73AF942
:107D30008522002303211201A354084A3360A35073
:107D4000074AA3501432A152064AA3540122064BFB
:107D5000E25000F053FCF8BDCC11002058080000A0
:107D60005C0800007208000068080000D0231B06B1
:107D70005868C001C00F70473222014B1A6070472B
:107D8000D0110020754B70B5C35805000C00DB07FF
:107D900012D46368452B05D0312B07D8704A9B005D
:107DA000D3589F466F4AAB58012B38D06E4BEB58D7
:107DB0006E4A934225D070BDF9F7D4FB002928D034
:107DC000FA2200239200F9F723FF0100684B628832
:107DD0001800FCF7BFF86168582900D98FE0654B9F
:107DE0008A00D358002B00D189E019006248FCF7C3
:107DF000B1F82E23E268E35CA1686048FCF7AAF8BA
:107E0000C7E70122584B00212800EA5000F058FC37
:107E1000D1E7FA218900F9F7BDFE0100D6E7A16894
:107E2000082977D0504BEB580029C1D10231A95015
:107E3000BEE70122524B5348EA5200F073FBB5E70C
:107E4000A368062B71D0042B03D002229343082B86
:107E50005CD1E3680F2B59D1494B2BE0A368002B71
:107E6000A4D1E368082BA1D10222454BFF32E2E7FF
:107E7000A368002B9AD12E33E15C6388DB0761D5C0
:107E8000002965D18023384ADB00A9580B43AB5049
:107E90008EE70021280000F019FC0022324BEA5046
:107EA00089E7A368002B00D080E7E368022B00D0AD
:107EB0007CE7354B01223348EA5400F033FB2A4B70
:107EC000EB5875E7A368002B1DD1274BEA580F2309
:107ED00019001140042902D19A430E3B1A43802312
:107EE0009B001343204AAB5062E7A368002B00D1EC
:107EF0005CE7032B20D002221B4BEA505BE72348B0
:107F0000FCF728F875E7062B00D14FE70422164B43
:107F1000EA5050E7862321001B01E8581C4B303102
:107F2000EB589847104BEB5842E780230E4A1B0151
:107F3000A9580B43AB503BE7E268002ADBD10A4A61
:107F4000AB5038E7280000F0C1FB074BEB582FE798
:107F5000280000F0B5FB044BEB5829E7540800005B
:107F60007C130410580800005C080000010E00009B
:107F70008C9C001044140410A09C0010A89C0010BD
:107F80006A080000B17B001069080000A49C001082
:107F900064080000F8B54746CE46040080B5884620
:107FA000160000F021FB1F4F00213D682000002D2E
:107FB0000ED0FFF773F8320041462000FFF7A4FD12
:107FC000050000F01BFB2800C0BCB946B046F8BD58
:107FD00000F074FB0121200000F070FB85231B01E1
:107FE000E5548023D0251B0499462D06AB6114204F
:107FF00000F040FB4B4632206B6100F03BFB002160
:108000002000FFF79FF8051EDBD1074B2000E11889
:10801000FFF75EF83222054B05481A60386000F021
:1080200081FAC8E7CC110020D3080000D01100204D
:10803000B17B0010F0B5DE4657464E464546E0B5EA
:108040001600DC22924685B04B0002935B18DB00E1
:10805000C518AA445246834628001268CC300092C4
:1080600002682B0001921C4A802094460E9C6344B7
:1080700080021860002C1CD08023DB049946012369
:1080800098463300D8352E0055469A46134F039133
:108090002000F9F751FD4A46430113432B60534634
:1080A0004246C34013403B433360631E1C40EFD144
:1080B0000399029B5B18DB005B441A000099DC32D9
:1080C0001160019ACC331A6005B0F0BCBB46B246D1
:1080D000A946A046F0BDC046CC30000080E00000BC
:1080E000816B009B5140034A0B40944660440360FF
:1080F0007047C04638100000F0B54E464546DE4693
:108100005746E0B583B089460CA984460D781F2AEE
:1081100045D84946490088464944C90046183700B1
:108120003400DC373868CC34834620683100019055
:108130001C4880248246A40251440C6069424D418F
:108140001E216D428D4318498A465544052B0CD992
:10815000A0201F214005D836540104430532053BB9
:108160003C600A403560052BF6D852019B0613434C
:1081700042464A44D20062441000DC3213600300DD
:10818000D8331D605B461360019BCC300360002038
:1081900003B0F0BCBB46B246A946A046F0BD0520E0
:1081A0004042F5E7CC3000009FE00000F0B54546C6
:1081B000DE4657464E46E0B58BB007930223804615
:1081C00002259A46013B99464D4B05919B464D4BE6
:1081D000069203934C4B02934C4B039A9C464C4B98
:1081E00065442D05EE18B60C009200213200584669
:1081F000F31CF8F757F90700B04265DBF8F71AF9F6
:1082000043460122197905248A4004901C57029B99
:10821000013A9859002C3CDB20235B1A9C424CD835
:108220001300A340184248D143461B689C4643466E
:108230009B79002B41D1A240089202423DD180227D
:10824000920100239146002912D00200B0466046F8
:108250000E0094465A00815A494500D20919E21885
:1082600012329200013351519E42F3D86046464685
:10827000089BBF1B03431800029B98510498F8F712
:10828000E5F8059B01201D60069B1F60079B1C6095
:1082900024E02024641A09940FD41300A340089307
:1082A000034225D08C462300110004E00A009A40C6
:1082B0001C00104219D0013BF8D20498F8F7C6F818
:1082C00039005846F8F73CF900234D469946534685
:1082D000012B02D001239A467EE700200BB0F0BCB0
:1082E000BB46B246A946A046F0BD0A0061469BE7E0
:1082F00043469B79002BE0D143461B689C469EE792
:108300009C110020549D0010641000200105000005
:108310000000E0AF70B5059D049CAC4664440025A8
:10832000202C02D8FFF742FF0500280070BDC04690
:1083300070B50125160002790C009540013D9D4065
:10834000F8F778F8074B084A9C466444240DA400CB
:10835000A358AB43A350F8F779F8A1190348F8F7ED
:10836000EFF870BD0000E0AF641000209C11002009
:1083700010B5034B01001800F8F7E2F810BDC04635
:10838000F01E022010B5064B064C82B0010000938F
:1083900000220B232000F8F785F802B010BDC0467C
:1083A000789D0010F01E022003001149820151182F
:1083B0000868D90241400F4810B501400E48A0247A
:1083C00010180160012098400C4BE40518600C4B1C
:1083D000802118600B4B4904E0500B4B9C466244D3
:1083E00013680B42FCD18023DB00E05010BDC04677
:1083F00010000050017800001010005004340050AC
:1084000014340050440400000C00005010B5036800
:1084100001495B6A984710BDA4060020802010B572
:10842000402207494004F7F7A9FF01220221182042
:10843000F7F77EFF0D200121F8F7CAF8002010BDE4
:108440006584001010B5002202211820F7F770FF94
:10845000802003494004F7F7A5FF002010BDC04667
:1084600065840010D0231B061A6810B553009B18B2
:10847000094A1B0194466344DB6A9B0700D410BD84
:10848000002202211820F7F753FF044B0449186813
:1084900003685B6A9847F2E700410140C811002079
:1084A000A4060020164B70B51B680400002B0ED0EC
:1084B000144D2A68002A01D0013A2A6098472B6897
:1084C000002B05D1236820000F499B69984770BD98
:1084D000F9F748F800230D4A0B4D801859410B005D
:1084E0008021020009068B4202D30122084B52422E
:1084F000EB602368290020005B69AA609847E6E7E3
:10850000CC110020D0110020B806002050C300007C
:10851000FFFFFF7F10B5012202211820F7F708FFA7
:1085200010BDC046034B10B51868034903685B6A69
:10853000984710BDC8110020A406002010B5040003
:108540000848FFF795FB084B00221C6023682000B9
:1085500006491B699847236820000549DB6998474D
:10856000012010BDD4110020C81100201D8400106E
:10857000A406002070B50D4D04002B68002B13D00D
:1085800003680B499B69984723680A491B6A2000C6
:108590009847236800221B6907492000984707482D
:1085A000FFF79CFB00232B6070BDC046C811002064
:1085B000B8060020A406002045840010D411002035
:1085C00010B582B068460C00FBF7D8FC6B4606225B
:1085D000991C2000F9F7FCFE012223789343022224
:1085E0001343237002B010BD034B10B51868036825
:1085F0005B68984710BDC046C8110020034B10B5FA
:10860000186803689B68984710BDC046C8110020D1
:1086100070B5EFF30583154A040000251668002B9A
:1086200012D1F8F79FFF0B000200802112196B4155
:1086300009068B4204D231683000096B884770BD4F
:1086400001220B4B5242F6E7F8F78CFF0B000200B9
:10865000802112196B4109068B4202D30122044B7F
:10866000524231683000C96A8847E8E7C8110020E3
:10867000FFFFFF7FF8B50F4B06001F68F8F772FF8A
:10868000FA2204000D000023920030000021F9F7C7
:10869000F3FD0B000200802112196B4109068B4289
:1086A00002D30122044B524239683800C96A884714
:1086B000F8BDC046C8110020FFFFFF7F7047C046CD
:1086C00010B50148F7F79EFE989D001010B50148BF
:1086D000F7F798FE989D001010B50148F7F792FE45
:1086E000989D001010B5303001F0B2F810BDC046B2
:1086F00070B54D250400405D002818D1636C002B37
:1087000003DD616C206AF8F7B5FD4C23E35C002BB8
:108710001AD125003035280001F09AF8280001F020
:10872000B7F8502200212000F9F74CFE70BD00215F
:10873000F7F74EFF0649605DF8F77AF8605DF8F7E5
:10874000DBF900236355D9E7206AF8F7A3FCE0E7DB
:108750004988001070B505008B69C8690C009847FE
:108760002B6821001B6A20622800984720001030E7
:1087700001F056F870BDC046F0B5314BD6464F46B5
:1087800046461A685B6804009A462E4B90464E2572
:108790009946C0B584B02000FBF768FC06000F00C6
:1087A000F8F7E0FE32003B00121A8B41002B29DD66
:1087B00046452DD0635D002B08D0A26AE36A3000E5
:1087C0003900801A9941002927DC35D0636C002BD1
:1087D00003DD616C206AF8F74DFD0123A662E762B4
:1087E00063550023206A02934B46320000930194A4
:1087F0003B00F8F77DFC6064636C002B0DDC00230C
:108800006355C8E7002BC6D1002AC4D04645D1D154
:108810005745CFD1636C002B05DC04B0E0BCBA46F1
:10882000B146A846F0BD616C206AF8F723FD00232D
:108830004E226364A354F0E70028C7D0EDE7C0469A
:10884000D89D0010018A001070B5EFF305830C4A23
:108850002A3B9B009C58002C0DD025003035002170
:10886000280001F035F8002805D02B7A012B03D021
:10887000280001F00DF870BD2000FFF77DFFF7E73D
:108880007010002010B53C3000F0EAFF10BDC0466B
:108890001000190010B5EFF30583002B02D0F8F794
:1088A0006BFE10BDF8F722FDFBE7C046F0B5C646EB
:1088B000D02700B53F0616003B68827E04000D00FD
:1088C0008CB09A4220D02422002103A8F9F77AFD27
:1088D0002C4B0122002107A8049309950A96F8F76A
:1088E0002BF9236803A9DB6920009847236820003F
:1088F0005B6A03A9984707A800F0DAFF0B9D2800E0
:108900000CB080BCB846F0BD302398468044404649
:1089100000F09EFF3000A84743461B7A0500012B5C
:1089200003D0404600F0B4FFE9E7A27E3B68200098
:108930009A421ED0FBF71EFC0028F2D0404600F001
:10894000A7FFA27E3B689A4216D0A16C002902DDE7
:10895000206AF8F78FFC0C4B206A002200930194E8
:108960000023F8F72FFCA06420003C3000F058FFF3
:10897000C5E7FFF701FFD4E74D23E05CF7F73AFEC8
:10898000F2E7C04655870010018A0010030010B5B9
:1089900030331B7A002B05D0446BFBF7E1FCA0427F
:1089A00000D110BD0148F7F72DFDC046B89D00105D
:1089B000012310B50B72D0231B06827E1B680400B6
:1089C00082B09A4215D0816C00290EDC0B4B206AD4
:1089D0000022009301940023F8F7F4FBA064200028
:1089E0003C3000F01DFF02B010BD006AF8F742FCF9
:1089F000ECE74D23C05CF7F7FDFDF0E7018A0010BE
:108A000000234E2210B58B648B54D0231B068A7E24
:108A10001B680C0082B09A4217D0896C002910DCC8
:108A20000C4B206A0022009301940023F8F7CAFB44
:108A3000A06420003C3000F0F3FE0020002102B0D2
:108A400010BD206AF8F716FCEAE74D23C85CF7F77B
:108A5000D1FDEEE7018A001070B5050030352B7AA4
:108A6000040082B0012B04D0280000F011FF02B0F6
:108A700070BDD0263606827E33689A421FD0FBF73F
:108A800079FB0028F0D0280000F002FFA27E3368B6
:108A90009A4217D0A16C00290DDC0D4B206A0022F0
:108AA000009301940023F8F78DFBA06420003C3074
:108AB00000F0B6FEDBE7206AF8F7DCFBEDE7FFF736
:108AC0005BFED1E74D23E05CF7F794FDEEE7C0468F
:108AD000018A0010F0B505000E00040030352800B2
:108AE00083B000F0B5FE31002000FBF7ABFA2B7A23
:108AF0000600012B05D0280000F0CAFE300003B0AC
:108B0000F0BDD0273F06A27E3B6820009A421FD0CE
:108B1000FBF730FB0028EED0280000F0B9FEA27E63
:108B20003B689A4217D0A16C00290DDC0C4B206ADF
:108B30000022009301940023F8F744FBA064200076
:108B40003C3000F06DFED9E7206AF8F793FBEDE7C3
:108B5000FFF712FECFE74D23E05CF7F74BFDEEE7A2
:108B6000018A0010F0B505000E0004003035280021
:108B700083B000F06DFE31002000FBF72BFA2B7A5A
:108B80000600012B05D0280000F082FE300003B063
:108B9000F0BDD0273F06A27E3B6820009A421FD03E
:108BA000FBF7E8FA0028EED0280000F071FEA27E64
:108BB0003B689A4217D0A16C00290DDC0C4B206A4F
:108BC0000022009301940023F8F7FCFAA06420002F
:108BD0003C3000F025FED9E7206AF8F74BFBEDE7C3
:108BE000FFF7CAFDCFE74D23E05CF7F703FDEEE7A3
:108BF000018A0010F0B505000E0004003035280091
:108C000083B000F025FE31002000FBF7F5F92B7A48
:108C10000600012B05D0280000F03AFE300003B01A
:108C2000F0BDD0273F06A27E3B6820009A421FD0AD
:108C3000FBF7A0FA0028EED0280000F029FEA27E63
:108C40003B689A4217D0A16C00290DDC0C4B206ABE
:108C50000022009301940023F8F7B4FAA0642000E6
:108C60003C3000F0DDFDD9E7206AF8F703FBEDE7C3
:108C7000FFF782FDCFE74D23E05CF7F7BBFCEEE7A3
:108C8000018A0010F0B505000E0004003035280000
:108C900083B000F0DDFD31002000FBF7C1F92B7A35
:108CA0000600012B05D0280000F0F2FD300003B0D3
:108CB000F0BDD0273F06A27E3B6820009A421FD01D
:108CC000FBF758FA0028EED0280000F0E1FDA27E64
:108CD0003B689A4217D0A16C00290DDC0C4B206A2E
:108CE0000022009301940023F8F76CFAA06420009E
:108CF0003C3000F095FDD9E7206AF8F7BBFAEDE7C4
:108D0000FFF73AFDCFE74D23E05CF7F773FCEEE7A2
:108D1000018A0010FF230370002343607047C046A0
:108D200070B504000D004C2200210430F9F74AFB15
:108D3000224B236003232383D0231B061B68A376C7
:108D40006B68002B28D023622000012201213C30D7
:108D5000F7F7F2FE20003030F7F730FF00202E78D2
:108D6000F7F7D4FE03000020002B14DB19004D257B
:108D7000134A1A398900FF308C5018406355114945
:108D8000F7F740FC0121605DF7F722FC605D3100E0
:108D9000F7F738FE012070BDF8F71EF92062A67EB5
:108DA000F8F7A2FA8642CFD0F8F7AEFB0421F8F725
:108DB00017F94C2301222062E254C5E7A8150410DC
:108DC000701000204988001030B5002A26D003001A
:108DD0000B439B0724D1032A22D9164D0BE0043AFA
:108DE000002A1BD0144C1C199C432C4216D1043071
:108DF0000431032A14D903680C68A342EFD0047825
:108E00000D78A54213D1012306E0C45CCD5CAC42D1
:108E10000DD101339A4201D0002CF6D1002030BD93
:108E200004780D78AC4202D1012AECD1F6E7601B40
:108E3000F5E7C04680808080FFFEFEFE030010B58F
:108E40000A0003490868190000F004F810BDC04684
:108E5000D006002070B50B0C0024150C002B28D177
:108E6000002D3CD18BB291B2594300F047F8051E5A
:108E700033D00300083B5A6803239A43043A242A58
:108E800012D80300132A0AD90460446008331B2A4D
:108E900005D98460C460242A2AD00300103300223C
:108EA0001A605A609A6002E00021F9F78BFA2800F4
:108EB00070BD002D16D1151C89B292B24A43ADB2D5
:108EC0009BB26B43110C5B18190C0BD1190492B2B5
:108ED000114300F013F8051ECBD10025E7E72B1C4A
:108EE0000D1CE9E700F08EFC0C2300250360DEE793
:108EF0000300046118334461D1E7C046F0B54E4623
:108F00004546DE465746E0B50D000B35060085B0F8
:108F1000162D27D8102900D9DAE000F02FFC1025F3
:108F200018230221C84FFB181A005C68083A9442C3
:108F300000D147E103226368A1689343E268CA60F5
:108F400091600121E3185A6830000A435A6000F02A
:108F500017FC2000083005B0F0BCBB46B246A9465D
:108F6000A046F0BD07239D4300D5B1E0A94200D93A
:108F7000AEE000F003FCFC235B009D4200D296E1D2
:108F8000690A00D1A8E0042900D950E138239846A5
:108F9000A90988443931CB00082252429446AA4F8D
:108FA000FB189C446346DC68A44514D0032399460F
:108FB0000B0061469C4607E0E068002A00DBFBE00E
:108FC000814200D1FCE004004A46636893435A1B87
:108FD0000F2AF1DD41463A003C690832944200D143
:108FE000D9E0032063688343581B0F2800DD62E14A
:108FF0003A617A610028A4DA7A6890468022920069
:10900000934200D3E4E0DA08580901238340404644
:1090100018438046D300DB199A687860E360A26049
:109020009C60D46001208B10984040455CD843463A
:1090300003420AD1032399434346400004310342CB
:1090400003D1400004310342FBD00323B3469C46C6
:109050000E00B8460190F00040440100B246CB68D3
:109060000BE064465A681F00A243DB68541B0F2CB8
:1090700000DDEFE0002C00DB09E19942F1D1012392
:109080009946CA44534608319B07E8D1032205E0BC
:1090900003680838013E834200D003E23242F7D130
:1090A0004346019A5B68934342465360019A5200DB
:1090B00001929A4216D8002A06D113E00422914662
:1090C000019ACA44520001921342F7D05646C2E7B1
:1090D0000C23002033603EE780233F22402190464E
:1090E0009B0059E75E4647460322BC68636893438A
:1090F0009A46AB4202D35A1B0F2A4FDC230053443B
:109100000293524B082099461B6810335B19019358
:1091100000F026FB4E4903900B688B46013306D0C6
:109120008446019B4242013B63441340019330005B
:10913000019900F055FB03008046013300D1D8E0CF
:10914000029B834200D9D2E04B4601995A688C4673
:10915000624403995A60029B10000139434500D0D4
:10916000E5E043460B4200D0E1E0BB6801219846B0
:10917000634653440B4341464B604946C96A91429A
:1091800001D24946CA624946096B914201D2494619
:109190000A634446AFE07B68984643E70123290011
:1091A0001A431943651961603000BD606A6000F0C0
:1091B000E7FA20000830CEE6A268D0608260C0E600
:1091C000614608E7DC680231A34200D103E7B1E65B
:1091D0005A0A042A00D883E0142A00D908E11000B2
:1091E0005B3082465C32D200082040428446BA1886
:1091F0009444624692680B308146944500D1DFE08A
:109200000800A2466146844602E09268914204D07A
:109210004C465068A0439842F7D8D36861465446FC
:109220009C466346A260E3609C60D460FAE6142921
:109230006ED9542900D9E4E06E239846290B88445E
:109240006F31CB00A8E6C04600080020E80E0020E1
:10925000F8070020BA4601205146844649190543C3
:1092600050464560856847466046EB605E469D60B7
:10927000534639617961204308374860CF60300038
:109280008F609C5000F07CFA5046083063E6BA4686
:1092900001205E465244516801435160BA68300073
:1092A000D3609A6000F06CFA3800083053E62B0067
:1092B000E908083336E66119884601218C460D43DA
:1092C0004146656039617961CA608A6062460243DD
:1092D0004A60E050300000F053FA200008303AE6CF
:1092E0009A091000393238308246D2007CE7BC42FD
:1092F00014D0BC686368032293435A1BAB4202D369
:109300000F2A00DD4AE7300000F03AFA002022E69A
:109310005B23984688445C31CB003DE64B46586859
:10932000019B9C464B4660445860039B591E5B461C
:109330001B68013370D04346029A9B1A4A461B1899
:1093400053600723424640461A400292184240D0DA
:109350000398013384469B1A019A9844424401922F
:1093600063440A409B1A194030008B4600F038FADB
:10937000431C77D04346C01A03005B4401934B461D
:109380005A6801205A445A6043464146BB60019BDB
:1093900003434B60BC4200D1EFE653460F2B3FD94D
:1093A00007210C3B8B436168014005201943616034
:1093B000E118486088600F2B49D843465B68DCE6BB
:1093C00053469810012383404046184380467860F6
:1093D00027E7019B039A43440B40D31A19403000FE
:1093E0008B4600F0FDF9431CC4D100239B46C6E721
:1093F000542A17D81A0B10006F326E308246D200F2
:10940000F2E6AA235B00994217D8DD3B9846E90BA8
:1094100088447831CB00BFE55B4642461A6090E74E
:10942000486070E7AA204000824226D8DA0B10007C
:10943000783277308246D200D6E61C4B994226D845
:109440007C239846A90C88447D31CB00A4E52100FB
:109450003000083100F086F84B465A68BB689846E1
:109460005B688AE6019A029B94464246083B634445
:109470009B1A019300239B4681E70C4882420CD83B
:109480009A0C10007D327C308246D200ACE6FE237E
:109490007E227F2190469B007EE5FE227E20920068
:1094A0008246A1E643465B6800E6C04654050000DC
:1094B000F0B5C646060000B508200D0000F050F9D2
:1094C0000400300000F05AF9234B210098469B68B5
:1094D0005F6803239F4338001138401B0019F8F7D9
:1094E00059FB451E6543AC4208DC0021300000F00A
:1094F00077F943469B68DB19984206D0300000F0AC
:109500003FF9002080BCB846F0BD3000694200F051
:1095100067F901300ED0012243467F1B9B68174339
:109520000E4A5F60136830005B1B136000F028F97F
:109530000120E7E70021300000F052F943469A6825
:10954000831A0F2BDADD064C04492468001B0860DF
:1095500001210B435360D1E700080020EC0E0020EE
:10956000F8070020F8B5CE46474605000C0080B548
:10957000002957D000F002F9012321009C46083948
:1095800048686246030003249343CF187A68654E07
:10959000A243B468BC4200D170E0BC18A146644646
:1095A0007A60044221D10868091A1B18886880462D
:1095B000484640682040340008348146A04551D0D8
:1095C0004046CC68C460A0604846002811D19B1872
:1095D0005548BA68824200D17FE0F868D060826066
:1095E00001221A434A60CB5007E0484640682042B7
:1095F000EDD062461A434A603B608022920093425B
:1096000014D2DA0858090123834070680343736059
:10961000D3009B199A68CB608A609960D16028005A
:1096200000F0AEF8C0BCB946B046F8BD5C0A042CE8
:109630003DD89C09200039343830E40034192268C0
:10964000083C0327944203D140E09268944203D03F
:109650005068B8439842F8D8D468CC608A60A1605A
:10966000D160DCE7002858D1B868D218FB68C36025
:109670009860634613434B608A50D0E79A1863465C
:10968000034206D10B68C91A8868D218CB68C36038
:109690009860012313434B60244BB1601B689342D5
:1096A000BDD8234B28001968FFF702FFB7E7142C39
:1096B00007D9542C1AD81C0B20006F346E30E400EC
:1096C000BCE720005C345B30E400B7E70123801086
:1096D0008340706803437360BFE7D1609160CA60E4
:1096E0008A6001221A434A60CB5098E7AA225200AE
:1096F000944205D8DC0B200078347730E4009DE7F5
:109700000C4A944205D89C0C20007D347C30E40047
:1097100094E7FE247E20A40090E762461A434A6044
:109720003B607CE70008002008080020FC070020C0
:10973000E80E00205405000010B5034B0100186826
:10974000FFF7DCFB10BDC046D006002010B5034B70
:1097500001001868FFF706FF10BDC046D0060020C4
:10976000802310B55B01082801D1180010BD00F05E
:1097700049F816230360173BF7E7C0467047C04619
:109780007047C04610B583070AD00300032102E0EA
:1097900001330B4205D01A78002AF9D1181A10BDEE
:1097A000030019680C4A0D4C8A188A4322420FD1D3
:1097B0005968094A04338A188A43224208D15968F1
:1097C000054A04338A188A432242F1D000E001336B
:1097D0001A78002AFBD1E1E7FFFEFEFE8080808040
:1097E000002370B5064C050008002360FAF7ACF9B9
:1097F000431C00D070BD2368002BFBD02B60F9E721
:1098000058100020014B18687047C046D006002051
:1098100001B40248844601BC604700BF89010020B2
:1098200001B40248844601BC604700BF49010020E2
:1098300001B40248844601BC604700BF1104002007
:1098400001B40248844601BC604700BF09050020FE
:1098500001B40248844601BC604700BFC501002036
:1098600001B40248844601BC604700BFFD000020EF
:1098700001B40248844601BC604700BF05050020D2
:1098800001B40248844601BC604700BF29030020A0
:1098900001B40248844601BC604700BF4903002070
:1098A00001B40248844601BC604700BF05050020A2
:1098B00001B40248844601BC604700BFC1000020DB
:1098C00001B40248844601BC604700BFF502002095
:1098D00001B40248844601BC604700BF4D0200202D
:1098E0001919001045190010291B0010B52300108C
:1098F000AD210010B9220010511A0010611900109A
:109900008119001095190010690B00109D190010A5
:10991000FD0E0010E1180010AD050010C93F001049
:089920006D3F0010B945001075
:109928000A2A2A2A2050414E4943202A2A2A0A0074
:109938004E6F2075736572204952517320617265AC
:1099480020617661696C61626C65000048617264CF
:109958007761726520616C61726D20256420616C8D
:10996800726561647920636C61696D6564000000EB
:109978004E6F20616C61726D7320617661696C61F4
:10998800626C65004861726420617373657274006B
:109998006D697373696E6720646F75626C652066A4
:1099A800756E6374696F6E004F7574206F66206DF5
:1099B800656D6F727900000052656C6561736500B2
:1099C800626F6F74325F7732357130383000000063
:1099D800302E3100322E332E300000007069636F54
:1099E8005F7700007465737400000000417567209C
:1099F8003331203230323600666E692B00000000A9
:109A0800666E69006E616E00666E692D000000006A
:109A180063797734335F726561645F627974657303
:109A2800206572726F722025640000005B435957ED
:109A380034335D2063797734335F6B736F5F73659D
:109A480074282564293A206661696C65640A0000F7
:109A58005B43595734335D20427573206572726FCA
:109A68007220636F6E646974696F6E2064657465D3
:109A78006374656420307825780A00005B43595781
:109A880034335D206572726F723A20686472206D9B
:109A980069736D617463682025303478205E2025F1
:109AA8003034780A000000005B43595734335D2096
:109AB8005354414C4C2825753B25752D2575293A5D
:109AC8002074696D656F75740A0000005B4359570F
:109AD80034335D20646F5F696F63746C3A20676F1D
:109AE8007420756E65787065637465642070616351
:109AF8006B65742025640A005B43595734335D2035
:109B0800646F5F696F63746C2825752C2025752C2C
:109B1800202575293A2074696D656F75740A0000EF
:109B28005B43595734335D20636F7265206E6F74E1
:109B380020696E2072657365740000006275733A5F
:109B48007478676C6F6D0000617073746100000059
:109B5800616D7064755F62615F7773697A65000033
:109B6800616D7064755F6D7064750000616D70641F
:109B7800755F72785F666163746F72006273736396
:109B880066673A6576656E745F6D7367730000008B
:109B98005B43595734335D204661696C65642074B2
:109BA8006F20737461727420435957343300000076
:109BB80056657273696F6E3A200000005B4359570F
:109BC80034335D20636F756C64206E6F7420666932
:109BD8006E642076616C6964206669726D77617263
:109BE800650000005B43595734335D2074696D6527
:109BF8006F75742077616974696E6720666F72206B
:109C0800414C5020746F2062652073657400000019
:109C18005B43595734335D20636F7265206E6F74F0
:109C2800207570005B43595734335D204854206ECB
:109C38006F74207265616479000000005B435957B6
:109C480034335D204632206E6F742072656164790A
:109C5800000000005B43595734335D20434C4D20CE
:109C68006C6F6164206661696C6564006375725F1E
:109C78006574686572616464720000006770696F7A
:109C88006F7574005B252038645D204153594E433D
:109C980028253034782C0000257300002575000035
:109CA8002C25752C25752C2575290A005345545FDC
:109CB80053534944000000004A4F494E0000000039
:109CC80041555448000000004445415554485F49F7
:109CD8004E4400004153534F430000004449534150
:109CE80053534F43000000004449534153534F43DB
:109CF8005F494E44000000004C494E4B00000000F4
:109D080050534B5F53555000455343414E5F5245A6
:109D180053554C54000000004353415F434F4D508E
:109D28004C4554455F494E44000000004153534F91
:109D3800435F5245515F4945000000004153534F6E
:109D4800435F524553505F49450000004E6F205015
:109D5800494F207374617465206D616368696E652D
:109D6800732061726520617661696C61626C65005F
:109D78004E6F20444D41206368616E6E656C7320A0
:109D880061726520617661696C61626C65000000D2
:109D9800637977343320686173206E6F2065746847
:109DA80065726E657420696E7465726661636500BC
:109DB8006173796E635F636F6E74657874206C6F1E
:109DC800636B5F636865636B206661696C656400DB
:109DD800FFFFFFFFFFFFFF7F06005250D3F07542E1
:109DE800C099001006005250E182887FC89900107F
:109DF800060052503ABCA911D899001006005250DA
:109E0800ABB36053DC99001006005250BBFF3CB660
:109E1800E499001006005250861C0302EC990010C9
:109E2800060052505422A29DF49900100500525089
:109E3800DE65F46858210410F82F0010A82F0010D0
:109E4800A82F0010F02F0010A82F0010A82F001026
:109E5800A82F0010A82F0010A82F0010A82F00105E
:109E6800A82F0010E82F0010A82F0010E02F0010D6
:109E7800A82F0010A82F0010D82F0010AC32001007
:109E88000E300010A63200100E3000109032001074
:109E98000E3000100E3000100E3000100E30001082
:109EA8000E3000100E3000100E3000100030001080
:109EB8000E3000100E3000100E3000100E30001062
:109EC8000E3000100030001034330010622F0010E4
:109ED800622F0010622F0010622F0010622F0010F6
:109EE800622F0010622F0010622F0010622F0010E6
:109EF800622F0010622F0010622F0010622F0010D6
:109F0800622F0010622F0010622F0010622F0010C5
:109F1800622F0010622F0010622F0010622F0010B5
:109F2800622F0010622F0010622F0010622F0010A5
:109F3800622F0010622F0010622F0010622F001095
:109F4800622F0010622F0010C03200100033001082
:109F5800C0320010622F0010622F0010622F001014
:109F6800622F0010622F0010622F0010622F001065
:109F7800622F0010622F0010622F0010622F001055
:109F8800622F0010622F0010622F0010622F001045
:109F9800622F0010D4340010622F0010622F0010BE
:109FA800622F0010622F0010622F0010622F001025
:109FB800622F0010622F0010622F0010D43400109E
:109FC80046330010D4340010C032001000330010A3
:109FD800C032001000000000000000000000F03F48
:109FE800000000000000244000000000000059406C
:109FF8000000000000408F40000000000088C340BF
:10A0080000000000006AF8400000000080842E4133
:10A0180000000000D01263410000000084D797417F
:10A028000000000065CDCD410D0A00003CA00010E5
:10A0380006FF00000160401080E042B0014084103B
:10A048000000000065140000911300009113000047
:10A058009113000091130000911300009113000068
:10A068009113000091130000911300009113000058
:10A078009113000091130000911300009113000048
:10A088009113000091130000911300009113000038
:10A098009113000091130000911300009113000028
:10A0A8009113000091130000911300009113000018
:10A0B8009113000091130000911300009113000008
:10A0C8000048004765140000000000000000000080
:10A0D8000000000000000000000000000000000078
:10A0E8000000000000000000000000000000000068
:10A0F8000000000000000000000000000000000058
:10A108000000000000000000000000000000000047
:10A118000000000000000000000000000000000037
:10A128000000000000000000000000000000000027
:10A138004442505018600100000000000000000078
:10A14800C51B0000C51B0000C51B0000C51B000087
:10A15800C51B0000C51B0000C51B0000D91300006B
:10A16800D513000015140000DD3D0000793900000A
:10A178003B330000D93D0000C9350000B13900006B
:10A188001D3E00004FD50100D93A000013340000ED
:10A198007F340000893E00008B3E0000FB38000041
:10A1A800AD3D00004DD50100C51B0000C51B0000DA
:10A1B800C51B0000C51B0000C51B0000C51B000017
:10A1C800C51B0000C51B0000C51B0000C51B000007
:10A1D800C51B0000C51B0000C51B0000C51B0000F7
:10A1E8009FDC0000C51B0000C51B0000C51B00004C
:10A1F800C51B0000C51B0000C51B0000C51B0000D7
:10A20800C51B0000C51B0000C51B0000C51B0000C6
:10A21800C51B0000C51B0000C51B000047FC000053
:10A22800C51B0000A3FD0000C51B0000C51B0000E6
:10A238009FFD00002BFC0000C51B0000C51B000093
:10A24800C51B0000772E01005B3301001B350100A0
:10A258006F340100DF3301001F320100C51B00000D
:10A26800C51B0000C51B0000BD350100C51B000053
:10A27800C51B0000C51B0000C51B0000C51B000056
:10A28800C51B0000C51B0000C51B0000C51B000046
:10A29800C51B0000C51B0000C51B0000C51B000036
:10A2A800C51B0000C51B0000C51B0000C51B000026
:10A2B800C51B0000C51B0000C51B0000C51B000016
:10A2C800C51B0000C51B0000C51B0000C51B000006
:10A2D800C51B0000C51B0000C51B0000C51B0000F6
:10A2E800C51B0000C51B0000C51B0000C51B0000E6
:10A2F800C51B0000C51B0000C51B00007916000027
:10A3080081160000191F0000352E0000892E00005C
:10A31800ED3F0000F93F000069510000D1B1000095
:10A32800B9DC0000B1FB0000C1350100691600006E
:10A338008D1600009D1700009D180000E51B000009
:10A34800851C0000F51C0000791D0000251F000079
:10A35800A12E0000953F00000540000005490000BF
:10A36800474C00009D4D0000A54D0000A94D000080
:10A37800C51B0000C54D0000FD4D0000054E000046
:10A388005B4E00005F4E00006D4E0000956C0000B3
:10A39800C51B000085510000C51B0000056D0000AD
:10A3A8003D94000081A2000059A30000C9A3000049
:10A3B800C5CA0000E5CA0000E1CE0000C1DC00000B
:10A3C800D1DC00002FE2000049E4000091E8000021
:10A3D80083FB000089FB00001D170100010000003D
:10A3E8000000000820000000000200000400000037
:10A3F800FF03000050000000010000000100000001
:10A408000A0708010000000008000000010400001D
:10A418000100000004000400080001000000000022
:10A428000000000000000000000000000000000024
:10A438000000000000000000000000000000000014
:10A448000000000000000000000000000000000004
:10A4580000000000000000000000000000000000F4
:10A4680000000000000000000000000000000000E4
:10A4780000000000000000000000000000000000D4
:10A4880000000000000000000000000000000000C4
:10A4980000000000000000000000000000000000B4
:10A4A80000000000000000000000000000000000A4
:10A4B8000000000000000000000000000000000094
:10A4C8000000000000000000000000000000000084
:10A4D8000000000000000000000000000000000074
:10A4E8000000000000000000000000000000000064
:10A4F8000000000000000000000000000000000054
:10A508000000000000000000000000000000000043
:10A518000000000000000000000000000000000033
:10A528000000000000000000000000000000000023
:10A538000000000000000000000000000000000013
:10A548000000000000000000000000000000000003
:10A5580000000000000000000000000000000000F3
:10A5680000000000000000000000000000000000E3
:10A5780000000000000000000000000000000000D3
:10A5880000000000000000000000000000000000C3
:10A5980000000000000000000000000000000000B3
:10A5A80000000000000000000000000000000000A3
:10A5B8000000000000000000000000000000000093
:10A5C8000000000000000000000000000000000083
:10A5D8000000000000000000000000000000000073
:10A5E8000000000000000000000000000000000063
:10A5F8000000000000000000000000000000000053
:10A608000000000000000000000000000000000042
:10A618000000000000000000000000000000000032
:10A628000000000000000000000000000000000022
:10A638000000000000000000000000000000000012
:10A648000000000000000000000000000000000002
:10A6580000000000000000000000000000000000F2
:10A6680000000000000000000000000000000000E2
:10A6780000000000000000000000000000000000D2
:10A6880000000000000000000000000000000000C2
:10A6980000000000000000000000000000000000B2
:10A6A80000000000000000000000000000000000A2
:10A6B8000000000000000000000000000000000092
:10A6C8000000000000000000000000000000000082
:10A6D8000000000000000000000000000000000072
:10A6E8000000000000000000000000000000000062
:10A6F8000000000000000000000000000000000052
:10A708000000000000000000000000000000000041
:10A718000000000000000000000000000000000031
:10A728000000000000000000000000000000000021
:10A738000000000000000000000000000000000011
:10A748000000000000000000000000000000000001
:10A7580000000000000000000000000000000000F1
:10A7680000000000000000000000000000000000E1
:10A7780000000000000000000000000000000000D1
:10A7880000000000000000000000000000000000C1
:10A7980000000000000000000000000000000000B1
:10A7A80000000000000000000000000000000000A1
:10A7B8000000000000000000000000000000000091
:10A7C8000000000000000000000000000000000081
:10A7D8000000000000000000000000000000000071
:10A7E8000000000000000000000000000000000061
:10A7F8000000000000000000000000000000000051
:10A808000000000000000000000000000000000040
:10A818000000000000000000000000000000000030
:10A828000000000000000000000000000000000020
:10A838000000000000000000000000000000000010
:10A8480000F459B200000000FFF75E9F000000000E
:10A8580000F463B100000000FFF7419D0000000014
:10A86800FFF76D9C00000000F3F7AE9800000000B1
:10A87800E9F7679E00000000E5F7989D00000000DA
:10A88800E4F7829F00000000D3F77C9B00000000E3
:10A89800CFF7EC9900000000C9F7D89E000000002F
:10A8A800C8F75A9F00000000C8F7B49C00000000D9
:10A8B800C2F7549F00000000C0F7449C000000004D
:10A8C800C0F7329A00000000BFF78C9D000000001E
:10A8D800BFF7569F00000000C2F71E9D0000000051
:10A8E800E1F7C29C00000000BFF7049800000000D8
:10A8F800BEF7A69E00000000BDF77C9F0000000088
:10A90800BBF76D9C00000000A2F73E9D0000000010
:10A91800B7F7E29A00000000DDF7329B0000000064
:10A92800B9F7889E00000000B2F7669B000000009F
:10A93800B2F7F69A00000000B2F77C990000000018
:10A94800B1F7869A00000000DAF7669C0000000064
:10A95800B0F76E9E00000000C1F7FE9A00000000EC
:10A96800AEF73B9B00000000A0F7F69D000000003A
:10A97800A0F7169C00000000ABF7F09E0000000056
:10A98800A2F7E09C00000000A2F7DE9A0000000099
:10A99800A0F7FB98000000009FF7AE9F00000000A2
:10A9A8009EF7B699000000009DF77C9D000000000E
:10A9B8009BF7329D000000009AF7F89F0000000006
:10A9C800A0F7E09E00000000A0F70F9F0000000025
:10A9D80099F7DE9A00000000A0F7939C00000000A1
:10A9E800D7F7289F00000000D7F71C9A0000000046
:10A9F800D7F7169C00000000D9F78A9C00000000D9
:10AA080093F7709A0000000093F776990000000011
:10AA180093F7CD9D0000000093F77D9B0000000098
:10AA280093F7B89A0000000092F7649F00000000B6
:10AA380092F7029D0000000092F7D29A00000000F1
:10AA480092F700990000000092F7149800000000A7
:10AA580092F7129B000000008FF724990000000075
:10AA6800D7F7449B00000000D7F7129B00000000B6
:10AA7800D6F7989E000000008CF7539C0000000059
:10AA88008CF7939D000000008BF74B9F000000009F
:10AA98008CF78E990000000089F7749E0000000072
:10AAA800000000000000000000000000000000009E
:10AAB800000000000000000000000000000000008E
:10AAC800000000000000000000000000000000007E
:10AAD800000000000000000000000000000000006E
:10AAE800000000000000000000000000000000005E
:10AAF800000000000000000000000000000000004E
:10AB0800000000000000000000000000000000003D
:10AB1800000000000000000000000000000000002D
:10AB2800000000000000000000000000000000001D
:10AB3800000000000000000000000000000000000D
:10AB480000000000000000000000000000000000FD
:10AB580000000000000000000000000000000000ED
:10AB680000000000000000000000000000000000DD
:10AB780000000000000000000000000000000000CD
:10AB880000000000000000000000000000000000BD
:10AB980000000000000000000000000000000000AD
:10ABA800000000000000000000000000000000009D
:10ABB800000000000000000000000000000000008D
:10ABC800000000000000000000000000000000007D
:10ABD800000000000000000000000000000000006D
:10ABE800000000000000000000000000000000005D
:10ABF800000000000000000000000000000000004D
:10AC0800000000000000000000000000000000003C
:10AC1800000000000000000000000000000000002C
:10AC2800000000000000000000000000000000001C
:10AC3800000000000000000000000000000000000C
:10AC480000000000000000000000000000000000FC
:10AC580000000000000000000000000000000000EC
:10AC680000000000000000000000000000000000DC
:10AC780000000000000000000000000000000000CC
:10AC880000000000000000000000000000000000BC
:10AC980000000000000000000000000000000000AC
:10ACA800000000000000000000000000000000009C
:10ACB800000000000000000000000000000000008C
:10ACC800000000000000000000000000000000007C
:10ACD800000000000000000000000000000000006C
:10ACE800000000000000000000000000000000005C
:10ACF800000000000000000000000000000000004C
:10AD0800000000000000000000000000000000003B
:10AD1800000000000000000000000000000000002B
:10AD2800000000000000000000000000000000001B
:10AD3800000000000000000000000000000000000B
:10AD480000000000000000000000000000000000FB
:10AD580000000000000000000000000000000000EB
:10AD680000000000000000000000000000000000DB
:10AD780000000000000000000000000000000000CB
:10AD880000000000000000000000000000000000BB
:10AD980000000000000000000000000000000000AB
:10ADA800000000000000000000000000000000009B
:10ADB800000000000000000000000000000000008B
:10ADC800000000000000000000000000000000007B
:10ADD800000000000000000000000000000000006B
:10ADE800000000000000000000000000000000005B
:10ADF800000000000000000000000000000000004B
:10AE0800000000000000000000000000000000003A
:10AE1800000000000000000000000000000000002A
:10AE2800000000000000000000000000000000001A
:10AE3800000000000000000000000000000000000A
:10AE480000000000000000000000000000000000FA
:10AE580000000000000000000000000000000000EA
:10AE680000000000000000000000000000000000DA
:10AE780000000000000000000000000000000000CA
:10AE880000000000000000000000000000000000BA
:10AE980000000000000000000000000000000000AA
:10AEA800000000000000000000000000000000009A
:10AEB800000000000000000000000000000000008A
:10AEC800000000000000000000000000000000007A
:10AED800000000000000000000000000000000006A
:10AEE800000000000000000000000000000000005A
:10AEF800000000000000000000000000000000004A
:10AF08000000000000000000000000000000000039
:10AF18000000000000000000000000000000000029
:10AF28000000000000000000000000000000000019
:10AF38000000000000000000000000000000000009
:10AF480000000000000000000000000000000000F9
:10AF580000000000000000000000000000000000E9
:10AF680000000000000000000000000000000000D9
:10AF780000000000000000000000000000000000C9
:10AF880000000000000000000000000000000000B9
:10AF980000000000000000000000000000000000A9
:10AFA8000000000000000000000000000000000099
:10AFB8000000000000000000000000000000000089
:10AFC8000000000000000000000000000000000079
:10AFD8000000000000000000000000000000000069
:10AFE8000000000000000000000000000000000059
:10AFF8000000000000000000000000000000000049
:10B008000000000000000000000000000000000038
:10B018000000000000000000000000000000000028
:10B028000000000000000000000000000000000018
:10B038000000000000000000000000000000000008
:10B04800D41B80000400000000080000B422800027
:10B0580004000000080800007823800004000000B5
:10B0680010080000C4278000040000001808000031
:10B07800302880000400000020080000D817810054
:10B08800040000002808000000D08100040000002F
:10B09800300800001C14820004000000380800007A
:10B0A8002838820004000000400800006C66830015
:10B0B8000400000048080000ACAD83000400000054
:10B0C8005008000008088400040000005808000028
:10B0D8001C1A840004000000600800009822840004
:10B0E80004000000680800002C8A840004000000A6
:10B0F80070080000D8BE8400040000007808000032
:10B10800C0BF8400040000008008000010C3840051
:10B11800040000008808000078C9840004000000CA
:10B12800900800002C91840004000000980800009A
:10B138000C4C820004000000A0080000FCD9840028
:10B1480004000000A808000084E384000400000054
:10B15800B008000018EC840004000000B8080000E3
:10B168000C19850004000000C008000084C0860097
:10B1780004000000C80800004466850004000000C0
:10B18800D008000010A2820004000000D8080000C7
:10B19800003B850004000000E008000084B685003C
:10B1A80004000000E8080000E8B68500040000007C
:10B1B800F0080000CCBA850004000000F808000080
:10B1C800F8C885000400000000090000B0BE820035
:10B1D8000400000008090000ACD485000400000049
:10B1E80010090000E09B840004000000180900001A
:10B1F800B8FB8500040000002009000038E3860041
:10B2080004000000280900006CEA86000400000021
:10B2180030090000282586000400000038090000D5
:10B22800F0C0860004000000400900003CC386000E
:10B23800040000004809000018F986000400000016
:10B248005009000064FA8600040000005809000054
:10B2580044098700040000006009000010138700FB
:10B268000400000068090000103387000400000093
:10B27800700900005C3B87000400000078090000AA
:10B28800A0D98600040000008009000058DA860072
:10B298000400000088090000B8608700040000006E
:10B2A8009009000018E086000400000098090000DA
:10B2B800ACE4820004000000A009000058EF8200FE
:10B2C80004000000A8090000E4F182000400000066
:10B2D800B0090000C0F2820004000000B8090000B4
:10B2E800D4D1870004000000C0090000D4D487002E
:10B2F80004000000C8090000BCD687000400000054
:10B30800D0090000F4D9870004000000D809000023
:10B31800C0DA870004000000E0090000DCDC8700D8
:10B3280004000000E8090000F8DC870004000000C1
:10B33800F009000088DD870004000000F80900001B
:10B348007CE2870004000000000A0000CCE38700CC
:10B3580004000000080A0000F4E58700040000006B
:10B36800100A00009026880004000000180A000057
:10B37800A40B830004000000200A00007C0E830058
:10B3880004000000280A00000819830004000000D7
:10B39800300A00005058880004000000380A0000F5
:10B3A8002059880004000000400A0000D462880088
:10B3B80004000000480A00008469880004000000B6
:10B3C800500A0000DC98880004000000580A0000B9
:10B3D8006846836941690BB503695A4651460EB4FC
:10B3E8004A46414606B4C36882684168FEB40368A9
:10B3F800C269EFF303810EB48269EFF3058106B4E5
:10B40800034801680029FED06846884714B000BD8B
:10B418003C14000062B6704772B670470449084091
:10B42800002803D003490A6802430A6070470000F5
:10B43800FFFF000000E100E004490840002804D0B4
:10B4480003490A68C04302400A607047FFFF0000D2
:10B4580080E100E00249096890228858704700009E
:10B4680044140000024909689C2288507047000073
:10B4780044140000DDBAADBB00000000000000006D
:10B4880000000000000000000000000000000000B4
:10B4980000000000024A11681060081C7047000094
:10B4A8003C1400005648574900220A500168564A81
:10B4B8000A40564F0F403F4206D15046004202D044
:10B4C8004046004229D1FEE7FC2141580A680F2373
:10B4D80013400F2BF1D0012B01D00431F6E70831CE
:10B4E8004B4B13404B4CA34206D100F0C1F88046A9
:10B4F80000F0CAF88146E9E7474CA342E6D10B1FA2
:10B508001B68464C23401824E3409C4600F0B0F8E2
:10B51800824600F0B9F88346D8E7414921224250D3
:10B52800374A40498958FF23194219D051683E4B80
:10B53800194215D01168344B1940D36A10E0A34260
:10B548000ED0C0460CE039498958194208D038490C
:10B55800895819409942FAD1364B11691942FCD0E1
:10B5680049463F4204D19823CB581024E34001E0D8
:10B57800314BCB581C242340002B01D000F092F80B
:10B5880040462E49086048462D49086050462D49D6
:10B59800086060462C4908602C490F602C4D2D49E5
:10B5A8000D602D482D49002204C08142FCD8043D7D
:10B5B800AD46009DEC431023DD41AC4210D1240C74
:10B5C800A400274D2C606B461B1B2648264D28607F
:10B5D800002C05D01D68056004330430043CF9DCF8
:10B5E80081B0224B1B490D68ED1A0D606C46E41AB8
:10B5F800A546684600090001854600F0D7FCFEE72D
:10B608000000001814060000FFFF0000000000F012
:10B6180000FF0F00002A0800000E0800000000FFCD
:10B62800E0010000040600000000380018060000D1
:10B638000C0600000010000008040000441400007C
:10B64800481400004C14000050140000401400007E
:10B6580000000800945C0100BC5F01009C660100CA
:10B668009C5C01008C750200985C010000000100E0
:10B6780008680F2204310240052AF9D1014A104016
:10B68800F746000000F0FFFF08680F22043102406F
:10B69800052AF9D180221042F6D0014A1040F74617
:10B6A80000F0FFFFFEE7000000487047BC5F0100A4
:10B6B80000487047FC5F0100004870476060010067
:10B6C800004870470860010003F04ABA01238B4024
:10B6D8002DE9F74FB3F5001F28BF4FF40013042BD3
:10B6E80038BF04230330019320F00304FFF7E0FF81
:10B6F800354B0022D3F800B015469446134627E090
:10B70800D1F800A0A24522D301F10807019E07EB5A
:10B718000A08C6F10009C4EB080609EA0606BE4293
:10B7280015D3DDF8049009F1FF3919EA070FCDF8B0
:10B73800009002D0F71B072F09D9C4EB0A075F4511
:10B7480005D2424635466FB1BB4684460B4608468D
:10B7580041680029D4D13BB91C4A18461168013107
:10B7680011602FE084460B46521B111B072909D98B
:10B7780018682A19401A08391860295159685160FF
:10B788005A6022461968891A072903D85A68CCF8DA
:10B79800042004E05A50A1F108021A605B180C4812
:10B7A800002219685A6002688A180260094801680C
:10B7B800083101608918084A1068814288BF116001
:10B7C80003F10800BDE8FE8FF4030000F003000059
:10B7D80014040000480400000460010038B5194B47
:10B7E80050F8082C196805468A1A1A60164BA0F1F9
:10B7F80008041A68083A1A60FFF75AFF02E0A342E1
:10B8080003D218464368002BF9D155F8082CA9181B
:10B818008B4205D119685B685218083245F8082C24
:10B828006360036803F108028218A24207D155F841
:10B83800082C9B18083303606368436000E0446089
:10B84800002038BD140400004804000010B5002191
:10B858004022044605F04ADC104B2360104B63601D
:10B86800104BA360104BE360104B2361104B6361D6
:10B87800104BA361104BE361104B2362104B6362C2
:10B88800104BA362104BE362104B2363104B6363AE
:10B89800104BA363104BE36310BD00BF0000000012
:10B8A800F8370100F8370100915C0100945C010051
:10B8B800BC5F0100BC5F01009C6601009C66010042
:10B8C800FCB60200FCB602008C6A0300FC00000013
:10B8D800000100000000000000000000F0B52D4D40
:10B8E80091B06846FFF7B2FF2978002937D1089848
:10B8F800099C241A06D0224605F0F8DB0898214650
:10B9080009F06EDD22462449244805F015DC244B55
:10B9180000241C7001232B70224D09F091DC2B6848
:10B92800002B33D01A78002A30D09F895E890CE02A
:10B938002B681D4AD98910680AF076DC0134014663
:10B9480030B1184B186806F0B1DBA319BB42EFDB26
:10B95800164B29681868012206F0ECDB16E0144E35
:10B96800317899B90A980B9C241A06D0224605F01A
:10B97800BDDB0A98214609F033DD08480D49224607
:10B9880005F0DADB00232B700123337009F058DC53
:10B9980011B0F0BDFC0300009AFB88005539010086
:10B9A8001460010044040000900400002C0400000E
:10B9B8006C600100521E8900014B1868704700BF77
:10B9C800945C0100002070472DE9F04F9DB00AA853
:10B9D800FFF73CFFFFF7F0FF0446FFF7F3FF0A9B72
:10B9E8000B9A0F99D21A0E9B0D9DC3EB0109119961
:10B9F800109B6E4ECB1A0C99DFF80082C1EB050B39
:10BA080093443268D8F8001002F50052521A4A449A
:10BA1800D2185A44141924180994DFF8E4A1644C84
:10BA2800644F2268DAF800506348AD183A68089302
:10BA3800C5EB020CCDF81CC005F07EDB089B09F5B0
:10BA48007E71019303F57E7307339B0A07310BF56B
:10BA58007E72890A073202930823920A009103939F
:10BA680059464B46554805F067DB33682068396806
:10BA7800DDF81CC00190039300F57E7003F57E731A
:10BA88000CF57E7601F57E7207300733800A9B0A33
:10BA980007320736B60A920A02900493484863466A
:10BAA800009605F049DB099905F57E7201F57E736C
:10BAB80007339B0A0732920A00932946099B41489B
:10BAC80005F03ADB404B414F1968414805F034DB3B
:10BAD8003968404B0A6846469A4203D03E4805F00A
:10BAE8002BDB25E01A910B4604E015683948131D35
:10BAF800854203D11A461BAB9A42F6D333681AAD76
:10BB0800009336482B461A9205F016DB3B681A9AC2
:10BB1800E91A3348D31A0A46009305F00DDB336857
:10BB28001A9A591B2F489B1A0A46009305F004DB02
:10BB38002D4B1B684BB31A783AB35989DD891A899A
:10BB480001FB05F638354D4306F57E7307339B1226
:10BB58008DE8280005F57E7307339B12029323486E
:10BB6800334605F0E9DA2368DAF80020991B9B18B8
:10BB78005B1B03F57E7001F57E720730800A073281
:10BB88000090920A1A4805F0D7DA1A4B1D6809F096
:10BB980081DD044609F078DD294603462246164829
:10BBA80005F0CADA1DB0BDE8F08F00BF04600100DF
:10BBB80014040000F40300008839010097390100DB
:10BBC800D63901001B3A0100F0030000686001004B
:10BBD800563A01004B415453713A0100953A01001D
:10BBE800CC3A0100F13A010044040000173B01007F
:10BBF800443B0100040400006C3B0100106001009C
:10BC08004804000008B57146034805F095DA01209C
:10BC1800BDE8084009F0249E9A3B0100004870479F
:10BC2800186001002DE9F34107460C4609F032DDA2
:10BC380010B909F035DD3AE0002620460DF106017D
:10BC48006A46ADF80660009607F103080AF072D953
:10BC5800009D28F00308454440F638039D4226D845
:10BC68002DB328463146FFF731FD0446F8B1314679
:10BC7800009A05F03BDA009BA781ED1AE218C8EBA1
:10BC8800050802EB0803A3606368013D62F314032F
:10BC980063601B0C65F34F13E380204609F0DEDC7C
:10BCA80001232080A370BDF80630E38104E0044B33
:10BCB80000241A6801321A602046BDE8FC8100BFE2
:10BCC8004C04000038B50446E389590621D4A2780B
:10BCD800013AD2B2A270002A27D1E27862B1134B9E
:10BCE800204653F82250E9890AF0D4D9284621463B
:10BCF800BDE8384006F0509ADA0516D40C4B2046B9
:10BD0800A360218809F0D4DC2046BDE83840FFF75D
:10BD180065BD074B2046A3602188A56B09F0C8DCE8
:10BD28002046FFF75BFD2C46CEE738BD5061010089
:10BD3800EFBEADDEF8B51F4E01220D46306800217A
:10BD480002F0AAFF002108220746306802F0A4FF8B
:10BD5800022D014610D107EA000414F4806406D0CD
:10BD6800306821F48061002202F096FF2C46FA0424
:10BD78001ED544F004041BE0052D10D107F400641F
:10BD8800D4F1010438BF0024BB0511D5306841F453
:10BD98008061002202F080FF44F0200408E035B9F9
:10BDA800306829460522BDE8F84002F075BF002436
:10BDB8002046F8BD0004000029B9034B1146186855
:10BDC800072202F069BF7047000400002DE9FF4711
:10BDD8000446FFF723FF2368C462032B03D1474BB4
:10BDE80018680FF0EFD92368A3F110020F2A04D8BE
:10BDF80004B0BDE8F04709F0CF9B032B0FD1404AB0
:10BE0800E36C22F00102934209D1626C063393611C
:10BE1800636C4FF0FF321A6004B0BDE8F087656CC0
:10BE2800FFF7CAFD374E636CF169C3EB000A32684D
:10BE3800354805F081D9A36C21680093636C2246CC
:10BE48000193A36831480293E36800270393E36CE6
:10BE580005F072D9E36904F110010093236A2C48B4
:10BE68000193636A4FEA9A0A0293A36AB946039355
:10BE78000EC905F061D9A36B04F12C010093E36BA3
:10BE880024480193236CB84602930EC905F054D98F
:10BE9800EB682148009395E80E0005F04DD9EB6951
:10BEA80005F1100100931D480EC905F045D918E0A9
:10BEB8007A59D3070FD5FF2A0DD9194B9A4204D9BD
:10BEC80002F16243B3F5801F05D81648394605F0DC
:10BED80033D909F101090437B9F10F0F08F1010845
:10BEE80001D8D045E4D13368002043F4806386E864
:10BEF800180004B0BDE8F04709F0B29C0004000047
:10BF0800D1C0800070600100C63B0100DC3B01002D
:10BF1800113C0100443C0100733C0100913C0100CC
:10BF2800F8370100AF3C0100036810B5022B044646
:10BF380003D0084B18680BF0BDDE2046FFF746FF1C
:10BF48002368022B05D0034B1868BDE810400BF09E
:10BF5800F19E10BD00040000014B1868704700BF37
:10BF6800B46001002DE9F04104464C200E46154608
:10BF780098460AF0D1D80746A0B100214C2205F016
:10BF8800B5D84FF4F0637B634FF47A73FB631C23DB
:10BF98003B640C237B640423C7F80C803E607D60FF
:10BFA800BC60BB643846BDE8F081704710B515F039
:10BFB8004BFF15F059FF15F0B3F816F005F80446D5
:10BFC80015F06CF820461BF0D9FCFFF787FC2046DB
:10BFD800BDE8104009F0AE9A002301E001334008A3
:10BFE8000028FBD1C3F120007047C0177047431EDB
:10BFF80023EA0000FFF7F9BF4840FFF7F8BF22EA3D
:10C00800000208401043704708B5FFF7F8FFC0B2B8
:10C0180008BD2DE9F843DDF8208006460D46144694
:10C028009946002707E0E95DE25D3046FFF7ECFF3F
:10C0380008F8070001374F45F5D1BDE8F8830379C3
:10C04800013BDBB2A3EB511300EB83008068D0F116
:10C05800010038BF0020704710F0010130B51AD038
:10C0680002230122591E01249DB214FA01F1202D48
:10C0780002D09C40013C01E04FF0FF3400FB02F588
:10C088002C40A14234BF891811460133212B0A469E
:10C09800E8D1084630BD084630BD38B5054600F53C
:10C0A8001770FEF3BDF700240AE004F1760005EBF3
:10C0B8008000436813B10430FFF304F70134A4B2DD
:10C0C800B5F85831A342F0D838BD2DE9F041061D26
:10C0D8009AB004460431304604321D46FEF384F615
:10C0E8000746002D30D0204601210AAA202305F159
:10C0F8000408FFF3FDF647B920462946FFF368F622
:10C108000028D4BF0020012000E001200021FFF713
:10C1180073FF3146054642463046FFF3FBF40121E2
:10C1280012AA20232046FFF3E3F602AEE8B20AA9DA
:10C1380012AA20230096FFF76CFF636820460121AE
:10C1480032469B0000F0AEDA1AB0BDE8F081F0B5D7
:10C15800071D9BB004460431384604321D46FFF3E0
:10C16800D9F4064625B320230AAA01212046FFF365
:10C17800BFF630460021FFF73FFF2A1D0646394625
:10C188003846FEF331F6012112AA20232046FFF398
:10C19800AFF602ADF0B20AA912AA20230095FFF764
:10C1A80038FF6368204601212A469B0000F07ADAAE
:10C1B8001BB0F0BD2DE9F041B8B0154606468846DB
:10C1C800FFF3C4F66A68044602329300502B4FD836
:10C1D800D8F8043003339B00902B49D824A9FFF3E7
:10C1E80079F50746002844D06A6805F108019200ED
:10C1F80026A804F0F7DED8F8042020466946033262
:10C20800FFF368F50446002833D02846FFF3A2F66A
:10C218006D686D01451B00E0203515F11F0FFBDB34
:10C2280020464146FFF306F63DB13846294600F060
:10C2380079DA2046294600F075DA201D391DFFF30A
:10C248009FF220463946FFF3C3F5002805DB204658
:10C2580021463A460023FFF77AFF1DB1204669427E
:10C2680000F060DA30462146FFF3E4F5012000E0F3
:10C27800002038B0BDE8F08108B528B1FFF36AF6B0
:10C28800D0F1010038BF002008BD2DE9F041044677
:10C29800ACB00D461646FFF359F66B6862682B94EE
:10C2A800B2EB430F01D3201D08E001210022DB007F
:10C2B800FFF3CAF42B9000284ED00430291DFFF359
:10C2C800DBF23046FFF7D8FF0121FFF795FE202368
:10C2D8000BAA012180462046FFF30AF62B981BADD6
:10C2E800201A18BF01200121FFF786FE2B99074667
:10C2F8002046FFF39FF5012113AA20232046FFF3D0
:10C30800F7F5F8B213A90BAA20230095FFF781FED1
:10C3180001212A4620232046FFF3EAF5324620462B
:10C328002B99FFF747FF0646B8B1012123AA20231E
:10C338002046FFF3DDF503AE5FFA88F023A92A460D
:10C3480020230096FFF765FE324620460121202370
:10C35800FFF3CEF5012600E006462B9B9C4202D057
:10C368002BA8FFF3AFF530462CB0BDE8F0812DE9DE
:10C37800F74FD2F804A007795FFA8AF991F8048098
:10C38800144600F1080609F1FF390D463046002130
:10C39800BA005FFA89F9083404F0A8DE013F08F111
:10C3A800FF3104EB890B6FEA0909C9B24FEA890921
:10C3B800FFB208354FEA880805EB8105CDF80490EF
:10C3C800002306EB8706C8F1000900211DE05FFA8B
:10C3D8008AF84FEA88085C46C8EB0608304600270A
:10C3E8000DE03A46076854F804C90023D2196F587B
:10C3F80043F10003E7FB0C2340F804291F4640459E
:10C40800EFD1019804393350043E4945DFD100206B
:10C41800BDE8FE8F2DE9F04FBDB088464699D0F8AB
:10C428000C900C1D8568039400684C6808F10401A1
:10C43800049109F1040105910790114628461A460E
:10C448000023FFF794FF98F8042099F804302E7918
:10C458000892002109F108009A000835069306F1B0
:10C46800FF3A04F043DE039805EB8A0AA500401959
:10C478004FEAC40B0A90CBEB0A0B5146A4460020A6
:10C48800AE462BE00B68079A0A9F53430E46099362
:10C498002546002002910EE057F8043931680B93C5
:10C4A800002342180B98099943F10003E1FB00238C
:10C4B80046F80429184615F1FF35EDD20299A50072
:10C4C8004D1B07E01E680023821943F1000345F85D
:10C4D80004291846AB452B46F4D304391CF1FF3C1C
:10C4E800D0D2059A069B754602EB8306CBF800006E
:10C4F800CEEB0A0A2246002303E05AF80310F15053
:10C50800043B013A971CF8D10021D9F80800FFF73D
:10C5180073FD0599039A07460498FFF3FBF202217D
:10C528002B4640460CAAFFF3E3F40498089900EB65
:10C53800810303E056F8042943F8042914F1FF3471
:10C54800F8D202211CAA2B464046FFF3D1F42CACAA
:10C55800F8B21CA90CAA2B460094FFF75AFD4046D6
:10C56800022122462B4600F09DD800203DB0BDE8B0
:10C57800F08F2DE9F04F04468BB0184609921F46FC
:10C588000891FFF3E3F47B6804F5AC7206929B0014
:10C59800002200250590A4F8582107932E4668E04C
:10C5A80004EB8609D9F80410002960D00698FFF337
:10C5B800D7F0804600285AD101214246079B0598AA
:10C5C800FFF342F305F1200A04EB8A0ACAF85C017A
:10C5D800D9F8040004EB8503C3F85C01FFF7FCFC01
:10C5E800C0F11F00C0B204900999DAF85C01FFF3AA
:10C5F80021F4C146DDF810A032E04FF0010B05F13F
:10C60800200884F860B204EB8808D8F85C1104F5B7
:10C61800177C60460A460B46CDF80CC00097FFF71A
:10C62800F9FE049ADDF80CC053B2C9EB03030BFA08
:10C6380003FB04EB86035B681BEA030F0AD00023A5
:10C6480084F86032D8F85C116046089A0B46009767
:10C65800FFF7E0FE0AF1FF3A5FFA8AFA09F10109E9
:10C668001AF0800FC9D00135EDB2A4F8585101363F
:10C67800F6B294F84431B34292D801200BB0BDE829
:10C68800F08F2DE9F04F8346ADF52F7D18461C46F7
:10C6980089469246FFF35AF4676801258046BE0032
:10C6A80000212422A1A804F021DD294600223346D6
:10C6B8004046A195FFF3C8F2294600223346AB90C5
:10C6C8004046FFF3C1F2294600223346AC9040466B
:10C6D800FFF3BAF202217B198B40AD90A1AA404624
:10C6E800FFF3B2F2AA90AB9800F008D8267904F1CB
:10C6F8000805013EF6B255F8260010F0010000F0DA
:10C7080093804946AA9A2346AC98FFF32DF723460F
:10C71800AB99AA9AAD98FFF327F755F82600FFF7CB
:10C728009BFC002105464FF41E7203A804F0DEDCD2
:10C7380005236A4221469AA88DF80C30FEF37CF452
:10C74800514603A8FEF3DEF3234603A8AC99AD9A3D
:10C75800FFF70FFF9DF8507107F1FF381FFA88F8AF
:10C768000FFA88F3002B4FDB03A800EB830359680B
:10C7780059A8FEF3BBF61F2846D803A901EB80038E
:10C78800D3F8DC11AD98FFF355F3C8F10008002584
:10C798002DE0AD9901238DF86C329AA80A460B4614
:10C7A8000094FFF737FEBB1E1BB203A8EA18C31894
:10C7B8005B1993F80431314601369942E9DB00EB05
:10C7C8008203596891B1002359A88DF86C32FEF3A1
:10C7D8008DF61F2818D803A901EB8003AD990094A2
:10C7E800D3F8DC219AA80B46FFF714FE013D454516
:10C7F8004FF00006D7D19AA85946AD9AAB9B8DF851
:10C808006C620094FFF706FE03A8FFF746FCACA88D
:10C81800FFF358F3ADA8FFF355F3ABA8FFF352F3BA
:10C82800AAA8FFF34FF301200DF52F7DBDE8F08F87
:10C838002DE9F04FB3B0039018461C468A4693463C
:10C84800FFF384F3D4F80490012509F10107BF0030
:10C8580080464FEA890600213A4605A804F046DCDE
:10C8680029460022334640460595FFF3EDF1294657
:10C87800002233462E904046FFF3E6F12946002277
:10C8880033462F904046FFF3DFF129460022334616
:10C8980030904046FFF3D8F102213B46319005AA7B
:10C8A8004046FFF3D1F12D902E98FFF327F7267914
:10C8B80004F10805013EF6B255F82600DAF80470CE
:10C8C80010F0010000F08B8051462D9A23462F98D6
:10C8D800FFF34AF62E992D9A23463098FFF344F633
:10C8E80055F82600FFF7B8FB7F014242214626A8EB
:10C8F800FEF3A2F3013F01E0A6F12007BEB25846BD
:10C908003146FFF79CFB0028F6D109F1FF393FB209
:10C918000BF1080AA9EB67175AF82700FFF75CFB29
:10C92800361A3BE0309901250A460B4626A88DF8B1
:10C938009C500094FFF76EFD294616AA20233098D4
:10C94800FFF3D6F230994FF000080B462F9A26A82D
:10C958008DF89C800094FFF75DFD1EAA29462023D0
:10C968003098FFF3C5F206F01F0015FA00F0A9EBA6
:10C9780067175AF8273041461840FFF73DFB0EAFBE
:10C98800C0B216A91EAA20230097FFF742FB3098D1
:10C9980029463A462023FFF385F6013EB6B237B260
:10C9A800002FBFDA00230399309A8DF89C3026A80F
:10C9B8002E9B0094FFF72EFD26A8FEF331F32FA837
:10C9C800FFF380F230A8FFF37DF22EA8FFF37AF28E
:10C9D8002DA8FFF377F231A8FFF374F2012033B0EA
:10C9E800BDE8F08F2DE9F04FBFB0039018461D4603
:10C9F80089469246FFF3AAF26E6802230124B60024
:10CA080000278DF8F7300A233C9321463A463346EF
:10CA1800804637973B978DF8F640FFF315F121468E
:10CA28002D903A4633464046FFF30EF121462E90AC
:10CA38003A4633464046FFF307F102212F903A4623
:10CA480033464046FFF300F1214630903A463346DC
:10CA58004046FFF3F9F0214631903A4633464046C6
:10CA6800FFF3F2F0214632903A4633464046FFF350
:10CA7800EBF0214633903A4633464046FFF3E4F064
:10CA8800214634900DF1F60223463398FFF30AF657
:10CA980021460DF1F70223463498FFF303F62146A9
:10CAA8003A4633464046FFF3CFF0214635903A46A2
:10CAB80033464046FFF3C8F0214636903A4633469F
:10CAC8004046FFF3C1F0214638903A463346404687
:10CAD800FFF3BAF0214639903A4633464046FFF311
:10CAE800B3F021463A903CAA23463098FFF3DAF592
:10CAF80030982B4602462946FFF729FB03992A4618
:10CB08002D98FFF7C2FB2B4630992D9A2E98FFF3EC
:10CB18002BF52E992A462F98FFF7B7FB2E982F9AB8
:10CB280001462B46FFF7D1FA2E98FFF7A5FB2146C1
:10CB3800FFF762FA29468446349A2F982B46CDF897
:10CB480008C0FFF704FB2E992F9A2B463198FFF760
:10CB58006FFE4A462B4630992E98FFF305F52E981E
:10CB680029460246FFF374F251462E9A2B46359811
:10CB7800FFF3FAF452462B462E982946FFF7E7FAB8
:10CB8800484629462F9AFFF363F22E982F9A0146BA
:10CB98002B46FFF3E9F42F983399319A2B46FFF788
:10CBA80094FA2E992F9A2B463698FFF3DDF420231A
:10CBB80021461DAA3598FFF39BF12023214625AA7B
:10CBC8003698FFF395F1DDF808C00DF1540B5FFAC4
:10CBD8008CF01DA925AA3346CDF800B0FFF719FA45
:10CBE800334621465A464046FFF32EF02A46014670
:10CBF80037902E98FFF749FB2E98379A01462B4617
:10CC0800FFF3B2F44946379A2B462F98FFF3ACF45A
:10CC18002E982F9A01462B46FFF757FA5246399815
:10CC28002E992B46FFF751FA30992D9A2B462E98BC
:10CC3800FFF39AF42B462E99379A3898FFF394F419
:10CC480038992A462E98FFF720FB2E98389A0146E5
:10CC58002B46FFF389F44946389A2B462F98FFF361
:10CC680083F42E982F9A01462B46FFF72EFA524648
:10CC78003A982E992B46FFF728FA339A2B462E9886
:10CC88002946FFF764FA2E982146FFF34BF52E98B4
:10CC98002B4602463999FFF7CBFD2E98FFF7ECFAA1
:10CCA800214681462E98FFF3AFF2214640EA09005B
:10CCB800FFF7A2F9214681461DAA20233998FFF3E0
:10CCC80017F15FFA89F92023214625AA3A98FFF33C
:10CCD8000FF148461DA925AA3346CDF800B0FFF745
:10CCE80098F921465A4633464046FEF3ADF72023CD
:10CCF8003B9021461DAA3798FFF3FAF020232146DE
:10CD080025AA3898FFF3F4F00DF1140A48461DA936
:10CD180025AA3346CDF800A0FFF77BF92023284643
:10CD280021461DAAFFF3E4F006F1FF393EAB994412
:10CD380019F8843C03F00303032B03D0444804F0A0
:10CD4800FBD954E03A46404621463346FEF37CF789
:10CD58003B4680462946339A2E98FFF7B6F92E9817
:10CD68000221FFF3DFF42B463B992E9A4046FFF74A
:10CD78005FFD21461DAA20230398FFF3B9F025AAD9
:10CD8800202321464046FFF3B3F019F8840C19F824
:10CD9800641C00F0010001F00101FFF72DF929469C
:10CDA8002B46074642462E98FFF7D1F921461DAA81
:10CDB80020234046FFF39CF0214625AA20232E98E5
:10CDC800FFF396F00AEB0605F8B21DA925AA33462B
:10CDD8000095FFF71EF92146524633464898FFF35F
:10CDE80061F4499821462A463346FFF35BF42DA89F
:10CDF800FFF368F02EA8FFF365F02FA8FFF362F0A9
:10CE080031A8FFF35FF030A8FFF35CF032A8FFF31E
:10CE180059F033A8FFF356F034A8FFF353F035A8C0
:10CE2800FFF350F036A8FFF34DF037A8FFF34AF0B0
:10CE38003BA8FFF347F038A8FFF344F039A8FFF305
:10CE480041F03AA8FFF33EF000203FB0BDE8F08F74
:10CE5800E93C010000487047883D010000487047E0
:10CE6800103D0100004870474C3D010000487047E4
:10CE7800C43D0100012801D1FFF7F0BF022801D10C
:10CE8800FFF7F0BF032801D1FFF7F0BF042801D155
:10CE9800FFF7E0BF0020704700487047DC600100E2
:10CEA80000487047305D0100014B43F8201070477F
:10CEB80050610100034B53F82000431A584240EBDD
:10CEC800030070475061010042893C2928BF3C217A
:10CED800034691422CBF08461046988170470000CF
:10CEE80000F13402342A08B5034606D90548202142
:10CEF800054A04F061D9034808BD044A434252F880
:10CF0800230008BD306101007F3E01000CA28800AB
:10CF180038B5049C1D467CB1FF2B0DD002B95BB916
:10CF28006B1C2070A170637025B11146E01C2A4665
:10CF380004F058D803356419204638BDC0F3804042
:10CF480070470000044B00F44032134303420CBF07
:10CF580000200120704700BFD091540038B5054625
:10CF6800FFF7F0FF38B10B4B2B4033B915F49004A1
:10CF780018BF182402E0044600E01024284605F0F3
:10CF8800BDDF20B1034B2B40002B18BF10242046D7
:10CF980038BD00BFC4D1040000487047685D010077
:10CFA80000487047785201000020704708B5FFF725
:10CFB800F3FF41780278012313FA01F113FA02F220
:10CFC8000A4381788B4042EA030008BD2DE9F74304
:10CFD8004FF0000804460F46164699464546012379
:10CFE80003FA08F313EA090F2BD063692046222BB2
:10CFF8000ADDE3695A0607D540F6270100220EF03C
:10D00800AFDA0146204600E000214FF4C4620EF07A
:10D0180047D9C0F8008063692046222B0ADDE369FE
:10D028005B0607D540F6270100220EF099DA014683
:10D03800204600E0002140F224620EF031D9036856
:10D048001D4308F10108B8F11F0FC8D19DF8283019
:10D058004BB145B10123009320462B463946324651
:10D06800FFF7B4FF05432846BDE8FE83816838B55D
:10D0780040F63C039942044628D1C3680B2B03D8D9
:10D088004FF0A871994001D40C2B1FD949F21823ED
:10D098009A4205D049F640439A4217D10C4D00E018
:10D0A8000C4D63692046222B0ADDE369590607D532
:10D0B80040F6270100220EF053DA0146204600E030
:10D0C800002140F2DC620EF0EBD8056038BD00BFED
:10D0D80099010100B601010038B543690446222BC5
:10D0E8000ADDC3695D0607D540F6270100220EF068
:10D0F80037DA0146204601E0204600214FF4C0629D
:10D108000EF0CED80568204605F07C05AD08FFF77F
:10D1180047FF03E08378AB4207D00C3010B1038897
:10D12800002BF7D12046FFF73FFF03884FF47A70B2
:10D13800584338BD70B5044616460D460AF0B0DDB2
:10D1480094F86023094B002818BF0123012A94F89A
:10D15800682308BFD4F85C33012A0CBFD4F86423D1
:10D168006FF000422B60326070BD00BF0100820E7C
:10D178002DE9FF471D46436990460022222B0446AD
:10D1880089460292039209DDC3695F0606D540F617
:10D1980027010EF0E5D90146204601E0204600218E
:10D1A8004FF4C4620EF07CD80560236A20460C2B2D
:10D1B800636916DD222B0ADDE3695E0607D540F6B2
:10D1C800270100220EF0CCD90146204600E00021BC
:10D1D8004FF4C5620EF064D807683F0CBF05BF0D59
:10D1E80014E0222B0ADDE369590607D540F627012A
:10D1F80000220EF0B5D90146204600E000214FF488
:10D20800C5620EF04DD807683F0AFFB20123AB4054
:10D2180000262046494642460096FFF7D7FE0546B7
:10D22800012212FA06F32B4207D000922046494603
:10D238004246FFF7CBFE25EA000501361F2EEFD147
:10D24800204602A903AAFFF775FF029B002625EADC
:10D25800030A35460123AB4013EA0A0F08D02046DB
:10D2680049464246EBB2FFF783FF864238BF06467F
:10D2780001351F2DEED1B81C801904B0BDE8F08728
:10D288002DE9F041069E044615461F46FFF78EFE1F
:10D29800002870D010EA060800EA07072CD0636956
:10D2A8002046222B0ADDE3695A0607D540F62701F6
:10D2B80000220EF055D90146204600E0002140F238
:10D2C8001C620DF0EDDF63690646222B20460ADD5D
:10D2D800E3695B0607D540F6270100220EF040D926
:10D2E8000146204600E0002140F21C620DF0D8DF24
:10D2F800036843EA08033360002F2BD06369204694
:10D30800222B0ADDE3695E0607D540F627010022D5
:10D318000EF026D90146204600E000214FF4C362F2
:10D328000DF0BEDF63690646222B20460ADDE3695D
:10D33800590607D540F6270100220EF011D90146FB
:10D34800204600E000214FF4C3620DF0A9DF036816
:10D358001F433760079B9A0305D4BDE8F0810A2074
:10D3680008F0C8DB01E040F2DD54D5F8E0319B035A
:10D3780001D4013CF3D1BDE8F081F7B51E464369FD
:10D388000446222B0F4615460BDDC3695A0608D5FD
:10D3980040F6270100220EF0E3D800970146204608
:10D3A80002E00097204600214FF0FF334FF4CA6295
:10D3B8000EF026DC6369222B0CDDE3695B0609D5D8
:10D3C80040F62701204600220EF0CAD800960146F2
:10D3D800204602E000962046002140F254622B4687
:10D3E8000EF00EDCFEBDF7B51E4643690446222B3F
:10D3F8000F4615460BDDC3695B0608D540F62701C5
:10D4080000220EF0ADD800970146204602E00097B2
:10D41800204600214FF0FF334FF4CB620EF0F0DBD3
:10D428006369222B0CDDE369590609D540F627010B
:10D43800204600220EF094D800960146204602E0CD
:10D4480000962046002140F25C622B460EF0D8DBA5
:10D45800FEBDF7B51E4643690446222B0F46154606
:10D468000BDDC369590608D540F6270100220EF0E6
:10D4780077D800970146204602E000972046002111
:10D488004FF0FF334FF4CC620EF0BADB6369222B06
:10D498000CDDE3695A0609D540F62701204600222B
:10D4A8000EF05ED800960146204602E0009620461F
:10D4B800002140F264622B460EF0A2DBFEBD4369F8
:10D4C80013B5222B04460DDDC3695B060AD540F669
:10D4D800270100220EF044D84FF4806301460093E0
:10D4E800204604E04FF480630093204600214FF467
:10D4F800C0620EF085DB1CBD2DE9F04F013AD2B2B7
:10D50800082A85B004469A4615D8374B9E5C374B97
:10D518009F5C374B13F80290364B9B5C0393364B5A
:10D5280013F802B0354B9B5C0293354B13F802801D
:10D53800344B9D5C07E00025A8460295AB46039551
:10D54800A9462F462E466369222B0DDDE3695B064B
:10D558000AD540F62701204600220EF001D8CDF862
:10D5680000900146204603E0CDF8009020460021B7
:10D578004FF0FF334FF4CB620EF042DB6369222B8E
:10D588000FDDE36958060CD540F627012046002236
:10D598000DF0E6DF07EA0A03B34001460093204690
:10D5A80005E007EA0A03B34020460093002117FA72
:10D5B80006F340F25C620EF023DB039B83B148FA6A
:10D5C8000BF208EA0A0848FA0BFB2046029C294697
:10D5D800A2400BFA04F305B0BDE8F04FFFF703BF14
:10D5E80005B0BDE8F08F00BF5C5101006551010036
:10D5F8006E5101007751010080510100EC53010088
:10D60800F8510100015201002DE9F843044689460A
:10D618000DF040DE0021064620460EF0EBDB80468A
:10D628002046FFF7B9FC074620460EF055DA494672
:10D63800054642463B782046FFF79AFD0B23023009
:10D648005843074B3146EB18B3FBF5F545432046E5
:10D658000EF0D0DB0A23B5FBF3F5A8B2BDE8F883DA
:10D668003F420F0038B543690446222B0ADDC369DF
:10D678005D0607D540F6270100220DF071DF01464F
:10D68800204601E02046002140F214620DF008DE39
:10D6980063690568222B20460ADDE369590607D528
:10D6A80040F6270100220DF05BDF0146204600E02E
:10D6B800002140F214620DF0F3DD03689D4214D09E
:10D6C80063692046222B0ADDE3695A0607D540F62E
:10D6D800270100220DF044DF0146204600E000212A
:10D6E80040F214620DF0DCDD0568284638BD38B517
:10D6F8001C461D68FFF7B6FF03462360401B38BD74
:10D708002DE9F743002504460F46164698469DF82E
:10D7180028900195FFF7A6FF019063692046222B08
:10D728000ADDE3695B0607D540F6270100220DF004
:10D7380017DF0146204600E000214FF4C2620DF0D9
:10D74800AFDDB9F1010F006801D108B90EE050B999
:10D75800B8EB451F09D920463946324601ABFFF7D9
:10D76800C6FF2D18D9E7002000E001200B9B6D01B2
:10D778001D60BDE8FE832DE9F04F002685B0804688
:10D78800894692460396012503AF404649465246CC
:10D7980043F6982300950197FFF7B2FF044688B92E
:10D7A8008DE881004023404649465246DDF80CB0DA
:10D7B800FFF7A6FF039B38B99B445E4443F69723C3
:10D7C8009E42E0D9284600E0204605B0BDE8F08F2B
:10D7D8002DE9F843994643690446222B0E4615461F
:10D7E800DDF82080099F0ADDC3695A0607D540F68F
:10D7F800270100220DF0B4DE0146204601E0204654
:10D8080000214FF4C3620DF04BDD03682046C9F8D0
:10D8180000306369222B0ADDE3695B0607D540F611
:10D82800270100220DF09CDE0146204600E0002181
:10D8380040F21C620DF034DD03682046C8F8003061
:10D84800D5F8E0313B60FFF7B1FB0746002872D0FE
:10D85800D5F8E031990304D4204631462A46FFF72B
:10D868008AFF63692046222B0ADDE3695A0607D539
:10D8780040F6270100220DF073DE0146204600E045
:10D8880000214FF4C3620DF00BDD63690646222BBD
:10D8980020460ADDE3695B0607D540F6270100222A
:10D8A8000DF05EDE0146204600E000214FF4C36221
:10D8B8000DF0F6DC0368FF433B40336063692046A4
:10D8C800222B0ADDE3695E0607D540F62701002210
:10D8D8000DF046DE0146204600E0002140F21C62C1
:10D8E8000DF0DEDC63690646222B20460ADDE3697B
:10D8F800590607D540F6270100220DF031DE014612
:10D90800204600E0002140F21C620DF0C9DC0368EB
:10D9180040F2DD541F40376002E00A2008F0EAD8E0
:10D92800D5F8E0319A0301D5013CF6D16420BDE871
:10D93800F84308F0DF98BDE8F88337B5044601AB33
:10D948004FF400616A460EF063DA63692046222BC1
:10D958000ADDE3695D0607D540F6270100220DF0D0
:10D96800FFDD0146204600E000214FF4CE620DF0B5
:10D9780097DC056815F0005316D063692046222B02
:10D988000ADDE369590607D540F6270100220DF0A4
:10D99800E7DD0146204600E000214FF4CE620DF09D
:10D9A8007FDC0560012500E01D4620469DE8060055
:10D9B8000EF04CD928463EBD70B504460E460DF013
:10D9C80069DC0021054620460EF014DA314602468D
:10D9D8002046FFF781FB2946064620460EF00ADA64
:10D9E800304670BD014B1860704700BF946101005C
:10D9F800F8B5484F04463A68002A40F089804369E0
:10DA0800222B09DDC3695B0606D540F627010DF018
:10DA1800A7DD0146204601E02046002140F21462BD
:10DA28000DF03EDC63690568222B20460ADDE369B8
:10DA38005E0607D540F6270100220DF091DD01466C
:10DA4800204600E0002140F214620DF029DC036852
:10DA58009D4214D063692046222B0ADDE3695906EA
:10DA680007D540F6270100220DF07ADD0146204651
:10DA780000E0002140F214620DF012DC056842F269
:10DA8800107008F037D863692046222B0ADDE36955
:10DA98005A0607D540F6270100220DF061DD014640
:10DAA800204600E0002140F214620DF0F9DB6369C2
:10DAB8000668222B20460ADDE3695B0607D540F697
:10DAC800270100220DF04CDD0146204600E0002130
:10DAD80040F214620DF0E4DB03689E4214D06369DF
:10DAE8002046222B0ADDE3695E0607D540F62701AA
:10DAF80000220DF035DD0146204600E0002140F20D
:10DB080014620DF0CDDB0668751B642675433D6015
:10DB18003868F8BD946101002DE9F74F044688463E
:10DB280091461F460DF0E8DF8346002840F0D98073
:10DB380020460DF0AFDB5946824620460EF05AD9F2
:10DB4800636905462D2B0CD1D0F8F430B9F1000FDC
:10DB580002D023F0007301E043F00073C5F8F430FD
:10DB6800B8E02046FFF718FAC37801269E4000F077
:10DB7800B180B9F1000F5ED063692046222B0ADD1F
:10DB8800E369590607D540F627015A460DF0E8DC47
:10DB98000146204600E000214FF4C3620DF080DB0F
:10DBA800036841463B6043EA060701230093204689
:10DBB8003B462A46FFF70AFA63690743222B2046A9
:10DBC8000ADDE3695A0607D540F6270100220DF061
:10DBD800C7DC0146204600E000214FF4C3620DF087
:10DBE8005FDB414607602A462046FFF7C4FD4FF435
:10DBF8007A7007F07FDF40F2DD5702E00A2007F075
:10DC080079DF63692046222B0ADDE3695B0607D5C5
:10DC180040F6270100220DF0A3DC0146204600E073
:10DC2800002140F20C620DF03BDB0368334242D125
:10DC3800013FE3D13FE03A689AB963692046222B55
:10DC480009DDE3695F0606D540F627010DF088DC9B
:10DC58000146204600E000214FF4C3620DF020DBAE
:10DC6800026822EA06070123009320463B46414604
:10DC78002A46FFF7ABF96369074337420CBF002612
:10DC88000126222B20460ADDE369590607D540F60E
:10DC9800270100220DF064DC0146204600E0002147
:10DCA8004FF4C3620DF0FCDA414607602A4620466D
:10DCB800FFF761FD00E0012640F22D1702E00A207F
:10DCC80007F018DF2B6903F48053B3EB063F01D04C
:10DCD800013FF4D12046514603B0BDE8F04F0EF0A5
:10DCE800899803B0BDE8F08FF0B589B004460D46B9
:10DCF80006AA07AB4FF400610EF08AD829462046E1
:10DD0800FFF75AFE4FF47A760022B0FBF6F6134678
:10DD180002212046FFF79DFB00220746134600F02C
:10DD28000F0503212046FFF794FB4FF680733B4015
:10DD3800DF094FF4000320F07F42009303A804A9F1
:10DD4800334603F09DDE05A80399049A1823774308
:10DD580003F0DADE05B92D60059A4FF400630093ED
:10DD68004FF4805303A804A9BA1893FBF5F303F002
:10DD780087DE02A80399049A0C2303F0C5DE204627
:10DD88000699079A0DF062DF029809B0F0BD10B548
:10DD980004460DF0E7DE01462046BDE81040FFF7D7
:10DDA800A3BF70B504461646FFF7F1FF6369054641
:10DDB800222B20460ADDE3695B0607D540F62701DA
:10DDC80000220DF0CDDB0146204600E000214FF493
:10DDD800CC620DF065DA04230360D6F864364FF49C
:10DDE8007A70DBB2B5FBF3F5684370BD70B50446D5
:10DDF8000E460DF04FDA0021054620460DF0FADFF9
:10DE0800314602462046FFF7CCFF29460646204603
:10DE18000DF0F0DF304670BDFFF7E8BF37B50446B8
:10DE2800FFF7B5FF4FF400616A4601AB054620468F
:10DE38000DF0EEDF0022134620460421FFF709FB10
:10DE480000F47F40030A00B91B60B5FBF3F52046D8
:10DE58009DE806000DF0FADE28463EBD70B5044682
:10DE68000E460DF017DA0021054620460DF0C2DFF8
:10DE7800314602462046FFF77EFC2046FFF78CF825
:10DE880063690646222B20460ADDE3695A0607D550
:10DE980040F6270100220DF063DB0146204600E032
:10DEA800002140F20C620DF0FBD9F378012111FA40
:10DEB80003F3026829461A420CBF002601262046B1
:10DEC8000DF098DF304670BD70472DE9FF47836E2F
:10DED800002204460D460292039263B1D0F8CC109A
:10DEE80000EB8101D1F8D400216E884205D1606E23
:10DEF8009847814602E0994600E0914620460DF099
:10DF0800C9D90021824620460DF074DF02A9804657
:10DF180003AA2046FFF70EF9029F00260396F7B1E1
:10DF28003B462046294642460096FFF74FF863696C
:10DF38003843222B029020460ADDE369590607D5AB
:10DF480040F6270132460DF00BDB0146204600E083
:10DF580000214FF4C3620DF0A3D9029B0360039E16
:10DF6800FEB1002733462046294642460097FFF770
:10DF78002DF863693043222B039020460ADDE369BC
:10DF88005A0607D540F627013A460DF0E9DA014668
:10DF9800204600E0002140F21C620DF081D9039B6D
:10DFA8000360294642462046FFF7E5FB20465146D6
:10DFB8000DF020DFE36E5BB1D4F8CC2004EB8202D5
:10DFC800D2F8D410226E914202D1606E4946984729
:10DFD800BDE8FF8710B500220C4608F0B1D8A0B9FB
:10DFE8000A4B1B688BB11A787AB1DA8994420CD83B
:10DFF800184604F0E1D820B1054B1A6801321A60BE
:10E0080010BD044B1A6801321A6010BD44040000A8
:10E01800986101009C610100037E2BB14069D0F139
:10E02800010038BF0020704701207047014B03EB07
:10E03800C0007047A0610100014B03EBC0007047AE
:10E04800C061010070B50C46164609F0B3DD80B119
:10E0580000252846FFF7F0FF03681BB980E8500049
:10E06800184670BD0135EDB2042DF2D14FF0FF30E6
:10E0780070BD4FF0FF3070BD6FF0160070477047ED
:10E088007047000003682DE9F041C0F8203143686B
:10E098000022C0F824318368C0F82831C368C0F86A
:10E0A8002C310369C0F830314369C0F834318369D1
:10E0B800C0F83831C369C0F83C3100F59073534E4D
:10E0C8001C69DF699559D3F814C07D194FEAB41754
:10E0D80087EAF42787EA7467ED199F6927EA040736
:10E0E80004EA0C047C402C198D1811F802C0EF7852
:10E0F800043247EA0C6795F801C0AD7847EA0C4747
:10E1080047EA05256419DD61DD68402A2544DD609C
:10E1180093E8A01087EA0C0808EA05080CEA070C3F
:10E1280088EA0C074FEAB50C8CEA753C8CEAB555C1
:10E138003D442C4443F8044DC1D100F1E00306F1FD
:10E148003C0500F120071A6955F8044FD9695E6942
:10E1580061184FEAB21484EAF22484EA7264091955
:10E168009C69D3F85CC024EA0204324062409E6B8A
:10E178005C6A66444FEA744C8A188CEAF44C996DD0
:10E188008CEA942434194FEAF11686EAB14686EAF5
:10E19800D10161185218D961D9688918D96093E8F2
:10E1A800520084EA060C0CEA010C26408CEA0604AC
:10E1B8004FEAB10686EA713686EAB15161188918C4
:10E1C80043F8041DBB42BED1036842685918436A2C
:10E1D8000160D31843608268836AD3188360C26879
:10E1E800C36AD318C3600269036BD3180361426919
:10E1F800436BD31843618269836BD3188361C26907
:10E20800C36BD318C361BDE8F08100BFC0540100DF
:10E21800F0B5034696100F46002510E057F8044B5A
:10E2280001354FEA146C83F800C04FEA144C83F8A8
:10E2380001C04FEA142C83F802C0DC700433B542E5
:10E24800ECDB26EAE67312F0030200EB83000AD047
:10E2580051F823401821002334FA01F5C55401333D
:10E2680008399342F8DBF0BD004870476454010058
:10E27800D0F8B43170B5D318934204460E4615460B
:10E28800C0F8B43104D2D0F8B0310133C0F8B0319D
:10E29800D4F8AC21AB183F2B0AD8A21802F5B670F7
:10E2A80031462A4602F09EDED4F8AC315D1925E0ED
:10E2B800E2B1A0183146C2F1400200F5B67002F092
:10E2C80091DED4F8B831201D04F5B6719847D4F81A
:10E2D800AC31C3F14002403BB6185D1906E0314647
:10E2E800D4F8B831201D98474036403D3F2DF6DC24
:10E2F80004F5B67031462A4602F074DEC4F8AC5113
:10E3080070BD0000012910B5044640F8041B05D172
:10E318000A4B0B49C4F8B831142204E0094B0A49E6
:10E32800C4F8B831202202F05DDE0020C4F8AC0148
:10E33800C4F8B001C4F8B40110BD00BF0D4300001B
:10E34800C055010045400000A0540100F8B504463E
:10E3580000F5AA760D4600F58A7721463046142244
:10E3680002F040DE30696649726841183068331F30
:10E3780001EBF061F06820EA020CB06810408CEA0A
:10E388000000091846F8041C687895F800C00004D5
:10E3980040EA0C6095F803C04FEAB20240EA0C006C
:10E3A80095F802C0043540EA0C2041189F423061BC
:10E3B80046F8041C72601E46D4D304F58275306991
:10E3C8004F497268411853F80409F76801EBF06186
:10E3D800B06827EA0207104078400918376BF069DF
:10E3E8004FEAB2027840B76C72607840376D784077
:10E3F8004FEAF0703061081846F8040C043EAB424E
:10E40800DDD804F1B4061A4615693E495068691802
:10E4180053F80459D76801EBF561956845407D408C
:10E428004919176BD5694FEAB0007D40976C506069
:10E438007D40176D7D404FEAF57515614D1942F81D
:10E44800045C043AB342DFD804F1640C1A46156937
:10E458002D49101D691853F80459C1C801EBF5611D
:10E4680086EA07050540374085EA07068919D56910
:10E47800166B4FEAB0007540966C50607540166D8B
:10E4880075404FEAF57515614D1942F8045C043A78
:10E498006345DCD804F114061D691C4958686918DD
:10E4A8001D68DF6801EBF5619D681A4645407D40AF
:10E4B80049191F6BDD694FEAB0007D409F6C5860B9
:10E4C8007D401F6D7D404FEAF57549191D6143F880
:10E4D800041C043B9E42DFD323685918216013684B
:10E4E8006168CB1863605368A168CB18A360E168C2
:10E4F8009368CB18E3602169D368CB182361F8BD12
:10E508009979825AA1EBD96EDCBC1B8FD6C162CA3D
:10E5180030B5034685B00C4615466846194607F0DF
:10E52800B3DE20466946102DB4BF2A46102202F0F9
:10E5380059DD05B030BD07F0039F08B507F0ECDEE4
:10E54800002008BD38B504460D46FFF78DFE03468A
:10E55800E4B10022226062600122AA4001680A42F6
:10E568000AD100F114014069024204D103F12801E3
:10E578009B6A1A420DD00B4604F1100063602560B7
:10E58800A0609B6829469847002038BD6FF00100BD
:10E5980038BD6FF0160038BD08B5436813B1DB68A5
:10E5A8008068984708BD08B5436813B11B6980683F
:10E5B800984708BD013806289ABF024B1856002014
:10E5C800704700BFD4550100F8B5044600680E46F0
:10E5D8001546FFF7EFFF00284AD0D4F8AC21802178
:10E5E800A31883F86C11531CA842B8BF0546382BF2
:10E5F800C4F8AC3111D9A01800F5B6700021C2F1E9
:10E608003F02013002F072DDD4F8B831201D04F564
:10E61800B67198470023C4F8AC31D4F8AC21002176
:10E62800A01800F5B670C2F1380202F05FDDD4F828
:10E63800B021D4F8B431D20042EA5372DB00C4F8F6
:10E64800B021C4F8B431082204F5D27004F5D871A9
:10E65800271DFFF7DDFD384604F5B671D4F8B8314B
:10E668009847304639462A46BDE8F840FFF7D0BDFE
:10E67800F8BD07280AD84FF0C243834004D44FF0AE
:10E68800F053834004D401E04020704700207047D5
:10E69800802070472DE9F0470C46B0B090469A4666
:10E6A8000746002846D00846FFF784FF81462046E3
:10E6B800FFF7DFFF5045064607F1800513DA2146CC
:10E6C8002846FFF73FFF414652462846FFF764FFBA
:10E6D800284620A94A46FFF766FF4E45B4BFB24612
:10E6E800CA460DF18008002309E018F8032082F0DB
:10E6F800360182F05C020DF80310FA5401335345D9
:10E70800F3DB2AEAEA7A07E036230DF80A305C23BD
:10E7180007F80A300AF1010AB245F5DB2146284616
:10E72800FFF710FF044638B9284669463246FFF716
:10E7380033FF01E06FF00104204630B0BDE8F087F8
:10E7480010B18030FFF728BF70472DE9F843DDF896
:10E75800208004461546994661B10E46002707E019
:10E7680032881AB120467168FFF7EAFF0137083688
:10E77800AF42F5DBB9F1000F09D0B8F1000F06D0B0
:10E78800204649464246BDE8F843FFF7D9BFBDE8F1
:10E79800F8832DE9F0478A4690B09046064600284F
:10E7A8002BD0D0F8807000F180043846FFF761FF65
:10E7B80081463846FFF7FEFE05462A46204669464A
:10E7C800FFF7F1FE39462046FFF7BCFE20463146EA
:10E7D8004A46FFF7E1FE204669462A46FFF7DCFE77
:10E7E800204669462A46FFF7DEFE504669464545FB
:10E7F800B4BF2A46424602F0F5DB10B0BDE8F08708
:10E80800F0B51446ADF5337D07460E461D4602A801
:10E81800234639463246FFF73DFF044660B9BA9BA6
:10E8280002A800932946B89AB99BFFF78EFF02A861
:10E83800BB99BC9AFFF7ADFF20460DF5337DF0BDBF
:10E848002DE9F04F93B01E9F81468B4692461C4699
:10E858001F9D002F68D0002D68D02BB1184602F0FC
:10E86800F1DC00F1010800E098464846FFF7A2FEF7
:10E87800064600285CD0431EEB1893FBF0F3FF2BF1
:10E88800079355DC4FF6FF73984551DC1D9A9A4261
:10E898004EDC2B4BADF83420002C08BF1C461C9BCB
:10E8A80001220E9312AB03F8012D1093032300935A
:10E8B8000023ADF82400ADF83C2001930293A84250
:10E8C800D4BF049004955946484652460BAB0C9465
:10E8D8000A97ADF82C800397FFF792FF04460028AB
:10E8E8002AD14FF0020819E0AD1B002D0A9723DD4D
:10E8F80004230093002301930293BF194846594605
:10E90800524609AB8DF847800397B542D4BF0495AA
:10E918000496FFF775FF08F1010860B9079A08F136
:10E92800FF339342E0DD07E03C4605E02C4603E078
:10E938006FF0160400E00446204613B0BDE8F08FDF
:10E9480005EA89000B4B10B51A681C46904204D1A1
:10E958005A68914201D1184610BD6369054A984228
:10E9680006D19069143281420CBF1046002010BDB8
:10E97800002010BD6C5D010073B504460CF0F6DE96
:10E9880014237422204640F60C410CF04FDE20463A
:10E99800012104220DF030D82046022104220DF076
:10E9A8002BD801250021204640F61C624FF0FF338A
:10E9B80000950CF0A7DE112300930021204640F6B5
:10E9C80018624FF0FF330CF09DDE41F20213009302
:10E9D8000021204640F644424FF0FF330CF092DE0F
:10E9E800F32320464FF45E614FF0FF320CF01EDE39
:10E9F8000023204640F6F8514FF0FF320CF016DEA7
:10EA08000023204640F6E4514FF0FF320CF00EDEB2
:10EA18000823204640F6EC514FF0FF320CF006DE9A
:10EA28000023204640F6E8514FF0FF320CF0FEDD9F
:10EA3800DB2320464FF45D614FF0FF320CF0F6DD2A
:10EA48000C220023204640F654410CF0EFDD284B01
:10EA580000210093204640F6BC524FF0FF330CF0E3
:10EA680051DE244B29460093204640F6BC524FF015
:10EA7800FF330CF047DE204B02210093204640F67E
:10EA8800BC524FF0FF330CF03DDE2A462B462046A1
:10EA980040F624610CF0CADD40F6FF7300930021B4
:10EAA800164E204640F6B4524FF0FF330CF02ADEE3
:10EAB8000021204640F6B8524FF0FF3300960CF084
:10EAC80021DE4BF6982300932946204640F6B8529B
:10EAD8004FF0FF330CF016DE20464FF45C614FF028
:10EAE800FF32334602B0BDE870400CF09F9D00BF76
:10EAF800101112131415161718191A1B1032547600
:10EB080013B50C4602B949B1084913B10B681C404A
:10EB180003E00B681C4324EA03042240009200210E
:10EB2800702223460CF0BADB1CBD00BFA404000011
:10EB380013B5144642690A2A0FDD29B1012905D007
:10EB480002290AD1842202E0782200E07C22009384
:10EB5800002123460CF0A2DB01E04FF0FF301CBD82
:10EB68002DE9F04104460CF07BDF00210A460B46F4
:10EB780007462046FFF7C4FF00210A460B46064613
:10EB88002046FFF7D5FF00220546022120461346FE
:10EB9800FFF7CEFFD4F8788015E0D8F8083083B1B5
:10EBA80098F80420002AD8F80C200CBF28463846CC
:10EBB80000EA020012D03240904202D0D8F8001089
:10EBC8009847D8F81080B8F1000FE6D120464146A2
:10EBD8002A462B46BDE8F041FFF7AABF0028EDD131
:10EBE800EFE74FF48030704738B500251D70D1F835
:10EBF800CC304FF4006113602A4604460DF0ECD87F
:10EC0800054638B1D0F8E031DA0103D420460121B5
:10EC18000DF0BCDC284638BD73B504460DF02AD883
:10EC280018B920460DF0D2D860B3204621466A466E
:10EC38000DF10703FFF7D8FF0646C0B140F22D15C6
:10EC480002E00A2006F056DFD6F8D431180706D4B9
:10EC5800013DF6D103E00A2006F04CDF01E040F266
:10EC68002D15D6F8D431590701D5013DF3D12046E9
:10EC780000210DF08BDC9DF807301BB92046009968
:10EC88000DF0B8D87CBD10B5044607F0CDD82046A5
:10EC9800FFF7C2FF012010BDF0B585B004460D4650
:10ECA80017460DF093D8002800F09480A66E6EB138
:10ECB800D4F8CC3004EB8303D3F8D420236E9A42E3
:10ECC80003D1606EB047064600E000262046214684
:10ECD80002AA0DF10F03FFF787FF002863D0082F62
:10ECE80061D8DFE807F005141C2735404A550D00A8
:10ECF8000095204600214FF49C724FF0FF334EE000
:10ED08000021009120464FF49C720B4647E04FF0DB
:10ED1800FF330093204600214FF49A723FE0002110
:10ED280020464FF4EC720B4600910CF0B7DA00F075
:10ED3800010539E025B1202300932046002103E096
:10ED480002230093204629464FF4E872222326E046
:10ED5800002120464FF49A720B4600910CF09EDA7F
:10ED6800C0F3C02520E0002120464FF4E0720B4696
:10ED780000910CF093DAC5B216E0002120464FF45A
:10ED88009A720B4600910CF089DAC0F340250BE02B
:10ED9800EDB20095204600214FF4E072FF230CF0FD
:10EDA8007DDA054600E001259DF80F301BB92046A5
:10EDB80002990DF01FD8E36E6BB1D4F8CC2004EBA8
:10EDC8008202D2F8D410226E914204D1606E31468C
:10EDD800984700E00546284605B0F0BD0048704752
:10EDE800C05D01000020704710B50C4641B18B682A
:10EDF80023B9C06F09680EF029DBA060A06810BDB8
:10EE0800C06F10BD1FB5084A03460092074A08465E
:10EE18000192074A0749126802921A68064B02F0E3
:10EE2800D5DB05B000BD00BF145601004039010014
:10EE380090600100E55501000856010008B1D0F8BE
:10EE480088007047642910DC632921DA4A291FD019
:10EE580005DC07291FDB08291ADD3C2912E05029A7
:10EE680016D018DB5C39032911E0C32904DCC22958
:10EE78000EDAA83902290AE0B1F5847F08D003DC4C
:10EE8800B1F5807F07D103E0A1F58971012902D886
:10EE98006FF0160070470020704700207047C88840
:10EEA80010F0080018BF6FF0160070474A6810B5D8
:10EEB80093424C8829DBE30603D503681B7E002BAD
:10EEC80026D1210703D503681B7E002B23D0A20679
:10EED80002D5437E002B21D0630722D414F003030C
:10EEE80022D002994CF05EDE00281FD0E10702D53F
:10EEF8008379002B1DD114F002041DD08379002BD7
:10EF08000CBF6FF00500002010BD6FF0010010BDB0
:10EF18006FF0040010BD6FF0030010BD6FF00A0021
:10EF280010BD6FF0160010BD184610BD6FF01D0023
:10EF380010BD6FF0060010BD204610BD37B5054660
:10EF4800900723D58C6A0CB3A16822696368090508
:10EF5800C3F30043117A44BF43F00203DBB211B19B
:10EF6800D2F8080101E0D2F804017F228DE80C00F4
:10EF78000022383004F13C01134675F081DB284645
:10EF8800214603B0BDE830407CF0E69F03B030BDB9
:10EF98002DE9F04F87B000230F4610AC1599049364
:10EFA80005938046934694E87002DDF850A04CF033
:10EFB800F9DDB7F90630002B1ADA1BF0010FB98812
:10EFC8003A890CD04900CDF800900196CDF8089008
:10EFD800CDF80CA0D8F810000131334605E08DE8D3
:10EFE8006006D8F810004900234607F0B3FD0FE08B
:10EFF800032D0BD9042204A8214601F0F3DF072DC5
:10F0080004D905A8211D042201F0ECDF6FF01600D9
:10F0180007B0BDE8F08F000038B50C460546084635
:10F02800484902F0D3DA4849204602F0CFDA474986
:10F03800204602F0CBDA4649204602F0C7DA4549B5
:10F04800204602F0C3DA4449204602F0BFDA2046DF
:10F05800424902F0BBDAD5F8340137F043DA20B977
:10F06800D5F8380139F0DEDA18B120463C4902F00B
:10F07800ADDAD5F8340137F035DA18B12046394918
:10F0880002F0A4DAD5F8380139F0CCDA18B1204604
:10F09800354902F09BDAD5F830013AF001DC18B1B5
:10F0A8002046324902F092DAD5F8300105F0ACF981
:10F0B80018B120462E4902F089DA20462D4902F07F
:10F0C80085DAD5F84C0165F04FDF18B120462A499A
:10F0D80002F07CDA2B6893F83B301BB120462749B5
:10F0E80002F074DA2649204602F070DA25492046F3
:10F0F80002F06CDA2B6A186909F020FC820707D540
:10F108002149204602F062DA2046204902F05EDA00
:10F1180020461F4902F05ADA20461E4902F056DA04
:10F1280020461D4902F052DA20461C4902F04EDA08
:10F1380020461B4902F04ADA1A492046BDE8384001
:10F1480002F0449A1D56010021560100265601007E
:10F158002B560100345601003D560100415601006E
:10F16800465601004D5601005756010061560100F0
:10F178006A56010073560100825601008756010045
:10F188008E56010095560100A1560100AA560100AD
:10F19800B7560100BC560100C6560100CB56010007
:10F1A800D0560100D856010030B585B005466846EE
:10F1B8000C4602F0F5D928466946FFF72DFF204690
:10F1C80005B030BD2DE9F04F03F00103A9B00446A6
:10F1D8001493D4F87C3410691B680E46C358D0F8D1
:10F1E80058131B7891460F93D4F88034B2681B6883
:10F1F8001991C35808901B78099215931388606871
:10F208000B9303F00C039B08022B08BF0B99139375
:10F218000B9A0CBFC1F3C0130023DBB21A9302F49C
:10F228004073A3F540756B4243EB050331461C93CD
:10F23800379F03F08DDA369B04300E9083B11B7A2A
:10F248000B2B07D1236893F8AD304BB136988379EF
:10F25800072B05D836990E9A91F90F30D2180E92CD
:10F26800D4F8B031002B2DDA369B03B31B7A022B6E
:10F278001FD194F8B022F2B90898036D13F008036F
:10F288001CD136998A792168D1F8B8108A4217D2E8
:10F29800032A15D90B2A13D8B269900010D4339ACF
:10F2A800012A0FD10E9B012008330E9304E0369AF1
:10F2B80004E0002304E000200C9005E00C9203E039
:10F2C8000C9301E000210C91B568B389AA1F76332D
:10F2D800A5F176001D92B38100217022B0601890CC
:10F2E80001F004DFB38BD90402D4B269520502D508
:10F2F8001B051B0D20E0D9F80420A04B1340BBB11F
:10F308000B9901F0FC03882B12D1099A1379D807BD
:10F318000ED43398F289411E02F00702329858320F
:10F3280009EB42028842D38806D1591CD18003E0F8
:10F338001399012906D111E0139801280ED0002154
:10F34800079102E010220792002332981B019BB21A
:10F3580000F00F0209991343CB8201E000220792C3
:10F36800099BA068DA8AB38B23F47E6323F01F031A
:10F3780043EA1213B38314F003DA010703D5B38BFE
:10F3880043F40053B3833498042808D120460899DD
:10F3980035F82A2C14F080DEADF8980019E032997F
:10F3A800339801F00F02B4F85A33411E329842EAFA
:10F3B8000312884292B202D10133A4F85A33349925
:10F3C800520147F6E073134001F007021343ADF80A
:10F3D800983099F8D7303BB90B9A02F0FC03802B90
:10F3E80002D0089883791BB9079941F02001079149
:10F3F800634B3B40002B40F0828007F04072B2F133
:10F40800807F00F08180139A012A30D9B369DA0627
:10F418002DD4002B2BDB96F91F30002B27DB226A1B
:10F42800574BD2F8488008EA030323B908F0407321
:10F43800B3F1807F03D109980379DF0766D4D2F846
:10F4480044804F4B08EA030323B908F04073B3F133
:10F45800807F04D109990B7913F0010359D0099AD7
:10F468001379D80703D4D9F80830190705D599F8BE
:10F47800407007F07F07B84649E002238DF88630D0
:10F4880027AB0093D4F85C011FAB494626AA7CF051
:10F4980053DD0B98DDF87C8000F0FC03482B209F9F
:10F4A80001D0C82B0BD14146089800222AF0F4DE7F
:10F4B80099F84070804607F07F07002308E0B36999
:10F4C800329943F00063B361D1F1010338BF0023DF
:10F4D800BDF89C20D20703D5B26942F40052B2614C
:10F4E800226892F8E120BAB1D4F8F8064946BDF886
:10F4F800982005937CF0D4DA059B12900DE0002249
:10F50800B8461292134608E0B84603E0474600237F
:10F5180000E04746129300E012922268D4F884046F
:10F5280092F84F2090F80CB012F0030200F09C8182
:10F538008278012A09D9216A91F94D10A1F1010EA9
:10F54800DEF1000141EB0E0100E00021012A5FFA23
:10F5580081FA17D9226A92F94D20013212D1D9F8CD
:10F56800042012F080420ED00E300221059302F0E2
:10F57800E7DC021C18BF0122059B04E040000100E3
:10F58800FF0000C0002218F0407FD0B25FFA88F276
:10F5980007D01F2A02D9202A07D0553A072A04D9AA
:10F5A8001CE0A0498A56002A18DAB8F1000F15DBCA
:10F5B80028F4801828F4407818F0407209D0BAF17D
:10F5C800000F03D1B2F1807F03D110B148F4801845
:10F5D80004E0BBF1010F08BF48F4807817F0407FC2
:10F5E800FAB207D01F2A02D9202A07D0553A072A8B
:10F5F80004D91BE08B498A56002A17DA002F15DB3D
:10F6080027F4801727F4407717F0407209D0BAF131
:10F61800000F03D1B2F1807F03D110B147F48017F6
:10F6280004E0BBF1010F08BF47F48077B4F8582411
:10F6380002F46052B2F5C05F2CD118F4E0221FD159
:10F6480018F0407F17D0D9F80420120313D5226888
:10F6580092F83B2092B1089882797AB1D0F80821C3
:10F66800528E02F46052B2F5C05F0CBF4FF4003204
:10F678004FF4803204E04FF4803201E04FF400325E
:10F6880018F0407F13D05FFA88F1202908BF4FF4A3
:10F6980000320CE05FFA88F2F9B2202A08BF4FF076
:10F6A8008078202908BF4FF080774FF4803227F404
:10F6B800E02A17F0407F28F4E02848EA020818BF3B
:10F6C8004AEA020A226A08BF4AF4803A516C564A4A
:10F6D8000A40002A53D101F04071B1F1807F4ED029
:10F6E80018F0407F94F81C2204D0012A02D148F473
:10F6F800000802E00AB928F400081AF0407F94F8DC
:10F708001C2205D0012A03D14AF4000A00F009BEE0
:10F71800002A40F006862AF4000A00F002BED9F852
:10F728000410C8032BD5D9F80810090627D50132CB
:10F7380025D118F0407F0FD05FFA88F2A2F1570167
:10F74800012909D9632A07D0642A05D0652A03D07C
:10F75800662A18BF48F480081AF0407F0FD05FFA75
:10F768008AF2A2F15701012909D9632A07D0642A2C
:10F7780005D0652A03D0662A18BF4AF4800A2046B5
:10F78800494605931AF060DC18F04072059B45D095
:10F798001599022908D108F4E02BABF50032D2F113
:10F7A800000B4BEB020B01E04FF0000B5FFA88F205
:10F7B8001F2A04D8072A94BF002101210AE0202A21
:10F7C80006D0A2F15501072994BF0021012100E0CC
:10F7D8000021C9B239B199F8FE1021B199F8FF108A
:10F7E800003118BF012118F4000F11911ED01F2AF3
:10F7F80004D8072A8CBF0022012209E0202A05D05C
:10F80800553A072A8CBF0022012200E00122D2B219
:10F81800002A0CBF024604220D9208E00D9293467E
:10F82800119204E058168900FF0000C00D901AF0EC
:10F83800407226D01AF4000F25D05FFA8AF21F2AE8
:10F8480004D8072A8CBF0022012209E0202A05D00B
:10F85800553A072A8CBF0022012200E00122D2B2C9
:10F86800002A18BF04200EE028F4E02827F4E02A34
:10F8780048F480384AF4803A10920D9293461192D7
:10F8880002E0109200E0109093B1089A3398D2F8F1
:10F89800301102EBC103C2B2C3F838210131089A12
:10F8A80001F03F01C3F83481C2F83011C9F820A231
:10F8B80018F0407703D15FFA88F31B9303E04046C2
:10F8C80074F058DE1B901398022800D088B9B4F859
:10F8D80068340E99994202DCB3695B010CD5099A28
:10F8E8001198137903F00103002B08BF012017902A
:10F8F80004E01199179101E0119A1792236A597D32
:10F9080041B10F9B33B12FB9884A5FFA88F3D356B8
:10F91800002B07DB236893F84F30980727D037B3BD
:10F92800159820B3339A012A0ED90F9B002B0CBFD0
:10F938004FF0300A4FF0160AB3694AF4803A23F0C0
:10F948000063B361D04612E089B10F9878B167B906
:10F9580008F07F03022B0AD0042B08D00B2B06D00B
:10F96800162B18BF4FF0010B01E04FF0010B18F0F8
:10F9780040710F911AD108F07F03162B16D86C4AE4
:10F988009A4013D5149A62B15FFA88F3022B0BD010
:10F99800D9F8103093F92C3113F1FF3318BF012334
:10F9A80000E0149B0D9301E00F980D901AF0407140
:10F9B80016911BD10AF07F03162B17D85C4A9A4080
:10F9C80014D5149A6AB15FFA8AF3022B0CD0D9F8CD
:10F9D800103093F92C2112F1FF3218BF0122109236
:10F9E80004E0169B109301E0169810901399D9F82B
:10F9F8000430022908BFC9F8588113F480334AD06B
:10FA080094F80D32002B46D094F81132002B42D0D6
:10FA1800159A032A30D00F9B4BB908F07F03022BAD
:10FA28002CD0042B2CD00B2B2DD0162B2ED0099894
:10FA3800037913F001032BD10B9901F0FC02882AFA
:10FA480029D1349A032A26D8B3691C9843F48053E1
:10FA5800B361079B099900280CBF18221E2243F4A2
:10FA6800A04307938B5A23F060031B041B0C43F03D
:10FA780020038B52012207E000230CE00F9808E0D6
:10FA88000F990A9108E00F9A0A9205E00F9B02E08D
:10FA980000200A9000E00A931D99204600910E9AD2
:10FAA80041460B9B20F08CD922AF204651460E9A36
:10FAB8000B9B009720F084D90622A5F14000394617
:10FAC80001F090DA169A62B90AF07F03162B08D86B
:10FAD800174A9A4005D50E9B05F83C3C1B0A05F8C9
:10FAE8003B3CB3690F995A0512D591B1369A22B1A8
:10FAF800127A042A01D00B2A1CD143F40063B361A3
:10FB0800179894F8DA32002B18BF0120179011E0EB
:10FB180081B9064A5FFA88F3D356002B0ADA15F83A
:10FB2800063C03F00F03149307E000BF5816890042
:10FB38000002102815F8062C14920B9BA42B14D045
:10FB480009980379DB0710D40A9981B9B36920466B
:10FB58005F05414602D517F021DD03E00D9A359B7C
:10FB680020F008D9099A508014E00A9B53B1414605
:10FB780020460D9A40F62A131FF0DCDE099980B260
:10FB8800023048800B9AA42A04D10998438825F8A2
:10FB98003A3C19E009990B79D90701D40A9A2AB194
:10FBA800002305F83A3C05F8393C0DE0B3692046D6
:10FBB8005A05514602D517F0F1DC03E0109A359B3F
:10FBC80020F0D8D825F83A0CB269930509D5B38C3A
:10FBD80025F8343CF38C25F8323C079B43F400535A
:10FBE8000793329818B9079941F0080107910998C5
:10FBF8000379DF0712D4D00410D494F810320BB173
:10FC080051060BD4520505D41A9919B1199A92F8CC
:10FC180028301BB9079B43F001030793924B349894
:10FC28001399185C022915901CD1349A032A19D803
:10FC380094F80D32B3B11B9B042B13D9D4F83401BB
:10FC480036F062DA70B91998159900EB41039B8B6D
:10FC580013B1B3695B0505D5119A1AB9079B43F42B
:10FC680080530793236A186966F018DC00F4605023
:10FC7800B0F5C05F03D1079840F4807007900C99E5
:10FC880019B1079A42F400420792079B25F8763C7F
:10FC9800369810B394F8B03213BB08990A6D12F075
:10FCA800080221D1037A0B2B06D1236893F8AD30D3
:10FCB800D3B18379072B14D8369A93792268D2F86E
:10FCC800B82093420FD2B26997000FD43698027BBE
:10FCD80002F0070242EA031203E03699079107E0AF
:10FCE8000022079204E00023079301E00020079018
:10FCF80010994B1EDBB2012B04D8079A42F400532B
:10FD08009BB20793A5F172000999022201F06AD902
:10FD1800002305F8703C05F86F3C05F84A3C05F8E7
:10FD2800493C369B002B2FD094F8B032002B2BD1B6
:10FD38000898036D180727D436990B7A0B2B06D130
:10FD4800236893F8AD30FBB18B79072B1CD8369B11
:10FD58009A792368D3F8B8309A4215D2B3699900D2
:10FD680012D41C9818B9099901F1180202E0099BEC
:10FD780003F11E021A9800B10232002300932046B4
:10FD88001899369B2EF078DC099906220431A5F1E2
:10FD98005000139101F026D9BDF8983025F82A3C77
:10FDA800D4F84401089960F0E7DC35F8303C80B2BB
:10FDB80043EA002325F8303C002305F8283C05F8E1
:10FDC800273C05F8263C05F8253C05F8243C05F8B1
:10FDD800233C05F8223C05F8213C05F8203C05F8B1
:10FDE8001F3C179A1AB9BBF1000F01D1E1E09B46FD
:10FDF8000022414608982AF04FDA00220690514620
:10FE080008982AF049DA069B089013F04073189373
:10FE180006D10699154BC8B21B56002B03DA14E01D
:10FE2800069874F0A7DB023818BF012070B1D9F822
:10FE3800103093F92C31012B0AD0079A42F48043F1
:10FE48009BB2079301230C9304E018980C9001E0EF
:10FE580000210C91089B13F0407209D1D8B2034BD2
:10FE68001B56002B07DA1DE06CE188005816890044
:10FE7800089874F07FDB023818BF012078B1D9F8F0
:10FE8800103093F92C31012B0BD0079801216FEA20
:10FE980040436FEA53439BB20793119103E01190DB
:10FEA80001E00022119235F8763CBBF1000F02D038
:10FEB80043F4006301E043F0060325F8763CBBF108
:10FEC800000F0CBF4FF0140C4FF00E0CA5F11E03E1
:10FED80062460093204606990B9BCDF814C01FF08C
:10FEE8006FDFDDF814C024AF62460B9B20460899EB
:10FEF80000971FF065DF39460622A5F1480001F09A
:10FF080071D80C980D990E9AA5F118030B930090CF
:10FF18000191029200275946069A434620460397C4
:10FF28001FF06CDF25F8160C119B10980E990093A2
:10FF38000190029120465946089A534603971FF0AC
:10FF48005DDF25F8420CA5F11400BBF1000F09D0C4
:10FF58006FF03B0305F8183C05F8177C099A02F185
:10FF68000A010EE06FF04B0305F8183C05F817BCC2
:10FF78001399062201F036D8099BA5F10E0003F16A
:10FF88000A01062201F02ED81498189A81B252B9A3
:10FF980006989F4AC3B2D356002B04DA15F81E3CC4
:10FFA80003F00F0301E015F81E3C1B0219431491DE
:10FFB8001FE059460622A5F11E0001F097D85946C0
:10FFC8001022A5F1180001F091D8A5F14800594672
:10FFD800062201F08BD805F842BC05F841BCCDF8E3
:10FFE80020B0CDF818B0CDF82CB0CDF844B0CDF88D
:08FFF80030B0B3695A050FD5C2
:020000041001E9
:100000000F9969B128AB002223F8022D0093D4F890
:100010003401494642460E9B36F096D805F8430C0B
:10002000079B25F8743C149825F8640C1699B1F1D7
:10003000807F0BD031B90AF07F03162B02D8774AA4
:100040009A4001D4012002E0169800E00220069AAE
:1000500080B202F04073B3F1807F0BD033B902F06D
:100060007F02162A02D86D49914000D401239B00DB
:100070009BB200E008230899184301F04073B3F1E4
:10008000807F0BD033B901F07F02162A02D8634972
:10009000914000D401231B019FB200E02027236A76
:1000A0000743186966F0FED9C0B247EA002725F871
:1000B000627C0F9AB2F1807F0CD032B908F07F03D6
:1000C000162B02D8554A9A4001D4012300E00F9B19
:1000D0009BB200E002230D98ADF89A30421ED2B2D6
:1000E000012A09D843F01003ADF89A302368D3F8F9
:1000F00088309A6901329A6141462046BDF89A706B
:100100007EF080DCB3690743B9B21B01ADF89A10E9
:100110000ED5236893F8E13053B1236A186967F06C
:1001200099DB236A0DF19A011869129A67F0ACDB2A
:10013000BDF89A30414625F86E3CB4F85824204664
:1001400027F09AD925F86C0C51462046B4F858246B
:1001500027F092D925F86A0C179911B9BBF1000F55
:100160000FD00699B4F85824204627F085D925F8F1
:10017000680C08992046B4F8582427F07DD925F852
:10018000660C0F9A4AB10D9B042B06D120464146BE
:100190000E9A1FF077DC25F8380C169848B11099A4
:1001A000042906D1204651460E9A1FF06BDC25F833
:1001B000360CD9F80430580640F1AE801A9A002A5D
:1001C00000F0AA801998159900EB41039B8B002B36
:1001D0007BD0B369590500F19F80329A002A40F024
:1001E0009B800E9B204641460D9A1FF0A7DB0B9B80
:1001F0000990ABB106990C9A204617F041D808999E
:100200000746119A204617F03BD80B99B1F802B077
:10021000BB4435F8427C1BE05816890000021028C8
:100220000A9ABAB941460D9A0A9B20461FF0A6DDEC
:10023000099B514600EB030B109A0E9B20461FF0C2
:100240007DDB51460746109A20460A9B1FF096DD3B
:10025000C71902E0DDF824B00B9F1FFA8BF225F8D6
:10026000702C25F84A7C1998159900EB41039B8B5B
:100270000998C3189B1A9BB21A0419D42046414608
:100280000D9A16F0FFDFFF2805D9B4F85A249042E2
:1002900038BF024601E04FF48072349992B204EB09
:1002A0004103B3F85C34934202D0204618F076D86C
:1002B000236893F84430002B2ED0349A032A2BD88D
:1002C000D4F8600115995A4623E0236893F8443026
:1002D00013B3349B032B1FD81A480B99C75C2046D5
:1002E00039B10C9A069916F0CBDF0B9B5A8882180D
:1002F0000CE041460D9A0E9B1FF020DB0D9A05463F
:10030000414620460B9B1FF039DD4219D4F86001AD
:1003100039464B4650F0F0D8B369BDF8980043F029
:100320008403B36129B0BDE8F08FD4F8842428F4A5
:10033000800892F913202AF4800A012A7FF4F3A995
:10034000FFF7FBB96CE1880070B50B6912B1547806
:10035000032C01D8002212E04D6845F480744C60F3
:100360005679012E8DBF24F4806445F4A0654D605C
:100370004C605478052C2FD9062C03D1012283F828
:10038000A42370BD147A14F0040F4C6814BF44F019
:10039000806424F080644C60147A04F00804D4F182
:1003A000010438BF002483F8A4438B6823F00403BE
:1003B0008B605478062C0FD9127AD2060CD50268BD
:1003C00043F004038B6092F80C21D00704D5920708
:1003D0005CBF23F004038B6070BD00002DE9F04F7B
:1003E000B5B09A463F9B05460B2B894616463E9F65
:1003F000409C40F2E6800C3B04931AF07DDE002125
:10040000C8220590204600F075DE314606222046BF
:1004100000F0ECDDFA7ABB7A494643EA022303F0A6
:100420000302012AA4F86230E38808BF84F834206C
:10043000BAF1000F14BF4FF4807200221343E3801F
:1004400028465BF09BDF60857A7A3B7A07F10C0BDC
:1004500043EA022307AFE385002128220DF1440877
:10046000384600F047DE2DAE00212822404600F03D
:1004700041DE4FF0FF3300210C223046ADF8CE3084
:1004800000F038DE0DF1CE032F93049BBAF1000F7C
:100490000CBF4FF0600A4FF0700A8DE84800284604
:1004A000002152465B462D97CDF8B8801CF0D6DA75
:1004B000002840F08680059B4246DEB2284604F1C3
:1004C000380339461FF0D0DBBDF8CE304FF6FF724F
:1004D000934217D05A1E92B2DE2A75D843F4805246
:1004E0000E2B8CBF4FF440430023D5F8580143EA4C
:1004F000020152F043D858B9D5F864319B889B0566
:1005000006D461E0731E9BB2DE2BADF8CE605BD8E3
:10051000BDF8CE309E4203D1E28842F00202E28072
:10052000EB1893F83C20494684F86120284652B2E3
:100530005BF0C8DEBDF8CE30A08543F480520E2BB0
:100540008CBF4FF4404300231343638600210C22E9
:1005500030A800F0CFDD1F4B0DF16C0830931E4B1F
:10056000002128224046319325AF329500F0C2DDAC
:10057000BDF8CE300021202238468DF872301B9411
:1005800000F0B8DD049BD5F8940602930021524692
:1005900030ABCDF8B080CDF894908DF8A4608DE8A4
:1005A000800857F011D988B9608E431EDBB2DE2B6C
:1005B0000AD802F059DA00280CBF00206FF01300AF
:1005C00004E04FF0FF3001E06FF0130035B0BDE8FC
:1005D000F08F00BF112A8200812B82002DE9F04F9D
:1005E000A5B00446D2F808A18B4615460021282262
:1005F00005A8984600F07EDD0FA80021282200F013
:1006000079DDD4F86C3313B104F55B7008E023682E
:1006100093F82F3073B9236A5B7D052B04D16948A9
:1006200005A973F0EFDF05E0042B03D1204605A9EF
:100630001FF066DD05AF3B460FAE204629460AF1A6
:1006400038020DF16409009628F090DA0021242286
:10065000484600F04FDD0021082222A81A971B9679
:1006600000F048DD94F84135CDF88C90DA0702D5DA
:100670002A6DD70708D49E0708D52B6D03F0060313
:10068000023B18BF012302E0002300E0012322689F
:1006900092F84F2012F003020BD0D5F8EC2012F4A0
:1006A000805205D19DF8BC10002908BF1A4600E011
:1006B000002224AB03F8082D1FFA8BF60093324674
:1006C0000023D4F89406294657F056D82E9A00F104
:1006D0000C0913680746994571D8404600210C2241
:1006E00000F008DDBAF82E30A8F80830AB7923B155
:1006F000012388F80A30002306E0D5F8EC2012F434
:10070000803204D088F80A3088F80B3004E00223E5
:1007100088F80A3088F80B202A6D40F2371313400E
:1007200043B195F858302BB1B8F80A3043F01003B4
:10073000A8F80A30236893F830306BB9236A1B6835
:10074000022B09D1BAF86230980605D5B8F80A30FC
:1007500043F02003A8F80A30236A5B7D43B194F884
:1007600072342BB1B8F80A3043F48063A8F80A3029
:10077000236893F8A9305BB1D5F8EC30590407D45D
:10078000AB792BB1B8F80A3043F48073A8F80A307B
:1007900022AB009308F10C030193D4F894060023D4
:1007A00029463246029756F055DFBBF1800F03D140
:1007B000D5F890301C9A5A612E9BC3F8009025B052
:1007C000BDE8F08FD40D89002DE9F04F4E688FB051
:1007D0001746C6F3C0420C46D1F808A0029205465F
:1007E000002104A82822994600F084DC2369C6F37E
:1007F000004B26F08646039326F4EA162AF083037C
:100800006660A360002F00F0BF803B7897F80180FE
:1008100043EA0828A4F80081BB7884F8023146F442
:10082000803363602B6893F84120B2B193F8423073
:100830009BB146F4A026D4F82431666093F85D306D
:100840007BB91AF4007F03D094F82430D90608D578
:100850002846214636F04EDC03E02846214636F095
:100860003BDC0622284621462DF05EDFA26812F00E
:10087000006222D108F00C039B10012B94F8FE00BB
:1008800094F8FF1006D0032B09D043B9012284F855
:10089000FE2001E084F8FE3084F8FF3003E084F8A5
:1008A000FE2084F8FF2094F8FE30834207D194F8AC
:1008B000FF60761A18BF012602E0002600E001263C
:1008C00018F4407F03D0636843F08043636018F0FE
:1008D000010F03D0A36843F08003A36018F0200F3A
:1008E00003D0A36843F00103A36018F0400F03D0C6
:1008F000A36843F00203A360A3680AF0030A03F0AD
:1009000003039A4518BF012618F0100F03D163683E
:1009100043F48013636018F4804F03D0636843F09E
:1009200000736360C8F34008B9F1000F38D005F5D3
:100930003E7003304946162200F058DBB8F1000F34
:1009400003D099F80180C8F3800899F801301A079C
:1009500003D5636843F08073636099F8023013F045
:1009600008030ED0039A41F61001D2F8083140F680
:1009700008425B8E03F44043B3F5404F14BF0B466F
:100980001346A5F8DC320BE02846214606222DF05E
:10099000CBDE2846214636F09FDB3E46B84619E0BE
:1009A0001022F91C0DF1250000F020DBD5F884346D
:1009B00004A8997873F0E4DED5F86812284624F08C
:1009C00095DEFF230190002204A800930146134600
:1009D00073F05ADEBBF1000F11D0636813F480335B
:1009E00010D009AA0023E11812F8010F91F8511054
:1009F000884206D10133102BF5D1002302E05B467B
:100A000000E00123626802F48031C2F300429345A2
:100A100000D163B104F1510029B10DF1250110227B
:100A200000F0E4DA02E0102200F064DB0126B8F105
:100A3000000F03D0636843F400236360029B4345C7
:100A400000D146B1D5F8843493F87B301BB92846E1
:100A500021467BF085DA0FB0BDE8F08F00F5066126
:100A60002DE9F041093104464AF0D6DF94F8723896
:100A70000546002B74D0002872D06A21206948F006
:100A8000CFDC460006F114084146206948F0C8DC76
:100A9000002207464146206949F004DB380406D4A9
:100AA000304831493A46BDE8F04100F0499BD4F85E
:100AB0008484012388F86D3198F828313BB1A0680F
:100AC000D8F8301111F044DE002388F82831204690
:100AD00029460CF0C2F998F81D3153B1012388F86A
:100AE0002831A068D8F83011D8F82421002311F05B
:100AF00009DE206906F1160148F092DCB4F870387E
:100B000083422DD10022134679B22846D5F81061D0
:100B10005BF094DC28465BF0D7DBAB798BB9D5F87A
:100B20001421D5F80831128A5A852B7C4BB1D5F89F
:100B3000EC30990405D473791BB92846012144F09F
:100B4000E5DA0023B37194F80C22D6F8F0309A421B
:100B500006D0284684F80C32BDE8F04124F04A9AC9
:100B6000BDE8F0811B5A8900F14D89002DE9FF4154
:100B700004460D4616461F460A994BF017D82046E4
:100B8000294632463B46FEF761F9B0F10008C0F253
:100B9000A18023685B7E4BB9206956F02BDC28B11D
:100BA000A06811F0DBDD4FF0FF3893E03EB1032F7A
:100BB00005D903A83146042200F018DA01E0002329
:100BC0000393342D18D008DC022D11DB032D13DD27
:100BD000A5F11B03012B0BD80EE0D62D0CD001DCA8
:100BE000A32D04E0FB2D07D040F20B139D4203D050
:100BF000002E65D0002F63DD3E2D02D0402D62D146
:100C000035E023681B7E002B60D0D4F88424039940
:100C100092F81C318BB1CBB282F84631D4F88424DF
:100C20001172D4F88424206992F8AC100122009249
:100C30000192002249F0C0DB3FE0204649B27DF03E
:100C400095DEB0F1000845DBD4F88434039A2046E1
:100C50001A722CF095DF20467DF028DF2046D4F86C
:100C6000B0141EF051DA204624F038DA32E0039B4B
:100C70005A1C042A2CD8013301D103230393D4F83E
:100C80008434039993F81C2172B1C9B283F8AD1072
:100C9000D4F88434002293F845312069009201226F
:100CA000019249F089DB04E0236AC9B2186965F052
:100CB0007BDAD4F88434039ADA714FF0000809E043
:100CC0006FF0010806E06FF0160803E0984601E0B7
:100CD0006FF01C08404604B0BDE8F0812DE9F341F7
:100CE000089C07460E46154698460094FFF73EFFBF
:100CF00010F12F0F0CD010F1170F0BD138463146E1
:100D00002A464346089402B0BDE8F04118F0B09B73
:100D10006FF0160002B0BDE8F08113B504462CF068
:100D200011D820461CF0B8DBD4F88434012293F8A3
:100D3000AD10206993F846310092019249F03CDBF6
:100D4000206902B0BDE8104056F0669B37B50368D5
:100D500004465B7E002B40F01A81006956F04ADBA6
:100D6000002840F01481236893F8203033B92069BB
:100D700047F072DE2368012283F82020206905F005
:100D800012FE236893F8693113B120464BF042DC20
:100D9000D4F88434032293F8513000928022002B3F
:100DA00014BF134600232046042126F04FDA23689F
:100DB000DB6EE3B9206948F0CFDF093017D1226834
:100DC000D36E13F0020512D143F00203D366D4F8B8
:100DD0006432595941B18B7933B94B7923B10B7CCA
:100DE00013B120464AF05EDC0435202DEFD1236894
:100DF000DB6E1BB1204619F087D9C6E0206948F0A8
:100E0000F7DC206990F934114D1C03D1012148F021
:100E1000EDDC01E048F042DC01236376204627F058
:100E2000ABDD23682046596B0323009321B14FF4B7
:100E300080720021134602E04FF480720B4626F0C8
:100E400005DAA06811F006DD236801221A7694F80D
:100E5000CF3173B120462CF093DED4F854332046C2
:100E6000598E2BF0BFD9002384F8CF31204624F0CF
:100E700035D9D4F844260321204624F033D920461E
:100E800016F0E8DBB4F83415204629F095D920692E
:100E900048F04EDF03232022009320461346012111
:100EA00026F0D4D9236893F82F301BB1D4F8180555
:100EB0003BF0AADF20461DF08BD820467AF0D0DD2B
:100EC00001254FF47A72D4F8E8110123A06811F0DB
:100ED00019DCD4F89C0184F82A5280F001DE204607
:100EE0007DF0E4DDD4F88434204693F9121017F035
:100EF000F1DD20462DF034DD20462DF01DDD2046AD
:100F000029462DF0BFDDE36884F86056D3F824212C
:100F1000294642F04002C3F82421236A00221869BE
:100F200065F048D9236884F88C5693F8693113B179
:100F300020464BF0AFDB6A21206948F071DA0030BF
:100F400018BF012084F873087E21206948F068DA10
:100F5000421E92B24FF6FD739A4206D8430001300A
:100F60004000A4F85038A4F85208B4F8501821B141
:100F70002046B4F870272DF065DFB4F8521849B157
:100F80002046B4F854282DF05DDF002003E06FF018
:100F9000080000E008463EBD2DE9F04FB5B0DDF891
:100FA000FC800D93B8F80A700D46ADF858701146E4
:100FB000BFB29146129704461AF09ED8B9F816703F
:100FC000C0B21A97B9F8047010900D9948461B9753
:100FD00073F056DC419F4FF0000A87F800A008F13B
:100FE0000C071597409F0F900C3F1897109FDDF846
:100FF00060B00C97159ECDF844A0CDF824A0CDF894
:1010000064A0CDF828A0CDF838A0CDF82CA0CDF85C
:1010100050A0CDF84CA0CDF820A0CDF81CA02F46B4
:101020004FE03378951C2D2B21D007D8012B13D0FE
:1010300043D3032B12D02A2B40D114E03D2B1DD0DB
:1010400005D80899322B08BF3146089136E04A2B63
:101050001BD0DD2B32D11FE007962FE0B2784FF086
:10106000010A0C922AE0B31C1393149226E0204646
:1010700031462A4658F03ADA0A901FE020463146B7
:101080002A4658F009DA0E9018E0204631462A46E2
:1010900057F09CD9199011E0032A0FD9B01C0422F3
:1010A0009149FFF38FF7119B002808BF2B4611933E
:1010B000099B08BF3346099300E00B967619C5EBF0
:1010C0000B0BBBF1010F03DD7278531C5B45A8DBF2
:1010D0003D46099F3FB10A9F2FB920460999119AB1
:1010E00058F0B8D90A90002D7AD1129FBE0740F16E
:1010F000DA830B9B002B00F0D6832046991C5A788C
:101100004AF00EDD3190002800F0CD83037C002BE7
:1011100040F0C983037A002B00F0C583D0F8083172
:10112000588E01F06FDC0C9F874240F0BC83319FEA
:101130002046394617F054DD002847D03846494646
:101140000D9A43461DF09ADF00283FD040993E9B00
:10115000D7F8046103F110020191204649460123AA
:10116000CDF800800296FFF739F9002830D1B6F8A3
:1011700030B0BBF1000F2ED1216AD4F88434503145
:101180005A469B7806F1380073F052D94099384698
:1011900000910D9A4946434643F034D9CDF800B04A
:1011A000CDF804B03B7C2046D3F1010338BF0023C7
:1011B00002937D22394607F1DC03CDF80CB0CDF85F
:1011C00010B01EF08DD901220B9206E00B9504E0C1
:1011D00000230B9301E000210B914FB33D4601E04A
:1011E00000270B971A9F3E9917F4404F0CBF4FF002
:1011F000000B4FF0010B01F10A07204629463A4641
:101200005B467AF04DDB064600BB2B7C002B40F0A2
:101210004D83204629463A465B467AF043DC064633
:10122000002800F04383204631467AF0ABDA0DE027
:1012300094F88E32002B00F039833E9F204607F150
:101240000A0131AA7AF0D6DA064610B17368D807D7
:1012500020D4089F27B17878B91C27F07BDD58B9D6
:10126000079F67B1B91C787827F074DD10F1000B87
:1012700018BF4FF0010B04E04FF0010B01E0DDF867
:101280001CB066B1BBF1000F07D1736843F00103D6
:10129000736004E04FF0000B01E04FF0010BCDB1A3
:1012A000AB79DBB92B7A0BB3D5F808315B8E07939A
:1012B00003F46053A3F5C052534243EB0203079873
:1012C000089301F09FDB0C9FC11B484240EB0100DB
:1012D00009900EE00895079509950AE00027089700
:1012E0000797099705E000BFFE37010008930793B1
:1012F0000993B4F88E32002B7FD0236A5B7DC3B193
:101300000C9FD4F87C040E2F8CBF4FF44042002277
:1013100047F48051129F114307F02003D3F10103DA
:1013200038BF00230193139A149BCDF800B071F0DD
:10133000CDDE236893F84F309B0712D00C9FD4F872
:1013400080040E2F8CBF4FF44043002347F480519C
:10135000089F19430E9A0A9BCDF800B0019772F0CE
:10136000D9DB94F88E32002B47D000210C222EA816
:10137000FFF3C0F6944B1CAF2E93944B38460021DC
:1013800028222F933094FFF3B5F6BDF858100DF1D5
:10139000980CDDF830E0ADF8761060460021202290
:1013A000CDF818C01C968DF874E08DF878B0FFF376
:1013B000A1F62D970D9F236827973E9F93F84F30F6
:1013C0002897109F03F003038DF8A8700F9FDDF896
:1013D00018C02B97159F8DF8B0300197189FD4F83F
:1013E0009406002190222EABCDF89890CDF8A480E1
:1013F000CDF800C0029756F0E7D994F88C32002B54
:1014000000F05682099F002F00F05282236893F863
:101410004F20970700F08A800E9F002F00F08680F3
:101420000A9F002F00F0828093F8A93033B1D4F8DE
:101430007801294653F0F2DC002877D10E9F204630
:101440007A78397824F0ACDC079F034617F4404FD4
:101450000CBF002201220A3254F822201192D5F842
:10146000082162B1D28812F0200208D00A9F3A788F
:1014700012F0020203D00E9F7A78C2F38002099222
:10148000BAF1000F0BD1109FDAB2BA4207D018465A
:10149000069301F0B7DAB842069B40F00982D5F80E
:1014A0000821002A2DD01846069301F0ABDA074632
:1014B000079801F0A7DA8742069B22D1D5F80821C8
:1014C000528E9A4232D0002E30D02A7A002A2DD065
:1014D000204611992A4625F055DEFF28074600F0E0
:1014E000E781DDF824E0204629463A465FFA8EF38C
:1014F00015F088DED0B1204629463A462DF0C6D9EF
:1015000014E0BAF1000F11D01846069301F07ADA10
:101510000C9F069BB84200F0CB8103F46053B3F5F7
:10152000805F03D0B3F5C05F40F0C281419F0123CB
:101530003B702368D5F818A193F84F30980716D060
:10154000AEB10A9F37B1199F2046009731460A9ADB
:101550000E9B0AE02B7C53B97368D90307D50A9F09
:101560002046009731463A463B4617F075D92B7C0A
:10157000002B00F0BF803E9F0D9B204629464A4627
:101580008DE8800115F02ADF236893F83B3043B1E2
:101590000D9F2046294632464B468DE880015EF07D
:1015A00013DA9AF809301BB1284600212BF028D90C
:1015B0009AF80D30DBB1D4F830371A680AB11F7AC7
:1015C00037B12846002110E0F1CF8100F5CF81002E
:1015D00004F020D9D4F830371A69821AB2F57A7F2C
:1015E00005D901221A72284639462BF001DCD4F8BD
:1015F00030371B68002B48D01B9F0123C7F3C01254
:101600000F9920461EF08EDB98F8023098F80110F2
:101610001B0443EA012398F80010B8F808700B4344
:1016200098F80310024643EA0163329398F80630B3
:1016300098F805101B0443EA012398F8041034A815
:101640000B4398F80710002F08BF642743EA016393
:1016500040F8043D32A900F0E7D93846329A339970
:1016600080F05ADAD4F83037BF021A68BA1A9042BA
:101670000BD95A68BA1A904207D23F1A5F60D4F861
:101680004401294601225FF0CFDC236A5B7D2BB148
:10169000129F2046C7F380212CF076DAD4F8580147
:1016A000079950F0B7DD80B1D4F85801079950F090
:1016B000A7D9236A186964F0F5DE079FB84204D100
:1016C000002120460A4625F079DE4A460D9BD4F8D3
:1016D00044012946CDF800805FF06ED8D5F8EC3093
:1016E0009A0458D5D4F84C0129464246409B63F0F1
:1016F000F7DF50E0BBF1000F03D1129FC7F3401397
:1017000000E00123DBB23EB1726813B142F0040283
:1017100001E022F004027260226A527D4AB1019314
:10172000D4F87C042946139A149BCDF800B071F0CC
:1017300025DD236893F84F309B070AD0089FD4F823
:10174000800429460E9A0A9BCDF800B0019772F0EA
:1017500039DA0B9FFFB9D4F868329D420CD0284685
:1017600049460D9A43461DF089DC28B12846494672
:101770000D9A43462CF0BEDA94F88E325BB9D4F859
:1017800068329D4207D1284615F090DE18B12046F8
:1017900041461BF02BD800210C222EA8FFF3AAF4FF
:1017A000454B1CAF2E93454B0021282238462F93E2
:1017B0003094FFF39FF4BDF85810DDF830E01C962C
:1017C00026AE2022ADF87610304600218DF874E068
:1017D0008DF878B0FFF38EF42D970D9F236827972F
:1017E0003E9F93F84F302897109F03F003038DF826
:1017F000A8700F9F8DF8B0302B97159F802201970E
:10180000189F2EABD4F894062946CDF89890CDF8C1
:10181000A4800096029755F0D7DF9AF80230013B7A
:10182000DBB2012B13D8AB798BB92A7C7AB1D5F80E
:10183000182192F86C20022A09D14FF0FF32019250
:101840002046294605F1DC02009329F07DDD0F9F3B
:1018500017F0407F01D1384602E00F9872F08EDE1B
:1018600000F07F0002280AD0042808D00B2806D0F8
:10187000A0F1160CDCF1000040EB0C0000E00120B0
:101880000190B9F80400B9F80610800B029001200D
:101890000022039099F91C302046090A0092049511
:1018A0000BF00DFB04E000270B97C1E40026D0E409
:1018B00035B0BDE8F08F00BFF1CF8100F5CF8100DA
:1018C0002DE9F04F91F91530A1B0002504468A4664
:1018D0001E951F9573B11BF0D7DD58B12368BAF878
:1018E0001C20D3F88830D3F8C8118A18C3F8C8214F
:1018F00000F0A3BCBAF80230606803F00703052BC0
:101900000B900A9300F2A48463690A9953F82100AA
:10191000002800F09D849AF81820022A089200F00E
:101920008984714B0221DB6B9847814638B9204688
:101930000A9914F0BDDE8146002800F08984204613
:10194000494611AA23F0FEDF236893F89C30012B4F
:1019500006D0BAF80220BDF848309A4240F07384AD
:10196000B9F80E30614E03F007030993604DF35C44
:101970004946EB5C11AA0C93189B0D9318881EAB7B
:101980000E90009320461FAB18F094D9236893F86B
:101990004F309B0717D011A81BF0A4DC38B1236887
:1019A000D3F88830D3F8A4220132C3F8A42211A8B6
:1019B0001BF0AADC38B12368D3F88830D3F8AC2206
:1019C0000132C3F8AC22D9F818305D056CD511ADE1
:1019D000204629462CF040DE08BB5346D4F834019B
:1019E0001E994A46009534F05DDB236893F8E13098
:1019F000002B59D01E99002956D0BDF85000BAF8D6
:101A000002200090BDF84E30D4F8F8067AF086D85F
:101A1000D4F85C011E990C9A7AF0D2DB44E01F994D
:101A2000A1B1089A072A11D1D1F8EC3098030DD44E
:101A3000D4F84C0163F0C0DC28B9D4F84C011F99EC
:101A400063F01CDD10B11F984AF0F2DA11AB00937D
:101A5000D4F8340153461E994A4634F085DA236897
:101A6000054693F8E13093B11E9981B1BDF850005D
:101A7000BAF802200090BDF84E30D4F8F8067AF09B
:101A80004DD8D4F85C011E990C9A7AF099DB1F9816
:101A9000002800F0D2838379002B40F0CE830AF136
:101AA00008016FF0B9DBC8E3204611A9D9F83470FA
:101AB0001BF040DCBAF81C60FF0E07F001070F9026
:101AC000BAF81A80E6B12368D3F88830DA68013AA8
:101AD0009219DA601E9B9BB167B1D3F82C22013AB0
:101AE0009219C3F82C220BE010A78800BAD5880001
:101AF0006CE18800D3F83822013A9219C3F83822F1
:101B0000B8F1000F06D02368D3F88830DA68013ABC
:101B10004244DA600E98494600F48063D3F1010331
:101B200038BF00230B98079300F016DED9F8185041
:101B30009AF91930C5F3C06B002B00F0868023683A
:101B40001E98D3F88830D3F8A8210132C3F8A82111
:101B5000D3F8C821013A9219C3F8C82128B1036902
:101B60001BB1DB68DA6B0132DA63012E05DDD4F8D4
:101B70008C54013DAD19C4F88C54079900294DD0FF
:101B80002368D3F88830D3F8D8210132C3F8D8219C
:101B900028B103691BB1DB685A6B01325A63012318
:101BA0000999002208F065F8D4F88C347BB12368D9
:101BB000D3F88830D3F8B4210132C3F8B4211E9B86
:101BC0002BB11B691BB1DB68DA6A0132DA62D4F827
:101BD0008C34012B14D923681E98D3F88830D3F89D
:101BE000B8210132C3F8B82128B103691BB1DB6801
:101BF0001A6B01321A6309990C22012308F039F893
:101C00001E9B5BB12FB1D3F828220132C3F82822E2
:101C100004E0D3F834220132C3F834221E9B13B1FE
:101C20002268926A9A621F9B002B00F015829A79B3
:101C3000002A40F01482197C002900F01482D3F8A5
:101C4000103101259A7190460FE215F4825543D068
:101C500023681E98D3F88830D3F8A8210132C3F83E
:101C6000A82128B103691BB1DB68DA6B0132DA63A2
:101C7000079A0AB32368D3F88830D3F8D821013201
:101C8000C3F8D82128B103691BB1DB685A6B013254
:101C90005A6301230999002207F0EBFF1E9B5BB1F9
:101CA0002FB1D3F828220132C3F8282204E0D3F858
:101CB00034220132C3F834221E9A002A00F0D8815F
:101CC0001F9B002B00F0DA819D79002D40F0DC8114
:101CD00023689B6A9362D8E1089B032B09D0042BED
:101CE0000CD12368D3F88830D3F810220132C3F81E
:101CF0001022A8462F460126AB46DDE108980528AC
:101D000029D123685A6BD3F88C103AB1B9F80E2058
:101D1000954802F00702825C9448825C143201EB21
:101D2000C2014A68D3F8883001324A60D3F8A02251
:101D30001E980132C3F8A02209990422012307F05A
:101D400098FFB4F83455002D00F0A381204623F00D
:101D5000DFDA00259DE10899012916D11F9B93B177
:101D60009B7983B11E9B73B11A7DD20704D493F87B
:101D700024309B0740F16582204649465246079B26
:101D80003CF09ADC4BE0089E4DE0089A062AB0D061
:101D9000072A51D11F99002900F05382D1F8EC3065
:101DA0009F0040F14E829E030DD4D4F84C0163F0A5
:101DB00003DB28B9D4F84C011F9963F05FDB10B145
:101DC0001F984AF035D91E99002900F03A821F9BCE
:101DD0009B795BB191F824309D0707D58B68580635
:101DE00004D50122204613463CF0B4DBD9F8183064
:101DF000590544BF43F48073C9F81830D9F8183036
:101E000023F40043C9F818301F9BD3F8EC309A0331
:101E100040F1178220461E994A4625F0BBDB064654
:101E2000002800F03A81002520460AF114011BF039
:101E300021DBA8462F465FE7BAF8063033B12368A6
:101E4000D3F888309A6B01329A6352E71B9B1B7858
:101E5000DB0741D57EB12368D3F88830D3F8A821B9
:101E60000132C3F8A8211E9B2BB11B691BB1DB6893
:101E7000DA6B0132DA63079B002B00F013812368D1
:101E80001E98D3F88830D3F8D8210132C3F8D8216E
:101E900028B103691BB1DB685A6B01325A63099997
:101EA0000022012307F0E5FE002E00F0FD802368EC
:101EB0001E9DD3F88830D3F8AC210132C3F8AC2191
:101EC000002D00F0CD812D69002D00F0C981EB6857
:101ED0009A6B01329A63C2E11F9B002B48D09A791A
:101EE000002A45D11B7C002B42D00D98037CDD07D6
:101EF0003ED53EB12368D3F88830D3F8A82101320B
:101F0000C3F8A8210799002900F0CC8023681E9807
:101F1000D3F88830D3F8D8210132C3F8D82128B1BA
:101F200003691BB1DB685A6B01325A6309990022BD
:101F3000012307F09EFE002E00F0B68023681E9D50
:101F4000D3F88830D3F8AC210132C3F8AC21002D8E
:101F500000F086812B69002B00F07C81DB689A6B96
:101F600001329A6376E100BFBAD588006CE188003F
:101F70000F9AB4F86A341AB1984503DAB4F86C349D
:101F80009E4261DB22680798D2F88830D3F8C851A6
:101F9000AD19C3F8C851002800F08980D3F8B011FA
:101FA0000131C3F8B011D4F8843493F81D1109B38A
:101FB000D4F868128979E9B992F8642122B193F8CA
:101FC0006D210AB183F86D11D4F88414204601F50F
:101FD00082710BF048F9D4F88434012283F8282167
:101FE000D4F88434A068D3F83011D3F82421002326
:101FF00010F088DB1E9860B12FB1D0F83032013379
:10200000C0F8303230E1D0F83C320133C0F83C3215
:102010002AE101230999082207F02BFE1E9B2BB110
:102020001B691BB1DB689A6A01329A6200250223A0
:102030008DE8280020461F9914221B9B02950395CA
:1020400004951DF04DDA33E023680025D3F888307D
:10205000DA690132DA614CE60125984605E001258E
:102060004FF0000801E0012588462F462E4623E068
:102070000127154690463E4693461DE001271D4622
:1020800098463E469B4617E000250127A8463E4657
:1020900032E6A8462F4601260EE005468046074652
:1020A000834609E0079DDBE03546B046D9E0079D51
:1020B0004FF001082F464646B4F8343543B1D4F802
:1020C00038352BB10899052902D0204623F00ED9C6
:1020D000BBF1000F4ED01E9B002B4BD011A81BF064
:1020E00001D99DF84E30834603F00303023BDBB277
:1020F000012B04D8204611A92CF0B6DA00E0FF200D
:102100000A9A032A0AD85B498B5C04EB4303B3F8B1
:102110003622130903F00F03120B03E0B4F86E34F8
:10212000B4F87024009200220392BDF84C20019074
:10213000C2F300320492D4F85C011E995246CDF8E5
:1021400008B07AF0BFD8236893F8E13093B11E99B4
:1021500081B1BDF85000BAF802200090BDF84E30B1
:10216000D4F8F80679F0DADCD4F85C011E990C9A00
:102170007AF026D820460A9901222CF0E7D81E983A
:1021800060B15EB1E368D3F88021D9F830309A426B
:1021900004D91DB10999D21A07F079FD1F9DB5B177
:1021A0000AF1140120462CF03DDB014628462CF0B4
:1021B000EFDB0E9A02F0FC03082B01D0882B06D12E
:1021C000079B23B11F980AF108016FF025D81E99CB
:1021D000C9B10B7DD80716D41F9BA3B19A7992B9C8
:1021E0001A7C82B11A7A72B1D3F8EC2092040AD424
:1021F000D3F810315B7933B9204652463B46CDF8CF
:10220000008043F075D97EB10AF1140120462CF00C
:1022100009DB49460246D4F8880463F01DDE0B98BA
:102220004946012203F0B2DF079828B10025C4F81F
:102230008C5402E0002500E0079D284621B0BDE84F
:10224000F08F0126EFE50B984946012203F09EDF4F
:102250000125F2E7D5F868310133C5F8683100256A
:10226000A84601273E4627E7D0F84C310133C0F895
:102270004C31CEE66CE188002DE9F04F002BB5B073
:1022800007930CBF04230A230993079B15690DF1DB
:102290002C0918BF2023044615AF88469346002119
:1022A000282248460693D5F80C610DF1B80AFEF3D2
:1022B00021F7002128223846FEF31CF700210C22CA
:1022C0005046FEF317F7336B20468DE80804294685
:1022D000069AF36ACDF8B8902F9714F0F3DD002832
:1022E00040F0F880B8F80630D80715D5216A4B7D44
:1022F00093B10A6D0CA854310B92FEF377F6D5F822
:10230000EC30990405D5D4F84C0129464A4663F0CF
:102310008BD90023159308E015AB0093204629467E
:1023200008F138020BAB26F021DCF36A83B128A850
:1023300000211822FEF3DEF6F36A2D942893336B06
:102340002993674B2B93674B2A93674B2C9328ABAE
:102350001FAF0021242238460893FEF3CBF60BABC7
:1023600000210822219331A815AB2293CDF87CB02F
:10237000CDF88080FEF3BEF62368294693F84F20FF
:1023800034AB12F0030218BFDBF80420D4F8940633
:1023900018BFC2F3004203F80C2D0093069A089B65
:1023A000329755F0E9D9099B069900EB030A33AB44
:1023B00002932046424605F1E2038DE8000523F032
:1023C0003FD8074630B920463946B5F82E2140F0AF
:1023D00015DB80E0204629464246DDF8CC901CF013
:1023E0005BDBA9F80000738CA9F80230339B04333F
:1023F0003393079B13B9AAF1040A13E006F12409E9
:102400004846FFF3E3F410B93398494602E03398A5
:1024100005F1F8010622FEF3E9F5339BAAF10A0A59
:102420000633339331AB0093339BD4F89406019376
:102430002946069A089BCDF808A055F00BD981468D
:1024400028B160683946012203F0A0DE42E0339BE8
:1024500000900190029003932046294657224B4654
:10246000CDF810A01DF03CD8706B18B103F06ADEF7
:10247000C6F83490079B23B1339B0AF1060A063B4A
:102480003393339B0AF1040A043B3393079B504672
:1024900086F83C3003F044DE706308B9B06305E0B1
:1024A00033995246FEF3A2F5C6F838A0B8F8623068
:1024B0000095C3F34013019300230293039339461D
:1024C0002046D4F8BC255B4626F09AD9002808BFE0
:1024D000002700E00027384635B0BDE8F08F00BF88
:1024E000CDCE8100DDCE8100FDCE81002DE9F04F03
:1024F00095B0064606910792209C219DD0F8009049
:102500009B46002B00F0B380ECB91E9A012A1CD127
:102510001F9A931E012B18D8032A16D1002D40F0C4
:10252000AB80C36E5A1C05D01C3350F82350002DCD
:1025300040F0A28048460021B6F82E2140F0D6DDBA
:102540004FF0000894E0002500E025464FF0B00869
:1025500006270DF1200A002124225046FEF3CAF579
:102560001E9B1F9A0893229B099211A80021082202
:10257000CDF828B00B930594ADF83040FEF3BAF5D2
:10258000CDF848A044B1089B032B0FD14C2C0DDB98
:102590004D2C01DD7E2C09D111AB0093D9F89406A6
:1025A0003146B022002355F0E7D83F18079B41463B
:1025B0008DE8880013AB02934846069A06F1E203C1
:1025C00022F03EDF8046002852D075B100230093F0
:1025D00001932A46139B4846314658F00DDC95F985
:1025E0000E30139AFF1AD21813921E9BDDF84CA0DE
:1025F0009AB2AAF800201F9BAAF80230059BAAF8FD
:1026000004300AF1060313933CB1032A17D14C2C72
:1026100015DB4D2C01DD7E2C11D111AA8DE80C00AB
:10262000063F0297D9F894063146B022002355F0B0
:1026300011D824B9BDF830300BB1AAF80430B37901
:1026400013B1F368DA6801E0D9F8BC259DF88C3045
:10265000414601930023039348465B46009602954A
:1026600026F0CED8002808BF4FF0000800E09846BA
:10267000404615B0BDE8F08F95F90E7044F2B008F1
:10268000063766E72DE9F0470446A4B090469A461F
:102690000D4600296DD0D1F86433002B69D004AF0A
:1026A0000EAE33463A460DF1600923F01BD90021E6
:1026B00024224846FEF31EF5236A002165330822D2
:1026C00021A81893CDF864808DF868A01B971C96FC
:1026D000FEF310F52368CDF8889093F84F3013F08F
:1026E000030307D0D5F8EC3003F48053D3F1010392
:1026F00038BF002324AF07F80C3D294640220023B1
:10270000D4F89406009755F037D82D9B019000938C
:1027100023AB02938046402120462C9A05F1E20328
:1027200022F08EDE064620B3239BD4F89406019354
:102730002946402200230097CDF8088054F08ADF14
:1027400028B160683146012203F020DD11E0D5F8A0
:10275000EC3013F4005306D0D4F84C01294632462D
:1027600063F0D8D905E020463146D4F8BC2528F0DE
:10277000DDDD24B0BDE8F0872DE9F04390F8A03707
:1027800087B004462BB1002380F8A0374FF0010832
:1027900000E0984623681A7E32B9B8F1000F00F0C5
:1027A0003B822046022135E2206954F023DE18B135
:1027B000A0680FF0D3DF27E220461BF05DDB236A21
:1027C00020461F69D4F86832D3F814219D79167C0D
:1027D0001CF0FCD9031C18BF0123384671B22A46ED
:1027E00063F094DC94F88C36ABB12369D3F888306D
:1027F000D3F8245115F040050DD120462BF0C0D957
:10280000236A84F88C56186929462A4663F0D2DC7C
:10281000204622F063DC236820469A6A01329A62DD
:102820001CF0D4D918B9D4F8843483F8290120468F
:102830000AF0B7FD236A186965F05AD801462046A8
:1028400059F028DD236A186965F00CD90146204645
:1028500059F0D8DC236893F93D307BB1D4F82401DA
:1028600003A9002278F098DB01E00023C361D4F8CB
:10287000240103A978F0A6DB0028F6D194F8D4311E
:102880004BB1204616F03EDB28B194F8E43113B189
:10289000013B84F8E431204626F082D8204617F028
:1028A0001DDC204626F0D6D894F8D43113B120464A
:1028B00024F068DA2368DA6E002A40F0A58193F8E4
:1028C000693113B120464BF023D9204647F030DB65
:1028D000236893F82F20CAB193F83030B3B1204663
:1028E0001CF09CD890B1D4F864120023CA582AB1C5
:1028F000907918B1507908B112791AB10433202BAC
:10290000F4D103E0D4F818053AF07EDAD4F828358B
:102910001B68A3B120462AF0CFDCD4F828355A68CA
:102920001B68B2FBF3F103FB112313B9204615F02A
:1029300089D8D4F828355A6801325A600AE02368E9
:102940009A6A1E23B2FBF3F103FB112313B920464D
:102950002AF0B2DC94F88C3243B194F8F034013BA5
:10296000DBB2022B02D8204615F048DE0025D4F851
:1029700064325F591FB3BB790BBB3B7AFBB1D7F80D
:1029800018319B7ADBB1384625F090DEB8B13B7C3C
:10299000ABB1D7F818319B7A8BB13B7A7BB107F199
:1029A000DC063046FFF312F2034640B94FF0FF3227
:1029B0000090019220463946324628F0C5DC0435A5
:1029C000202DD4D1204616F003DB236A5B7DB3B102
:1029D00023689A6A3C23B2FBF3F503FB152575B90E
:1029E000D4F86432585938B183792BB9037A1BB1C2
:1029F000037C0BB917F028DC0435202DF0D12046DC
:102A00002AF038DC20B9D4F8180539F0A9DF38B13C
:102A1000236A20211869002264F03ADD002604E0D0
:102A2000236A202118690122F6E7D4F864329D59FF
:102A3000FDB1D5F8A83013B1013BC5F8A830D5F8E1
:102A4000AC701FB1013FC5F8AC7012E0AB7983B137
:102A50002B6D99070DD595F8A43053B102F0DADE4D
:102A6000D5F8B01040F052DE18B1C5F8A87085F85E
:102A7000A4700436202ED8D1B4F850371BB1013BD6
:102A8000A4F8503702E0204622F076DD00263546D5
:102A90000BE0D4F8C4329B195B6A23B1D4F8C82286
:102AA00052F82500984701353836236893F8B4204A
:102AB0009542EEDB93F83B5045B193F83C502DB175
:102AC00094F8FC5515B1E368D3F880510026D4F88A
:102AD000643253F80690B9F1000F40D099F80630EF
:102AE000002B3CD199F80830002B38D099F8563398
:102AF000DA0704D52046494699F8542305E098079B
:102B000005D599F855232046494624F0A7DB94F8CB
:102B1000FC3523B399F804300BB3D9F818314A4681
:102B20001978204629F02CDE236893F83B20B2B1B7
:102B300093F83C309BB194F88E3283B9D9F80831C0
:102B4000D4F85001DF8D93F86030BF0201335F434A
:102B500099F844102B463A465CF066DFED190436CE
:102B6000202EB4D1236893F83B206AB193F83C300F
:102B700053B194F88E223AB994F8FC3523B1D4F8C5
:102B8000500101215CF07ADF002384F8FC352268D3
:102B9000D4F88434926AB3F89E30B2FBF3F103FBAD
:102BA000112313B9204609F095FAD4F8683223B1FD
:102BB000D3F818210AB112781AB1D4F864020022AD
:102BC00002E01B7ACBB9F8E7835893B19D79D3F82B
:102BD000EC1015B1890405D40BE011F4005F08D0A6
:102BE000C90306D4197A21B1D3F818310BB11B7877
:102BF0001BB10432202AE7D103E0A06802210FF0C4
:102C000027DE204619F0ECDFB8F1000F04D0204693
:102C1000022100222BF050DF07B0BDE8F083000056
:102C20002DE9F04F92F82A301446B2F81CB08DB05E
:102C300006460D46D0F804A00F6952692BB193687F
:102C400094F8228003F11A0903E09268984602F191
:102C50001809A368072B0DD93046494613F0E8DC64
:102C600040B1B9F806304FEA132949EA03291FFA9F
:102C700089F901E0B4F8089095F8243003F01203C4
:102C8000022B0DD148F68E03994509D12068D7F85B
:102C9000081110300622FEF395F1002840F0C88399
:102CA00094F82C30EBB9A38B1B051AD53368D3F8F5
:102CB0008830D3F84C230132C3F84C23D5F82422B2
:102CC0000132C5F8242205EB4802B2F8A410B4F88A
:102CD0007E20914205D1D3F8BC210132C3F8BC213A
:102CE000A6E3BB79CBF3802B002B32D1D7F8183178
:102CF0001A7B92B194F82C207AB9BBF1000F0CD159
:102D000095F8CA10626A51FA02F2D00705D4384623
:102D1000A18B029317F05CDB029B3268526BC2B14D
:102D20001B7FB3B194F82A309BB194F8283083B15B
:102D30000021384629F008DAD7F8EC30990408D594
:102D4000A28B12F4005204D1D6F84C01394662F03D
:102D500003D9238C5A0700F16B83A38B03F48043C0
:102D600063633BB93A6D40F237131340EBB197F808
:102D70005830D3B10023A3633046234651462A4638
:102D8000CDF800807AF042DB636B40B9002B00F095
:102D90004F83D5F864310133C5F8643148E323B17A
:102DA000D5F860310133C5F8603194F82C3043B95F
:102DB00008F15003B4F87E0005EB43039A8898802D
:102DC00000E0002294F82C3043B3636994F82A2081
:102DD0009B680AB11A3300E01833B9F5006F40F070
:102DE0006E81A268072A40F26A811A7A1209042ABF
:102DF00040F065819A6912BA002A00F060815B7C1C
:102E0000012B40F05C8102F07043B3F1604F00F0A1
:102E10005681D2B2FF2A40F00B8350E1B4F87E0015
:102E200008F1180910F00F0340F0A38005EB8909A1
:102E3000D9F8041079B11A465046029303F0A6D986
:102E4000029B05EB8802C2F8843008F14A02C9F8F7
:102E5000043045F82230BBF1000F00F03081E36808
:102E60006269039305EB88035A66A16B31B105F5DE
:102E70001C70053014311022FEF3B8F063699A68B3
:102E80005868510DC0F3140E9889DB8849058E44AB
:102E9000C3F34A133168013302EB000C7344C96970
:102EA000CCEB0303CEEB020E896803EB0E02101885
:102EB000884234DA5046FBF791F808F1180905EB1F
:102EC0008909C9F80400002800F0B28262698068AC
:102ED0009168536821F07F4E2EF4600E9289C3F3FF
:102EE0001403C3EB0E03C91A9A18FEF37FF061694D
:102EF0008B684A6823F07F4323F46003C2F3140213
:102F00009A1AD9F804309868801898609889821ABB
:102F10009A81888900229881504603F037D9D6F8E3
:102F2000E015039B05EB880259186FF005035B1A47
:102F30003168A148C96989685B18C2F88430616842
:102F40000822FEF33FF06B6810B943F0080301E07C
:102F500023F008036B60994861680822FEF332F0A1
:102F6000AB6810B943F0200301E023F02003AB600D
:102F7000A5E005EB8901496800293ED0504020F0CA
:102F80000F0020B902F00F02013293420FD000224D
:102F9000504603F0FBD808F1180205EB820200232B
:102FA000536008F1200205EB8202536021E0A16B1F
:102FB00049B105F51C70053014311022FEF302F002
:102FC000002840F0358208F1200905EB8909A36843
:102FD000D9F8042008F1180C93421DD905EB8C0791
:102FE00050467968002203F0D1D800237B60C9F8ED
:102FF000043008F14A0845F828303368D3F888309F
:103000001A6E01321A662B69002B00F01182DB6800
:103010005A6D01325A650BE28DE8080405EB8C0C01
:10302000DCF80410304609F104026368CDF808C0EA
:1030300013F036DF50466169002203F0A7D8DDF8AF
:1030400008C0BBF1000F3AD1DCF8042008F14A03B4
:103050006261CCF804B045F823B09368928903F11B
:103060001801C9F804B06160A2F11801A16094F8D8
:1030700029102360E26021B103F11E011E3A616054
:10308000A26094F82A203AB1626884F82280023261
:103090006260A268023AA2601A785B7842EA03236F
:1030A000A383636B5BB1A36B4BB193F90E20616893
:1030B0008A18626093F90E30A268D31AA360A36BDA
:1030C00063B11B7A042B04D1304621467AF02ADA08
:1030D00004E00B2B02D120461AF0ACDBBBF1000F51
:1030E00040F0C481626993695B0613D5BB792BB943
:1030F000D4F88010384618316EF08ED863699B6919
:10310000180640F19581D6F830012946224601F093
:10311000B5F9ABE123689888D988ADF81000ADF80F
:10312000121018895989ADF81400ADF81810988953
:10313000D989ADF81A00ADF81C10188A598AADF873
:103140002000ADF82210988A94F82910ADF82400D8
:1031500041B1198B588B9B8BADF82810ADF82A0024
:10316000ADF82C30A38B13F4807F03F4007304D1EB
:1031700004A9616723B108AB05E008A961670BB931
:1031800006AB00E00AAB6168236793683046C3EB87
:10319000010813F04DDA6369998988B1072940F273
:1031A00047819A68A8F106084244C8EB01089A6072
:1031B000A3F80C80E26615E02C1D8900033801009D
:1031C0000D2940F235819A68A8F10E084244C8EBF7
:1031D00001089A60A3F80C802389E266190A41EA83
:1031E00003239381A36B6BB11B7A012B0AD0032BB2
:1031F00008D0304651462A46234679F0C7DE0028DB
:1032000000F01681A36B33B11B7A022B03D1304639
:1032100021467AF087D997F85C339BB1E36E9B899E
:103220001A0A42EA0323934A1BB293420AD1304658
:1032300061690622002315F0BBDD18B1304639461E
:1032400049F006D9626FE36E118819805088588062
:1032500091889980216F0888D8804888188189884A
:103260005981616994F822E0C8890EF0070E20F0B8
:1032700007004EEA0000C8811178C9070BD53168F4
:10328000D1F88810D1F8D0010130C1F8D001F96827
:10329000886D0130886597F8591061B195F8241050
:1032A000C80608D49989080A40EA0121714809B280
:1032B000814240F0BD80D6F89811795C79B195F8DB
:1032C0002410C9060BD49B89190A41EA03236A49D1
:1032D0001BB28B4203D026398B4240F0A980BB79C8
:1032E000EBB992F8008018F0010818D1D7F818311E
:1032F000384693F87420013283F87420D4F8801093
:1033000018316DF089DF61695046FFF325F2012124
:10331000034642463846CDF800806DF0FDDFD6F812
:10332000D0361B68FB58002B35D01B68002B32D0E1
:10333000D4F86C80B8F80C301A0A42EA03234D4ADC
:103340001BB2934227D197F8A73313B197F8F633FE
:103350000BB350466169424612232BF0C1DB0028B3
:103360003BD0B8F8103050461A0A42EA032361698C
:1033700008F112029BB22BF0B3DB00282DD0636B57
:10338000D6F8D006003318BF0123394642467DF0F7
:1033900077D900284CD17B69002B2FD0D4F86C80D2
:1033A000B8F80C301A0A42EA0323324A1BB293429D
:1033B00024D150466169424612232BF091DB60B163
:1033C000B8F8103050461A0A42EA0323616908F13E
:1033D00012029BB22BF084DB30B93368D3F888300B
:1033E0005A6E01325A6623E0626B7869003218BF68
:1033F000012241462B4643F0B3DAC8B9D5F89431DF
:10340000DB070BD594F8293043B9E36E9B891A0A80
:1034100042EA0323174A1BB2934209D1636994F825
:103420002920009330462946636F26F045DC1DE0D5
:1034300033685A6BAAB161691048CA89D3F88C30D5
:1034400002F00702825C0E48855C50460C3503EBA7
:10345000C5056B68AE6801336B60FFF37DF18019C1
:10346000A86050466169002202F090DE0DB0BDE810
:10347000F08F00BF8E88FFFFB488FFFFBAD58800A9
:103480006CE188002DE9F04F4FF0000AAFB0CDF8A5
:10349000B0A0CDF8B4A0D68A984610939B89044674
:1034A000212B0F461546CDF864A08DF84EA0CDF81F
:1034B00050A08DF857A08DF854A08DF88CA08DF8F1
:1034C00058A011922B92CDF888A001D803684AE049
:1034D000D8F808901046494671F0D2D909F1060390
:1034E0000890C8F82C000B93B9F806301946ADF8CF
:1034F000483001F00C02184601F0F00301F440716D
:10350000A1F5407E92081B09DEF1000141EB0E019E
:10351000022A08BF4FEAD30AADF84A205FFA8AF2BE
:10352000ADF84C308DF855108DF85620B5F804E004
:103530000EF0030EBEF1020F04D100B2002801DA32
:10354000DB0800E00023D8B28DF85700002914BF33
:103550002823222302B1023300B10433109880895A
:10356000984206D22368D3F888305A6E01325A66E0
:103570007EE399F80A3003F001038DF8583009F121
:103580001E030C9311B109F124030C9300238DF851
:1035900059304AB10C9B5A781B7843EA0222DB0966
:1035A00007928DF8593000E0079241463846FFF304
:1035B000D3F0109909908B68384606338B608B895D
:1035C000063B8B819DF859301BB1FEF365F5014632
:1035D0003846042202F084DD16F4404F9DF8552051
:1035E0000CBF4FF0000B4FF0010B00232D9302BBDB
:1035F000BDF848300B9913F4407F09D101F1100652
:1036000020460A315A462DAB78F00CDA2C9005E0B2
:10361000D80501D50E1D01E001F10A062D9B23B945
:103620002046314648F0F8D92D902D9B003318BF25
:1036300001238DF85C302D9B13F1000A9DF8583062
:1036400018BF4FF0010A43B90B992046043148F0E6
:1036500009DA061C18BF012600E00026D4F804325F
:103660001BB9236893F82C306BB3236893F83E2082
:10367000002A08BF4FF0000A7EBBBDF84820D205E3
:1036800006D49DF858201AB1BAF1000F40F0F68226
:103690009DF8552012B19DF858203ABB93F82C3074
:1036A000002B00F0C982BAF1000F04D12046294650
:1036B00058F064DEC0E22D9B9B79002B40F0BC8269
:1036C0004FF0010A14E09DF858301BB9002E00F0AD
:1036D000B38202E0002E00F0D1829DF855302BB964
:1036E000BAF1000F00F0A8829A4601E04FF0000AFC
:1036F0009DF856300BB39DF859304BB194F80E320B
:10370000002B00F09982109B9A6942F040029A6166
:1037100007999E4A01F00703D25C9D498DF84E300F
:103720008A5C0799149201F0100212118DF854204E
:103730000C9A8DF88C3002320C92109BD9899889A2
:1037400011F4005218BFB3F850200C999B688218EE
:10375000CB1A0E924146D21A38460D920693FEF3CA
:10376000FBF7069B0B9AC31A0F93937DD17D43EA17
:103770000123ADF8AA30BAF1000F2FD12CAB009382
:103780000E9B204601932DA92B4618F0ABDE002896
:1037900040F0528274E22D99002900F04D820B9A7C
:1037A00020460A325B4678F07BD82C90002840F007
:1037B0006D820B9A2D9920460A325B4678F072D9B9
:1037C00001462C9030B92368D3F88830DA6E013284
:1037D000DA6631E2204677F0D5DF57E2BDF84830AF
:1037E00013F4407F04D12D9B1B7C002B3AD106E0C3
:1037F0009DF855301BB92D9B1B7C002B32D02046E9
:103800002D990A325B4678F04DD92C9018B913E205
:103810002C9B1B692D931EB123689A6A2C9B9A627C
:103820002D9BD3F810210792BAF1000F21D19DF8FA
:103830005520F2B99DF858201AB1BDF84820D0059E
:1038400010D49979BDF8482011B1D1050AD510E0FE
:103850001B7C02F44072002B14BF4FF40073002352
:103860009A4206D02368D3F888309A6D01329A655F
:10387000E2E12046294658F081DD002388F8230044
:1038800083462D9888F822308379ABB9BBF1000FBD
:1038900012D0594695F91D20334658F0CFDD294600
:1038A000D4F8C426204658F00DDD3246014688F88B
:1038B00022002D9858F010DE2C9B93F8922112B91B
:1038C000D3F8F42052B3BBF1000F27D0D3F8F01097
:1038D000D3F8EC2042F821B0D4F88424517911F0C7
:1038E0000100D3F8F01018BF95F91F0003EB810118
:1038F000C1F89C015279521012F00101D3F8F02066
:1039000018BF95F9201003EB8202C2F8BC11D3F85E
:10391000F020013202F00702C3F8F0209DF8552094
:103920002D9B0AB1DB6D3CE09A792C99002A31D0AD
:103930004B6B25934B685A061BD59DF85620C2B198
:10394000BDF8AA20100714D191F8D7208AB10A7DBA
:10395000D2070ED4BDF84820D0040AD59A0308D562
:10396000149A91F8C9301341DB0702D520463AF08A
:103970000FD9BDF8483013F4805F2C9B5A6814BFF0
:1039800042F4003222F400325A600BE0BAD58800CB
:103990006CE188004A6B25921A7C1AB9DB6DD80756
:1039A00000D525932D988379A3B9037C93B19DF815
:1039B00058307BB9BAF1000F0CD1079B83F806A0F1
:1039C00094F80C22D3F8F0309A4203D084F80C32E9
:1039D00021F010DB9DF85830FBB12D998B79002B2D
:1039E00040F02A810B7C43B10B98E2311030062263
:1039F000FDF3E8F2002800F01F810B980430FEF37D
:103A0000D9F150B92D9890F8453033B90B9904315C
:103A100048F076D9002840F00F81BDF8AA30089A06
:103A2000A8F81C300B9BC8F82C201B7C2C9913F099
:103A3000010F099E4FF0000707D0D1F85431013330
:103A4000C1F85431F1E9622306E0D1F85031013375
:103A5000C1F85031F1E96023921943EB0703C1E942
:103A600000239DF858309BB999F8003099F801204F
:103A70001A4399F8023013430AD0D8F82C10D4F81E
:103A80005C016A8A78F0C6DB2C9B0899C3F85C114C
:103A900099F90330002B07DA2368D3F88830D3F87C
:103AA000A8220132C3F8A82299F8033013F0300F8E
:103AB00007D02368D3F88830D3F8B0220132C3F896
:103AC000B0229DF85830002B71D1D8F82C00236813
:103AD00010F0407FD3F8886001D1C0B201E070F0EF
:103AE0004DDD16283AD00CD80B2825D004D8022852
:103AF00016D004285BD119E00C2823D0122856D107
:103B000026E030283CD004D818282DD024284ED1C7
:103B100030E0602840D06C2844D0482847D135E0B8
:103B2000D6F838320133C6F8383240E0D6F83C32A5
:103B30000133C6F83C323AE0D6F840320133C6F8D9
:103B4000403234E0D6F844320133C6F844322EE035
:103B5000D6F848320133C6F8483228E0D6F84C325D
:103B60000133C6F84C3222E0D6F850320133C6F8A1
:103B700050321CE0D6F854320133C6F8543216E005
:103B8000D6F858320133C6F8583210E0D6F85C3215
:103B90000133C6F85C320AE0D6F860320133C6F869
:103BA000603204E0D6F864320133C6F864329DF81E
:103BB00058301BB12D980BA91AF01ED99DF858301A
:103BC0002BBBD8F82C0010F0407F01D070F0D6DC71
:103BD00000F07F00022809D0042807D00B2805D068
:103BE000A0F11601484240EB010000E00120002254
:103BF000E98895F91C3000920190A888090A800B89
:103C000002902D9803920490204609F058F92C99BF
:103C10004B685A030BD59DF8583043B9BAF1000FE1
:103C200005D1D4F838010BAA33F038DE33E0204652
:103C30000BAAFEF7F5FF2EE023685A6BC2B19DF880
:103C40005820AAB910991548CA89D3F88C3002F0C7
:103C50000702825C1248845C38460C3403EBC404CF
:103C60006368A56801336360FEF376F54019A060D0
:103C700038461099002202F089DA0CE0B24637E5A6
:103C8000BDF8483013F4407F3FF485AD2D9B002BE9
:103C90007FF4C1ADBCE52FB0BDE8F08FBAD5880088
:103CA0006CE188000B68C968DB691A6889B14B78D8
:103CB000012B0ED1B2F8BE3023F040031B041B0CC5
:103CC000A2F8BE308978890644BF43F04003A2F8C9
:103CD000BE3000207047F8B591E88800DC690368C1
:103CE0000D461A6892F8626126B1D3F8600806F0B2
:103CF00073FF0646F86DF9F725F958B156B1E86833
:103D000058B14378012B04D00C23A3804FF0FF302F
:103D1000F8BDA0610023A3800020F8BD38B503687A
:103D20004C681A6892F8625125B1D3F8600806F021
:103D300053FF0546E06DF9F705F950B145B9D4F8E0
:103D4000A00300F02000002814BF0320002038BD8D
:103D5000032038BD2DE9F84391E808020568DC69C5
:103D60002B680E4693F86271D4F8008027B1D5F81D
:103D7000600806F031FF0746D9F85C00F9F7E2F871
:103D800088B187B1F06888B14278012A05D00C2348
:103D900023844FF0FF30BDE8F8836062D5F86008F7
:103DA000414607F0D9FC002323840020BDE8F883B6
:103DB0002DE9F04F1C4692F801909B68D1F85CC049
:103DC00089B0002723F4C063B9F1010F80460E4685
:103DD0001546CDF810C005970697A36040F23C81C8
:103DE000D278AB7843EA0223012B40F03581A9F168
:103DF0000203DBB2032B0ED81CF0400F00F02C8125
:103E000004222DF0F5DC002800F0268140236363B6
:103E10000423A36329E12F1D384696490322FDF3AD
:103E2000D1F08246002840F0178140463146EA79B9
:103E30002DF0DEDC002800F00F8104F1380B38464D
:103E40005946FFF31DF0A9F10603DBB2012B11D88F
:103E5000049B5F0640F100814046314604222DF06C
:103E6000C7DC002800F0F880402363630423A363C9
:103E70005746FAE06A7A2B7A43EA0223012B40F094
:103E8000EB8005F10A0738467A490322FDF39AF0E0
:103E9000002840F0E180404631466A7B2DF0A8DCE6
:103EA000002800F0D98038465946FEF3E9F7A9F119
:103EB0000C03DBB2012B06D8049B580640F1CC80E2
:103EC00040236363CEE0EA7BAB7B43EA0223012B12
:103ED00040F0C08005F1100066490322FDF372F046
:103EE000002840F0B780EB7C012B01D0052B02D1DC
:103EF000049A510617D4062B02D1049A120612D442
:103F0000D8F8002092F862212AB1082B03D1049A34
:103F100012F4802F05E0022B40F09C80049A12F0EE
:103F2000800F00F097805A1FD2B2012A01D9082BC6
:103F30000BD1336D5B0504D4049B13F4922F00F076
:103F40008F80A36843F48063A360336D5F0503D55E
:103F5000A368580540F1848005F1100004A90022EF
:103F6000FEF31AF7002877D0049BA9F11202D2B20F
:103F7000012A63638CBF2A7D0022B3F5802F01D113
:103F800051066BD5D8F87C06316D0DF11F0304F096
:103F90005FFA002864D09DF81F301BB1A36843F47A
:103FA0000073A360A9F11407FFB2002F4AD095F85F
:103FB00001A0A9F11609C7EB0A0A05EB0A0393F859
:103FC00003C003F1020B9B785FFA89F943EA0C2CDA
:103FD0004FEA1919002723E00BEB0713023305936F
:103FE0001023ADF81C3004F114030093636B3046CA
:103FF000019306A905AA07ABCDF80CC057F09ED9CE
:1040000001372028DDF80CC00AD1059A62B1069B61
:1040100053B1012100914046214638F033D903E0E5
:10402000674501D04F45D7D15544EA78AB7853EA7C
:10403000022317D0059BBBB1069F002F0CBF35276D
:10404000002712E0404621463A463B46009738F0AA
:1040500019D90AE02B2708E00C2706E02D2704E0F9
:104060001F2702E0002700E03527384609B0BDE8E9
:10407000F08F00BF22380100F8B591E828000768EA
:104080005B681E683B6893F862415CB1D7F86008D2
:1040900006F0A2FD31460446D7F8600806F0A0FD00
:1040A000064600E02646E86DF8F74CFF30B124B133
:1040B000002E14BF03200020F8BD2046F8BD2DE9D6
:1040C000F34191E8480007685B680C46D3F800802C
:1040D0003B6893F862315BB1D7F8600806F07CFD6D
:1040E00041460546D7F8600806F07AFD074601E02C
:1040F0001F461D46F06DF8F725FFA0B19DB197B1A1
:104100000122002101A8FCF3F5F701A80521FEF327
:10411000C9F30122A369F42001A9FDF30FF5236877
:10412000A2695B681A620020BDE8FC8173B5036870
:104130000C461A684D6892F8626126B1D3F860089F
:1041400006F04AFD0646E86DF8F7FCFEB8B11EB968
:10415000D5F8A033980612D50122002101A8FCF35E
:10416000C9F701A80521FEF39DF30122A369F420FC
:1041700001A9FDF3E3F42368A2695B685A6100209A
:104180007CBD73B503680C461A684D6892F862618D
:1041900026B1D3F8600806F01FFD0646E86DF8F773
:1041A000D1FE98B11EB9D5F8A0339B060ED50122D9
:1041B000002101A8FCF39EF701A80521FEF372F38C
:1041C000F42001A90122A369FDF3B8F400207CBD0D
:1041D0002DE9F3471746027A04460E46D0F80090C0
:1041E000D1F800800AB1002B6AD0E3199D7A002D26
:1041F00067D098F8023194F8272003F01C039B083D
:10420000934238BF13463371304630F093DD98F84F
:1042100002314FF4005203F0030312FA03F3F36088
:1042200098F80231204603F003030D3386F83D3140
:10423000414607F1360A2FF00BD856F82A5045B9F7
:104240004FF4417001F06CDF0546002839D046F884
:104250002A00284600214FF44172FCF34BF7022359
:104260002B700023AF7085F8ED30D9F80030C5F819
:10427000F48093F869318BB1484649F041DC38B19C
:10428000E37C984228BF184684F80434E07405E0C3
:1042900094F8043413B1E37484F80404A27CE37C3E
:1042A000009294F82F2048460192D5F8F4103A462F
:1042B00032F036DFD4F850321A6D01321A6500E060
:1042C0001D462846BDE8FC872DE9F041D0F8E822DC
:1042D000002507460E46A8462B46D2F8B0100432F9
:1042E000002918BF98460133182B0D44F5D128F04A
:1042F00007083046184908F10708FDF36BF105BBC4
:1043000022E0D7F8E83204F12C0253F8222064238B
:1043100053433046B3FBF5F31049FDF35BF1104B0B
:104320002340002B03DA013B63F007030133072B23
:1043300005D1444503D030460A49FDF34BF1013421
:1043400000E000244445DCDD30460749FDF342F13E
:104350000020BDE8F08100BF225701002C5701006A
:1043600007000080375701001A2D890037B5002358
:104370000193079B0546032B144604D901A806990F
:104380000422FCF333F60E2C2B6806D11B680020A8
:1043900093F8D120089B1A6001E06FF016003EBD33
:1043A000F8B5C269002307460D461E46D1580433AE
:1043B000602B0E44FAD128461149FDF30BF1C6B12A
:1043C0000024FB69284653F82420642353430D49F5
:1043D000B3FBF6F3FDF3FEF004F00703072B05D162
:1043E000172C03D028460849FDF3F4F00134182CAB
:1043F000E7D128460549FDF3EDF00020F8BD00BFE8
:104400005C5701002C570100375701001A2D890015
:104410000020704710B51C4603699B794BB988058D
:1044200001D5101D03E0C90510D502F10A0021468F
:1044300008E0CB0502D502F10A0002E0880505D5A7
:10444000101DA11D0622FCF3BDF580B9204602997E
:104450000622FCF3B7F568B1204603990622FCF367
:10446000B1F500280CBF4FF0FF30002010BD4FF019
:10447000FF3010BD4FF0FF3010BD00002DE9F04FB0
:104480005D4B07461868EFB06A9015469A886C69CC
:10449000ADF8AC2153F8060FA2686C909B8804918C
:1044A000ADF8B4317B68A98BD3F814B06B68059173
:1044B0009B1A9BB2D218A260A289D5F81090D31A89
:1044C000A3810026B84664E0642E64D0A368E28924
:1044D00003F10E0712F4005218BFB4F85020BF07C2
:1044E000A089998905D04746FB6E1A6C01321A647F
:1044F0005BE01218DFF808A10F0A92B247EA012721
:104500000392A18ADAF800200E3752F82120BFB2B8
:104510001AB13A4AF91C0A4000E03A46039991421E
:1045200005D04746FB6EDA6B0132DA633DE06AAADA
:1045300000926CAA0192049805992A68FFF76AFF15
:10454000002832D1E3899B0407D5B4F8503023B159
:10455000A389FF1AA4F8507000E0A7812246D8F87A
:104560000000594619F0BCDEE38995F8222023F0BB
:10457000070302F007021343E38106AB43F826402A
:10458000A28ADAF80030013653F82240039BC3EBCD
:104590000909002C98D14746B9F1000F01D105ABAC
:1045A0000FE0FB6E5A6C01325A645846696900226A
:1045B00001F0ECDD1DE053F8042F0021918209F198
:1045C0000109B145F7D124B158462146002201F036
:1045D000DDDD00240BE006AB53F8243095F82920EC
:1045E0000093386804999B6825F066DB0134B44277
:1045F000F1D16FB0BDE8F08F2B380100FCFF010056
:10460000E80300002DE9F04FB1B0DDF8F480079326
:1046100000230F922F9308F138023A9B0B92D1F8A6
:1046200008215B880C92079A0E931388814603F049
:10463000FC03A3F120077B4243EB07030C463C9E9F
:10464000856908932BB13A9B4FF0300B04330A93E2
:1046500003E0089A4FF0100B0A920021282210A8BC
:10466000FCF348F51AA800212822FCF343F5D5F8FD
:104670006C332BB110A805F55B712822FCF3B6F45E
:104680000C9B0DF1400A03F138070DF1680C3A4616
:10469000534628462146CDF800C0CDF818C024F076
:1046A00065DAD5F8843439469B7824AF00220B981C
:1046B0006FF0BEDE384600212422FCF31BF508F122
:1046C0004D03DDF818C02593CDF898A0B8F86830F0
:1046D0000DF1B40A504600210822CDF89CC0289361
:1046E0002496FCF307F57368CDF800A0C3F30043EC
:1046F0008DF8B43021465A460023D5F894062E97FB
:1047000053F03AD804F1DC0300F1060A079A0D933E
:104710008DE808042FAB0A32029307465946284613
:1047200004F1E203099220F08BDE844618B91122CD
:10473000A8F86820E9E02F9B0022012119705A7027
:104740002A6A1268022A04D194F92C210AB921227A
:104750001A70216D40F237120A4032B194F8582095
:104760001AB11A8842F010021A8095F8722432B1F8
:104770002A6A527D1AB11A8842F480621A80B8F807
:10478000682021465A80B8F820209A802F9B2DAAB5
:1047900006338DE88C002F93D5F894065A460023F3
:1047A000CDF818C052F056DFDDF818C0002840F0F0
:1047B0009980009498F81820E36802900390019281
:1047C000DA6828463346614624F01AD8B8F86830CB
:1047D00023B13046022176F0A5DB83E02F9B063B18
:1047E0002F93B36898050CD596F8243003F0030393
:1047F000032B06D1D5F87C06214632465DF0C6DA99
:1048000083E0B8F820303146A6F8CC30284676F060
:10481000B9DF0C9A022192F860300E9A304693422A
:1048200038BF1346A6F8FA3076F004DED4F8EC3040
:10483000190309D5284621461AF038DD012803D18D
:104840002846214646F0F2DE2B689B6AF362089BFD
:1048500053B10D980A990622FCF3B4F320B14846EF
:104860000999E26836F0A6DF0999E268484636F011
:10487000C5DC2A68D4F8EC1092F84F2011F40053EC
:1048800018BF022312F0030205D0CA045ABF72688F
:10489000C2F3004200227F218DE806000B9806F14A
:1048A0003C0100226FF0F0DE2846314677F058DBFD
:1048B000606920B106F11401012201F0D9FFD4F89A
:1048C000EC309B0404D5D5F84C01214660F064DB44
:1048D0002B6893F8693133B128462146012202F052
:1048E000BDFF00E0BA463B9B3A9A01932F9B009292
:1048F0000293484621460F9A079BCDF80CA00496D8
:10490000CDF8148036F054D905E048462146079A80
:10491000434635F029D931B0BDE8F08F2DE9F04F8D
:104920008569E3B0924698469DF8B421D5F8643184
:104930000C4607921BB19B79002B40F06A812B68D3
:1049400093F82F30ABB1236D990712D594F8A430AA
:104950007BB100F05FDFD4F8B0103EF0D7DE002866
:1049600000F06C810023C4F8A830C4F8AC3084F89F
:10497000A430A3791BB12379002B00F04A81BAF847
:1049800000B01BF4804B65D00AF10A03284621468B
:104990001A46069376F080DF0746002800F039813A
:1049A000D0F8D030002B00F0348198F803909DF8B7
:1049B000B8314FEA99190BB3D5F89C3253F82960F6
:1049C000E6B13369D3B1337AC3B1414603225BA860
:1049D000FCF30CF35BA806F1140132690330FCF31D
:1049E00005F331695BA8033108AA02F0AFDA6C9ACB
:1049F00008F10400111F08AA02F0CADA09F11C0923
:104A000054F8293093B11A696C984146143308F070
:104A1000F5DCC0B90123009001930290039004904B
:104A2000214628461722069B1AF05ADDD7F8D000F7
:104A300001F088DB0023C7F8D03003230F2606934C
:104A40004FF00109D2E06C9A08F10408083A6C9220
:104A50000F2601E05E465F46B8F80230B8F80090D5
:104A600006932B6893F8623173B1B9F1030F0BD140
:104A70006C9A079B00920193D5F860082146524634
:104A8000434674F057D8C4E0069A032A00F2C18066
:104A9000BBF1000F67D1012A40F0CC80B5F8AA0124
:104AA00022F014D90AF10A0B031C214618BF012376
:104AB00028465A4676F0F4DE014610B1284676F0D4
:104AC000F1DE284621465A4676F0E8DF0746002800
:104AD00000F0B2804368DA0408D52A6892F83020E2
:104AE000002A40F0A98023F48053436028463946C9
:104AF00025F0B2DDB9F1000F03D0B9F1010F2BD1D0
:104B000012E0B4F9543094F94420384601211BB91D
:104B100016B976F0B9DC01E076F01EDA97F82430A9
:104B200013F001031DD118E0B4F95430012B18D053
:104B30003846494694F9442076F00EDA00238DE891
:104B400008020293039304932846214617225B46EA
:104B50001AF0C6DC0D2649E00023012200930192E1
:104B6000EFE7002E42D100210C225FA8FCF3C2F235
:104B7000344B0DF5927B5F93334B0021282258462E
:104B800060936195FCF3B6F2069BADF8346153AEC9
:104B90003046002120224A93CDF824914B97FCF314
:104BA000A9F26C9A08F106030193931F00960293F1
:104BB000D5F894062146B0225FABCDF868B152F02B
:104BC00003DEBDF834618EB987B197F82430D80779
:104BD0000CD52846214604220AF10A0300960196C4
:104BE000CDF80890039604961AF07ADC069A2046CF
:104BF000531C0193002303930493079B0AF10A01BA
:104C0000059304F1DC023B46CDF800900296FDF7D7
:104C10006DFC284621460AF10A0276F03DDE68B1B5
:104C2000A3795BB190F82430D90707D52B689B6A2C
:104C3000836203E00E26D9E70126D7E763B0BDE81B
:104C4000F08F00BF11148400151484002DE9F04F7B
:104C50009A46836EADF5077D81468669CB58D1F8BB
:104C60000C01919C0D460D92DDF8408212930C9040
:104C7000002C00F0AA82002131A86C22FCF33AF249
:104C80009DF848320D998DF8DC30B4F8CC30339172
:104C9000CDF8D0A0CDF8C4903295CDF8D48036941C
:104CA00023B9206947F04AD8A4F8CC00B4F8CC2046
:104CB000D5F808310021ADF8E4204CA82822109343
:104CC000FCF318F20D98BAF800200388ADF82C20F8
:104CD00003F0FC03A3F12000434243EB0003D9B2ED
:104CE0008DF8473093B20A934B010E9394F8243019
:104CF0000F9103F00303032B03D1A368990500F17F
:104D00003F82D6F864311BB19B79002B40F057826B
:104D1000336893F82F30ABB12B6D9A0712D595F805
:104D2000A4307BB100F076DDD5F8B0103EF0EEDCBB
:104D3000002800F04A820023C5F8A830C5F8AC303E
:104D400085F8A4300F9820B1B8F1090F40F23782EE
:104D500009E0B8F1030F40F23282A8F104010AF130
:104D6000040B099104E0A8F10A020AF10A0B099266
:104D700000276763A763304621463A4676F0B4D9E8
:104D8000099BCDF8F4B0012B3E93CDF8ECB040F385
:104D900016829BF80130099802339842C0F20F82C4
:104DA00039460C2283A8FCF3A5F1704B3946839356
:104DB0006F4B282284936AAB184608938596FCF3C0
:104DC00099F156AA0DF5E87C6B9260AA6C92604648
:104DD00039462022CDF81CC06A94ADF8C871FCF3A6
:104DE00089F1089B09997B933368DDF81CC093F81F
:104DF0004F30029103F00303CDF800C0CDF804B0AA
:104E00008DF8E8310E9AD6F89406294683AB52F015
:104E1000DBDCBDF8C8210E9208B11746BFE1BDF832
:104E20002C30D4F8E000A4F8F83038B141780231E1
:104E3000FDF322F7D0F1010038BF00200B900B9852
:104E4000EB6D8DF8E60023B12A6D40F23713134065
:104E500013B92B6D5B060BD5D4F8E03043B9AB79B1
:104E6000002B00F08F81D5F8EC30980440F18A8156
:104E7000304656A960AA4CAB1AF0F6DE002840F086
:104E8000858196F81C259DF844319A4240F07E8138
:104E900094F8243099070BD594F8D73023B13046D5
:104EA0002146012239F0C0D92046FE2176F03AD8B9
:104EB00095F94430002BC0F2718194F82430DA0760
:104EC00040F16C81336893F8A9304BB1D6F870018A
:104ED0002AF04EDD022803D10A99CB0540F1548116
:104EE0006D2215A80021FCF305F10023DDF830E167
:104EF0001A4612E086A8C11811F8E41C01F07F01DF
:104F00006C2909D81B48405C30B115AF40B27954C8
:104F100032EA200228BF012201337345EAD16168D9
:104F2000336A21F007016160587D12F1000C18BF4F
:104F30004FF0010C18B112B941F0010161605B7DC5
:104F400033B10A99480503D4636843F002036360F0
:104F50000A9A12F02002139203D0636843F004030C
:104F60006360109B986B002314E000BFB1118400B4
:104F7000CD138400581689001099CA1892F83C2065
:104F8000110606D502F07F0215A98A5C002A00F0FE
:104F9000FD8001338342EFD1336893F84F309A0795
:104FA0002AD06D9941B34A7830460232CDF81CC000
:104FB00054F09CDA002207460092304621463A46D9
:104FC0000023FBF701FCDDF81CC0AFB151A8102293
:104FD0000130F91CFCF30AF051AA0023F11891F8F2
:104FE000011312F8010F0840884240F0CF800133CE
:104FF000102BF3D14FF0020C129B9C45C0F0C680E1
:10500000EA6D22B1296D40F237130B4013B92B6DB5
:105010005B060BD5636B23B1A16B40F237130B40DA
:1050200023B92B6D13F0410F00F0B8800A98C00629
:1050300018D5296D40F237130B409BB9490601D5AD
:105040000B9979B130460D9E002301220093019205
:105050000293039304932946172206F10A031AF0D8
:105060003FDA9BE0E2B12A6D40F237131340BBB147
:10507000D30715D594F8D630012B11D1636B7BB1D2
:1050800005F1DC03009305F1E203019302273046AA
:105090002946224604F11403029726F097D87EE0B1
:1050A000336893F830304BB9336A1B68022B05D153
:1050B00095F92C3113B91398002869D0336A1B680D
:1050C000022B05D199F8003013B10A99480561D532
:1050D000304619F07BDDD9F8283098425CD2304652
:1050E00029461AF0E3D8D5F88430984254D2D5F83E
:1050F000EC30990408D5D6F84C0121465A46099B54
:1051000060F016DA002849D10E9A4CA9ADF82C218E
:105110003FA82822FBF36AF70C99486B08B101F00D
:1051200011D80F9A1AB1AAF1060A08F106089DF8DB
:1051300047000C9B83F83C00404600F0F1DF0C99DF
:10514000486308B9886306E042465146FBF34EF7D0
:105150000C9AC2F8388001238DF8F03104F1140163
:10516000002306227DA8ADF8F231FBF33FF731AB07
:105170000093304629467CAA234635F051DD24E0D1
:105180001E270CE00D270AE0162708E0122706E08C
:10519000132704E0192702E0112700E00C2731ABA8
:1051A0000393484629467CAA0D9BADF82C71CDF897
:1051B00000A0CDF804800294FFF724FA05E04846E9
:1051C00029460D9A31AB34F0CFDC0DF5077DBDE8F3
:1051D000F08F00BFD1F80C0130B5446B4CB1816B3E
:1051E00039B190F83C50002D0CBF04250A25A94286
:1051F00003D200211160196030BD251D15601960B2
:1052000090F83C0018B106390A34196014601A6825
:10521000043A1A6030BD0000024B00F00F0053F852
:1052200020007047746501002DE9F04FCB88D0F85D
:1052300010218BB09B0605460E460468D0F80C7111
:105240000892D0F804A11DD5036D9A0712D558070E
:105250000BD501F16F0004217CF0BADC90B906F1A6
:10526000830004217CF0B4DC60B994F8413513F07C
:10527000020F05E0DA0705D594F8413513F0010F68
:1052800040F02B8320462946728E16233CF0D6D858
:10529000002840F04083738E204613F4404F0CBF2B
:1052A000002201220A3254F822902A46494621F06F
:1052B00069DFFF28804600F02E8394F8903243F097
:1052C000040384F89032236893F83B303BB12046C6
:1052D000294642465AF000D9002840F01C83236A30
:1052E000186961F0DFD840454DD0236A186961F034
:1052F000D9D8FDF387F383464046FDF383F3834516
:1053000009D1236A186961F0CDD808F4605300F41C
:105310006050984237DC7B68022B0AD1BAF8BE3065
:10532000DB0706D5BB68182B03D0089A536B042BF8
:1053300029D1D4F8580141464CF062DB204628F0D0
:105340001FDC7B68022B08D1B5F954302BB9D4F897
:10535000D4062946324651F0B5DA2046414626F0B9
:1053600041DF236893F83B304BB1D5F83C335968A3
:10537000D4F8C035994202D0204623F0ABD820465D
:105380001FF0ACDE0FE0D4F8580141464CF042DF8C
:1053900048B1D4F8580141464CF032DB0021204698
:1053A0000A4622F00BD8236893F83B3093B1D5F826
:1053B0003C335A68D4F8C0359A420BD0204628F0C6
:1053C000DFDBD5F83C332046596823F083D82046EC
:1053D0001FF084DE09F15003C8225046314609937C
:1053E000FBF304F6D9F80030AAF83280022B07D17B
:1053F00099F81580D8F1010838BF4FF0000801E096
:105400004FF00008F38813F020030DD0236893F8C1
:105410004F3013F0030307D0D5F8EC3003F480537A
:10542000D3F1010338BF0023DBB20AF1380B079335
:10543000FF22B8F1000F18BF00238DE80C0058467A
:105440005946002243466FF01FD9D4F88434584699
:10545000099901229B786EF0EBDF00282ED1B9F874
:105460000820D9F80090B8F1000F05D12046414638
:10547000069220F03BD9069ABAF8323003F4605312
:10548000B3F5205F08D0B3F5C05F07D0B3F5805FF8
:1054900014BF0A23142302E0A02300E02823FF21E5
:1054A00001910290CDF800800393D4F884345846DB
:1054B0001B79099904934B466FF0AAD8D5F8EC30C4
:1054C00098040CD52946204620F010D9FF230093DC
:1054D000019059465846002202236FF0D5D8204645
:1054E000594623F0D9DA96F934202046003229466D
:1054F00018BF012246F0F2DC96F93430E3B9D5F852
:105500000831012283F86020D4F8440129465BF079
:1055100097D9284631463BF023DA28460E213DF044
:105520005BD82946204646F051DE204629467A6857
:10553000BB6845F007D8CCE1D5F8EC30990405D527
:10554000D4F84C01294652465FF0BADC2046294681
:10555000324676F0A3DA804638B9204629463A46E4
:105560000BB0BDE8F04F3BF09D9F079AF2B1DAF81F
:105570006830BAF86C900C33A9F10C0919464A4608
:105580002046069353F0CCDF069B844619464A46D4
:105590002046CDF818C053F099DFDDF818C000227E
:1055A000034600922046414662460AE04368DA0319
:1055B00009D5F3889B0606D4079B204600934146F5
:1055C0001A46FBF701F9D8F80430D5F8EC2043F47B
:1055D0008053C8F8043012F400524FF07F0308F1F2
:1055E0003C01009305D0079A5846019202230022FD
:1055F00003E0079B5846019313466FF045D82046B9
:10560000414676F0ADDC204629463AF0C1DD2368FC
:1056100093F862315BB1EB6D580308D5BAF8BE2040
:10562000D4F860084146C2F3801206F095F898F865
:10563000243013F00C0F40F04681B5F954A02368D4
:10564000C5F800A193F86231002B7DD0EB6D1906EF
:1056500005D5D4F86008294673F054DB10B9EB6D1A
:105660005A033CD500232946C5F80031D4F8600818
:1056700073F032DA29468246D4F8600873F040DAD3
:1056800088B14FF4802920462946324608238DE808
:1056900000063DF019D830B10323C5F80031C5F834
:1056A0005C909A461BE0D4F86008294673F02ADB28
:1056B000A0B14FF0800B4FF000092046294632463A
:1056C0000223CDF800B0CDF804903CF0FDDF28B106
:1056D000C5F80091C5F85CB0CA4600E08246D5F82E
:1056E0000031032B0BD1D4F8DC0629463246EB6D92
:1056F0006CF002D818B10023C5F800319A46D5F8ED
:105700000031032B20D1D4F8600805F065FA50B1C0
:10571000D4F86008414605F063FA20B1D4F8600877
:10572000294605F01FF9D4F8600829464246334659
:1057300073F092DA30B1284608210BB0BDE8F04F83
:105740003CF04A9FC5F800A1D7F80490B9F1020FC8
:105750001DD1BAF1000F1AD1D4F8D4062946324629
:1057600051F0C8D898B1D5F80801FCF32FF370B9FF
:10577000D4F8D00629463246C5F800917BF00EDAFF
:10578000D4F8D4062946324651F016DBCA460C211D
:10579000404675F04FDE7B68022B23D1089A536B8D
:1057A000093B012B1ED893464FF00009134616E023
:1057B0000A2000FB0930D5F8081162300622069352
:1057C000FBF300F4069B30B94FF49672ABF86820F7
:1057D000012283F8502009F101090BF10A0BDA6C60
:1057E0009145E5D37B68022B33D12B7A002B30D047
:1057F000BAF1020F2DD1B6F8BE30DB0729D5089AD1
:10580000536B042B25D0BB68182B22D0284622F0DE
:105810004DDF18B12846002127F058D82846182116
:105820003CF0DADED8F80C30D4F8D406D5F80821EC
:105830001BB11969002908BF00230093B6F8623034
:105840002946C3F340130193434651F013DA064649
:1058500029E0284608213CF0BFDE4FF00109002373
:10586000CDF800A0CDF80490029303930493B6F80A
:1058700062303246C3F3401305932846434608F18D
:105880001401FCF733FE2368064693F869311BB117
:105890002046494648F0D2D8A06839684FF496723D
:1058A00000230CF02FDF46B1D4F888041B49B5F86B
:1058B0002E21334660F0F8DA0BE0A06839684FF427
:1058C0009B72334603E00022A068396813460CF04F
:1058D00019DFBB7F0133BB771DE0F388708E23F4A3
:1058E0006663F380FDF38EF040F480501FFA80F879
:1058F000708EFDF387F0B6F8BE300E288CBF4FF4E3
:105900004040002048EA000823F00A03A6F832804D
:10591000A6F8BE30B6E40BB0BDE8F08FA5908400C9
:105920002DE9F04F9A461388D0F80C61A3B003F02C
:10593000FC030993B36894460B3BBAF80220012B91
:1059400004468B46DDF8B0900568D0F80471ADF8D8
:1059500028201FFA82F80BD80CF1100039460622D5
:10596000CDF818C0FBF32EF3DDF818C0034660B184
:10597000099A2046B2F1100318BF012300930023B7
:10598000019306210CF10A0248E0306C20B1069325
:1059900000F0D8DB069B7364484600F0C1DB30643E
:1059A00028B1C6F8449051464A46FBF31FF32B68D2
:1059B00093F844303BB1D5F86001BAF802104AF0D0
:1059C00037DCAAF80200B8F10B0F10D17368012B75
:1059D00013D0B3680C2B10D0002300932146284627
:1059E0005A463B463BF0C6D820460C2177E0B8F13A
:1059F000000F16D0B8F11E0F13D07368204613F1B4
:105A0000FF3318BF0123009397F934303A46D3F19E
:105A1000010338BF002301930121434639F0AEDB77
:105A2000C1E02B684FF000089B6AA9F10602CBF891
:105A30002C300AF10603079308920393049243461D
:105A4000284621465822CDF80080CDF80480CDF8B4
:105A5000088019F045DD41460C221FA8FBF34AF3EC
:105A6000524B41461F93524B282220930DAB1846B0
:105A700006932195FBF33EF3BDF828200DF15C0958
:105A80004146ADF8382048462022CDF834B0FBF32B
:105A900031F3069B089A1E93079B02920193CDF85F
:105AA0000090D5F894062146099A1FAB51F08CDE80
:105AB0008046002877D1BDF83890B9F11E0F11D17A
:105AC000129B2846F36421463AF062DBF26CA86828
:105AD00031681E3243460CF015DE204619213CF099
:105AE0007BDD60E0D4F8EC309B0406D5D5F84C01A2
:105AF0005946079A089B5FF07BDDBAF80420A4F8AA
:105B0000F62095F87338A5F8582383B192042869D4
:105B1000C421920C44F0C6DA05F506600930394616
:105B20000622FBF363F297F83230A5F870387368F9
:105B3000204613F1FF3318BF0123009397F9343047
:105B40003A46D3F1010338BF0023019300214B46AD
:105B500039F014DB204659463AF026DAD5F8683297
:105B60009C4220D0E36DF3B9236DD8071BD5E36EBB
:105B7000591C18D01C3354F82320A2B1117A0129E2
:105B800001D003290FD15089D3798DE8030002F1A8
:105B900014010291002104910591039728462146A2
:105BA000126954F0C3DD23B0BDE8F08FD5548400F2
:105BB000616184002DE9F04FA5B092460C939DF8E9
:105BC000B820D0F80C310D920993BAF80220D0F821
:105BD000043101F10A07BAF8049004460B910568F4
:105BE0000892384619460622BAF800B01FFA89F81A
:105BF0000A93FBF3E7F100282ED1284621463A46C6
:105C000075F04ADE0646002826D0099A9368082BCC
:105C100001D00A2B20D1726842F4805272602A6847
:105C200092F8622172B1BBF1030F0BD10C9B0D9A5C
:105C300000930192D5F8600821460B9A534672F002
:105C400079DF92E0082B02D1089B022B03E00A2B9C
:105C500007D1089A042A04D0002300932046062185
:105C600080E0B8F1000F06D0CDF800B02046012149
:105C70003A46434677E041460C2221A8FBF33AF22C
:105C80003B4B414621933B4B282222930FAB1846B6
:105C900007932395FBF32EF2089AADF84C900DF183
:105CA00064091092414620224846CDF83CB0119636
:105CB000FBF320F2079B0C9A20930AF10603019351
:105CC000931F0293CDF80090D5F894062146B02298
:105CD00021AB51F079DD002847D1BDF84C30002BC5
:105CE0003AD1BBF1010F37D1089A022A34D10A21E7
:105CF00020463CF071DCF368129A06F114011BB1E6
:105D00001869002808BF002303930D9B01204FF062
:105D1000030C4FF0000E8DE80150049205932046CD
:105D200033460A9AFCF7E2FB2146064628463AF03B
:105D30002FDA46B1D5F888040F49B4F82E2133463E
:105D400060F0B2D811E0099AA868116833464FF4A0
:105D50009B720CF0D7DC08E0191CCDF800B020468F
:105D600018BF01213A463DF025D825B0BDE8F08F97
:105D70006D61840071618400A59084002DE9F0417B
:105D8000876806467D68B86851F805800C46FAF3C6
:105D9000D1F2C8F80400002830D0635900215868B7
:105DA000E422FBF3A7F1F86854F80580FAF3C2F295
:105DB000C8F8080010B3635900219868E822FBF383
:105DC00099F163592949D3F8088033683246C8F8F5
:105DD0000030986800230CF03FDDC8F8680068B117
:105DE00063592349D3F80880336822469868002312
:105DF0000CF032DDC8F8C00000282FD163599B6831
:105E0000FBB1996E39B1336898680CF00DDD6359B8
:105E100000229B689A6663599B68D3F8C01041B111
:105E2000336898680CF000DD635900229B68C3F862
:105E3000C0206359F8689968FAF3A2F26359002206
:105E40009A606359596861B1B868FAF399F2635975
:105E500000225A606FF01A00BDE8F0810020BDE812
:105E6000F0816FF01A00BDE8F08100BF55BE8400DC
:105E70009DBC84002DE9F04F9FB006468B4614462A
:105E8000D0F800900493002B00F0DE828368049A1F
:105E90005B681146D35848465D689B681CAA059309
:105EA0001BAB36F043D860B15CB9059C202204F1ED
:105EB00048001B99FBF39AF02022E2804FF0870CF8
:105EC0000DE0062C00F2C382DFE814F00700C102E7
:105ED0006F00C1026C01C102E4014FF0710C049C1F
:105EE00063464846716804F11402CDF80CC07DF099
:105EF0003DDBDDF80CC08046002800F0AC82BBF131
:105F0000030F06D1D5F8D030B3F5802F08BF4FF07E
:105F1000000BD8F80840ACF112039BB21B0204F14D
:105F2000120A238200215F225046CDF80CC0FBF3F9
:105F3000E1F04BF088039BB21A0AE27423752B8BB5
:105F400005F11C071A0AA3756275484639462022D6
:105F50001FF048DD04F11F0039462022FBF346F014
:105F6000DDF80CC0ACF1710C1FFA8CF3BBB11A0256
:105F7000A4F86F20023BDD2284F8712084F872308F
:105F80008749032204F17300FBF330F0042384F803
:105F9000763004F177001C991022FBF327F00B23D5
:105FA0005F462B604FF0000B5AE2BBF1030F07D1A5
:105FB000D5F8D070B7F5802F14BF0327002700E075
:105FC0005F46D5F8D000802802D0B0F5802F04D1EC
:105FD00047F49E5747F0080703E0042802D147F42E
:105FE000E477BFB2D9F8003093F8624154B1F6F7C4
:105FF000A9FF40B1D9F8600804F0EEFD18B1B5F87A
:10600000D40000E02046AC88D5F8D0300419A4B202
:10601000802BADF8764002D0B3F5802F25D117F450
:10602000805323D0B6F8108018F0010808D130460C
:106030003FF03EDD30463FF05FDD013000F00B8287
:1060400033687168D3F87C065BF062DDB6F87C30AB
:10605000BDF876202633C31812F007029BB205D094
:10606000C2F108029B189BB200E0002371341B1997
:10607000049C4846716804F114029BB27DF076DA04
:106080008046002800F0E781846800215F2204F147
:10609000120A227461745046FBF32CF03B0AE3743D
:1060A00027752B8B05F11C011A0AA375627504F183
:1060B0001F002022FAF39AF7AA8804F17100A96858
:1060C000FAF394F7BDF876301A0A42EA0323A4F8EB
:1060D0006F30D9F8003093F86231B3B1D5F8D00001
:1060E000F6F730FF88B1D9F8600804F075FD60B1AB
:1060F000AB68002B00F0B381A888D5F8D8105044C5
:106100005F30B5F8D420FAF371F7D5F8D030802B92
:1061100002D0B3F5802F33D1F80431D521460DF1EB
:10612000760230463FF074DCBDF876301A0A42EA57
:106130000323A4F86F30049A936899050FD5336848
:106140002246D3F87C0671680DF176035BF02CDDF6
:10615000BDF876301A0A42EA0323A4F86F30A37B15
:1061600030460093294652465B463FF0ABDA013099
:1061700006D1D9F804004146002200F007D866E1B4
:1061800094F86F2094F8703043EA0223228AD318DF
:106190009BB21A0A42EA032323820C2316E100BFB2
:1061A0003738010096F87A704BF4607B3F0107F0B6
:1061B00030074BEA0707B6F87CC0BFB20023BA0726
:1061C00054BF0CF1710C0CF1790C049C1FFA8CFC7F
:1061D000ADF8763048466346716804F11402CDF894
:1061E0000CC07DF0C3D9DDF80CC08046002800F05B
:1061F000328184685F234FF0000B04F1120AACF186
:1062000012022374594684F811B05046FAF372F71B
:106210003B0AE3742775B6F87C3006F1BE011A0A12
:10622000A375627504F11F002022FAF3DFF6102235
:1062300006F18E0104F13F00FAF3D8F6082206F1C8
:10624000FE0104F14F00FAF3D1F6B6F87C2006F116
:106250005A0104F17100ADF87620FAF3C7F6BDF8E3
:10626000763030461A0A42EA0323A4F86F30A37B43
:1062700029460093524607F003033FF023DA01302A
:1062800040F096804146D9F804005A46FFF37EF765
:10629000D846E0E0D5F8D030802B03D0B3F5802F7E
:1062A00040F0D5803368AC88D3F87C067168ADF8CF
:1062B00076405BF02DDCB6F87C30BDF876202633D6
:1062C0007134C31812F00702A4B29BB203D0C2F11A
:1062D00008029B189BB2E318049C4846716804F1BD
:1062E00014029BB27DF042D98046002800F0B380B2
:1062F00084684FF0000C5F224BF49C5704F1120AA3
:1063000084F811C06146BFB222745046CDF80CC06B
:10631000FAF3F0F63B0AE37427752B8B05F11C01A9
:106320001A0AA375627504F11F002022FAF35EF6C3
:106330000DF1780BA968AA8804F17100FAF356F6FA
:106340003BF8023D21461A0A42EA0323A4F86F30C3
:106350005A4630463FF05CDBBDF876301A0A42EA16
:106360000323A4F86F3033687168D3F87C062246A3
:106370005B465BF019DCBDF8763030461A0A42EA1B
:106380000323A4F86F30A37B2946009352463B4673
:106390003FF098D90130DDF80CC009D14146624682
:1063A000D9F80400FFF3F2F6DDF80CC0E04652E045
:1063B00094F86F2094F8703043EA0223228AD318AD
:1063C0009BB21A0A42EA032323820D232B604FF06B
:1063D000010B45E0B3F5802F14BFFE23022300E03C
:1063E0000223504605F15C01082200F8053BFAF350
:1063F000FDF517F0030104D1D5F8D000FDF38EF1BF
:106400000146BBF1000F0CD0204605F18C0207AB12
:10641000FDF394F1F0B10AF14D0007A91022FAF34F
:10642000E5F573684146DA68484624F093DF059C39
:10643000D9F80800D4F8C0104FF47A7200230CF099
:1064400061D94FF0010806E0DDF8108003E04FF05D
:10645000000800E0804640461FB0BDE8F08F9B4634
:106460000323E373D5F8D030802BB3D1B8E700BF56
:106470002DE9F04F054689B00E46D0F800A01F4622
:10648000002B00F0878183685B68FB585C68D3F859
:106490000880D4F8D000F6F765FD002800F07C8174
:1064A000B8F1000F00F07A81BB68580507D4BB6BC8
:1064B00003F00203002B14BF0123022300E0032397
:1064C000D4F8D0000793802805D0B0F5802F02D0F3
:1064D000042840F06581337D96F8139043EA09293A
:1064E00019F00303069302D1FDF318F1069004F1AD
:1064F0005C0B0120082306F117015A46FCF3F0F566
:10650000834500F04F8123680C2B00F0B7800D2BE2
:1065100000F018810B2B40F0458109F4DC73B3F5D2
:10652000847F40F03F8104F13C032022184606F1AD
:106530001F010493FAF35AF5BA68049B12F4806FB2
:1065400009D12A68126892F86221C2B1D4F8D02029
:10655000B2F5802F13D108F148020092B8F8062056
:106560006968019204F18C020292A28A07F1140078
:106570000392E23104F11C02FCF346F522E0696863
:1065800007F1140C6046E23106220493CDF814C0E2
:10659000FAF318F5049BDDF814C0002800F002811E
:1065A00008F148020092B8F806206968019204F1E7
:1065B0008C020292A28A60460392E23104F11C022C
:1065C000FCF322F719F4807F10D0338A1A0A42EACA
:1065D00003239BB25C2B40F2BF803046069904F146
:1065E0008C02FCF377F7002800F0DC80338A1A0A6B
:1065F00042EA03239BB25E2B40F2AE8096F86F1006
:1066000096F8702042EA012202F15F018B42C0F04D
:10661000A380C2B1E188B4F8DC30CB189A4212D121
:1066200006F17100E16806F11209FAF3CBF488B1C2
:10663000E388D4F8E010994409F15F00B4F8DC2055
:10664000FAF3C0F430B1686807F1140111227DF04B
:1066500025D9A7E0002384F8CD302B68D8F8C010E6
:1066600098680CF075D858460821FDF35DF028466F
:10667000079902223B46FFF7FDFB93E009F4D8732C
:10668000B3F5807F40F08E8019F4807F08D03046CB
:10669000069904F18C02FCF31DF7002800F08280BB
:1066A000002384F8CD302B68D8F8C01098680CF01F
:1066B0004FD8228A07F11406238B50468DE84400F8
:1066C000696804F1AC027DF089D8D4F8D030802B11
:1066D00002D0B3F5802F02D11023236018E0042BE1
:1066E00016D10D2323602B8AD90707D428463FF003
:1066F000DFD928463FF000DA013053D05846082150
:10670000FDF312F02846079904223B46FFF7B2FB3F
:10671000D4F8D030802B04D0B3F5802F01D0042BD7
:1067200008D16B685046DB68792100933246062316
:10673000FAF7D4FAD4F8D030802B27D0B3F5802FD5
:1067400030D123E019F4807F15D0338A1A0A42EA47
:1067500003239BB25C2B07D8DAF80030D3F88830DB
:106760005A6E01325A661DE03046069904F18C02D9
:10677000FCF3B0F6B0B1002384F8CD302B68D8F824
:10678000C01098680BF0E4DF1023236028463EF029
:10679000F3DF07E0184606E0E92004E0404602E0A7
:1067A000002000E0012009B0BDE8F08F2DE9FF478F
:1067B0000D9C064617469A468946002952D0002C61
:1067C00052D0836800685B68E3585D68D3F808803E
:1067D000294606F01DFF09232B6048463946302222
:1067E000FBF382F0736848B1626BDB6DB2F5802F0A
:1067F0000CBF03F4802303F0800302E0DB6D03F0A1
:106800000403C5F8D0300C9B3068029321462A4619
:106810004B468DE8800406F018FF30B37369012BF6
:1068200002D1B8F8060000B3002385F8CD303368F4
:10683000D8F8C01098680BF08BDF0A232B60A36890
:106840005B0507D4A16B01F00201002914BF0121EF
:10685000022100E00321304600222346FFF70AFB15
:10686000012002E0084600E0204604B0BDE8F087C1
:106870002DE9F04390E86000D6F808318E465B8E33
:10688000174603F440437246A3F5404EDEF1000381
:1068900089B004463146284643EB0E0375F000D814
:1068A000804600287CD047B1E368002B78D1204691
:1068B0004146FFF763FA002872D1A3685B6858F875
:1068C00003309F68238AD90702D420463FF04CD872
:1068D0002B68C4F80C8093F86231ABB198F8D630CD
:1068E000032B0BD1D8F83430B3F5802F0CD12846C8
:1068F000414607F1480270F01BDC0FE023B9D8F8DD
:106900003430B3F5802F09D0238A9A0708D507F1D0
:10691000480004F11A012022FAF368F32023FB80D7
:10692000FB88202B35D12B684FF00009D3F8E80005
:10693000CDF81890CDF81C900590FFF3F1F30746C1
:1069400000282DD005AB8DE8080228465021D8F844
:1069500010203B46F9F742FED5F81805314606AA45
:1069600007ABFEF737FC07F10C030093059B2046AD
:106970000C3B0193E36801210293069A079B40F0C8
:10698000D9D92B683846D3F8E8300593FFF3DAF30A
:1069900006E0706906F11901327E43463FF054DA91
:1069A00009B0BDE8F0834FF0FF30704770B5044682
:1069B000D0F8880000220A21D4F8D8300D0A33F824
:1069C0001230CEB2CB189BB2013B46EA032605F04B
:1069D000030503F440731D436FEA42636FEA5343B8
:1069E000A0F84035A0F82065A0F82C55A0F8403557
:1069F000D4F8D83033F8125001324919062A89B236
:106A0000DAD1204698215A8843F04CDBD4F8D830AC
:106A100020469A219A8843F045DBD4F8D8302046A6
:106A2000DA881B889C2143EA022292B243F03ADBC7
:106A3000D4F8D83020465A891B899E2143EA022285
:106A400092B243F02FDB2046BDE8704040F0EE9C50
:106A5000F8B503688E210446D3F8845442F0E0DC94
:106A6000236840001B6886B293F8643106F1500138
:106A700006F1940789B2BFB213B1002385F86D31D6
:106A8000D5F82031012B1CD002D3022B30D122E0CB
:106A900095F8E820012010FA02F295F8583192B2E8
:106AA000FF2B03D010FA03F31A4392B2204643F0AF
:106AB000F9DA95F8E83001229A402046394692B238
:106AC00014E02046B5F82A2143F0ECDA2046394696
:106AD000B5F82C210AE095F8E83001229A402046CA
:106AE00092B243F0DFDA20463946002243F0DADA88
:106AF00095F81C2142B94C364FF6FE7120463140C4
:106B0000BDE8F84043F0CE9AF8BD0000D0F89410EC
:106B100010B50831044641F0F3D803492046BDE8DA
:106B2000104041F0D59800BF6C4F010038B5437C50
:106B300004468B420D4606D039B142F005DB38B928
:106B40004FF0FF3038BD002038BD4FF0FF3038BD6A
:106B5000002084F87600657438BD00002DE9F0430C
:106B60008BB0129F98460023032F04460D46139EB8
:106B7000DDF85090089309930CD9042208A84146E7
:106B8000FAF334F2072F05D909A808F10401042209
:106B9000FAF32CF25A2D089900F0B38032D8212D47
:106BA00000F0D08016D80E2D00F0A78008D8052D53
:106BB0005BD00C2D00F09D80042D40F09B817CE08B
:106BC000142DC0F09781172D40F2A081202D40F0A8
:106BD0009181C5E03F2D00F0F88009D8272D00F005
:106BE000CE803E2D00F0EC80262D40F08381D4E055
:106BF000522D00F02A81542D00F02A81442D40F0BE
:106C00007981E7E06A2D00F0618116D8642D00F0EB
:106C1000408109D85D2D00F08680632D00F01B8136
:106C20005C2D40F067817BE0682D00F0398100F237
:106C30003A81662D40F05E812FE1792D00F052817E
:106C400009D8712D00F04681782D00F04E81702D0D
:106C500040F050815AE17C2DC0F04C817D2D40F2F6
:106C600055818C2D40F0468163E0E06F98E8A000EC
:106C7000C66916F004060ED0002335FA03F2D607D3
:106C8000D9B203D401330F2BF7D119462A463B461C
:106C900004F0DADC2CE129463246022304F0CADE95
:106CA00029462A460223E06F04F000DFE06F294600
:106CB0003A46022304F0E0DE2DE1B9F10B0F40F378
:106CC0001C8100210A460223E06F04F0B3DE00219C
:106CD0000A4607460223E06F04F0CEDE0021054697
:106CE0000A46E06F022304F0E1DE37607560B060B1
:106CF000FEE0E06F04F0B8DE3FE0D4F880008849A1
:106D000002E0D4F880008749FBF390F020B1002125
:106D10000A46FAF327F630E04FF0FF333360E9E03C
:106D200094F81C31E3E0003118BF012184F81C11F4
:106D3000DEE0099A4A4500F3E0802046334640F001
:106D400069D845E0072F40F2D8800029C0F2D880EA
:106D500002230093E06F0122099B04F01DDFC7E0CE
:106D6000032F40F2CA800029C0F2CA800223009398
:106D70000022E06F134604F00FDF3060B8E00B2F05
:106D800040F2BB800029C0F2BB80099B002BACBF46
:106D90006FF016066FF00106BDE0072F40F2AD80E0
:106DA0000029C0F2AD80099A002AC0F2A98000250E
:106DB0000095E06F2B4604F0FBDE30602E46AAE023
:106DC000E06F314604F034DE02E0E06F05F006D8F3
:106DD0000646A0E0236898680BF046DD0746E06FA2
:106DE00004F09ADE10B3E06F04F0B2DE054618B985
:106DF000E06F012105F004D83368E06F00937368F9
:106E0000083601930023029603934168D4F8882042
:106E1000A368FAF3A1F0002814BF4FF0FF36002654
:106E20006DB9E06F294604F0EBDF08E0E06F04F095
:106E300067DE002814BF6FF01D066FF0160623688A
:106E4000394698680BF018DD65E0D4F860314EE003
:106E5000D4F864314BE03146102204A8FAF3C6F0AE
:106E6000059D0C352846FFF35BF1044600284AD007
:106E700031462A46FAF3BAF0238820461B0B012B31
:106E800004D0FFF35FF14FF0FF3644E0FFF35AF117
:106E90003CE0236893F8183629E04FF4B06326E00D
:106EA000B4F81E3123E089B201292FD80323A4F8B6
:106EB0001E112046009319B120220221134602E040
:106EC00002212022002342F083D811E0204640F026
:106ED0008BD952E74B1C022B1BD8204649B242F0FB
:106EE000DDDB75E7C4F8381102E0D4F838313360DF
:106EF000002610E06FF01D060DE06FF00D060AE0B1
:106F00006FF0010607E06FF01A0604E06FF0160656
:106F100001E06FF01C0630460BB0BDE8F08300BF07
:106F2000FA6C8900026D8900F0B587B004460668E6
:106F3000D0F8885000210C2202A8FAF3DBF00023DD
:106F400020464FF0FF31704A059342F031D8236854
:106F50001B6893F8693113B1204640F08BD8204666
:106F600043F014D84FF40037204640F039DC009746
:106F700004233069242105AA41F0AADA00210A4637
:106F8000E06F04F081D96149204640F0A1DE20463F
:106F9000FFF70CFD02A9204640F05EDB2046802171
:106FA000082243F07FD80A2220465C2143F07AD899
:106FB0002046D4F8201140F0EDD9554A20465549D5
:106FC00041F0F6DF4FF00043C5F888314FF0007311
:106FD000C5F88C314FF48043C5F828314FF4803325
:106FE0006B620121204641F0D9DFE06F04F0F0D858
:106FF000A4F81201A5F8A80616212046B4F84820E6
:1070000043F050D82046C021B4F86C2043F04AD851
:107010002046C221B4F86E2043F044D820461821FF
:1070200004F1A4020223009741F09EDA02232046D5
:107030001C2104F1A602009741F096DA96F8583622
:107040001BB1002386F8583606E0009730692421EA
:1070500005AA042341F088DA20464421B4F8A82088
:1070600043F020D820464621B4F8AA2043F01AD88D
:10707000B5F888361B051B0DA5F888360123A5F841
:107080009C360025B5636319586910B1224B5B68C3
:1070900098470435182DF6D11F4D6069AB6D9847A0
:1070A0006B6F606998472046002142F0BDDC236881
:1070B0001B6893F8693113B1204640F00DD8A36FD7
:1070C0002046598B4FF48072CC3142F0EBDF637C69
:1070D000032200921022002B14BF134600232046E7
:1070E000042141F075DF2046AE2142F099D94FF4DA
:1070F000D8634000C4F82401C4F82831304640F079
:1071000091DC07B0F0BD00BF04040004943E010010
:10711000000002400000064010A7880070B5036818
:1071200004461B6893F86931002B00F08180836F5F
:10713000598B363142F074D9236D0646D80777D57E
:10714000636D190674D4E36F9A69920002D5DA6907
:10715000D00704D5DB69D90701D45A0768D5E36E97
:107160009B0065D5D4F888304FF49675B3F8B426F3
:1071700092B242F00302A3F8B426D4F88820B2F801
:10718000B83623F0C0031B041B0CA2F8B836236DDD
:10719000D80719D5636D190616D4E36FDB695A0752
:1071A00012D5E36E9B000FD5D4F888300121A3F8E7
:1071B000F016D4F88830B3F8F22692B2130A03F02E
:1071C0000F0302F03F0213E0D4F888300022A3F846
:1071D000F026D4F888300121B3F8F226A3F8F0168F
:1071E000D4F88830C2F30512B3F8F236C3F30313B0
:1071F000042A02D10BB1042E02D04FF4FB750AE031
:107200006420FEF37BF4013DC1D1F6E7013D08D0D7
:107210000A20FEF373F4D4F88830B3F8B626D0070A
:10722000F4D4B3F8B82692B242F0C002A3F8B8265C
:1072300070BD38B58B7905460C463BB190F88E226F
:10724000002A21D190F88F22002A20D101226271D8
:1072500093B12B6893F8623173B1E36D58030BD58A
:10726000D5F8600803F0B8FC30B1637923B1D5F8E4
:107270006008214603F076FBA07950B128462146EC
:10728000BDE8384044F0A29F4FF0FF3038BD4FF0CA
:10729000FF3038BD43690BB90223436183690BB9E1
:1072A00014238361C36913B94FF41673C3618368F0
:1072B00013B94FF47A73836003690BB9034B03610D
:1072C000C3680BB9024BC360704700BF00350C00A8
:1072D000804F12002DE9FF4703680446D3F8009061
:1072E000D9F810309B6FB3F81AA099F81930002B19
:1072F0005AD040F2A47600253146D9F8100042F069
:107300008FD8B11C0746D9F8100042F089D86B0815
:10731000023504AAEDB202EB830347EA00400436CB
:10732000062D43F80C0CE7D10AF1A40A5146D9F80E
:107330001000019F039E029D42F072D85146804684
:10734000D9F8100042F06CD84BF6FF72024051465B
:10735000D9F8100042F0A6DE236A9F4202D2DB4336
:10736000D81900E0F81A636A9E4202D2DB439919E9
:1073700000E0F11AA36A9D4202D2DB435A1900E0F1
:10738000EA1AA368276298426662A56203D30323C0
:1073900084F838300AE02369994207D2E3689A42B8
:1073A00004D2C8F3803002E0F52000E0012004B0F0
:1073B000BDE8F087F7B5099D0023032D0646174663
:1073C000089C009301930BD9042268462146F9F3E7
:1073D0000DF6072D04D901A8211D0422F9F306F6A4
:1073E0001C2F07D1D6F88030002093F838200A9B54
:1073F0001A6001E06FF01600FEBD2DE9F041044671
:1074000016461F460D46002900F09D8030F0C4D876
:10741000D4F8A031804693F8661093F86C200029C8
:1074200040F08880002A40F08580998842F20E72F0
:10743000013989B291422DD8206940F2EA3140F0F9
:10744000D3DD90B120694FF47B7140F0CDDDD4F8ED
:10745000A0319A8841F64B539A4204D9206940F2F0
:10746000ED3140F0C1DDC5B200E00546206940F2D3
:10747000EB3140F0B9DD012330B13B70D4F8A031DD
:10748000002283F86E2033E03870D4F8A02182F80F
:107490006E302DE05A8D910706D5206940F2EE310D
:1074A00040F0A2DDC5B223E012F0010214D0B3F81F
:1074B0007B10002973D0B3F87920002A6FD00A20FE
:1074C000414391FBF2F2062A69DDB3F87130012BDA
:1074D00067D0022B0DD166E032703A70D4F8A0214B
:1074E000012382F86C30D4F8A02182F86E3000E0DD
:1074F0003DB900233370D4F8A031012283F86C2009
:107500001BE0D4F8A03193F86D20022A07D901229C
:1075100083F86620D4F8A03183F8675002E0002396
:1075200033703B70D4F8A03193F86D20013283F8AA
:107530006D2002E00AB100233370D4F8A031C3F803
:107540006880BDE8F081D0F8A03193F866202AB9B0
:10755000DB6E13F0FF1F13D1BDE8F081022213464A
:107560002FF03EDC01232046294602222FF038DC92
:10757000D4F8A03183F86650D4F8A03183F867506E
:10758000D4F8A021002382F86C30D4F8A02182F82E
:107590006E30D4F8A02182F86D30BDE8F081062568
:1075A000AFE70225ADE70825ABE770B5036886B005
:1075B0000C460546002103A80A221E68F9F39AF535
:1075C000BDF80C3043F01003ADF80C3094F8AC303B
:1075D000A3B1D4F88830D3F82031D8070ED520468F
:1075E00042F0B8D9022200922046BDF80C300021AA
:1075F000102241F0EDDC204641F064D9012185F8EC
:107600003910336A186901F0C4FA06B070BDF0B5DC
:10761000036887B00C460746002103A80A221D68AC
:10762000F9F368F5BDF80C3023F01003ADF80C3019
:107630002B699B6F5E8B94F8AC30002B3CD0D4F858
:107640008830D3F82031DB0736D5204642F082D986
:107650000222BDF80C30009220460021102241F099
:10766000B7DC236DD80724D5636D190621D4E36FE9
:107670009A69920002D5DA69D00704D5DB69D90787
:1076800001D45A0715D5E36E9B0012D5D4F8883083
:10769000B3F8B82692B242F04002A3F8B826D4F864
:1076A0008820B2F8B83623F080031B041B0CA2F824
:1076B000B836204641F006D9002487F8394006F153
:1076C00036012869224642F0EDDC06F108012869FE
:1076D000224642F0E7DC06F1F80122462869A4368A
:1076E00042F0E0DC3146286941F09ADE4BF6FF7249
:1076F00002403146286942F0D5DC2B6A97F83910F0
:10770000186901F046FA6B7E43B1286940F2A47112
:1077100022460C2342F0DAD8204601E06FF00A003E
:1077200007B0F0BD7FB551F8383B00221868D0F89B
:10773000683200920192029201220391049219464A
:107740009822DC3317F0CCDE07B000BD38B5044614
:10775000FFF7A0FD94F83830032B04D02046FFF744
:10776000B9FD054600E0002594F83830013B032BB5
:1077700073D8DFE803F00213304C01202146FFF7F5
:10778000D1FF012D08D1E36A626901339342E362BC
:1077900063D3022384F83830002351E002202146CD
:1077A000FFF7C0FF012D4FF000030BD1226BA16941
:1077B00001328A422263E3624FD3032284F83820E5
:1077C000236338BDE26A616901328A42E26223635F
:1077D00043D3012232E003202146FFF7A3FF94F8B0
:1077E0003930012B07D120466168FFF710FF0023D5
:1077F00023626362A362636BE26901339342636352
:107800002BD300236363042384F8383038BD04206D
:107810002146FFF787FF94F839301BB9204661688D
:10782000FFF7C3FE012D4FF000030BD1E26A61693F
:1078300001328A422363E2620FD3032284F83820A4
:10784000E36238BD226BA16901328A42E36222639E
:1078500003D3012284F83820236338BDF7B50368C9
:10786000044693F83C20002A40F0AC8093F869313C
:10787000002B00F0A78044F06BDF022840F3A280C9
:10788000204644F003DF002800F09C80206940F08F
:1078900059DA23680646DA6ED4F86872002A40F096
:1078A00091801B7E002B00F08D8094F8D4312BB199
:1078B00020461FF067DA002840F08480D4F8A03119
:1078C0005A6B5278D1070CD4DD795DB1D4F86832A7
:1078D000D3F814311B695B42AB42CCBF08250025AD
:1078E00000E0002506F00403002B18BF0825BB7933
:1078F00016F0100618BF4FF4007623BBD7F80831F6
:1079000093F93430FBB13B7AEBB13B7C23B107F107
:10791000DC00FAF35BF2B0B994F88D32012B12D18E
:1079200094F88E3223B1D4F8180535F019D850B92F
:10793000FB6DA3B13A6D40F2371313407BB197F85A
:107940006030D3B10BE094F88D325BB1D4F88C2267
:107950001D4B1340B3F5807F10D13B7C73B1354391
:10796000ADB20BE094F88E323BB1D4F8180534F088
:10797000F7DF002808BF002500E01D460221204651
:107980004FF402722B4600911FF060DC354219D093
:107990000023D4F86422D15889B18A797AB90A7A55
:1079A0006AB10A7C5AB1D4F8440158F0E9DE0146C4
:1079B000D4F8440103B0BDE8F04059F0A99904336C
:1079C000202BE6D103B0F0BD00FFFF002DE9F84306
:1079D00005680446D5F8A031D0F83480D3F810906B
:1079E0002B699B6F5E8BFDF315F7A36CA064C31A24
:1079F000B3F5617F01D2BDE8F883204645F0BAD9DE
:107A000084F83000204644F033DF84F8310020460B
:107A100045F088D894F8453084F85A005BB194F862
:107A2000403084F8303094F8413084F8313094F8A4
:107A3000423084F85A3098F801305B0721D5E76B63
:107A4000284694F9311094F9302094F95A30B84707
:107A50005FFA89F94845074613D02846394645F06C
:107A6000A7D82869026D12F480020AD14EB1012F05
:107A700006F1A40101D1602301E06022134642F027
:107A800013DA28460122D5F86812FFF7E7FE98F8C6
:107A90000130980715D5A66B94F95A30284694F909
:107AA000311094F93020B04794F8323006468342C2
:107AB00007D02846044932461FF0F8D808B984F8A0
:107AC0003260BDE8F88300BF6FB0890073B5046809
:107AD0000546204644F0DADDD4F8A031064693F896
:107AE0005E20013283F85E20236893F86931002B11
:107AF0004AD0002848D0236A1B68022B44D10128B1
:107B000003D12046294645F0B5DB6B6B5B78DB077C
:107B100003D52846FFF75AFF36E0204645F05CD8EB
:107B2000D4F8A031DA7A72B1D4F86812D1F814110D
:107B300009694942914206DD721E012A1ED95E730F
:107B4000204601210EE09A7A7AB1D4F86812D1F871
:107B5000141109694942914207DA042E0ED05E736E
:107B60002046042145F024D808E0597B31B1204655
:107B700045F01ED8D4F8A03100225A732046D4F81C
:107B800068120122FFF76AFE236893F86921002A30
:107B900051D0226A1268022A4DD101228DF80620A6
:107BA0008DF807204EB3042E27D093F8412022B33E
:107BB00093F842200AB3D4F864210AB19279E2B969
:107BC00093F83E30CBB1D4F8A03142F20E729988CE
:107BD000013989B2914203D9598D11F0030105D0C1
:107BE000013E012E09D82046012100E020460DF17A
:107BF00007020DF10603FFF700FC9DF807109DF842
:107C00000630A1F101025142A3F1010041EB020152
:107C1000434243EB000302228DF806302046134610
:107C20008DF807102FF0DCD820469DF806100222B0
:107C300001232FF0D5D8236893F8693123B1236A43
:107C40002846196845F00CDFD5F88000FFF77EFD67
:107C500000207CBD2DE9F04705689A462B68044654
:107C600093F844008EB00F461646002838D00DF128
:107C70000C094FF00008002124224846F9F33AF29B
:107C8000414608220CA8CDF81080CDF80C80F9F3FD
:107C900031F242464346D5F8C0063946CDF8349015
:107CA00051F0FADCD4F8444180460FE08DE8400101
:107CB00001330493D5F8C00639464FF6FF720CAB7A
:107CC000059451F0C9DC50B924684644049B002C4B
:107CD000ECD1039A01209B18CAF8003000E0002084
:107CE0000EB0BDE8F08702680146D2F86C31D2F8D8
:107CF000D80603F5C67203F5CE7305F077B8000019
:107D000000487047C4580100024B542202FB003067
:107D1000704700BFBC650100004870476466010001
:107D200038B58B781C1DA24230D30A78012A30D195
:107D3000142B34BF1A4614224B78022B04D0032B89
:107D40001ED0012B28D101E0002315E0002307E01D
:107D5000CC18257990F8234001332C4380F8234038
:107D600001309342F4DB0FE0CC18257990F82340E2
:107D700001332C4080F8234001309342F4DB03E0D0
:107D800024300431F9F332F1002038BD6FF00D00DA
:107D900038BD6FF0240038BD002038BD38B504462A
:107DA00010468A78151DAB420FD30B78012B0FD1EB
:107DB000142A28BF142214238270C37004F12401F2
:107DC0000430F9F313F1002038BD6FF00D0038BD19
:107DD0006FF0240038BD982970B504460D4616464C
:107DE00011D8243012B1FAF35DF501E0F9F3D6F7BA
:107DF0002C2D0BD10121321CA06818BF01221DF0CF
:107E000071D9002070BD4FF0FF3070BD002070BDF3
:107E100070B505460C464EF067D8064680B190F81E
:107E200061309BB9836923B9E420FEF37FF1B0612F
:107E300030B1F36953B9E820FEF378F1F06128B965
:107E400028462146BDE870404DF04E9E70BD0000B2
:107E50002DE9F04F9A469BB00D46D1F80C31D1F880
:107E60000461002800F0318189794468002940F0DC
:107E70002C81297C002900F028819AF80110022920
:107E80001FD19B68182B1CD102F10A00D5F80811EC
:107E90000622F9F397F0A0B90AF10800314606224C
:107EA000F9F390F068B920462946D5F8082173F017
:107EB000F3DC30B120462946324673F0EDDC07464C
:107EC00020B9002300932846062138E0BAF80E3086
:107ED0008BBB00210C2217A8F9F30CF17C4B0DF1A0
:107EE000140917937B4B002128220DF13C084846CA
:107EF00018931994F9F3FEF0002300212022404644
:107F0000ADF82430F9F3F6F00AF110030193249B45
:107F1000CDF80080103B0293D4F8BC062946D0224D
:107F200017ABCDF8589051F0D3DB002840F0CD804E
:107F3000BDF824302BB1022200922846012132469E
:107F4000C1E0D5F8103193F8F430F3B9D5F8183111
:107F50001B7AD3B994F890322846590744BF23F0CE
:107F6000040384F89032012124F0B0DCD5F81031FC
:107F7000012283F8F4204FF4FA70FDF3BFF594F872
:107F8000903243F0040384F89032B6F83280236ACA
:107F9000D3F804B008F44043A3F54042D2F1000AFC
:107FA0004AEB020A003318BF01230A3354F8239026
:107FB00008F46053B3F5005F03D14046FAF3A2F52D
:107FC000804608F46053B3F5C05F27D1236893F867
:107FD0004F309B0714D0D4F85801D9F8041049F059
:107FE0000FDB00070CD499F8E530990708D5D9F8CC
:107FF0000030022B12D1D5F868339B789A070DD543
:108000004046FAF3FFF440F480539BB20E288CBF35
:108010004FF440484FF0000848EA0308236A186903
:108020005EF040DA40451CD04146D4F8580149F092
:10803000E7DC204625F0A4DD2046414624F0D2D8D6
:10804000236893F83B304BB1D5F83C335968D4F8EA
:10805000C035994202D0204620F03CDA20461DF07F
:108060003DD8204606F1380120F016DDD34524D056
:10807000236A204639465A682B4673F03DDA236856
:10808000206A93F84F30503013F0030307F13C019E
:1080900008D03B69D3F8EC3003F48053D3F10103EB
:1080A00038BF00237F228DE80C00002213466CF0BD
:1080B000EBDA2046394673F053DF022300210093A8
:1080C000284632460B463AF075DE1BB0BDE8F08F0D
:1080D000A9B885000DBA85000B89F0B5C48F03F0EF
:1080E000F0060419360934F81650428FB0F83CE017
:1080F000013634F81670CC688218864487B052195D
:108100000EEBC50E2CB14E69C4EB060C8E696644AD
:1081100000E026467D1BADB2CDF800E00195C068B9
:108120000290086804940390059648681946002355
:108130004FF084DF07B0F0BDF0B50C460989C58E5D
:1081400001F0F006878E4519360935F81630C71943
:108150004FF00C0E0EFB037787B0428E013600976E
:1081600035F816508218ED1AADB201958068D21814
:108170000290206800230390A0690490E0690590B4
:1081800060684FF041DE07B0F0BDF0B50C460989DC
:10819000C58E01F0F006878E4519360935F8163080
:1081A000C7194FF00C0E0EFB037785B0428E0136D7
:1081B000009735F816508218ED1AADB20195806817
:1081C000D218029020680023039060684FF0F6DE1A
:1081D00005B0F0BD2DE9F341B0F81280878AC68A58
:1081E00084798044C7198619F4B9254605F00F0330
:1081F00036F81310013336F813208A420ED00C4B98
:10820000521A181980884FF00C0E009092B208EBA9
:108210000100E3580EFB01714FF0CEDF0135083449
:108220000D2DE3D1002001E06FF01600BDE8FC81C8
:10823000685901000378FF2B01D018467047437836
:1082400013B18078FF3070474FF6FF70704791E8A8
:108250000C0009895268B02902D11268032A08D09B
:1082600090F8420630B1D3F86433587810B1023038
:1082700070470020704706207047036873B50446B6
:10828000D0F82454D4F81C1498680AF061DA26E077
:10829000EE690BBBD4F8243405F10E029D4208BFF1
:1082A000C4F824642068214673F0F6DA024640B12F
:1082B000012102238DE80A0020682146002372F084
:1082C00053DF23682946586851F088DC94F820343D
:1082D000013B84F8203401E0013BAB6135461DB120
:1082E000AB695A1CD4D116E02368D4F824249868CA
:1082F000D4F81C143AB90AF097DAC4F81C5484F87C
:10830000205402B070BD42F210722B4602B0BDE89C
:1083100070400AF0F799FEE77FB5D0F824040E46C6
:1083200015461C4698B104AB43F8040D0020009399
:10833000014632462B4651F09FDC40B94EF6602391
:108340005C4342F21073B4FBF3F4039B9C6104B0F2
:1083500070BD00002DE9F0410546D0F80080D0F84E
:108360001441FDF357F2D8F82030064618695EF044
:1083700099D8D5F808315B8E834259D113F4404F18
:1083800009D1D8F8003093F8693123B1404640F064
:108390000FD800284CD0A36C002B53D0E16C721A7C
:1083A0009A424FDB94F850301BB122695BB2934282
:1083B00048DB94F84430FBB12769EFB1FF1AD8F8D5
:1083C000C4366FF0C7029742B8BF174613B19F4239
:1083D000B8BF1F46B4F90E30002B03DA1A483246F4
:1083E000F8F3AEF6002213462846394654F026D854
:1083F000D5F80831228A5A8594F8453013B3676955
:1084000007B3FF1AB4F93A3027EAE777002B04DA0A
:108410000E48E16C3246F8F393F6284639460022BE
:1084200054F05AD8D5F80831A48A9C85BDE8F0816B
:10843000D5F80831DA8DE36CD318E3649B1B002B6D
:10844000C8BFE664BDE8F081AEC58900DFC589001C
:1084500010B5002012F04004187002D012F0800F06
:1084600015D011F4007005D012F0800F02D0012059
:10847000187010BD490501D5130605D530B9D4F1E2
:10848000010038BF002010BD002010BD012010BD2C
:108490002DE9F04F836B0D46596C044640F239507C
:1084A00087B09246002281428DF8172003D040F217
:1084B0008B50814208D1B4F8522002F44042A2F518
:1084C00040414A4242EB01021869039268F072D8B7
:1084D00028B3D4F8E4235AB1D4F8F803012169F0A1
:1084E0007FDE28B9A36BD4F8E413986869F0A8DCA0
:1084F00094F8943083B9D4F8F803B4F852100122F8
:1085000069F038DEC4F8E40330B1BAF1000F03D1EA
:1085100020465EF04FDD46E10023C4F8E433B4F8B2
:108520005210A36B01F46051B1F5005F986805D05B
:10853000A1F5C052514241EB020100E0022169F075
:1085400071DC0646002800F02E8135B12046294610
:10855000B4F8522033465EF007DDB4F85290484636
:10856000FAF350F209F46057A36BB7F5005F98680F
:1085700005D0A7F5C053594241EB030100E00221A9
:1085800069F050DCA36B054610B99868314617E0D6
:10859000B7F5005F986806D0A7F5C058D8F100017C
:1085A00041EB080100E0022169F03CDC804650B953
:1085B000A36B3146986869F043DCA36B2946986841
:1085C00069F03EDCEFE0D4F8E403B8B169F044DCD4
:1085D000B7F5005F06D0A7F5C05CDCF1000343EB04
:1085E0000C0300E00223984208D0A36BD4F8E413F4
:1085F000986869F025DC0023C4F8E433D4F8E43348
:10860000FBB9A36BB7F5005F986806D0A7F5C05E0D
:10861000DEF1000141EB0E0100E0022169F002DC15
:10862000C4F8E40368B9A36B3146986869F008DCC4
:10863000A36B2946986869F003DCA36B41469868F0
:10864000BEE7D4F8E40369F02DDB20465EF04CD899
:10865000284694F97B1069F017DD00230DF117020D
:1086600000932046434649465FF09CDC4046314635
:1086700069F054DB404694F9651369F0ADDC41467E
:10868000284669F04BDB94F85810632902D8284635
:1086900069F0B6DC284669F0DDDB284669F014DCB9
:1086A00094F8673307469B0098426FF07F01284695
:1086B000B8BFDFB269F01EDCFFB25FFA80F9A36BCE
:1086C00084F87E7084F87F908346186967F072DFC3
:1086D000B8B1D4F8F803B4F8521069F02DDE0128CF
:1086E0000FD1B4F8521000224B46D4F8F80369F0C9
:1086F000D5DDD4F8F803B4F8521000223B4669F0F7
:10870000BDDD002384F891B084F8963084F8803081
:10871000BAF1000F03D02846514669F019DB94F8EE
:10872000823028460BB1039B23B194F97E1069F087
:10873000C7DA03E094F97F1069F04EDCD4F8E40363
:10874000294669F0D1DAA36B186967F033DF98B175
:10875000D4F8F803B4F8521069F0EEDD01280346AE
:108760000AD1D4F8E403A16B00908868B4F85220D1
:10877000D4F8F81369F054DDA36B3146986869F0BA
:108780005FDBA36B2946986869F05ADBA36B41460F
:10879000986869F055DBBAF1000F04D1D4F8543A67
:1087A0000BB12046984707B0BDE8F08F10B590F8A0
:1087B0006330002B3CD0DB07C9B22CD5836E8B42D3
:1087C00023D190F8253A3BB10023846BE4180133A0
:1087D000082B84F82021F8D1836BD3F828411B198A
:1087E00083F82021836BD3F82841072C01D0013472
:1087F00000E00024C3F8284190F8253A2BB190F806
:10880000263A13B1002380F8253A90F8633023F01C
:10881000010380F8633090F8633013F0020F07D043
:1088200023F0020380F86330836B186967F0BADEC7
:10883000002010BDF8B590F863300446002B3AD103
:10884000012902D0022939D100E08266A36B80F8A9
:1088500063101A6A94F8D900626618BB94F86C2009
:10886000002A2DD118698E2167F072DE400087B290
:10887000062502E00A20FDF341F1A36B07F174061F
:108880001869314667F064DE08B1013DF2D1A36B8F
:1088900001221869314667F067DE204601F012F8C0
:1088A000024600E0A122B4F85210204652B2BDE8C0
:1088B000F840FFF77BBF6FF01800F8BD6FF00200C3
:1088C000F8BD10B504465DF0EDDD0221C2B22046D0
:1088D000BDE81040FFF7AEBF30B5026CCB8892F810
:1088E00029463CB9846B64690A2C03D94C8A14F478
:1088F000807F14D0846B6569272D03D10C8A14F412
:10890000006F0CD18C88DBB214F0030F01D09D2BCB
:1089100005D0232D07D14D8A15F0200F03D0012358
:108920008B7700230AE090F92C031B18E00444BF66
:1089300092F91E269B180022CB778A770B770023AB
:108940004B7730BDC369043B082B06D8DFE803F042
:108950001805090709050B050D00002070471720B1
:108960007047042070470720704790F83E030128A5
:1089700008D0032814BF4FF483704FF48B707047F6
:10898000012070474FF48B707047836B13B51A6AE0
:10899000044601321A6290F86020002A00F0AC8090
:1089A000B0F8C8222AB1D0F8F013A1F83622A1F805
:1089B0003A22B4F8CC222AB1D4F8F013A1F8282234
:1089C000A1F82422B4F8CA222AB1D4F8F013A1F8ED
:1089D0002222A1F82622216F40F606220A402AB957
:1089E00093F82C3113B120465DF0F8DDA36B1A6AC1
:1089F0001B6EB2FBF3F103FB1123A3B920465FF01A
:108A000085DC236F40F60202A16B1A400032086930
:108A100018BF0122B4F85210C3F3800367F0D2DD0F
:108A200020465FF081DC226F40F60E231340B3B97D
:108A3000A36BD4F88C21196AD2F89020D3F818319E
:108A40008A1A9A420BD394F8522020460121FFF74C
:108A5000F1FEA26BD4F88C31126AC3F8902094F81E
:108A6000633043B1A36B1A6A636ED31A052B02D924
:108A7000002384F86330D4F8F4202AB1A36B196A78
:108A80001B6E8A1A9A420CD3226F40F602031340DF
:108A90003BB920465DF016DE18B1A36B1B6AC4F823
:108AA000F430226F40F60F2313402BBB20465EF0BC
:108AB000B5DA20465EF054DAD4F88C31D3F8882049
:108AC00012B1013AC3F88820D4F8B43A0BB1204669
:108AD0009847A36B186967F023DD68B1A36B01A900
:108AE00018690DF1070267F01FDD20469DF8071099
:108AF000BDF804205DF0D4DD00201CBD034600213C
:108B0000986B40180131082980F82021F8D19A6B20
:108B10000021C2F82811D16E032907D1D3F8C4105F
:108B2000C90703D5126A0832C3F8B8200022991881
:108B300002324FF6A470202AA1F8040AF7D10020CF
:108B4000012283F8240A83F8EC2A7047836B10B55E
:108B50009A69044692001BD590F8ED2A012A17D194
:108B6000B0F8522012F4404F12D1186967F004DDBA
:108B7000636CB3F8B42692B242F00302A3F8B426B1
:108B8000636CB3F8B82692B242F0C002A3F8B826DC
:108B900010BD80F8ED1A704730B5056C044687B0FB
:108BA00028464FF4007141F21C1260F047DB0028A8
:108BB00000F09D80072303932023059380230293D5
:108BC00000230190049340F8043B0133802BFAD139
:108BD000204601A965F0E8DE4FF43073204601A974
:108BE000049365F0E1DE206C41F22F1160F04CDB64
:108BF0002046012164F086DC20463E4936225DF0A5
:108C0000F7D9D5F8C434204640F6F4114FF4804229
:108C10006BB113465DF0B4D9B5F85824B5F85634A5
:108C20002046D31840F20C5140F2FF129BB25DF087
:108C3000A7D91E22304920465DF0DAD9204661F0DE
:108C400011D8204663F014DA99210122002320462E
:108C50005DF068D996210222002320465DF062D99A
:108C6000A2210122002320465DF05CD9A5214022EB
:108C7000002320465DF056D9A6210122002320467C
:108C80005DF050D9A1210122002320465DF04AD990
:108C900030220023204602215DF044D96F21204676
:108CA0004FF4005200235DF03DD94FF4805213463B
:108CB00020466F215DF036D904221346204640F24B
:108CC000D7415DF05DD940F2D7414FF470624FF467
:108CD000807320465DF054D9204662F0DBDB2046ED
:108CE00040F275514FF4007200235DF049D907B08E
:108CF00030BD00BFBE5A01002A5B0100F0B507235A
:108D000087B0066C029320230493012304460D468A
:108D10000193304605AB4FF4007141F2733200937A
:108D200060F08CDA002849D0D6F8B86507460146CD
:108D30000023B3422CBF9E46B64605EBCE0292F806
:108D400003C015F83EE001334EEA4C5E92F802C0D3
:108D500052784EEA4C3E4EEA4212802B059241F880
:108D6000042BE6D18DE809006946C0232046039311
:108D700065F01ADE0023B3422CBF1A46324605EBDB
:108D8000C20210795179400240EA4140D179013361
:108D900040EA0102802B059247F8042BEBD14FF4F7
:108DA000107320466946039365F0FEDD236C41F2A3
:108DB0009F31C3F8BC55206C60F066DA07B0F0BD97
:108DC000F0B5076C89B0002304460D4638464FF4D1
:108DD00000714FF4965205930693079360F02EDAD4
:108DE0000646002834D04DB9204605A906AA07AB8F
:108DF0005EF028DB03953746002510E097F8333600
:108E0000002BF8D0B4F9283A0693B4F92A3A07931C
:108E1000B4F92C3A05934FF430730393EBE705A9AB
:108E200028460EC964F0B0DE0135802D47F8040BEA
:108E3000F5D1072302932046202369460493009628
:108E4000019565F0B1DD206C41F2DF2160F01CDAA4
:108E500009B0F0BD2DE9F047571A7E1C1FFA86F9BC
:108E60004FEA89034FF6FC7186B004461940006C46
:108E700041F6DE3260F0E2D90546002871D01023B9
:108E80004FF0600ADFF8E0808DE8080404AA0223AE
:108E900020460021CDF808805EF0CCD8BDF8102027
:108EA000BDF8123092059B059B0D920D43EA82227C
:108EB000C246002308E055F8231001F07F611143FA
:108EC00045F8231001339BB2BB42F4DD20234FF45D
:108ED000A0788DE80801DFF894802A4633462046C2
:108EE0000721CDF808805EF0B3D8206C41F6F2314E
:108EF00060F0CAD94FEA49094FF6FE71206C09EAC1
:108F0000010141F6F53260F099D9054648B31023C6
:108F10004FF0620C8DE808102046012300210DF16E
:108F20001602CDF808A05EF085D8002305E0BDF854
:108F3000162025F8132001339BB2BB42F7DD102326
:108F40004FF4E07E8DE80840204607212A4633464C
:108F5000CDF808805EF07CD8206C41F6024160F0CC
:108F600093D906B0BDE8F087CD218700614987001D
:108F700010B5044660F098D92046012200234FF432
:108F800030615CF0FDDF2046042200234FF43061A5
:108F90005CF0F6DF2046082200234FF430615CF0DD
:108FA000EFDFF022204613464FF430615CF0E8DF3B
:108FB0004FF47062204613464FF430615CF0E0DFFE
:108FC000204600234FF430614FF480525CF0D8DF2C
:108FD00020460622042340F607315CF0D1DF20460C
:108FE0003822082340F607315CF0CADF2046002310
:108FF00040F607314FF4E0725CF0C2DF20463022C9
:10900000102340F60B315CF0BBDF402220461346B4
:1090100040F60B315CF0B4DF204640F60B314FF4E4
:10902000F0624FF480635CF0ABDF204640F60B311A
:109030004FF4F0424FF400535CF0A2DF94F8FC3997
:109040002046012B14BF4FF480534FF4105340F6C9
:109050000C314FF6FF725CF093DF204640F60C3186
:109060004FF6FF724FF480535CF08ADF204640F6E3
:109070000D314FF6FF724FF450435CF081DF204614
:1090800040F60E314FF6FF724FF478435CF078DF14
:109090002046102340F60F314FF6FF725CF070DF70
:1090A00020464FF431614FF6FF724FF478435CF085
:1090B00067DF204640F611314FF6FF724FF47D43D3
:1090C0005CF05EDF20460F22002340F612315CF098
:1090D00057DF2046F022002340F612315CF050DFCB
:1090E0002046002340F612314FF470625CF048DFF6
:1090F00020460F22002340F613315CF041DF20466A
:10910000F022002340F613315CF03ADF20460023C2
:1091100040F613314FF470625CF032DF20460F22CC
:10912000002340F614315CF02BDF2046F0220023B0
:1091300040F614315CF024DF204640F614314FF441
:10914000706200235CF01CDF20460F2240F61531D0
:1091500000235CF015DF2046F022002340F6153195
:109160005CF00EDF2046002340F615314FF47062AC
:109170005CF006DF20460322012340F616315CF046
:10918000FFDE20460C22002340F616315CF0F8DEAC
:1091900020463022102340F616315CF0F1DE2046E6
:1091A000C022402340F616315CF0EADE2046002360
:1091B00040F616314FF440725CF0E2DE204640F695
:1091C00016314FF440624FF480635CF0D9DE2046E4
:1091D0000322002340F617315CF0D2DE20460C2239
:1091E00040F617314FF6FC735CF0CADE20463022A1
:1091F00040F617314FF6F0735CF0C2DE2046C02215
:10920000002340F617315CF0BBDE204640F61731F4
:109210004FF440724FF47F435CF0B2DE204640F6DC
:1092200017314FF440624FF47C435CF0A9DE2046D6
:109230000122002340F606315CF0A2DE1F22204608
:10924000134640F605315CF09BDE4FF6FF72204678
:10925000134640F604315CF093DE4FF6FF72204671
:10926000134640F608315CF08BDE204640F60931AB
:109270004FF6FF7247F6FF735CF082DE204608234C
:1092800040F60A314FF6FF725CF07ADE20463F234B
:1092900040F602314FF6FF725CF072DE2046FF238B
:1092A00040F603314FF6FF725CF06ADE0F22204673
:1092B000134640F601315CF063DEF022204613468F
:1092C00040F601315CF05CDE0122204613464FF48B
:1092D00030615CF055DEA36B2046D96EBDE81040CE
:1092E0005FF0029A2DE9F043044689B00F4690469C
:1092F000006C4FF4806141F2366299465FF09EDF68
:10930000064600284ED001221346204640F29C41DA
:10931000C4F8D0705CF034DE20469DF840105FF059
:1093200041DB28222046394661F09CDFB0F5807F82
:10933000054603D9206C41F2526131E0204640F2EB
:10934000D661032200235CF01BDE08221346204670
:1093500040F2DA615CF014DE282342468DE82800F2
:1093600020463346394665F061D9152303960593A7
:1093700000262023204603A907930495069665F04E
:1093800013DB9DF844302046019329464FF6FF72C7
:109390003346CDF8009062F0F1DF206C41F2666157
:1093A0005FF072DF09B0BDE8F08300002DE9F04FF7
:1093B00000218FB0076C90F85250ADF83210ADF824
:1093C00034100446002109A80C22F7F393F6002379
:1093D000ADF8363097F8153613B197F8161601E048
:1093E00097F81416D4F8DC002A465FF0BDDC8046FE
:1093F000002800F06081204601215FF0D3DAB8F840
:10940000005045B12DB24FF47A726A4320460121D3
:1094100063F098DE0125B8F8023063B10135EDB292
:109420001BB24FF47A725A432046294663F08ADE13
:10943000012D0AD100E0DDB10223009301210023B8
:109440000193029320460A4608E00223012100937B
:1094500001930023029320460A460B4663F014DF73
:10946000204605214FF486720DF1320361F01CDEB7
:1094700000252E46A94638F8051029B304200B23F1
:109480008DE8090009B20DAA4FF4FA73204661F085
:109490007BDBBDF83420BDF832301C3AD21AB7F964
:1094A000181613B299420FDC0EA9062303FB06130C
:1094B00038F80510013623F8141C23F8122C23F871
:1094C000100CB6B24FF001090235042DD3D102239E
:1094D0000693102308930DF136030493002501230E
:1094E000204604A90593079562F094DE10238DE8C9
:1094F0002800724B02210293204601230DF136020F
:1095000001355DF0A5DD402DF0D10025204629462E
:109510002A462B4600950195029563F0B5DEB9F118
:10952000000F40F0B180C2E00EAB4FF0060909FB1E
:10953000053939F8148C0135EDB20FFA88FA4FF479
:109540007A7202FB0AF22046294663F0FBDDB7F986
:109550001A2639F9123C9A4201DD002006E0B7F9DB
:109560001C269A4201DD012000E002205FF0F4DBBE
:1095700029460246204663F039DEBAF1000FB8BF33
:10958000CAF1000A4FEA8A0A4FF0000940F271233B
:109590009A450ADD09F101095FFA89F9AAF59C6A81
:1095A000B9F1200FAAF1020AF0D10FFA88F3002BCB
:1095B000D8BFC9F100095FFA89F94FFA89F34FEA78
:1095C00048086FF41C7202FB0388002BB8BF5B4293
:1095D000022B59DD4FF0000A002150465FF058DCA5
:1095E0000FFA88FB8BEAEB73A3EBEB73984244D141
:1095F000012150465FF04CDC0221804650465FF06E
:1096000047DCBBF1000F82464FFA89F30ADA002BE0
:10961000DBBF5FFA89FB0BF1400909F1FF3B0BF15E
:109620003F0B09E0002BDBBF5FFA89FB0BF1400920
:1096300009F1010B0BF1410B4FFA89F3204604A904
:10964000079362F0E7DDBDF836302046984404A960
:10965000ADF8368065F0A8D94FFA8BF3204604A9FF
:10966000079362F0D7DDBDF8363020469A4404A94E
:10967000ADF836A065F098D906E00AF1010A5FFA64
:109680008AFABAF1060FA7D1B542FFF44DAF4FF0F9
:109690000003012E00930193029320464FF0050131
:1096A00001D1324601E00122134663F0EDDD204690
:1096B00000215FF077D90FB0BDE8F08F61498700D6
:1096C0002DE9F743904608220F461E4640F6070153
:1096D00013460446056CBDF828905CF051DC01226D
:1096E0001346204640F607015CF04ADC4FF4005276
:1096F0001346204640F646015CF042DC204640F628
:1097000039013A465CF06EDC94F86D33204640F641
:1097100035010BB1802200E020225CF063DC2046A2
:109720004FF4046100225CF05DDC204640F6340119
:109730007F2233465CF024DC20464FF401614FF475
:1097400080434FF440425CF01BDC94F86D332046BC
:1097500040F6360113B14FF4807200E040225CF015
:1097600041DC204640F646010F2208235CF008DC6D
:1097700094F86D63204640F64601F02256B19023DE
:109780005CF0FEDB204640F646014FF470624FF479
:10979000106308E033465CF0F3DB204640F64601F8
:1097A0004FF4706233465CF0EBDB204640F6330149
:1097B0007F2243465CF0E4DB4FEA0923204640F673
:1097C00033014FF4FE4203F47F435CF0D9DB012602
:1097D00020463B496422002300960196FFF782FD54
:1097E0004FF480521346204640F6A5115CF0C8DBCA
:1097F0003246334640F6881120465CF0C1DB4FF418
:109800009670FCF37BF13246204640F637015CF05F
:10981000E9DB44F6216602E00A20FCF36FF1204602
:1098200040F637015CF0CCDB30B1013EF4D103E00F
:109830000A20FCF363F101E044F62166204640F67D
:1098400037015CF0BDDB08B1013EF1D140F63701D4
:1098500020465CF0B5DBC10705D594F8153343F01D
:10986000010384F815330023204640F6A5114FF478
:1098700080525CF085DB20465FF09CD920460023B7
:1098800040F2A66141F6FF725CF07ADBD4F88C31CD
:109890002046B3F98C20B5F9043C40F609019A4200
:1098A000B4BFB5F8065CB5F848554FF68072ED01C7
:1098B00005EA020303B0BDE8F0435CF0619B00BF22
:1098C000A0252600F0B54F4B91B0044602AA03F143
:1098D000200618685968154603C50833B3422A465E
:1098E000F7D118689B882860AB80012384F8263A5A
:1098F000A36B8E21186966F02BDE400086B2972597
:1099000002E00A20FCF3FAF0A36B06F17401186977
:1099100066F01EDE08B1013DF3D1A36B4FF4427136
:10992000186966F015DEA36B074640F20A31186924
:1099300066F00EDEA36B05464FF44371186966F0BE
:1099400007DEA36B064640F20E31186966F000DEB2
:10995000BE1936042D1876190AD194F8253A4FF617
:109960007862ADF83820002B31D084F8266A2EE0DA
:109970004FF48673ADF83C3006F580760023760A06
:1099800000930FAB360201930DAA0EAB20460CA933
:109990000C965DF0BDDFBDF938201B4B9B1A002BE8
:1099A000B8BF5B42702B94F8EC2A02D85AB1282B2E
:1099B00009D94FF67863ADF8383094F8253A13B1E9
:1099C000002384F8263A12B1002384F8EC3A236C81
:1099D000BDF9381093F83536891008467BB14AB284
:1099E00012F1560F0BDA12F1690F08DB6FF0560314
:1099F0009B1A10AA02EB430313F8380C401840B22C
:109A000011B0F0BD1839010078FEFFFF436C2DE95D
:109A1000F041D3F82031044603F001030D4683F0F2
:109A200001061BB9836B186966F0B4DD2046276C0C
:109A30005EF0C2DF40F27F41A7F802042046276CA7
:109A40005CF0BEDAC005C00D4010A7F80404226F18
:109A500041F6062313402BB944F62062102D08BFAF
:109A6000FA2200E0FA22A36BB821186966F07CDDC7
:109A7000A36B41F60627186966F098DD2046FFF7CC
:109A800065F8236F1F407FB9A36B20461B6A012135
:109A9000C4F8D430D4F88C815FF00CD9D4F88C3170
:109AA000A8F88C00C3F88870082D01D0E80606D508
:109AB00003210A22204660F0B1D9082D01D0A90661
:109AC00004D5204664F0D0DC082D01D06A0604D508
:109AD000204662F071DE082D01D0EB0506D5236C1F
:109AE00093F8173613B12046FFF760FC204660F06C
:109AF000BBDD2046FFF72AF8082D01D028060BD53C
:109B0000256C95F8643523B1204666F0F1DBC5F885
:109B10005405204665F074D820465CF053DB1EB92E
:109B2000A36B186966F036DD20460021FFF748F97F
:109B3000236C93F8333673B120460121FFF740F9C7
:109B4000204640F237614FF440424FF40043BDE8F5
:109B5000F0415CF0159ABDE8F081816BD0F8D4300B
:109B60000A6A10B59A42044601D3D31A01E0DB43D6
:109B70009B18D4F82823934200D302BB8A6E9342E9
:109B80001FD3D4F88C31D3F88830D3B901212046C3
:109B90005FF090D8D4F88C21B2F88C3019B288429A
:109BA000CCBFC3EB0000C0EB030094F8661300B217
:109BB000884208DAA36B9B6EC2F8883001E001206E
:109BC00010BD002010BD012010BD01207047000015
:109BD00001290BD1012B09D8013B064902EB830275
:109BE00051F822305A1C03D0C0187047002070472B
:109BF00000207047745B0100142303FB01007047D1
:109C00008369DA688A4218BFD960704738B504465C
:109C10002569006835B105F5077115F031DC284676
:109C2000FCF390F2E06C0025256108B1FCF38AF2A8
:109C3000E56438BDF8B5846905460668E06A08B190
:109C4000FCF380F2E969B068002708F081DD0021AB
:109C50002846FFF7D5FF284684F83D70FFF7D6FF6A
:109C6000304623F0F9D827826762A762E76227832C
:109C7000F8BD10B550B1D0F8400238B1072905D869
:109C80003C2404FB01018858C3188B5010BD2DE9FA
:109C9000F0410C4616460546002831D0D0F8403237
:109CA000002B2DD03C2202FB013318221F6A3346C1
:109CB000FFF7DFFF284621461C220123FFF7D9FFCB
:109CC000BE422846214601D2242214E0B6EB470FBB
:109CD00001D228220FE0B6EB870F01D22C220AE036
:109CE000B6EBC70F01D2302205E0B6EB071F01D259
:109CF000342200E038220123BDE8F041FFF7B9BF6C
:109D0000BDE8F08173B504680325204601214FF4B6
:109D10008062002300951DF099DA002120460A4652
:109D2000012300954DF084DB0026D4F864329D5960
:109D30009DB1AB798BB9D5F818315A6C22F001027C
:109D40005A641A78012A01D15B7F33B12846002179
:109D500022F0BCDD284667F0B1DA0436202EE4D1CB
:109D6000204602B0BDE8704023F07698F8B5D0F8F0
:109D7000B0550446AE69F368002B30D0012B30D0CB
:109D800028460121FFF73CFFA068E96908F0E0DC04
:109D900028B128460021FFF733FF012700E00746DE
:109DA000338A83B1236A18695CF07CDB338A83428F
:109DB00009D0204623F0E4DE2046318A22F012DA70
:109DC00020461BF08BD9D4F8B005FFF79BFF204647
:109DD00024F0CED92846FFF72DFF3846F8BD0120E4
:109DE000F8BD0020F8BDFFF7C1BF002070472DE986
:109DF000F843DDF820800446D8F800700E4615467A
:109E000099460FB91FE01F463B68A3B1BCB120467D
:109E1000F9683246F7F3D6F028B9284679684A46F9
:109E2000F7F3D0F018B17B69002BECD10BE0C8F848
:109E30000070BDE8F8836FF00100BDE8F8836FF0B3
:109E40000100BDE8F883C8F800706FF01D00BDE8A0
:109E5000F8831FB50C46416B81B104A840F8041D7E
:109E6000009019461046BDF81C30069AFFF7BFFF58
:109E700030B92CB1039B1B68236001E04FF0FF3029
:109E800080B204B010BD10B50C4699B10B6863B137
:109E90000846F5F3CFF7E068FCF354F16068FCF393
:109EA00051F100232360E36063602046BDE8104069
:109EB000FCF348B110BD2DE9F84F476B04460D4641
:109EC00016469B46DDF828A0BDF82C90002F33D015
:109ED000B1B9AAB930E07DB976B1BAF1000F0BD0B3
:109EE0003046F9685A46F7F36DF028B9504679685C
:109EF0004A46F7F367F050B17B691BB9BDE8F88FAC
:109F0000B84601E0B8461F46AF42E4D1A7B1636B43
:109F100039469F427B6908BF6363C8F814302368E1
:109F20005868FFF7B0FF94F83030013B84F83030C8
:109F3000636B0BB984F83030BDE8F88F10B5044678
:109F400005E04B69636323685868FFF79CFF616B0A
:109F50000029F6D184F8301010BD2DE9FF471E46C8
:109F60000023039390F830300446102B88461746A0
:109F7000DDF83090BDF8345009D9416B39B14A68E9
:109F80000B7C00920A890192CA68FFF794FF636B09
:109F90000393B8F1000F65D0002F63D0B9F1000F23
:109FA00060D003AB0093384631464A462B46FFF754
:109FB0001EFF824628B9039B41461868F5F31EF739
:109FC00055E01E3053D11820FCF3B0F08246002833
:109FD0004BD02069F5F3C0F6CAF80000B0B13046A6
:109FE000FCF3A4F0CAF80C0018B95046F5F322F7B8
:109FF0000CE02846FCF39AF0CAF8040050B9504629
:10A00000F5F318F7DAF80C00FCF39CF05046FCF37B
:10A0100099F02AE0636B2BB9012384F83030C4F83F
:10A0200034A007E094F83030013384F83030039BDB
:10A03000C3F814A0DAF80C0039463246CDF80CA06B
:10A04000F6F3D4F7039B49461E7458682A46F6F384
:10A05000CDF7039B41461D811868F5F3C1F64FF01B
:10A06000000A04E06FF0010A01E06FF01A0A50469E
:10A0700004B0BDE8F087F8B51E4614460D460CE066
:10A08000FEF7D8F8B04215D07A78931C9C420ED9CE
:10A09000ED186FF001039B1AE41854B128462146CD
:10A0A000FF22F7F321F407460028E9D102E0002758
:10A0B00000E027463846F8BD08B511461A464FF469
:10A0C000AE73FFF7D8FF58B14378A3F12102D2B2A3
:10A0D000202A04D8029A013B1370033008BD0020E7
:10A0E00008BD2DE9F0470468A0B0D0F8048006460A
:10A0F00002200F688946F4F761FA002501212A46FB
:10A1000020238246606A1F95F1F3A2F501212A46B9
:10A1100020231D90606AF1F39BF501212A4620233C
:10A120001E90606AF1F394F501212A4620231A90CB
:10A13000606AF1F38DF5202301212A461B90606AA5
:10A14000F1F386F5143729461C9052460FA808F102
:10A15000E205F6F3CFF7062238462946F6F332F742
:10A16000002817A807DD39460622F6F33FF70DF160
:10A170006200294606E029460622F6F337F70DF17C
:10A18000620039460622F6F331F717AA01920C2233
:10A19000002307AD0FA90292202752460220009308
:10A1A00003950497F4F730FB1B98F2F3ABF22A46C1
:10A1B00001213B461A98F2F379F2A3691C98616970
:10A1C0001B9AF1F7C8FF1A981C9A0146F1F7F6FF9F
:10A1D0001A981B9A0146A3690836F1F77AFF3046B0
:10A1E00098F81850F7F332F080B201901FA920467A
:10A1F00008F119022B460096FFF72BFE08B91F9BAA
:10A20000A3B11A99D9F8D4201F98F5F349F71DA9DD
:10A210001EAAD9F8D400F5F32BF61AA8F1F356F6D6
:10A220001BA8F1F353F61CA8F1F350F620B0BDE8DB
:10A23000F08770B5456892B004460026286801A9E9
:10A24000202211961BF0CEDB2023012101AAD4F895
:10A25000C000F2F32BF2286809A920221BF0C2DB10
:10A26000686A012132462023F1F3F2F4119000B321
:10A27000012109AA2023F2F319F26B69D4F8B8007E
:10A28000D4F8C010119AF1F724FFD4F8DC2011990A
:10A29000D4F8D400F5F304F7D4F8DC000146F5F364
:10A2A000B9F6D4F8DC0004F1C40104F1C802F5F3F6
:10A2B000DFF511A8F1F30AF60021202209A8F6F330
:10A2C00019F701A800212022F6F314F712B070BD8F
:10A2D000F0B5C1B007AD0C4617461146284602221C
:10A2E000F6F384F601210DF11E022023D4F8BC0000
:10A2F000F1F302F601210DF13E022023D4F8CC0047
:10A30000F1F3FAF501210DF15E022023D4F8D0001B
:10A31000F1F3F2F501210DF17E022023D4F8B8000B
:10A32000F1F3EAF501210DF19E022023D4F8C400D7
:10A33000F1F3E2F501210DF1BE022023D4F8C800AB
:10A34000F1F3DAF500238DE82800C22220250292DD
:10A3500038AE04F118012A46022003960495F4F75A
:10A3600053FAB81C31462A46F6F32CF6D0F1010018
:10A3700038BF002041B0F0BD30B590F88C318DB0C1
:10A3800004460D68002B3FD0D0F8D40008A909AAD4
:10A39000F5F36EF5202301216A460998F1F3ACF537
:10A3A000D4F87031E31893F893219DF81F3053408F
:10A3B000D80724D501210022EB69686AF1F348F43B
:10A3C000EB690A9001210022686AF1F341F401214E
:10A3D0000B900A9A2869F5F3A9F600230B980A99BD
:10A3E000099AF1F7B8FE08990B9AD4F8D400F5F35E
:10A3F000D9F50AA8F1F36AF50BA8F1F367F5204641
:10A40000FFF717FF002501E04FF0FF35E43404F1BA
:10A41000A000F1F35BF504F19C00F1F357F504F1B2
:10A42000A400F1F353F504F1AC00F5F303F504F1E6
:10A43000B00000212022F6F35DF628460DB030BDB5
:10A440002DE9FF410546006832F8066F0C46D0F84A
:10A450000080FFF73DFF002833D06968A4F86460EE
:10A460008F7904F138068FB9D8F8D0063246202308
:10A4700076F0ACDC2368696814338DE888003246D6
:10A48000D8F8D006202376F0B5DB17E01023009330
:10A4900023684FF480271433019308462022314665
:10A4A00004F10803029750F095DE48B92168686806
:10A4B00014313A46D5F88C30FDF72EFF012000E02C
:10A4C000002004B0BDE8F0812DE9FF41D688B1F845
:10A4D000643005460068B3420C46D0F800803BD893
:10A4E0004FF6FF739E4237D00632FFF7F1FE002889
:10A4F00033D06968A4F864608F7904F138068FB9A5
:10A50000D8F8D0063246202376F060DC23686968EC
:10A5100014338DE888003246D8F8D006202376F030
:10A5200069DB17E01023009323684FF4802714336E
:10A53000019308462022314604F10803029750F0A7
:10A5400049DE48B92168686814313A46D5F88C303C
:10A55000FDF7E2FE012000E0002004B0BDE8F0813C
:10A5600073B5002304460B99006801931646089DB5
:10A5700041F01CDB079B032B04D901A80699042298
:10A58000F6F334F50C3E032E1CD8DFE806F00A0F74
:10A590000204A36A08E0019B5A1E272A15D8A36269
:10A5A0000EE0E36AC3F340032B6009E00198E36A1D
:10A5B00018B923F00203E36209E043F00203E36207
:10A5C000002004E06FF0160001E06FF001007CBD98
:10A5D000F8B5876805464FF4E0700E46FBF3A6F524
:10A5E0000446002878D000214FF4E072F6F382F59B
:10A5F000266065600023F451686AA4F8AC3001213C
:10A6000000222023F1F324F3C4F8BC00002866D014
:10A61000686A012100222023F1F31AF3C4F8B8007C
:10A6200000285CD0686A012100222023F1F310F396
:10A63000C4F8CC00002852D0686A012100222023EF
:10A64000F1F306F3C4F8D000002848D0686A01216D
:10A6500000222023F1F3FCF2C4F8C00000283ED011
:10A660002869F5F379F3C4F8D400002837D02869B5
:10A67000F5F372F3C4F8D800002830D02869F5F358
:10A680006BF3C4F8DC0050B31323A4F866302B68D6
:10A69000174998683246002308F0DED82B68A06678
:10A6A000144998683246002308F0D6D82B68C4F8BD
:10A6B000B000114998683246002308F0CDD82B68C5
:10A6C000C4F8B4000D4998683246002308F0C4D895
:10A6D000C4F8E000002408E06FF01A0401E04FF035
:10A6E000FF34284631466DF0D5DC2046F8BD00BF6A
:10A6F00085D1870079D187000DD187005DDF870084
:10A70000F8B547680646CD590C46DDB1436B0BB131
:10A71000FFF714FCD5F89C1049B13368986808F02D
:10A7200017D83368D5F89C10986808F07DD8D4F80D
:10A73000243413B120464FF02FDA2846FBF302F5FC
:10A740000023E351F8BD00002DE9F041D0F8983026
:10A75000D0F89010013344688B4225688EB00246D1
:10A76000C0F8983009D1D0F894307BB1D2F89C1061
:10A770004FF47A72A8685A4304E007D2D2F89C10CA
:10A78000A868214A002307F0BDDF39E0D5F8D006DC
:10A79000214675F037DF237A002B31D0D4F8080139
:10A7A000F7F314F3074658BB227E04F1DC080EAE23
:10A7B00004F1190106A846F8242DF6F317F42146F2
:10A7C0004246284671F068D804F1E203019302235F
:10A7D00002460293214643462846CDF8008020F0E9
:10A7E000F5DC3946204639F0C9D92146284640F0E3
:10A7F00059DF28461A21324624230097F6F76EFACD
:10A800000EB0BDE8F08100BF80EE36002DE9F04FBC
:10A810000D68ADB004460121A86922AA2023D5F80D
:10A8200000B0F1F369F34FF0080AD4F8683194F8F6
:10A830006C11E21804F1E40682F8E31006F18C02D0
:10A840000C210DF16809019206F190003246CDF815
:10A850000090F9F343F2D4F8701140480591F6F3F3
:10A86000F5F422AA03464FF02008009206AF05999E
:10A870003A4A4846CDF804800297CDF80C80F9F3A7
:10A8800007F201213A464346D4F88801F1F30EF766
:10A8900058466EF017DAD4F88801A969F1F39CF2F2
:10A8A000002836DAD4F88431CDF808B000932C4B68
:10A8B000D4F8881101932869D4F89021D4F8803114
:10A8C000F5F3E8F228BB94F88C3113BB2869D4F86F
:10A8D0009011F5F3C7F4E0B1012384F88C314946B7
:10A8E000D4F8702106F1B000F6F380F3D4F89001AB
:10A8F0002AA92BAAF5F3BCF22A992B9AD4F8D400F2
:10A90000F5F350F3D4F8682128683146013A1BF07A
:10A9100069D894F86C310133DBB284F86C31AA6ADF
:10A92000934207D80AF1FF3A5FFA8AFABAF1000FA8
:10A930007FF47BAF0021502206A8F6F3DBF3002161
:10A9400020221AA8F6F3D6F394F86C01AB6A984269
:10A9500034BF002001202DB0BDE8F08F62E68900F1
:10A9600075EA87002DE9F04F4368CFB0CB58044615
:10A9700003F1080948468846F6F368F407460220C2
:10A98000F3F71CFE00234EA941F8043DBBB208F1C9
:10A99000190207930692079A8346019298F8183095
:10A9A0002046069ACDF80090FFF753FA18B94D9B50
:10A9B000002B40F00A81012100222023606AF1F37C
:10A9C00047F10121002220234290606AF1F340F117
:10A9D0000121002220234390606AF1F339F1012123
:10A9E000002220234490606AF1F332F10121002219
:10A9F00020234590606AF1F32BF1012100222023EE
:10AA00004690606AF1F324F101210022E369479046
:10AA1000606AF1F31DF10521024649902069F5F3C2
:10AA200085F3E36901210022606AF1F311F1042149
:10AA3000024648902069F5F379F32069F5F38CF12B
:10AA40004A902069F5F388F14B902069F5F384F181
:10AA500008AD002180224C902846F6F34BF33A468D
:10AA600028464946F6F3C2F2012100223023606AEB
:10AA7000F1F3EEF00121002230234090606AF1F3FF
:10AA8000E7F0002633460DF1E00A419098F81820CF
:10AA90000195022028AD069902970096CDF80CA0EA
:10AAA000CDF810B0F3F7B0FE302231462846F6F369
:10AAB00021F34748F6F3CAF3454B30270093019042
:10AAC000514602205A46334602950397F3F7BCFEDF
:10AAD00001213B462A464098F1F3E8F54098A269E7
:10AAE0000146F1F76BFB429B48990093439B499ABF
:10AAF00001934098A369F1F779FF4299439A4B98E3
:10AB0000F5F350F231463A462846F6F3F3F231486F
:10AB1000F6F39CF32F4B0190009351465A4633466F
:10AB2000022002950397F3F78FFE3B4601212A4648
:10AB30004198F1F3BBF54198A2690146F1F73EFB5C
:10AB4000449B48990093459B499A01934198A36976
:10AB5000F1F74CFF4499459A4C98F5F323F24C9940
:10AB60004A9A4B98F5F3A2F0079A98F81830019298
:10AB70004A99069A2046CDF80090FFF7EEF946A9CB
:10AB800047AA4A98F5F374F142A8F1F39FF143A85C
:10AB9000F1F39CF144A8F1F399F145A8F1F396F192
:10ABA00048A8F1F393F149A8F1F390F140A8F1F32B
:10ABB0008DF141A8F1F38AF14BA8F5F33BF14CA8D4
:10ABC000F5F338F14AA8F5F335F14FB0BDE8F08F51
:10ABD000B85B0100D25B0100C06A00F00100704761
:10ABE00021B18368CB5893F8BC0170470846704781
:10ABF0002DE9FF41476804460023D0F8008038461D
:10AC00000E46A2F168050393FFF7E6FF90B13846C0
:10AC10004146FFF7E5FF68B103AB009321462B46A1
:10AC2000386806F16002FFF747FA039D014610B944
:10AC30009DB100E03146A5F12003202B0DD8B4F8DA
:10AC4000AC309D4209D104F16C002A46F6F3BAF10A
:10AC5000002814BF0520002000E0052004B0BDE856
:10AC6000F08100002DE9F0419846B8B000233593FB
:10AC700036937F4B07460C4630AE03F1100E186832
:10AC80005968354603C5083373452E46F7D13D68EC
:10AC90000121202302F10806686A0022F0F3D8F7A8
:10ACA00035902869F5F358F0B8F1680F369015D94A
:10ACB0007B689B79002B00F0B9802846FFF78CFF5A
:10ACC00020B128462168FFF78BFF48B9A8F1680832
:10ACD0001FFA88F8A4F8AC80464401E040F0A88050
:10ACE000D4F8BC00012132462023F1F3DFF4D4F87C
:10ACF000BC00F1F3F9F2002840F09C80D4F8BC00CD
:10AD00006969F1F369F0002880F29480012106F16D
:10AD100020022023D4F8CC00F1F3C8F40121D4F8A8
:10AD2000D00006F140022023F1F3C0F4D4F8BC00B7
:10AD3000D4F8B810F1F350F070B9D4F8CC00D4F8CE
:10AD4000C410F1F349F038B9D4F8D000D4F8C810E1
:10AD5000F1F342F000286FD0D4F8D800D4F8CC102A
:10AD6000D4F8D020F5F31EF1002867D0D4F8BC1039
:10AD7000D4F8D400369AF5F393F13698D4F8D81075
:10AD80000246F4F393F73698D4F8C010024620AE8A
:10AD9000F5F386F1369834A90022F5F369F03246CE
:10ADA000202301213498F1F3A7F00021202228A8C4
:10ADB000F6F3A0F1202137AB324618AF019328A853
:10ADC0000B460097F8F38AF7D4F8B810D4F8BC20F3
:10ADD0006B693598F1F77DF92023324601213598CA
:10ADE000F1F38AF03146102204F10800F6F3FEF088
:10ADF00030A8F6F32BF2202540220346009603925A
:10AE000004AE294630AA384601950296F8F340F779
:10AE100004F1180031462A46F6F3E8F004F1380050
:10AE20000CA92A46F6F3E2F0002408E0FF2406E02D
:10AE3000042404E0032402E0012400E0022435A8F5
:10AE4000F1F344F036A8F4F3F5F70021202218A816
:10AE5000F6F350F10021502204A8F6F34BF120A89C
:10AE600000212022F6F346F1204638B0BDE8F081FB
:10AE7000FEE589002DE9F04F1D46836889B0EF5843
:10AE800043688046CB580E4607931846914639468C
:10AE9000129A139BFFF7E6FE0328044601D10090A7
:10AEA00005E0022801D0042816D1032300930123D2
:10AEB00001930293002303930493D6F8083130469C
:10AEC000B3F8623005F11401C3F3401305934A4609
:10AED0002B46F7F70BFB65E0012862D0002861D113
:10AEE000B7F8623040460133A7F86230FFF774FECE
:10AEF00040B140462946FFF773FE002814BF7E206C
:10AF0000002000E0204601234FF0000A4FF0030B21
:10AF10000193D6F80831CDF800B00290CDF80CA01E
:10AF2000CDF810A0B3F8623005F1140CC3F3401350
:10AF3000614605934A462B463046CDF818C0F7F7D0
:10AF4000D5FACDF800B0D6F808314FF0020BCDF8A5
:10AF500004B0CDF808A0CDF80CA0CDF810A0B3F83F
:10AF60006230DDF818C0C3F34013614605934A46CA
:10AF70002B463046F7F7BAFAD9F80030B96EC7F861
:10AF80005930B9F80430A7F85D30D8F80030986827
:10AF9000079BD3F88820534607F0B4DB87F858B0F6
:10AFA00000E0FF24204609B0BDE8F08F2DE9F04F06
:10AFB000D0F804A087B09AF8063005460C469346B0
:10AFC0000768D1F8009043B390F8A93013B1013B62
:10AFD00080F8A930D4F8B43138460093D4F8B831A9
:10AFE000514601935A464B46FFF744FF0646D4F8B4
:10AFF000B40168B10021D4F8B821F6F37BF0D4F89D
:10B00000B401FBF39FF00023C4F8B431C4F8B831A5
:10B01000002E14BF022000202DE03846FFF7DCFD93
:10B0200038B138464946FFF7DBFD002814BF7E20C3
:10B03000002003234FF001088DE80801002602904C
:10B0400003960496DAF8083109F11401B3F8623076
:10B050005A46C3F34013059350464B46F7F746FA5A
:10B060003B68A16E9868D5F88820334607F04ADB24
:10B0700084F85880304607B0BDE8F08F052B10B536
:10B0800003D1BDE81040FFF791BF43689B792BB116
:10B0900090F8A93013B1013B80F8A930022010BD0F
:10B0A0002DE9F0419846436805469B790C461646C3
:10B0B000069F8BB190F8A930013380F8A93038464B
:10B0C000FBF334F0C4F8B401002834D041463A46CA
:10B0D000F5F38CF7C4F8B8710023A4F86030A4F835
:10B0E0006230A4F864303368C4F85930B388A4F8E7
:10B0F0005D302868FFF770FD90B128682168FFF780
:10B100006FFD68B121462846FEF7EBFF2046FFF7AA
:10B1100090F8284621463246BDE8F041FFF746BF89
:10B12000204629466CF04EDD20B9042384F85830BF
:10B13000BDE8F0810220BDE8F0812DE9F04387B041
:10B1400015460F9A0646012A0C461F46DDF8388040
:10B15000D0F804C0D1F8009059D19B88072D8CBF3E
:10B16000FA88FF220BB17E2B59D100217E2B84F867
:10B17000BC1103D1012384F8BC3104E01BB963681E
:10B18000DB6A98074BD5132A16D0032101224D23E1
:10B190008DE80E00002303930493DCF80831604629
:10B1A000B3F8623009F11401C3F34013059342462A
:10B1B0004B46F7F79BF932E096F8A80007F1080133
:10B1C00096F8A99040B9012386F8A830B9F1000F8C
:10B1D00028D1682D0AD904E0B9F1000F12D1682DE9
:10B1E0000AD920462A466DF00FDAD8B90E953046B6
:10B1F000214642463B460DE0304621466DF042D89E
:10B2000048460FE0304621466DF03CD809E042B98F
:10B210000E95424607B0BDE8F043FFF741BF02205C
:10B2200000E0002007B0BDE8F0832DE9FF4105688C
:10B230000C46A3F10807D1F80080A4F8AC700021F7
:10B240002846039102F10806FFF7C6FCA0B1284684
:10B250004146FFF7C5FC78B103AB009332463B464D
:10B2600028682146FEF728FFBDF80C300646A4F8F2
:10B27000AC3018B913B90FE0A4F8AC70B4F8AC2036
:10B28000A2F120039BB2202B06D804F16C003146BA
:10B29000F5F3ACF6002001E04FF0FF3004B0BDE85C
:10B2A000F0812DE9F04F90E8C00089B00792139A21
:10B2B0008046012A0C469A46DDF848B00D6840F0F9
:10B2C000AC803368896E986807F042DA04F16C0349
:10B2D0000021402218460693F5F30CF70021A4F84C
:10B2E000AC100799BAF8042007298CBFBAF80610E9
:10B2F000FF214C2A069B3CD14FF0000918464946D5
:10B300004022A4F86090F5F3F5F6A4F8AC9040461E
:10B3100021465246079BFFF788FF3046FFF75CFC4B
:10B3200078B130462946FFF75BFC50B10322012378
:10B330004FF07E0C8DE80C10CDF80C90CDF81090ED
:10B3400008E003234FF0010E8DE80840002302932C
:10B3500003930493D7F808313846B3F8623005F107
:10B360001401C3F3401305935A462B46F7F7BEF872
:10B3700049E04D2A04D1B4F866308B4218D042E03F
:10B380000AB17E2A3FD113290ED1079A3046019285
:10B3900039465A462B46CDF800A06CF0D5DF002880
:10B3A00014BF0220002076E0B4F86030052B01D9EC
:10B3B00000233BE0032201234FF04D098DE80C02EE
:10B3C0004FF00009CDF80C90CDF81090D7F8083167
:10B3D00005F11401B3F862305A46C3F340130593E4
:10B3E00038462B46F7F782F8B4F86030A16E013387
:10B3F000A4F860303368D8F8882098684B4607F086
:10B4000081D9484647E03368A16E9868D8F888200B
:10B41000002307F077D900203DE0931E012B4FF069
:10B42000000337D8B1F86010052903D984F85830E3
:10B43000022030E0032A09D132680131A4F86010FB
:10B440009068A16ED8F8882007F05CD93046FFF7E5
:10B45000C3FB38B130462946FFF7C2FB002814BFB2
:10B460007E200020032301248DE818000024029090
:10B4700003940494D7F808313846B3F8623005F1E4
:10B480001401C3F3401305935A462B46F7F72EF8E1
:10B49000204600E0184609B0BDE8F08F2DE9F347DB
:10B4A0000B6882685B680646D3F808A0D3F804905E
:10B4B000B3F810801B680D46032B5AF80240DAF8E7
:10B4C00010701DD1FFF788FBD0B130465146FFF711
:10B4D00087FBA8B1B4F8AC3093B1B9F1010F0FD12B
:10B4E000B8F14C0F01D0BA7952B9AA69FF20009285
:10B4F0005D2104F16C02DBB2F1F70EFD002001E0EA
:10B500006FF01600BDE8FC872DE9F8430B688268F0
:10B510005B680446D3F808905F681E8A1B6859F878
:10B520000280032BD9F8105013D1FFF755FBA0B1BF
:10B5300020464946FFF754FB78B1B8F8AC0060B13B
:10B54000012F06D14C2E01D0AB792BB90330BDE8C9
:10B55000F8830020BDE8F8830020BDE8F8832DE9DA
:10B56000F04F0B6882685B68B9B0D3F808805E68FA
:10B570001F8A1B688146032B58F80240D8F810A098
:10B580008D69D1F81CB040F09F80012E48D137B1B1
:10B59000A7F14C039BB2012B01D97E2F0FD1B4F838
:10B5A000663038A9284621F8043D0222F5F31EF53D
:10B5B00002350FB17E2F02D19AF806300BB14C2F15
:10B5C00013D14846FFF708FB20B148464146FFF734
:10B5D00007FB50B9B4F8AC203AB1284604F16C012D
:10B5E000F5F304F5B4F8AC30ED180FB17E2F6ED141
:10B5F00001212A462023D4F8B800F0F37DF401217C
:10B6000005F120022023D4F8C400F0F375F4D4F837
:10B61000C800012105F140022023F0F36DF456E04B
:10B62000022E54D1B4F8623038A921F8023D2846E0
:10B630003246F5F3DBF4BDF8DE3038AF27F8C83D0D
:10B6400001210DF11A022023D4F8B800F0F354F4CC
:10B6500001210DF13A022023D4F8C400F0F34CF498
:10B6600001210DF15A022023D4F8C800F0F344F46C
:10B6700001210DF17A022023D4F8BC00F0F33CF450
:10B6800001210DF19A022023D4F8CC00F0F334F418
:10B6900001210DF1BA022023D4F8D000F0F32CF4EC
:10B6A0004FF00008C22302930235304604F118011E
:10B6B00020224346CDF8008001970395CDF810B0C5
:10B6C000F3F7A2F8404603E06FF0160000E0002018
:10B6D00039B0BDE8F08FF8B50B6804465A68836846
:10B6E00096685168F558138A12683769032A2DD174
:10B6F000012926D10BB17E2B12D1BB796BB9204623
:10B70000FFF76AFA20B120463146FFF769FA20B9FF
:10B71000B5F8AC0008B1023000E002206030F8BD9E
:10B720004D2B15D04C2B11D1FFF756FA20B12046E6
:10B730003146FFF755FA58B9B5F8AC0050B10230B0
:10B74000F8BD02290CBF22200020F8BD0020F8BD62
:10B750000220F8BD0220F8BD19B18368CB5883F8E8
:10B76000BC21704770B50C680D460646102208468D
:10B770000021F5F3BFF42C6020460021F268F5F3B8
:10B78000B9F404F52473C4F8EC3004F52C73256087
:10B79000C4F8243170BD2DE9F0470D4698462B685A
:10B7A000BDF82060099C0768896B95F82CC073B1BF
:10B7B00093F8009093F801A049EA0A29A5F81C9093
:10B7C00093F81690DB7D49EA0323A5F87E303B68A9
:10B7D000B5F81C9093F8D130002B5AD197F9273542
:10B7E000B3F1FF3F03D190F8A43313B151E0012B23
:10B7F0004FD0C9F38027B5F87E9019F00F0901D119
:10B8000027B987E027B94FF0010904E0012702E0DA
:10B810004FF000094F460123002204F5227004F581
:10B82000237176F017DAD4F88832984505D1D4F828
:10B830008C32F31A18BF012300E001233FB933B162
:10B84000C4F88872C4F88C72A4F886725CE0B9F10E
:10B85000000F08D00020C4F88802C4F88C02A4F8B5
:10B860008602BDE8F087B5F87E50C4F88882C4F837
:10B870008C62A4F886524846BDE8F08706D18F88CE
:10B88000B74294BF0027012700E00127F8B2BDE8C6
:10B89000F087BCF1000F13D04B6B03EBC20153F8E0
:10B8A0003230984506D307D18888B04294BF00262D
:10B8B000012602E0012600E00026F0B2BDE8F08794
:10B8C000D1F8E03052019A18136998451CD302D17F
:10B8D000938AB3421BD89369984506D307D1908BBE
:10B8E000B04234BF0020012002E0012000E000202F
:10B8F00070B106F07F06F308D05C06F00706304111
:10B9000000F00100BDE8F0870120BDE8F0870120CC
:10B91000BDE8F0874B6B03EBC20153F8323098451A
:10B92000ACD2B2E72DE9F04F1C4693F860B05F68E7
:10B93000D368ADF5117D064605919146156933B181
:10B940001B7A0B2B03D13B7803F0010301E0FB785A
:10B950009B09E36394F82C304946009330462A460D
:10B96000E36B4FF023DB0146A06320B12A6D40F268
:10B97000371313402BB9304621464A4671F002DA9C
:10B98000E2E090F90E2090F90F30D318A2689A42A5
:10B99000C0F0DA80A269138A13F0080F0DD0007A84
:10B9A0000B280AD196F8DC0538B18879032804D829
:10B9B00023F008031B041B0C13820B7A042B59D0B1
:10B9C0000B2B00F0AE80022B40F0C080BB7897F8C4
:10B9D00000A097F8068043EA0A2A7B794FEA0848D4
:10B9E00048EA03283B7948EA0308FB79A76E48EA4E
:10B9F000036817F0010740F0AC80284621465A46FC
:10BA00004346CDF800A0CDF80490FFF7C4FE00280F
:10BA100000F09F80AB79002B40F067823368D3F849
:10BA20008830D3F8DC210132C3F8DC2194F82C20D3
:10BA300022B1D3F8B4220132C3F8B422D3F8E821FA
:10BA40000132C3F8E821D5F8183193F834301BB12E
:10BA50002846002165F0E0DB94F82C70002F00F000
:10BA600044823368D3F88830D3F8C0220132C3F857
:10BA7000C02269E03B7897F801A097F8068043EA76
:10BA80000A2AFB794FEA084848EA03683B7948EA02
:10BA900003087B7948EA03282B7C13B9EB6DDB079D
:10BAA00057D4A76E17F0010753D1284621465A46AE
:10BAB0004346CDF800A0CDF80490FFF76CFE0028B7
:10BAC00047D0AB79002B40F010823368D3F8883030
:10BAD000D3F8DC210132C3F8DC2194F82C2022B108
:10BAE000D3F8B4220132C3F8B422D3F8F0210132E2
:10BAF000C3F8F021D5F8183193F834301BB128463B
:10BB0000002165F089DB94F82C70002F00F0ED81A6
:10BB10003368D3F88830D3F8C8220132C3F8C8227A
:10BB200012E00237C83110223846F5F383F50028B9
:10BB30000CDA8D4839461022F5F3ECF6A16B8B48F0
:10BB4000C8311022F5F3E6F60027CEE14FF00008E9
:10BB5000C24696F8B03293B92B6D1F070FD4A06B75
:10BB6000037A022B02D1F6F331F140B963699B6984
:10BB7000980004D4A3691B8A190700F1FB8063694C
:10BB80009B695A06E0D4A3691A8A42F008021A8215
:10BB9000A16B0B7A013B0A2B00F2CE80DFE813F099
:10BBA00035000B0035006C00CC00CC00CC00CC0084
:10BBB000CC00CC00AE000846F6F308F108B12B7CAF
:10BBC0004BB1A36BD3F88820904504D80FD093F8DD
:10BBD0008C205A450BD0A16B226804F140073846EF
:10BBE00014310A32434601F0C3D9E76501E06433FA
:10BBF000E365A16B04F14A0738461431E26D534600
:10BC000001F080DA3846102110E06168032284A830
:10BC1000F5F3ECF1A36B84A803F114011A69033066
:10BC2000F5F3E4F1A36B84A81969033107AAFBF3C8
:10BC30008DF1A36B606893F90E30A168C018C91A22
:10BC400007AAFBF3A5F1A36B606893F90E30A16816
:10BC5000C018C91A4FF0FF32F6F3F4F0444BA26952
:10BC60009842138A04D123F010031B041B0C01E03B
:10BC700043F0100313827DE06368DF7817F020073C
:10BC80001FD00A6948A81431D200FBF303F6002341
:10BC900021686269484670F0A5DC0027A36B01901B
:10BCA0000097196948A82368E268EEF3C7F3831C7C
:10BCB00005D1A3691A8A42F010021A825AE00130B3
:10BCC00058D13368D3F88830D3F8DC210132C3F877
:10BCD000DC21D3F8F4210132C3F8F42194F82C20AC
:10BCE000002A00F0FF80D3F8B4220132C3F8B42256
:10BCF000D3F8CC220132C3F8CC22F6E001F11400D3
:10BD0000E2682431236800F0F9DF00287FF41CAFDB
:10BD1000A26BD2F8D8300133C2F8D83033F07C436C
:10BD200028D1F2220192D6F89401294609F1140291
:10BD3000009376F05DDE1DE0AF79002F7FF404AF55
:10BD40003368D3F88830D3F8DC210132C3F8DC2122
:10BD500094F82C20002A00F0C580D3F8B4220132D8
:10BD6000C3F8B422C1E000BFA2ED8900A8ED8900AC
:10BD7000E320BBDEA36B616893F90E208A18626032
:10BD800093F90E1093F90F208A18A1688A1AA260FD
:10BD900093F90E1093F90F208A1821698A1A2261EB
:10BDA000A269128A02F01802182A64D1AB79002B1A
:10BDB0007FF4CAAE95F94420009301930293304674
:10BDC0003123D5F8081170F0A7DA3368D3F888303A
:10BDD000D3F8DC210132C3F8DC21D3F8EC210132A5
:10BDE000C3F8EC21D3F8F4210132C3F8F42194F81C
:10BDF0002C2072B1D3F8B4220132C3F8B422D3F8A4
:10BE0000C4220132C3F8C422D3F8CC220132C3F8D1
:10BE1000CC22A26B127A022A05D0032A12D0012A60
:10BE20007FF492AE0EE0D3F808220132C3F8082264
:10BE300094F82C70002F58D0D3F8E0220132C3F8C8
:10BE4000E02281E6D3F800220132C3F80022D3F8C1
:10BE5000FC210132C3F8FC2194F82C70002F44D04F
:10BE6000D3F8D8220132C3F8D822D3F8D422013231
:10BE7000C3F8D42268E661698A89E26094F82D20CB
:10BE80009AB993F90F20059892B2FAF329F16369F0
:10BE9000DA89900402D5B3F850308BB9A36BE2680D
:10BEA00093F90F30D31AE3600AE00598F6F3F4F043
:10BEB000A36B014693F90F20059892B2FAF310F1A3
:10BEC000A36BC4F86480A4F862A01B7A042B01D091
:10BED000022B09D1A36ED90706D43046214670F053
:10BEE0009DDF01E0174600E0012738460DF5117D82
:10BEF000BDE8F08F2DE9F341099F00230D99044619
:10BF00009046089E0A9D009301933FF04FDE032F59
:10BF10000BD9042268463146F5F368F0072F04D99F
:10BF200001A8311D0422F5F361F0A8F14C08B8F125
:10BF3000050F2AD8DFE808F00A03160F231BD4F8F0
:10BF40008434BDF80020A3F8922016E0D4F884349D
:10BF5000B3F8923017E0D4F88434BDF80020A3F889
:10BF600096200AE0D4F88434B3F896300BE0D4F885
:10BF70008434BDF80020A3F89E20002007E0D4F808
:10BF80008434B3F89E302B60F7E76FF01600BDE8FD
:10BF9000FC81D0F884242DE9F843B2F8928004465D
:10BFA0004145D4BF00200120B2F84A50B2F8969023
:10BFB000B2F89460B2F898C010B1C8EB010701E084
:10BFC000C1EB0807B2F89030BFB2002B75D0BCF1BE
:10BFD000010FADB2334607D1002851D02BB203FB7D
:10BFE00008F393FBF1F346E0BCF1020F2BD131B221
:10BFF000B8B10FFA89F3994203D10423A2F898301B
:10C0000062E0132F02D9A6F1140339E0092F02D9F7
:10C01000A6F10A0334E0042F01D9731F30E0B31EE8
:10C020002EE00FFA85F841451DD0132F02D906F1F5
:10C03000140325E0092F02D906F10A0320E0052F99
:10C040001CD9731D1CE0BCF1040F39D133B238B1D7
:10C050000FFA89F18B4237D0052F38D9731F0AE0C8
:10C0600029B28B4204D10123A2F89830BDE8F883AD
:10C07000052F2DD9731D4FF0020C01E04FF0040C79
:10C080001BB229B28B4204DC0FFA89F5AB42A8BF80
:10C090001D462368A2F89450A2F898C02DB22946F4
:10C0A000012220461B7E72F0B1DC2368204629461F
:10C0B00000221B7E72F0AADC06E01846BDE8F88379
:10C0C0004FF0FF30BDE8F8830020BDE8F883002082
:10C0D000BDE8F883D0F8843413B5B3F89020044653
:10C0E0006AB1036A0DF1060118695BF0BFD980B12E
:10C0F0002046BDF906100122FFF74BFF09E064213D
:10C10000012372F083DC012220466421134672F081
:10C110007DDC1CBD08B5036AD3F8D80079B143783B
:10C120004A789A4208D102300231F4F34BF7D0F149
:10C13000010038BF002000E00020C0B208BD084662
:10C1400008BD2DE9FF4799464369D0F82080824613
:10C150001B680446174602695AF8180B0E464146FA
:10C16000D55801F055FA2169206852466FF096DCE7
:10C170000123C8F800302B680146023B012B03D88D
:10C180002369DB6DC8F8D0300C9B206802934246CF
:10C1900033468DE8800201F058FA48B12B68022B33
:10C1A00005D1636AD888003018BF012000E0012063
:10C1B00004B0BDE8F0872DE9F04FC368044600F1F4
:10C1C000180799B01646056A8A46006821693A46FA
:10C1D00003936FF063DC013E0290062E00F238817B
:10C1E000DFE816F007003601BC003601DB0036013F
:10C1F000FF00EE68002E00F02C81D5F8D03013F44B
:10C20000804B0CD023682169D3F8D4060368CB583F
:10C210001B781BB14AF04ADB834600E09B4663680B
:10C2200093F86231A3B1D5F8D000F0F78BFE88B156
:10C230002368D3F86008FEF7CFFC58B12368029951
:10C24000D3F86008FEF7CCFC20B1B5F8DC8002E042
:10C25000984600E08046B5F806C02068DC44C44437
:10C260001FFA8CFC0CF1710321693A469BB2CDF8A0
:10C2700004C077F07BD9DDF804C00646002800F042
:10C28000E8800CF15F0CD0F808901FFA8CFC4FEAA4
:10C290001C2343EA0C2C09F11207A9F810C0002155
:10C2A0005F223846F4F326F74AF484731A0A89F8B1
:10C2B000132089F814302B8B05F13C011A0A89F8F8
:10C2C000152089F81630202209F11F00F4F38EF6AC
:10C2D000EA8809F171009344D8441FFA88F84FEABC
:10C2E000182343EA0828A9F86F80E968F4F37EF67A
:10C2F000636893F86231F3B1D5F8D000F0F722FE0D
:10C30000C8B12368D3F86008FEF766FC98B12368CB
:10C310000299D3F86008FEF763FC60B1EB68002B6C
:10C3200000F09B80E888D5F8E01038185F30B5F849
:10C33000DC20F4F35BF6D5F8D030580440F18D8062
:10C3400023682169D3F8D4060368CB581B78002BE7
:10C3500000F083803A464AF0FFD97EE020682169E8
:10C360003A46712377F002D90646002871D0D0F8FA
:10C3700008905F22002109F1120789F8112089F83D
:10C3800010103846F4F3B6F64AF480731A0A89F8A6
:10C39000132089F814302B8B1DE0206821693A4660
:10C3A000712377F0E3D80646002852D0D0F80890E1
:10C3B0005F22002109F1120789F8112089F8101075
:10C3C0003846F4F397F64AF440731A0A89F81320B2
:10C3D00089F81430EB8A1A0A89F8152089F8163082
:10C3E0003BE0206821693A46712377F0BFD80646C2
:10C3F00078B3D0F8089000215F2209F1120789F87C
:10C40000101089F811203846F4F374F64FEA1A2315
:10C4100089F8133089F814A01FE0D5F8D000F7F39D
:10C420007DF10146484605F18C0204ABF7F386F135
:10C43000044630B9314603982246F9F3A7F626465A
:10C4400007E007F14D0004A91022F4F3CFF500E056
:10C450000026304619B0BDE8F08F032389F80F306D
:10C46000D5F8D000F6F354F505F15C0400280CBFB4
:10C47000FE2302233846082200F8053B2146F4F348
:10C48000B5F508212046F7F34FF11AF00301C9D1A1
:10C49000C3E72DE9F04F91F813800B7D8BB043EA91
:10C4A000082818F0030904460E4606924769056AF3
:10C4B000CDF8208005D1D5F8D000F7F32FF18446D0
:10C4C00000E0CC4605F15C0A06F1170B01200823B9
:10C4D00059465246CDF810C0F6F302F68245DDF813
:10C4E00010C000F0F78318F48071079110D0338AE0
:10C4F0001A0A42EA03239BB25C2B40F2EB833046DC
:10C50000614605F18C02F6F3E5F7002800F0E283BE
:10C51000338A1A0A42EA03239BB25E2B40F2DA8383
:10C5200096F86F1096F8702042EA01225F3293422B
:10C53000C0F0D08306F112020992594608225046F3
:10C54000F4F354F505F1640059460822F4F34EF56E
:10C55000D5F8D000F6F3DCF4002868D018F4805F3A
:10C5600065D096F86F2096F8703043EA0223B3F551
:10C57000807F0BDD38462169012274F065DC20697B
:10C5800004F11801012277F089D9E7E24FF48070B5
:10C59000F9F3C6F5824630B938462169012274F0B4
:10C5A00053DCD14698E32020F9F3BAF5834630B93D
:10C5B0005046F9F3C7F538462169012208E34FF4E4
:10C5C0008170F9F3ADF5059068B95046F9F3BAF505
:10C5D0005846F9F3B7F538462169012274F034DC86
:10C5E000DDF8149078E3B9F1000F04D1D5F8D0004C
:10C5F000F7F394F08146059B494605F19C020293AE
:10C60000099800238DE8000CF6F394F78146504614
:10C61000F9F398F55846F9F395F50598F9F392F57D
:10C62000B9F1000F03D138462169012220E396F8C1
:10C6300015A0B37DD5F8D00043EA0A2AF6F38AF4B0
:10C6400010B918F0080326D0BAF10D0F0BD003D89B
:10C65000BAF1050F15D10DE0BAF1100F17D0BAF1EC
:10C66000200F0ED111E018F0080F13D038462169C1
:10C67000022271E218F0080F0FD038462169032218
:10C680006AE238462169042266E2022106E00422B9
:10C69000059204E00323059301E00121059118F0C0
:10C6A000080900F026822B8A059A934203D0384667
:10C6B0002169052250E2079B002B40F0C78003232D
:10C6C0002B60D5F8D0305A0606D4626892F8622101
:10C6D000002A37D0580335D513F4804932D196F863
:10C6E0006F1096F87030042206F1710043EA0121C0
:10C6F000F6F3F8F70246002833D04378132B03D81B
:10C70000384621690422B3E2636A21694833009301
:10C710004FF020092046063201F1DC03CDF80490E9
:10C7200073F054D88246E0B9636AA3F8069094F88F
:10C730000834B3B1A068D4F8041406F009D884F81A
:10C7400008A40EE019060CD5616AB1F8E42042B1E4
:10C7500001F14800C431F4F349F4636AB3F8E4101A
:10C76000D980636ADB882BB920463146069A72F07D
:10C77000DFDFAFE205F11C0906F11F012022484668
:10C7800005F13C06F4F332F420222068314619F01A
:10C7900029D9D5F8D0305A040AD522682169D2F8AF
:10C7A000D40602688A58127812B149F0FFDF3BE0E4
:10C7B00021690A6D100508D413F4922F05D1D1F820
:10C7C000083193F883309A0612D5636A04F1180091
:10C7D00003F148020092DB88E231019305F18C03FA
:10C7E0000293AB8A4A4603933346F6F30DF41BE0FB
:10C7F00004F1180A5046E2310622F4F3E3F300286C
:10C8000000F06882636A216903F148020092DB88C4
:10C810005046019305F18C030293AB8AE2310393F6
:10C820004A463346F6F3F0F540F63B623846216956
:10C8300008EA0202012374F04BDB08B1042356E13D
:10C84000384621690D2274F0FFDA43E2069A4AB9AC
:10C8500097F81690B9F1000F0CBF4FF400794FF024
:10C86000000901E04FF00009D5F8D000F6F350F3CD
:10C8700041F2C833002808BF4FF4E47303EA08020A
:10C8800018BF4FF000099A4240F0248219EA080FBD
:10C8900040F020822B68033B042B00F21B822946C8
:10C8A000052341F81C3B06F11F002022F4F38AF314
:10C8B000002840F00F8296F86FA096F87030D5F8F7
:10C8C000D00043EA0A2AF6F323F300283FD006F10A
:10C8D000710B584651463022F5F306F08146C8B137
:10C8E000D5F8D03042785B0440F1FA8123682169A1
:10C8F000D3F8D4361B68CB581B78002B00F0F0819E
:10C90000123A92B2ECE1A86809F102010230F4F3A4
:10C9100059F318B138462169072215E00AEB0B01DB
:10C9200099F80120C9EB010189B2901C81421CDDFC
:10C930006FF001039B1A4844C9183022F4F3D4F76E
:10C9400098B121693846062274F07EDA09E0AB8896
:10C95000534506D1A86806F171015246F4F332F34B
:10C9600018B1206904F1180142E0D5F8D000F6F3BF
:10C97000CFF278B106F171005146F6F3A7F648B947
:10C9800038462169092274F05FDA206904F1180140
:10C9900001222EE02068036893F8623163B304F14A
:10C9A000180921694A466FF079D88346D5F8D00036
:10C9B000F0F7C8FA00B32368D3F86008FEF70CF963
:10C9C000D0B1BBF1000F17D023685946D3F86008E7
:10C9D000FEF706F980B1514606F17100F422F4F336
:10C9E00083F701462046FFF795FB28B920694946A1
:10C9F000112276F053DF6DE140F20B2238462169B7
:10CA000008EA0202032374F063DA814628B10623A0
:10CA100018F040092B6004D116E0384621690D2238
:10CA200026E12A8A04F1180B2B8B20688DE8040874
:10CA3000216905F1AC0276F0D1DED5F8D000F6F32D
:10CA400067F2002834D003E03846216908220FE15C
:10CA5000514606F17100F6F339F642788046063AFF
:10CA600092B2EA82837905F16C0903F0030385F839
:10CA7000CC3008F108014846F4F3B8F295F8CC2020
:10CA80000599EB8A009206F14F020191029298F803
:10CA90000620216902F00402039220684A4676F0DB
:10CAA00021DE23682169D3F87C06324654F0ECDE9F
:10CAB000D5F8D000F6F32CF2C0B108232B6038462D
:10CAC0002169002274F0C0D923695A46DB682068C6
:10CAD000009379210623F4F701F923682269D3F83A
:10CAE000D4361B68D35800221A70F3E006232B605B
:10CAF000F0E02B68052B40F2ED80236A05995A8AF5
:10CB00008A4208D0D3F8D000F6F324F218B13846A0
:10CB100021690A22ACE008F46073B3F5607F40F04D
:10CB2000D98007232B60D5F8D000F6F3F1F18146C8
:10CB3000002841D018F4805F0BD096F86F1096F85B
:10CB4000703006F1710043EA0121F6F3BFF581462A
:10CB500038B9216938460B2274F076D94FF00009B4
:10CB6000BAE0427805F16C0A063A92B2EA82837919
:10CB700009F1080103F0030385F8CC305046F4F3C3
:10CB800035F295F8CC20EB8A00926A8A21690192ED
:10CB900006F14F02029299F80620206802F0040282
:10CBA0000392524676F09EDD23682169D3F87C0615
:10CBB000324654F069DE70E0BAF1200F55D84FF4D8
:10CBC0008070F9F3ADF2834630B9216938460C2202
:10CBD00074F03AD9D9467FE02020F9F3A1F206900B
:10CBE00050B95846F9F3AEF2384621690C2274F078
:10CBF0002BD9DDF818906FE04FF48170F9F390F2C3
:10CC0000844680B95846CDF810C0F9F39BF20698D7
:10CC1000F9F398F2384621690C2274F015D9DDF841
:10CC200010C0E14658E0069B05F16C0207924146B0
:10CC300005F19C0201930290079B0998CDF810C062
:10CC4000CDF800B0F6F370F481465846F9F37AF265
:10CC50000698F9F377F2DDF810C06046F9F372F246
:10CC6000A5F816A0B9F1000F05D1216938460C22AC
:10CC700074F0EAD830E0089A08F030031B110599E7
:10CC8000009302F0400301914F360393206821691D
:10CC9000079A5346029676F025DD3846216908F05A
:10CCA0000B02052374F014D928B108232B603846F1
:10CCB0002169002202E0216938460D2274F0C4D8AF
:10CCC00023692068DB687921009304F118020623A8
:10CCD000F4F704F84FF0010948460BB0BDE8F08FB7
:10CCE000A988931C99427FF415AE0CE62DE9FF4705
:10CCF00090E810028E7905460F46002E63D140F26F
:10CD00001440F9F30DF2804600285FD038513146C7
:10CD100040F21442F4F3EEF1AB8AD9F8D02608EBD6
:10CD2000030448F803902B694FF0010AE360EB68B5
:10CD30006261A360AB6827616360E420C8F80060AB
:10CD400088F804A0C4F8FC63F9F3EAF12062002833
:10CD500041D03146E422F4F3CDF1E820F9F3E0F1DB
:10CD60006062002837D03146E822F4F3C3F1D4F8EA
:10CD70002480E868C8F8009019492246334605F037
:10CD80006BDDC8F86800002825D0E8681549224600
:10CD9000334605F061DD6063E8B1E8681249224678
:10CDA000334605F059DDC4F80404A0B1236A286AAB
:10CDB0000193636A6946009702938DF80CA0F3F320
:10CDC00013F4304604E06FF0060001E04FF0FF304E
:10CDD00004B0BDE8F0872846394672F099DBF5E7E4
:10CDE000E1578800E9588800C958880038B51D46C1
:10CDF00090B10368848ACB5873B11C19114604F1B1
:10CE000030001022F4F3F2F004F140002946202211
:10CE1000BDE83840F4F3EAB038BDD0F88404F0B58A
:10CE200003F15605A83300EB430300EB8505B3F986
:10CE30000A60AF6890F8E940BE1B7618AE602641E4
:10CE40005E81B0F95E31D0F86811CB1A9B18C0F83A
:10CE500068312341A0F85E31F0BD10B50A7AD0F8F0
:10CE600084342AB390F82922D1F808012AB190F825
:10CE70006000904228BF024601E090F86020D1F89F
:10CE80001801047864B1007AD1F8081118B1C98D7D
:10CE90004A43002101E0CA8D012183F8291105E0F0
:10CEA000012283F82921D1F80821D28D0A3203E02A
:10CEB00083F829214FF49B72C3F8242110BD2DE97A
:10CEC000F04F8BB0D0F884449A469DF85C30904681
:10CED00008939DF85420B4F8C63007920393189A2B
:10CEE00094F8E9300F4609920593B4F8F020D4F88D
:10CEF000D81094F81C3106469DF950B09DF8585052
:10CF000004920691002B00F0AB81036893F869311D
:10CF100023B13BF04DDA002800F0A281336893F88A
:10CF200064312BB194F86D3113B1002384F86D3165
:10CF300094F828313BB1B068D4F8301105F008DC22
:10CF4000002384F828318E2130693CF069DA4300EF
:10CF50004E334FF6FE71194030693CF061DA94F8B7
:10CF600058318146FF2B08D094F8E830012212FA9C
:10CF700003F300EA03091FFA89F994F8AF30AB42D2
:10CF800013D0002305F1320204EB8202E91A936008
:10CF90004A4242EB0102323204EB820284F8AF5083
:10CFA000C4F8CC30C4F8C8309360BAF1000F00F078
:10CFB0005781079AC2B9022F40F35281C7EB0A0189
:10CFC000B4F9F22009B204EB45039142A8BF0A4626
:10CFD000A3F8EA20D6F884345B79012B2AD9C8EB70
:10CFE0000B03A4F8EE3025E0049F04EB45023BB2AE
:10CFF000B2F9EA70C7EB0A07FF1A022F03DD1C2FF4
:10D00000A8BF1C2700E00327D6F884245279012A00
:10D0100010D9B4F9EE80C8EB0B08C3EB0808B8F1DF
:10D02000020F05DDB8F11C0FA8BF4FF01C0801E08E
:10D030004FF00308D6F868329B792BB9089A1AB1D9
:10D0400030460999FFF709FF05F1320204EB82022D
:10D050009368304601339360C4F8CC30D4F838314B
:10D0600051460133C4F8383105F14E0304EB830314
:10D070005A6801325A605A462B46FFF7CEFED4F862
:10D08000E030D4F8E420934203D9039B1BB204930D
:10D0900007E0D4F8DC00013301210690C4F8E03049
:10D0A00004910598012212FA00F3D4F8CC109942A9
:10D0B0002DD3D5F1010B38BF4FF0000B0BF1A80CAD
:10D0C00004EB4C0C04EB4500B0F85A01BCF80AC064
:10D0D000C0EB0C0C0FFA8CFC94F86C018CEAEC7A27
:10D0E000AAEBEC7A8245ACBF002101218445039173
:10D0F0000EDB94F8E8000BFA00F1894509D005F140
:10D100003C0104EB810148688018486001E003920B
:10D11000002205F1540B05F12C0004EB800004EB18
:10D120004B01B1F90AC0D0F808A0CCEB0A0C674457
:10D130008760059807414F81D4F8C000B4F9B61054
:10D14000059F411A4144C4F8C0103941A4F8B610F3
:10D1500004EB8501D1F8D010B4F9C400994204EB76
:10D160004B01B1F90A1028BF84F8B150884244DB62
:10D17000D4F8CC00069FB8420CD9D5F1010194F83F
:10D18000E82038BF002111FA02F291452FD005F1B5
:10D190003C0225E0039F4FB394F844713DB1B4F9CC
:10D1A000B2C07FB2C1EB0C0107EBC10106E0B4F9DC
:10D1B000B4C07FB2C1EB0C01C900C91B049FB1EB25
:10D1C000C70F13DB984211D3D5F1010194F8E82081
:10D1D00038BF002111FA02F2914508D005F13E0254
:10D1E00004EB820251680131516000E02AB1012054
:10D1F000002D14BF0321022106E0002D0CBF28469C
:10D20000002014BF0221032194F8AF2084F84921A3
:10D2100094F81D215AB1D6F8682292793AB938B1FA
:10D2200030690B46009201923DF0C6D804E018B96F
:10D23000D4F8CC209A4213D294F81D3183B1D6F899
:10D2400068329B7963B9012284F82821B068D4F848
:10D250003011D4F824210BB0BDE8F04F05F0529AFC
:10D260000BB0BDE8F08F2DE9FF41D0F8845406469D
:10D2700095F81C310C4695F8E970002B00F0818080
:10D28000036993F80A31002B7BD0036893F8693166
:10D2900053B13BF08DD8034630B9B068D5F834119E
:10D2A000142205F02FDA6CE0336893F8643133B15F
:10D2B00095F86D311BB1002385F86D3161E0D6F82A
:10D2C0003C33022B0AD0D5F8E020D5F8E4309A425E
:10D2D00094BF4FF000084FF0010801E04FF0000844
:10D2E00095F81D31002B4CD0D6F868329B79002B75
:10D2F00047D1336A0DF10F0118695AF00BDD9DF823
:10D300000F3085F8AF30002B14BF03210221B8F194
:10D31000000F25D003F1020E05EB8E0E05EB430244
:10D32000DEF8B0C0B2F9B200C0EB0C00CEF8B0002D
:10D33000384103F12C0EA2F8B20003F1540205EBC0
:10D340008E0E05EB4202B2F9B200DEF8B0C0C0EBBF
:10D350000C00783850FA07F7CEF8B000A2F8B27097
:10D3600085F84931002201238DE80C0030690B4615
:10D370003DF022D89DF80F3054F82320013244F8B4
:10D380002320BDE8FF8110B5D0F8844494F81C3107
:10D3900023B104F58671FFF766FF002384F8283176
:10D3A00010BD70B5D0F88444054694F81C3103B321
:10D3B000D4F8CC20D4F8C8309A4203D104F58A714D
:10D3C000FFF751FFD4F8CC30C4F8C83094F81D31C1
:10D3D0007BB1D5F868329B795BB994F8292142B1C9
:10D3E000A868D4F834114FF4FA72BDE8704005F023
:10D3F000899970BD38B5D0F884440546D4F8341105
:10D40000806805F0A5D9D4F8CC20D4F8C8309A4269
:10D4100004D1284604F58A71FFF725FFD4F8CC30F3
:10D42000C4F8C83038BDD0F8843400224FF6A27159
:10D43000C3F8B820C3F8BC20C3F8C020A3F8B220BA
:10D44000A3F8B420A3F8B620C3F86021C3F8642180
:10D45000C3F86821A3F85A21A3F85C21A3F85E2140
:10D46000A3F8EA10A3F8EC10A3F8EE10C3F8CC2050
:10D47000C3F8D020C3F8D420C3F83821C3F83C2126
:10D48000C3F84021C3F8E020C3F8F420C3F8F82023
:10D49000C3F8FC20C3F80021C3F80421C3F8082115
:10D4A000C3F80C21C3F81021C3F81421C3F81821C4
:10D4B00083F829217047D0F88434D3F8CC208A60CF
:10D4C000D3F838218A6493F81D2112B193F8AF2064
:10D4D00001E093F8AC204A6093F81D210A6093F8AC
:10D4E00048214A654A688A65D3F8D0200A64D3F88F
:10D4F000D4204A64D3F83C21CA64D3F840210A6599
:10D50000B3F9B220CA60B3F9B4200A61B3F9B62006
:10D510004A61D3F8F4208A61D3F8F820CA61D3F8BD
:10D52000FC200A62D3F800214A62D3F804218A62FF
:10D53000D3F80821CA62D3F80C210A63D3F810216A
:10D540004A63D3F814218A63D3F81821CA63D3F845
:10D550004C21CA65D3F85021D3F854310A664B6682
:10D560007047F7B5D0F88444D4F84C518D4207D1B8
:10D57000D4F85051954203D1D4F854219A423CD06A
:10D5800001F00F05042D3AD8022D38D003F0030224
:10D59000022A34D01F0907F00307022F2FD00A09EF
:10D5A00002F00F02042A2AD8022A28D09E0806F088
:10D5B0000306022E23D09E0906F00306022E1ED07B
:10D5C000C4F85431036AC4F84C111B68C4F85011F4
:10D5D000022B04BF3E462A46042A14BF1146314698
:10D5E00084F8AD10D0F88434012283F846110092FB
:10D5F000019200690B463CF0DFDE002001E06FF095
:10D600001C00FEBD70470000004870479466010092
:10D6100010B50C46C1B1886808B1F8F393F5E0681D
:10D6200008B1F8F38FF5D4F8D80008B1F8F38AF50B
:10D63000D4F8E00008B1F8F385F520460021E42293
:10D64000BDE81040F3F356B510BD2DE9F74F054680
:10D65000D2F8D000019114469846DDF830B0DDF8DC
:10D660003490DDF838A0F5F353F428B1404659461C
:10D670003022F4F339F103E040465946F5F3E0F285
:10D680000646002800F0D880D4F8D000F5F340F426
:10D6900028B1484651463022F4F326F103E04846CB
:10D6A0005146F5F3CDF20746002800F0C6802B68FE
:10D6B00093F86231002B4FD0D4F8D000EFF742FC42
:10D6C000002849D0D5F86008FDF786FA10B3D5F8E0
:10D6D00068329B792BB9D5F860080199FDF780FA7B
:10D6E000C0B148465146F422F4F3FEF081460028CA
:10D6F00000F0A28040780230A4F8D400F8F310F5CE
:10D70000C4F8D800002800F097804946B4F8D42027
:10D71000F3F36CF4D5F86008FDF75EFAE0B1D5F8E4
:10D7200060080199FDF75CFAB0B140465946F42211
:10D73000F4F3DAF0054600287ED040780230A4F8F1
:10D74000DC00F8F3EDF4C4F8E000002874D02946BA
:10D75000B4F8DC20F3F34AF4022323826382D4F882
:10D76000D000F5F3D5F310B1042323826382D4F8FB
:10D77000D000F5F3CDF350B106F10A0004F1100129
:10D780000022F5F3A7F4002856D0002513E07378A3
:10D790000A2B0FDDD4F8D05006F10E00A5F10802D7
:10D7A000554245EB020504F110012A46F5F3B6F6A1
:10D7B00008B941E005462046218A2A4676F088D8F5
:10D7C000002839D0D4F8D000F5F3A2F330B1301DE1
:10D7D00004F112010122F5F37DF413E07378092BB3
:10D7E00011DD06F1080045B9F27A012A06D0A2F14E
:10D7F00005035A4242EB030200E0012204F1120148
:10D80000F5F38CF6C0B178780230A080F8F388F494
:10D81000A06088B13946A288F3F3E8F3707802304B
:10D82000E080F8F37DF40746E06030B13146E288ED
:10D83000F3F3DCF3012700E007463846BDE8FE8F2E
:10D8400001320103323D00904C3300AAAA030000CC
:10D850000088B4000100000001010000010050F246
:10D8600001000050F20000409600000FAC00000FD5
:10D87000AC0600AAAA03000000AAAA030000F80050
:10D880000FAC00050400C9BF05F000CEBF000000CA
:10D890000101000001011C7040002D02F0000A018E
:10D8A0002800280138014801580155015001500352
:10D8B0006666E2016666E3016666E4016666E501A6
:10D8C0006666E6016666E7016666E8016666E90186
:10D8D0006666EA016666EB016666EC016666ED0166
:10D8E0006666EE01CDCCF0010A0005000800400696
:10D8F0000800050008000800770008008A000800FA
:10D900000100050001000A000100050040061009A1
:10D910001E091F09240925092609200921092709AB
:10D920002809290922092309300931093209120974
:10D930000F09000901090609070908090209030975
:10D9400009090A090B09040905090C090D090E0941
:10D950001109650234028400740056006502340225
:10D96000040004000400030003000300030002009D
:10D970000100010000000000FFFFFFFFFFFFFFFFAD
:10D98000FFFFFFFFFFFF0000372E39352E3439200F
:10D99000283232373162623620435929007265637A
:10D9A0006C61696D2073656374696F6E2025733ACD
:10D9B0002052657475726E656420256420627974E6
:10D9C000657320746F2074686520686561700A0053
:10D9D0004D656D6F72792075736167653A0A00094C
:10D9E000546578743A20256C6428256C644B292C86
:10D9F00020446174613A20256C6428256C644B29AD
:10DA00002C204273733A20256C6428256C644B29C2
:10DA10002C20537461636B3A2025644B0A00094142
:10DA200072656E6120746F74616C3A2025642825DC
:10DA3000644B292C20467265653A202564282564AC
:10DA40004B292C20496E207573653A2025642825C2
:10DA5000644B292C2048574D3A2025642825644BD7
:10DA6000290A0009496E20757365202B206F7665A1
:10DA700072686561643A2025642825644B292C204E
:10DA80004D6178206D656D6F727920696E207573B8
:10DA9000653A20256C6428256C644B290A00094DE1
:10DAA000616C6C6F63206661696C75726520636F71
:10DAB000756E743A2025640A0009537461636B2003
:10DAC000626F74746F6D20686173206265656E208B
:10DAD0006F7665727772697474656E0A00095374A3
:10DAE00061636B20626F74746F6D3A2030782570BB
:10DAF0002C206C776D3A20307825702C206375725D
:10DB0000723A20307825702C20746F703A2030786B
:10DB100025700A00094672656520737461636B3A6B
:10DB2000203078257828256429206C776D3A2030BC
:10DB3000782578282564290A0009496E75736520BF
:10DB4000737461636B3A2030782578282564292026
:10DB500068776D3A2030782578282564290A0009ED
:10DB6000496E2075736520706F6F6C2025642825C1
:10DB700064293A2025642825644B292C20772F6FAF
:10DB8000683A2025642825644B290A0009496E203B
:10DB9000757365202D20706F6F6C3A2025642825E1
:10DBA000644B292C20772F6F683A20256428256440
:10DBB0004B290A0009506B74496420546F74616CDE
:10DBC0003A2025642C20467265653A2025642C2075
:10DBD0004661696C65643A2025640A006D77006DC2
:10DBE0006400554E494D504C3A2072613D25700AF3
:10DBF000005443414D3A20256420757365643A20F2
:10DC00002564206578636565643A25640A000A46E0
:10DC10005749442030312D25780A666C616773209E
:10DC200025780A000A545241502025782825782961
:10DC30003A2070632025782C206C722025782C20C7
:10DC400073702025782C20637073722025782C2027
:10DC5000737073722025780A002020723020257896
:10DC60002C2072312025782C2072322025782C200F
:10DC700072332025782C2072342025782C207235A0
:10DC80002025782C2072362025780A002020723733
:10DC90002025782C2072382025782C2072392025D8
:10DCA000782C207231302025782C207231312025BB
:10DCB000782C207231322025780A000A2020207327
:10DCC000702B3020253038782025303878202530CA
:10DCD000387820253038780A00202073702B3130B6
:10DCE00020253038782025303878202530387820A5
:10DCF000253038780A0A0073702B257820253038B3
:10DD0000780A00686E6461726D5F61726D72206185
:10DD10006464723A20307825782C206372345F690D
:10DD200064783A2025640A006275737374617473B1
:10DD300000535357553A207072696D6520646F65C2
:10DD400073206E6F7420686176652070203D2033EB
:10DD5000206D6F642034000001000000000100000D
:10DD600020010000A1418000B9538000212C8000D7
:10DD7000795780006D3D8000609D8800A09E8800DE
:10DD8000549F88008C9B8800409C8800FDFFFFFF0B
:10DD9000D89A8800020000008001000030010000D5
:10DDA000DD418000E5538000492C8000AD578000A4
:10DDB000993D8000749D8800C09E8800749F8800F3
:10DDC000AC9B8800609C8800FDFFFFFFF89A8800EC
:10DDD00004000000FF00000020080000253E800035
:10DDE000B1518000ED2B800035578000253D80002B
:10DDF000549D8800809E8800349F88006C9B88001A
:10DE0000209C8800066D0700B89A88000300000077
:10DE10000902000044010000F94180000154800023
:10DE2000892C8000F5578000ED3D8000889D88009A
:10DE3000F09E8800A49F8800DC9B8800909C88004E
:10DE4000FDFFFFFF289B8800706125643D30782529
:10DE5000257800706425643D30782525780070644D
:10DE60006825643D30782525780070646C25643D14
:10DE700030782525780067637225643D3078252544
:10DE80007800253032582530325825303258253028
:10DE900032582D25303258253032582D2530325801
:10DEA000253032582D25303258253032582D253026
:10DEB00032582530325825303258253032582530E6
:10DEC00032582530325800556E646566696E656457
:10DED000206572726F7220256400000060010400EA
:10DEE0000500010364010400000027002401040070
:10DEF0000400000028010400000000002C010400C0
:10DF000000000000300104000000000034010400A3
:10DF10000A04700034010400EFBED4003401040090
:10DF2000050000FF3401040001FF02FF300104007E
:10DF300018000000340104000A04E0003401040069
:10DF4000EFBE480034010400050000FF3401040066
:10DF500001FF02FF34010400001018013401040025
:10DF6000020300103401040018F1F2F3340104003C
:10DF7000BBCC000030010400380000003401040074
:10DF800000000000300104005800000034010400CB
:10DF900000000000300104003800000034010400DB
:10DFA0000F20000734010400000094003401040035
:10DFB0000000009034010400747576773401040089
:10DFC00000000000340104000000050034010400DA
:10DFD000FFFFFFFF3001040068030000340104006C
:10DFE0006E84330034010400DCBA500034010400B4
:10DFF000D40000AB34010400BADABADA3401040008
:10E00000001018F134010400F2F300103401040090
:10E0100018F1F2F334010400100000003401040090
:10E02000000000003401040000000A003401040074
:10E030000100000E340104004252434D340104003B
:10E040005F54455334010400545F535334010400BA
:10E05000494401043401040082848B963401040095
:10E060000301010634010400020000003001040035
:10E0700068000000340104000A042802340104008E
:10E08000DCBA8000340104000000FFFF340104000A
:10E09000FFFFFFFF34010400001018F134010400F9
:10E0A000F2F300103401040018F1F2F3340104001B
:10E0B000D0AF00003401040000000000340104006F
:10E0C00000000001340104000200000E34010400CD
:10E0D0004252434D340104005F544553340104005F
:10E0E000545F5353340104004944010434010400D3
:10E0F00082848B963401040003010106340104007C
:10E100000201000030010400680600003401040030
:10E110000A04280234010400DCBA8000340104003F
:10E120000000FFFF34010400FFFFFFFF3401040083
:10E13000001018F134010400F2F30010340104005F
:10E1400018F1F2F334010400D0AF000034010400F0
:10E15000000000003401040000000001340104004C
:10E160000200000E340104004252434D3401040009
:10E170005F54455334010400545F53533401040089
:10E18000494401043401040082848B963401040064
:10E190000301010634010400020100000001040033
:10E1A000000000019004020000000000A004020032
:10E1B000F1F30000B0040200EFFD0000A80402002B
:10E1C000FFFF0000A804020000000000A2040200FB
:10E1D00001000000B2040200FBFF0000AA040200DC
:10E1E000FFFF0000AA04020000000000A4040200D7
:10E1F000CF1A0000AC04020000000000BC040200C2
:10E2000000000000A6040200D7020000B6040200CD
:10E21000FFFD0000AE040200FFFF00000604020044
:10E220000100000006040200000000000C040200CF
:10E23000180000000604020000000000480402006C
:10E24000000C00000204020020060000020502008B
:10E25000000000000005020000400000020502006E
:10E26000040000000005020000400000020502005A
:10E270000800000000050200004000000205020046
:10E280000C00000000050200004000000205020032
:10E29000C000000080050200FFFF000082050200B0
:10E2A000FFFF000084050200FFFF0000860502005A
:10E2B000FFFF000088050200FFFF00008A05020042
:10E2C000FFFF00008C050200FFFF00008E0502002A
:10E2D000FFFF000090050200FFFF00009205020012
:10E2E000FFFF000094050200FFFF000096050200FA
:10E2F000FFFF000098050200FFFF00009A050200E2
:10E30000FFFF00009E050200FFFF0000A0050200C5
:10E31000FFFF00009C050200F0FF00004005020026
:10E320000080000020050200060F000040050200EA
:10E33000008000004005020000810000200502006E
:10E3400000FF00002C050200010100004005020052
:10E35000008100004005020000820000200502004C
:10E360001E2800002C0502000000000040050200ED
:10E37000008200004005020000830000200502002A
:10E380002931000040050200008300004005020022
:10E390000084000020050200323F0000400502001A
:10E3A00000840000400502000085000020050200F6
:10E3B00040410000400502000085000012060200F6
:10E3C000010000002E060200CDCC00003006020045
:10E3D0000C00000000060200048000009606020007
:10E3E000080000009A060200E4000000880602000F
:10E3F000000000009C0602000200000088060200E7
:10E40000001000009C0602000200000088060200C6
:10E41000002000009C0602000200000088060200A6
:10E42000003000009C060200020000008806020086
:10E430000B0F00009E0602000700000010050200FE
:10E440000B00000050040200014E000052040200C4
:10E450005B010000E40402009000000004040200DC
:10E46000B400000054050200FFAF0000FE040200EB
:10E47000000000005E0502000010000060010400C2
:10E4800004000103640104000000000064010400B2
:10E49000B400000064010400470047006401040068
:10E4A00000006400640104003009400060010400C1
:10E4B0000D00010364010400020002006401040075
:10E4C0000100C000640104000500000064010400B4
:10E4D0000000C000640104006400640064010400E2
:10E4E0000E00470064010400000500006001040004
:10E4F000150001036401040040003C0864010400AD
:10E5000000000700640104000A000000600104002C
:10E510001A0001036401040000C00000600104004F
:10E520001D000103640104001027000060010400C5
:10E530001F0001036401040000001C0C64010400BE
:10E540000600102760010400250001036401040097
:10E55000000032006001040028000103640104008F
:10E5600000004C0A6401040000003F016401040043
:10E57000FFFF00046401040046041E076401040058
:10E580000200EC09600104002E0001036401040094
:10E590000000008060010400920101036401040096
:10E5A00064040000640104000000400064010400F1
:10E5B0009607000060010400970101036401040054
:10E5C0001A08000060010400BF0101036401040097
:10E5D0000000050060010400080401036401040058
:10E5E000070200006001040010040103640104003C
:10E5F00000000100600104001C0C01006401020025
:10E60000FFFF0000600104001D0C01006401020016
:10E61000FFFF0000600104001A0001036401040010
:10E620000000200C600104002300010364010400C9
:10E630000000A607640104000000A20A60010400B3
:10E6400026000103640104000A0E0B0964010400A2
:10E650000E020000600104003200010364010400A6
:10E660000000900B640104000000A0046401040099
:10E6700000007C06600104005800010364010400EE
:10E680004252434D640104005F5445536401040049
:10E69000545F5353640104004944000060010400C6
:10E6A00060000103640104003900000064010400FB
:10E6B0005000000064010400C0000000600104007C
:10E6C0007000010364010400BE03BE036401040082
:10E6D000BE03BE0364010400BE03BE036401040064
:10E6E000BE03BE03640104000004EA0364010400E5
:10E6F000D403BE03640104000B04F50364010400A9
:10E70000DF03C90364010400BE03BE036401040007
:10E71000BE03BE0364010400BE03BE036401040023
:10E72000BE03BE03640104000004EA0364010400A4
:10E73000D403BE03640104000B04F5036401040068
:10E74000DF03C90364010400160416046401040015
:10E750001604160464010400220416046401040073
:10E7600016042E0464010400160416046401040057
:10E77000160416046401040016041604640104005F
:10E780003A0416046401040016041604640104002B
:10E790001604160464010400220416046401040033
:10E7A00016042E0464010400160416046401040017
:10E7B000160416046401040016041604640104001F
:10E7C0003A0416046401040000001F006401040000
:10E7D000FF031F0064010400020000006401040044
:10E7E00002000000600104009800010364010400BD
:10E7F00000001F0064010400FF031F006401040007
:10E800000100000064010400010000006001040038
:10E81000A00001036401040000001F006401040063
:10E82000FF031F00640104000100000064010400F4
:10E830000100000060010400A8000103640104005D
:10E8400000001F0064010400FF031F0064010400B6
:10E8500001000000640104000100000060010400E8
:10E86000C00001036401040037243724640104005C
:10E870003724372460010400BA0101036401040055
:10E880000100070264010400070207036401040099
:10E890000700000060010400DF01010364010400BF
:10E8A0002000CB0164010400000054006401040056
:10E8B0000000AB08640104000000100464010400BF
:10E8C00084000200640104000000140064010400DC
:10E8D000CF01020064010400440000006401040050
:10E8E000AF08020064010400100464006401040025
:10E8F00002020000640104001000CA016401040067
:10E9000002003C00640104000000AA086401040045
:10E9100002001004640104005400020864010400B1
:10E920000000080064010400CE010000640104003E
:10E930003400000064010400AE080000640104001B
:10E940001004440064010400020A00006401040091
:10E950000800C901640104000200300064010400E1
:10E960000000A9086401040002001004640104000E
:10E970003C00021064010400000004006401040073
:10E98000CD010000640104002C00000064010400BB
:10E99000AD080000640104001004340064010400A8
:10E9A00002120000640104000400C80164010400B4
:10E9B00000002C00640104000000A80864010400A9
:10E9C0000000100464010400300002196401040016
:10E9D0000000000064010400CC0102006401040096
:10E9E0002C00000064010400AC0802006401040073
:10E9F0001004300064010400021A000064010400E5
:10EA0000C0000A04640104007000000064010400F6
:10EA10003A010A046401040028022CC064010400C5
:10EA2000F2020A0464010400000000016401040011
:10EA30006000140464010400380000006401040054
:10EA4000020114046401040014012CC064010400D8
:10EA5000DE0114046401040000008000640104006D
:10EA60002200370464010400150000006401040062
:10EA7000DF0037046401040065002CC06401040059
:10EA80002E0137046401040000002F00640104001B
:10EA900011006E84640104000B0000006401040096
:10EAA000D4006E846401040033002CC064010400AF
:10EAB000FC006E846401040000001800640104007E
:10EAC00002008A9D64010400FB0002086401040046
:10EAD000C54EFA0064010400020A83346401040094
:10EAE000FE000210640104006227F90064010400C2
:10EAF0000212421A64010400FD00021964010400BC
:10EB0000B113F80064010400021A811164010400C9
:10EB1000FC00021C64010400C10FFC00640104003D
:10EB20000000C10F64010400FC0000006401040047
:10EB3000C10FFC00600104005002010364010400E5
:10EB4000000000006401040001007114640104006D
:10EB50000402000060010400540201036401040087
:10EB6000010000006401040001007114640104004C
:10EB70000402000060010400580201036401040063
:10EB8000020000006401040001007114640104002B
:10EB900004020000600104005C020103640104003F
:10EBA000030000006401040001007114640104000A
:10EBB000040200006001040060020103640104001B
:10EBC00000000100600104006C0201036401040004
:10EBD000200000006001040012040103640104002D
:10EBE00000000C00600104005005010364010400F2
:10EBF0001800000064010400983A983A6401040087
:10EC0000A60E6400640104000000F4016401040025
:10EC10000400000064010400C8AFA861640104009E
:10EC2000204E1E0064010400000003006401040083
:10EC3000030000006401040050C3000060010400F0
:10EC40005B05010364010400000014056401040075
:10EC5000E2040000600104005F0501036401040098
:10EC6000204E00006401040000000F006401040055
:10EC7000F401030060010400650501036401040060
:10EC8000000013006401040000000300640104009C
:10EC90000100070064010400C8AF00006401040023
:10ECA00088130000640104002C17DF406001040099
:10ECB0006C0501036401040000002C0164010400E0
:10ECC0000000A00F600104006F050103640104004F
:10ECD000000002006401040000002C016401040033
:10ECE000C000000064010400C0440000640104008E
:10ECF0006400000064010400DC05401F640104009E
:10ED0000000046006401040050005000640104004B
:10ED10000200000064010400F50A00006001040024
:10ED20007A050103640104002010409C6401040082
:10ED3000204E000064010400B80B000060010400D4
:10ED40007E050103640104000000204E64010400FC
:10ED50000000050064010400DC053F0064010400BC
:10ED600071020000640104003075000060010400BD
:10ED70008605010364010400C409A00F60010400BA
:10ED800089050103640104000000D007600104004C
:10ED90008B05010364010400204E204E6001040035
:10EDA0008E0501036401040020008040640104001A
:10EDB00000000A0064010400E803E81C6401040088
:10EDC000384A000060010400930501036401040057
:10EDD00000006400600104009F0501036401040059
:10EDE0000200940260010400A10501036401040013
:10EDF000E100000060010400A405010364010400B7
:10EE00003075000060010400A705010364010400DF
:10EE1000DC05000064010400581B000060010400D0
:10EE2000AF0501036401040000000F006401040049
:10EE3000C800000060010400B20501036401040081
:10EE4000000002006401040000006400600104008E
:10EE5000BB05010364010400A86170176001040090
:10EE6000C405010364010400BE0000006001040049
:10EE7000380C010064010200000000006001040081
:10EE800003000200640104001F0000006001040090
:10EE90000400020064010400FF030000600104009C
:10EEA00005000200640104001F000000600104006E
:10EEB0000600020064010400070000006001040075
:10EEC0000700020064010400040000006001040067
:10EED0000800020064010400FFFF0000600104005C
:10EEE0000900020064010400000000006001040049
:10EEF0000A00020064010400000000006001040038
:10EF00000B00020064010400000000006001040026
:10EF10000C00020064010400000000006001040015
:10EF20000D00020064010400000000006001040004
:10EF30000E000200640104000000000060010400F3
:10EF40000F000200640104000000000060010400E2
:10EF500010000200640104001F00000060010400B2
:10EF600011000200640104000000000060010400C0
:10EF700012000200640104000000000060010400AF
:10EF8000130002006401040000000000600104009E
:10EF9000150002006401040000000000600104008C
:10EFA000160002006401040000000000FFFF0000E2
:10EFB0000000000086060200D00900008006020062
:10EFC0003E3E0000820602003E02000000070200F2
:10EFD0003C000000840602001202000060010400F0
:10EFE0000300010064010200C00000006001040091
:10EFF00003000100660102000A0000006001040035
:10F00000040001006401020014000000600104001B
:10F010000700010064010200830100006001040098
:10F020002500010064010200F401000060010400F9
:10F03000C5050100660102002B0400006001040008
:10F04000C605010064010200000100006001040027
:10F05000E1010100640102003C00000060010400C5
:10F06000E6010100660102003400000060010400B6
:10F07000EC010100640102003000000060010400A6
:10F08000F1010100660102002C0000006001040093
:10F09000F7010100640102002C000000600104007F
:10F0A000FC0101006601020028000000600104006C
:10F0B0000202010064010200280000006001040057
:10F0C000070201006601020028000000FFFF0000A7
:10F0D00000000000ED9F8000C1AD8000DDAE80002B
:10F0E000F9AB8000B5B0800065AF8000C9B080008A
:10F0F000DDB0800071AD800085AD800009AC80007E
:10F1000005B18000FDAA8000A1B0800065AE80003E
:10F1100035AA800081A18000C5A1800031A88000AF
:10F120008DA8800019A8800079AF8000B1A680006A
:10F13000ADAB80008DAB8000E5AB80008DA380007F
:10F140007DAB800079A28000F5A3800045A78000F8
:10F1500045A0800039A1800065A3800039A080000F
:10F1600055A080002D9F8000399F80000000000086
:10F17000000000000000000075A3800061A880006E
:10F1800039A8800071A2800095A78000219F80008F
:10F19000199F8000B9A0800085A08000E59E8000B6
:10F1A000280000000F000000040100000807000014
:10F1B000000707000007040000000404000004002A
:10F1C0000000000101000000000000000303000037
:10F1D000000000000000000000000000B108000076
:10F1E000000000000404040404010400E204000818
:10F1F0000A0000006A10000000000000000000008B
:10F2000031060000DDC88D0004040404040104007C
:10F21000E20400080A0000006A100000000000007C
:10F2200000000000310400008C2EBA000404040425
:10F2300004010400E20400080A0000006A10000053
:10F240000000000018180000000000000006060082
:10F250000000000000000000000000003119000064
:10F260000000A0000C0C0C0C0A030400E2040008CF
:10F270000A0000006A10000000000000000000000A
:10F28000B1120000277662000C0C0C0C0A0304007B
:10F29000E20400080A0000006A10000000000000FC
:10F2A00000000000B10C00001443FD000C0C0C0C1D
:10F2B0000A030400E20400080A0000006A100000CB
:10F2C000E02E01010150000000000000C8320201E0
:10F2D00001490000899DD800403803010142000027
:10F2E000AAAAAA00003C0401013E00000000800020
:10F2F000483F0501013B0000D05E4200A0410601ED
:10F300000139000049922400004B0701013200003E
:10F3100000000000584D080101300000071F7C006C
:10F32000204E09010130000000000000C05D0A010C
:10F330000128000000000000A8610B010126000068
:10F340006666660090650C0101240000C44EEC0066
:10F3500030750D01012000000000000040830E0107
:10F36000011C00002449920018920F020133000092
:10F37000F93E560000961002013200000000000025
:10F38000409C1102013000000000000080BB12020E
:10F39000012800000000000020CB1302012400001F
:10F3A000C44EEC000000000000000000000000005F
:10F3B000626F617264666C6167733300737075723B
:10F3C000636F6E66696700000000000000000000C7
:10F3D000B1190000ABAA0A000B0C0C0C0A030400C4
:10F3E000E20400080A0000006A10000000000000AB
:10F3F00000000000B1120000143BB1000B0C0C0C1B
:10F400000A030400E20400080A0000006A10000079
:10F410000000000000000000310D00007A053400FB
:10F420000B0C0C0C0A030400E20400080A000000A4
:10F430006A10000000000000121000000000000030
:10F440000000000000000000B119000000004000B2
:10F450000C0C0C0C0A030400E20400080A00000073
:10F460006A1000000000000000000000B11200005F
:10F47000FF88D8000C0C0C0C0A030400E2040008FE
:10F480000A0000006A1000000000000000000000F8
:10F49000B10D0000F0FF4E000C0C0C0C0A03040030
:10F4A000E20400080A0000006A10000006000000E4
:10F4B000BC010000C5420000314200008945000047
:10F4C0007800000001000000394000003F400000CB
:10F4D000414000008000000068000000FB44000084
:10F4E000F7440000D144000067E6096A85AE67BBB7
:10F4F00072F36E3C3AF54FA57F520E518C68059B16
:10F50000ABD9831F19CDE05B982F8A4291443771A4
:10F51000CFFBC0B5A5DBB5E95BC25639F111F15996
:10F52000A4823F92D55E1CAB98AA07D8015B8312D8
:10F53000BE853124C37D0C55745DBE72FEB1DE8084
:10F54000A706DC9B74F19BC1C1699BE48647BEEFB3
:10F55000C69DC10FCCA10C246F2CE92DAA84744A3E
:10F56000DCA9B05CDA88F97652513E986DC631A8B4
:10F57000C82703B0C77F59BFF30BE0C64791A7D593
:10F580005163CA0667292914850AB72738211B2E1B
:10F59000FC6D2C4D130D385354730A65BB0A6A7603
:10F5A0002EC9C281852C7292A1E8BFA24B661AA80F
:10F5B000708B4BC2A3516CC719E892D1240699D61F
:10F5C00085350EF470A06A1016C1A419086C371E98
:10F5D0004C774827B5BCB034B30C1C394AAAD84E76
:10F5E0004FCA9C5BF36F2E68EE828F746F63A578B1
:10F5F0001478C8840802C78CFAFFBE90EB6C50A444
:10F60000F7A3F9BEF27871C60123456789ABCDEF48
:10F61000FEDCBA9876543210F0E1D2C314203040A8
:10F620001C2010776C2564002530347800776C2519
:10F63000643A2025732025732076657273696F6E96
:10F6400020257320465749442030312D25780A0063
:10F650004E6F7620323920323032310032323A3435
:10F66000393A303900617020007374612000776D81
:10F670006520003830322E31316420003830322E8F
:10F680003131682000726D20006361632000616D7C
:10F690007064752000616D7064755F74782000611E
:10F6A0006D7064755F72782000616D736475727837
:10F6B0002000616D73647574782000726164696FF5
:10F6C0005F70777273617665200070327020006D14
:10F6D0006368616E200064667274732000747870D1
:10F6E000777263616368652000737462632D747858
:10F6F0002000737462632D72782D3173732000774C
:10F700006E6D20006273737472616E7320006D669B
:10F710007020007361652000696461757468200061
:10F72000746B6F2000776C63006770696F6F75741E
:10F7300000000000E1560100020000800800000007
:10F740003D6F8900E20000000100000000000000A1
:10F750000000000000000000020000000000313145
:10F76000640031316800313175005458204D4353E5
:10F7700020203A0020202564282564252529000A18
:10F7800020202020202020203A000000A18789008E
:10F7900007008000010000000000000000000000E1
:10F7A000000000005258204D435320203A00617061
:10F7B000707300615F77706100615F7770616900ED
:10F7C00025733A20686F73745F656E6162202564EB
:10F7D0000A00627373636667006274630062746335
:10F7E0005F646F735F737461747573009557010084
:10F7F0000E000000070000000000000000000000F4
:10F8000000000000636D005F5F004B5200000000CD
:10F81000BC580100E0ED880000000000000000007E
:10F82000B058010000000000AA580100A4580100CF
:10F830000000000000000000805801002C59010069
:10F84000885801007FB200000000000000000000A6
:10F8500000000000000000000000000000000000A8
:10F860000000000000000000000000000000000098
:10F87000905801000000000000000000000000009F
:10F880000000000000000000000000000000000078
:10F890000000000000000000000000000000000068
:10F8A0000000000000000000000000000000000058
:10F8B0000000000000000000000000000000000048
:10F8C000000000000000000001000000B15801002D
:10F8D0000000000000000000323032312D31312DA7
:10F8E00032392032323A34323A3434000000FF00E8
:10F8F00000000000FF00000000236E000000FFFF7A
:10F90000F00000000000000000000000434C4D200B
:10F910004441544100000C000200392E31302E3396
:10F920003900000000000000000000000000312E3F
:10F9300032392E3400000000C4580100C8570100BD
:10F94000436C6D496D706F72743A20312E33362ED0
:10F9500033000000000000000000000000004272C0
:10F960006F6164636F6D2D302E3000000000000069
:10F97000000000000000000000000000636E7472D0
:10F98000790064756D705F696E666F00138589001C
:10F99000000000400800000000000000000000001F
:10F9A000000000006576656E747100666274000088
:10F9B000115A010016000000775A010018000000DB
:10F9C0008F5A01001B000000275A01001C00000094
:10F9D0009CEF88000E000000DA590100330000009F
:10F9E000DA59010033000000435A010034000000DE
:10F9F000435A010034000000435A01003400000063
:10FA00009BEF880001000000D05901000A000000AF
:10FA10009AEF88000100000003103036373839F4BF
:10FA2000FFDD000102030406070809202528292319
:10FA30002A32300B0C424746333F4043363A3C3B78
:10FA40002D3D484A7F596145626B6C6F70BFC0C3E2
:10FA5000C4C744F4DD69656D000001322124302EF5
:10FA600046363B2D487F595E6BBFC74485F4DD01A8
:10FA7000320C354146303637393A382D3D484A7FC9
:10FA80005A5F58646EBFC0C744F4DD00010203042E
:10FA9000060507080920252829232A32300B0C2EB9
:10FAA000333F4043424746363A3C3B2D3D484A7F30
:10FAB0005659456B6C6F70BFC0C3C4C744F4DD01B9
:10FAC000320C35414636373A382D3D484A7F5A5F29
:10FAD0006EBFC0C744F4DD0001322124302E46360B
:10FAE00037393B2D487F595E57636BBFC744859CB0
:10FAF000F4DD696572006C71004449524543542D30
:10FB0000007068790000A40400400000A404008094
:10FB10000080D00420000000A404FF010000A40421
:10FB200000040004A504FF032C01A50400E000A0CC
:10FB3000A504001C00000D04FF0340000D0400702C
:10FB40000040A204FF034000A20400700040A8048B
:10FB5000FF000100D004C07F00000C05FF01000081
:10FB6000A60400800080A604FF01FF009A04FF01A4
:10FB7000FF00F40900800080F40900380020F40937
:10FB8000FF0337009904FF0378009F0400C0004082
:10FB90009F04FF039001D70408000800D7040070F9
:10FBA0000020AC093C001400F80904000400706B4C
:10FBB000745F66696C746572000000000C000000E0
:10FBC000FFFFFFFFFFFFFFFFFFFFFFFF70726F747C
:10FBD0005F670070726F745F6E000000EC5B010085
:10FBE0000700000007000000FD5B010006000000A8
:10FBF0000100000000000000000000000000000004
:10FC0000534145204861736820746F20456C656DD1
:10FC1000656E742075312050310053414520486194
:10FC2000736820746F20456C656D656E7420753245
:10FC3000205032007361655F6D61785F7077655F3A
:10FC40006C6F6F70007361655F7077655F686E7071
:10FC50005F656E61626C6500405C0100270000001A
:10FC600007000000585C01002800000007000000A9
:10FC70006E5C01002600000007000000000000008C
:10FC800000000000000000007374665F74656D7012
:10FC90005F6D696E5F647574795F6379636C65002D
:10FCA0007374665F74656D705F6D6F6E69746F728B
:10FCB0005F74696D65007374665F74656D705F7401
:10FCC00068726573680069647375700074706300AE
:10FCD0007478630077617069000000000000000024
:10FCE0000000000000000000600A000080380100F1
:10FCF000736470636D6465760000000000000000AE
:10FD0000005D010000000000000000000000000095
:10FD1000000000000000000000000000C5DF8000BF
:10FD200045F6800059F68000C9DF8000BDDF800005
:10FD300089DF800051DD80000000000055F6800062
:10FD40000000000000000000C57C0100A17C010053
:10FD50008B7C0100E1F6800000000000A5F6800029
:10FD6000F9F68000C1F68000EDF68000000000008A
:10FD700000000000000000001588010069880100F3
:10FD80000000000011880100258C0100F5890100A8
:10FD90005989010000000000000000000000000080
:10FDA0000000000000000000C58901000000000004
:10FDB0001D1E1C0B80BA8C0100C20100F200000065
:10FDC0008100000010000000C0AD3A0200C2010036
:10FDD000EC0000008100000022000000776C0000B1
:10FDE000000000000000000000000000C05D0100F5
:10FDF0000000000000000000000000000000000003
:10FE0000000000000000000035E201001D8E8100AE
:10FE1000E9898100298F810000000000B58C8100F4
:10FE200000000000FD8D81000000000000000000C7
:10FE300000000000000000000100030003000600B5
:10FE400000000300030003000E000D000E000E0072
:10FE50000E00020009000C000A0008000D0001005D
:10FE600009000C000A0008000D00010009000C0048
:10FE70000A0008000D00010009000C000A0008003B
:10FE80000D0001000A000D000B0009000E00020029
:10FE90000A000D000B0009000E00020009003900E5
:10FEA00016000E000E0005000900390016000E00B5
:10FEB0000E0005000A000D000B0009000E000400F2
:10FEC0000A000D000B0009000E0002000A000D00E0
:10FED0000B0009000E0002001400BF00C000150056
:10FEE000110005001400BF00C0001500110005003E
:10FEF0001400BF00C0001500110005001400BF0071
:10FF0000C0001500110005001400BF00C00015005E
:10FF1000110005000900390016000E000E00050052
:10FF20000900390016000E000E0005001400BF0085
:10FF3000C0001500110005000900390016000E0070
:10FF40000E0005000900390016000E000E00050025
:10FF50009600DE00DF001500110005001400BF0050
:10FF6000C0001500110005000900390016000E0040
:10FF70000E0005000900390016000E000E000500F5
:10FF80000900610016000E000E000500090039008E
:10FF900016000E000E0005000C00B600190011003E
:10FFA000110008000900390016000E000E000500BF
:10FFB0000900B60019001100110008000900B60080
:10FFC00019001100110008000900B6001900110005
:10FFD000110008000900390016000E000E0005008F
:10FFE0000900B600190011001100080008003700D0
:10FFF00016000E000E0005000900B60019001100E1
:020000041002E8
:1000000011000800000000000000000000000000D7
:1000100000000000000000000000000000000000E0
:1000200000000000000000000000000000000000D0
:1000300000000000000000000000000000000000C0
:1000400000000000000000000000000000000000B0
:1000500000000000000000000000000000000000A0
:100060000000000000000000000000000000000090
:100070000000000000000000000000000000000080
:100080000000000000000000000000000000000070
:100090000000000000000000000000000000000060
:1000A0000000000000000000000000000000000050
:1000B0000000000000000000000000000000000040
:1000C0000000000000000000000000000000000030
:1000D0000000000000000000000000000000000020
:1000E0000000000000000000000000000000000010
:1000F0000000000000000000000000000000000000
:1001000000000000000000000000000000000000EF
:1001100000000000000000000000000000000000DF
:1001200000000000000000000000000000000000CF
:1001300000000000000000000000000000000000BF
:1001400000000000000000000000000000000000AF
:10015000000000000000000000000000000000009F
:10016000000000000000000000000000000000008F
:10017000000000000000000000000000000000007F
:10018000000000000000000000000000000000006F
:10019000000000000000000000000000000000005F
:1001A000000000000000000000000000000000004F
:1001B000000000000000000000000000000000003F
:1001C000000000000000000000000000000000002F
:1001D000000000000000000000000000000000001F
:1001E000000000000000000000000000000000000F
:1001F00000000000000000000000000000000000FF
:1002000000000000000000000000000000000000EE
:1002100000000000000000000000000000000000DE
:1002200000000000000000000000000000000000CE
:1002300000000000000000000000000000000000BE
:1002400000000000000000000000000000000000AE
:10025000000000000000000000000000000000009E
:10026000000000000000000000000000000000008E
:10027000000000000000000000000000000000007E
:10028000000000000000000000000000000000006E
:10029000000000000000000000000000000000005E
:1002A000000000000000000000000000000000004E
:1002B000000000000000000000000000000000003E
:1002C000000000000000000000000000000000002E
:1002D000000000000000000000000000000000001E
:1002E000000000000000000000000000000000000E
:1002F00000000000000000000000000000000000FE
:1003000000000000000000000000000000000000ED
:1003100000000000000000000000000000000000DD
:1003200000000000000000000000000000000000CD
:1003300000000000000000000000000000000000BD
:1003400000000000000000000000000000000000AD
:10035000000000000000000000000000000000009D
:10036000000000000000000000000000000000008D
:10037000000000000000000000000000000000007D
:10038000000000000000000000000000000000006D
:10039000000000000000000000000000000000005D
:1003A000000000000000000000000000000000004D
:1003B000000000000000000000000000000000003D
:1003C000000000000000000000000000000000002D
:1003D000000000000000000000000000000000001D
:1003E000000000000000000000000000000000000D
:1003F00000000000000000000000000000000000FD
:1004000000000000000000000000000000000000EC
:1004100000000000000000000000000000000000DC
:1004200000000000000000000000000000000000CC
:1004300000000000000000000000000000000000BC
:1004400000000000000000000000000000000000AC
:10045000000000000000000000000000000000009C
:10046000000000000000000000000000000000008C
:10047000000000000000000000000000000000007C
:10048000000000000000000000000000000000006C
:10049000000000000000000000000000000000005C
:1004A000000000000000000000000000000000004C
:1004B000000000000000000000000000000000003C
:1004C000000000000000000000000000000000002C
:1004D000000000000000000000000000000000001C
:1004E000000000000000000000000000000000000C
:1004F00000000000000000000000000000000000FC
:1005000000000000000000000000000000000000EB
:1005100000000000000000000000000000000000DB
:1005200000000000000000000000000000000000CB
:1005300000000000000000000000000000000000BB
:1005400000000000000000000000000000000000AB
:10055000000000000000000000000000000000009B
:10056000000000000000000000000000000000008B
:10057000000000000000000000000000000000007B
:10058000000000000000000000000000000000006B
:10059000000000000000000000000000000000005B
:1005A000000000000000000000000000000000004B
:1005B000000000000000000000000000000000003B
:1005C000000000000000000000000000000000002B
:1005D000000000000000000000000000000000001B
:1005E000000000000000000000000000000000000B
:1005F00000000000000000000000000000000000FB
:1006000000000000000000000000000000000000EA
:1006100000000000000000000000000000000000DA
:1006200000000000000000000000000000000000CA
:1006300000000000000000000000000000000000BA
:1006400000000000000000000000000000000000AA
:10065000000000000000000000000000000000009A
:10066000000000000000000000000000000000008A
:10067000000000000000000000000000000000007A
:10068000000000000000000000000000000000006A
:10069000000000000000000000000000000000005A
:1006A000000000000000000000000000000000004A
:1006B000000000000000000000000000000000003A
:1006C000000000000000000000000000000000002A
:1006D000000000000000000000000000000000001A
:1006E000000000002DE9F84305468846FBF33EF282
:1006F00000212846FBF382F3044628466E69AF6961
:10070000F3F3F0F30A2E814616D90F2E16D02846A1
:10071000FAF31EF5142E054603D9A36823F0080347
:10072000A360A368142E43F00103A36014D9A36847
:1007300043F00803A3600FE0022E0FD92846FAF316
:1007400075F5D4F8A430054623F0FF0343F0020307
:10075000C4F8A430022303E0012301E0104D30234C
:10076000A268D20707D407F01802082A0CBFB5FB0D
:10077000F3F54FF4E11507F0030700260BE004F54D
:100780004073B8F1000F05D03002181849462A46C8
:100790000023C0470136BE42F1DBBDE8F88300BF4D
:1007A00000C63E052DE9F8431646984604460D4618
:1007B000FAF374F5002107462046FBF31FF30022ED
:1007C00081461346134988184068B0B90C22534338
:1007D000CA18CE505560C2F808802046FBF3C6F117
:1007E000D9F824300C4D1E432E602046FBF3BEF199
:1007F0002B680125C9F8243004E001330C32052BA5
:10080000E0D1002520463946FBF3F8F22846BDE842
:10081000F88300BFBC5F0100E403000038B5124C50
:10082000002148222046F0F365F4104A012384E8B1
:100830000C0000250E491F2204F10C00F0F332F5E4
:1008400084F82B50F5F31CF34FF40023A3634FF40B
:100850000003E363074B20632364074B6563DB6995
:100860006564A36038BD00BF18600100444542477D
:10087000403901001C2B0900706001004369142BF2
:1008800001DDFAF317B57047436910B50A2B04462A
:100890000ADD064901220346FFF784FF20460121B5
:1008A000BDE8104007F096BA10BD00BF89160000E1
:1008B000C36910B5590704460CD5074B00221968C7
:1008C000FBF3B4F00549204610222346BDE8104052
:1008D000FFF768BF10BD00BF2C040000FDB1800011
:1008E000134B13B51360134601E0114C1C60043325
:1008F000ADF17C04A342F8D3C41C24F003040D4BD7
:10090000091B0D481960002303600C480839036077
:100910000B4884E80A0003600A4802600A4802F5AE
:1009200000520260094A1360EAF7C6FE44601CBD2B
:100930004B415453F4030000140400004804000029
:10094000046001006860010010600100F003000015
:1009500008B500211420EAF7BDFE054B0021186000
:100960001422F0F3C7F3BDE80840F5F301B100BF6E
:10097000300400002DE9F0474D1C2946824605F061
:10098000A1FB134C206000B34FEA850948460021C3
:10099000EAF7A0FE0F4F804638600F4E68B14A4616
:1009A0000021F0F3A7F320680021F0F33FF73B6844
:1009B00000221A603560BDE8F0875046216805F0D6
:1009C000D5FBC6F80080C4F80080BDE8F08700BF02
:1009D000F8030000E803000004040000F0B5184F1D
:1009E00085B00F21386805F0C3FA0F2803903E4602
:1009F00024D184200021EAF76DFE124C2060D0B192
:100A000000218422F0F376F30025012304AA42F8A2
:100A1000043D00950195386821684FF4F06305F0B6
:100A2000D5FA0130206803D03221ECF751FA05E005
:100A3000EAF7D8FE2560306805F0B8FA05B0F0BDD9
:100A40002C04000044040000B1F5E06F73B50446C7
:100A50000E46154606D103690091002101911E68DA
:100A60000A460CE00D4B00221868FBF3B9F1014671
:100A700080B123690022009601921E6820462B4611
:100A8000B04738B1064BA0611A68656122621C60EC
:100A9000002001E04FF0FF307CBD00BF00040000EB
:100AA000F85F01002DE9F84310200C460021914623
:100AB0009846EAF70FFE054620B3144E3068FAF365
:100AC000EDF3099B074623B9306821464A46FBF3FC
:100AD00087F13068FAF35CF501238340089AEB60F4
:100AE000AA600B4AC5F8048011681560094A29609C
:100AF000116830680B4313603946FBF37FF1002027
:100B0000BDE8F8836FF01A00BDE8F8830004000028
:100B10003C0400001004000013B500210446FBF360
:100B20006DF1174B1860174B00F570601860636922
:100B3000222B12DDE36958060FD540F6270100226B
:100B40002046FAF311F501462046FBF357F10E4B10
:100B5000002118602046FBF351F100204FF40061A2
:100B600002460A4B00900190FFF79CFF28B101203C
:100B700002B0BDE81040F4F377B602B010BD00BF7C
:100B8000240400009460010034040000E9B18000F6
:100B900073B5374B374C0193374B00212022204649
:100BA0001D682669F0F3A6F201232360334B26610A
:100BB0001B68E36145F8044C00F048FCADF5FE51BC
:100BC0003C390A462E48FFF78BFEF4F33DF3F4F36D
:100BD000A5F700F073F8FFF721FE002006F0D4FD22
:100BE000284D294C286007F00FFA2060FFF794FF8A
:100BF000FFF7AEFE206800F029FB206806F0E8FD54
:100C0000224B20681A6802F580321A60204B1A685D
:100C100002F580321A601F4B1A6802F580321A60A2
:100C200000F0C0F800221C481C49F5F3E7F002224E
:100C30001B481C49F5F3E2F000221B481B49F5F361
:100C4000DDF000221A491B48F5F3D8F02068FFF7C1
:100C500015FE2068FFF718FE2068FFF729FE2868B8
:100C600040F28F11FFF786FEFFF7B8FE20687CBDCB
:100C7000ADDEADDE70600100945C010090600100AB
:100C80008C6A03002C04000000040000F403000040
:100C900014040000046001008DDA89008919000045
:100CA0001385890041B48000943B010091B6800017
:100CB0001DB28000973B01007047000070B5174DD2
:100CC0002C682CBBB0202146EAF704FD286010B345
:100CD0002146B022F0F30EF24FF4806021462E68D8
:100CE000EAF7F8FCB060286886681EB9EAF77AFD72
:100CF0002E600DE04FF48062C26021463046F0F372
:100D0000F9F12B68064A20461360064A536170BD0C
:100D10004FF0FF3070BD4FF0FF3070BDA860010094
:100D2000500400007060010070B5184C054623683F
:100D300033B9174E33680BB9FFF7C0FF3368236030
:100D4000206808B300230360C0F89C30436001238F
:100D500080F8A4306B6C0E3B012B03D928460D495B
:100D6000FFF7C0FC0C4B9A6812B12268C2F89C30A5
:100D700020680123C0F89C30F5F31EF007480849AD
:100D80002268F5F33BF0206870BD00BF50040000FE
:100D9000A8600100716C010098600100242B87009D
:100DA00011BE800010B50023044610220A49FFF747
:100DB000F9FC00212046FAF365F7002220464FF4A3
:100DC000A051EDF76DFF054B002220469A60BDE86B
:100DD0001040FFF7A9BF00BFE5BC8000986001008C
:100DE00038B504460D4651B11020F5F39FF1044B80
:100DF000186020B180E830004FF4F063836038BDA4
:100E0000AC600100134B02461B68006810B500F48B
:100E10007041DC1E090B042C08D800F47060000A35
:100E20000E30012313FA00F0484310BD072B0CD8F5
:100E3000002010BD43F480741461146C013304F07D
:100E40007F0401346403001901E0002318468B423B
:100E5000F0D110BD5014000003684068181823F04A
:100E60000703083398428CBF002001207047000020
:100E7000044B054A186890421ABF00F108021A6034
:100E800000207047A05C0100001000002DE9F34134
:100E900090E8480023F00704083413F0070202D159
:100EA0009D19AC424AD035468068002203E0875C39
:100EB0000DF802700132B242F9D19E18A64204D94F
:100EC00000293DD0361B951B00E0002623F00707C4
:100ED000C7EB030C002204E012F8078000F8028040
:100EE00001326245F8D18218002003E01DF800703D
:100EF00017540130A842F9D15B195219E71A0020A2
:100F000004E013F800C002F800C00130B842F8D184
:100F1000002E18DD00AB5D190023EA5CCA540133D2
:100F2000B342FAD1C918E4180022C3F1080302E061
:100F3000A05C885401329A42FAD104E0104603E0E2
:100F40004FF0FF3000E00020BDE8FC812DE9F047C4
:100F50001C4B1D4C0026C4EB03081C4B4FEAA80891
:100F600003FB08F8474629E02368D4F808A023F0DB
:100F7000070900251AF8052015F809309A4202D011
:100F80000120F4F371F40135082DF3D12046FFF769
:100F900063FF88B90E4B054603EBC70A013705EB23
:100FA00009031AF805201B7A9A4202D00120F4F3B3
:100FB0005BF40135082DF2D101360C344645D3DB04
:100FC000BDE8F0879013000000100000ABAAAAAAA9
:100FD00000080000144B2DE9F0471B68134D9B6877
:100FE000134F03F00F097F1B0123124A03FA09F97B
:100FF000BB1002FB03F80026444606E02846FFF734
:101000002BFF00B9013401360C354645F6DB22468C
:10101000BB104FF0553404FB032307484946BDE895
:10102000F047F0F38DB000BF4C140000001000003A
:1010300090130000ABAAAAAAA93B010041F4003119
:1010400038B5426304460163652502E00A20F4F3E3
:1010500055F5236B002B01DB013DF7D138BD836AC9
:1010600043F0004383627047836A23F00043836246
:101070007047F8B58668054601240F4606F00F064E
:10108000FFF7F2FF14FA06F6AC62EF62002405E007
:10109000A1B228460022FFF7D1FF0134B442F7DBAA
:1010A000F8BD00002DE9F041FFF7E2FE194E1A4BA2
:1010B000DFF87080194FF61A194BC8EB07070028A4
:1010C00014BF05461D4604465D1BFFF783FF47B16D
:1010D000002140463A46F0F30DF040463946F4F31D
:1010E00083F146B100210C483246F0F303F00A4880
:1010F0003146F4F379F155B1002120462A46EFF349
:10110000F9F720462946BDE8F041F4F36DB1BDE89A
:10111000F08100BF901300000010000000080000E4
:1011200000100000C5040000424B2DE9F74F1D6878
:1011300041492846FFF79DFF404A414BA968D31A11
:10114000404A9B105A43019271D0012001F00F01D7
:1011500010FA01F18A4201DDF4F386F32846FFF725
:1011600051FE394BA0F1040B1A6899460E2A01D89A
:10117000861000E001264FF00008314C4CE0636817
:10118000013B072B01D8A36813B90120F4F36CF3DA
:101190002046FFF761FE38B9FFF76AFE074620B91F
:1011A0000120F4F361F300E0002720463946FFF701
:1011B0006DFE10B10120F4F357F3DFF87CA0A168B5
:1011C0002268D9F80030CAEB010122F00702C910E9
:1011D0000E2B96BF02EA0B02324346EA920289B214
:1011E0002846FFF72BFFA7B12268D9F8003022F07C
:1011F0000702CAEB07010832C9100E2B98BF02EA9A
:101200000B0289B28CBF324346EA92022846FFF7AE
:1012100015FF08F101080C34019B9845AFDB284607
:10122000FFF71DFF03B0BDE8F04FFFF78FBE03B01F
:10123000BDE8F08F4C14000000080000901300007F
:1012400000100000ABAAAAAA501400002DE9F74331
:101250000446FAF38BF4204600F008FA6B48EAF7EC
:101260001DF92046F2F334F600F578704FF47A73E6
:101270000730674FB0FBF3F038602046F2F328F6F2
:10128000644B654AC3186169B3FBF2F3634A2229D0
:101290001360634E634D04DDE369580601D533687E
:1012A00000E02B6803F5C2630433D3F800E0306834
:1012B0002B68222905DDE269520602D500F5C262DB
:1012C00001E003F5C262043212689645F1D022298A
:1012D00005DDE269520602D500F5C26301E003F5BF
:1012E000C2630433D3F80080EAF7B8F83168814666
:1012F00060692A681025222805DDE3695B0602D5AE
:1013000001F5C26301E002F5C26304331B6898452E
:10131000F1D0222805DDE3695E0602D501F5C2633E
:1013200001E002F5C2630433013DD3F80080E2D14D
:10133000EAF794F83A68C9EB0006B2FA82F39A40E9
:10134000191FB2FBF6F2384B01321A604FF47A7370
:10135000A2FB03233548CA400160C1F1200113FA02
:1013600001F08018ECF742FB396804230FE0B5FA6E
:1013700085F2B6FA86F0013A8242A8BF024696404C
:1013800095409B18B6FBF1F201FB1266551915F05A
:10139000404FECD0264A1360264B40F2FF321D60CE
:1013A000236A002B244BC8BF6FF07F421A60636929
:1013B000222B0CDDE369580609D5002040F62701F1
:1013C00002461E4B00900190FFF76CFB05E02046A3
:1013D0001A4920220023FFF7E5F900201849F0F30D
:1013E00001F5184D286078B10120F4F36DF2204624
:1013F0002D68F2F36DF5B5FBF0F04FF47A754543C7
:10140000114BA5F5FA651D60BDE8FE83E91E0000DD
:10141000A45C01003F420F0040420F00B4030000F3
:101420003404000024040000A8030000AC03000002
:10143000A4030000A0030000B003000019B980005D
:101440008C85020084040000800400000D4B002104
:101450001A6842F010021A601A6822F400721A60C8
:10146000094A136843F0807343F480331360074BD9
:1014700007221A6043F8041C59685A60044B202262
:101480001A60704714ED00E0FCED00E0241000E06D
:1014900000E400E070B504460E46FAF367F3204618
:1014A000F9F3FCF60546EAF75BFD40F62A01024631
:1014B0002046FAF395F48269436926B142F000426E
:1014C00043F0004303E022F0004223F00043826136
:1014D000294643612046BDE87040FAF38FB42DE9F8
:1014E000F84304461E4690460D46FAF33FF3204665
:1014F000F9F3D4F64146324607462046FAF370F433
:101500002046FAF345F00646EAF72AFD40F62A019E
:1015100002462046FAF364F44FF00108814685B193
:1015200008FA06F5836933EA050502D14046E9F772
:1015300087FF01360120B040E9F774FFC9F8185061
:101540000EE0701C08FA06F608FA00F0E9F778FFDA
:101550004046E9F767FFD9F818301E43C9F818600C
:1015600020463946BDE8F843FAF348B4034630B1A3
:10157000002000E01046421C5B08FBD1704770471A
:101580000346032B10B510460C461DD8FAB1022BAA
:101590000BD0032B14D0012B03D0FFF7E7FF0D4B2B
:1015A00006E0FFF7E3FF0C4B02E0FFF7DFFF0B4B1A
:1015B000186043F8044C5A6804225A60002010BD99
:1015C000FFF7D4FF064BF3E76FF0010010BD6FF09B
:1015D000010010BD241000E0341000E0441000E0D1
:1015E000541000E050B1431E034207D0002300E036
:1015F00013465A1C4008FBD1012098407047000058
:1016000070B5EAF7E3F90446EAF7DAF9164E24185A
:1016100026F4FE4626F0FF0606F50046A41B1ED063
:101620000125B4F5004F0FD3284631464FF4004250
:10163000FFF7A6FFB0B90135EDB2042DA4F50044C3
:1016400006F50046EDD170BD20465CB1FFF7CAFF3C
:10165000314602462846BDE87040FFF791BF4FF083
:10166000FF3070BD70BD00BF8C6A03002DE9F843E8
:101670000446FAF37BF2204640F60E010022FAF30C
:10168000AFF30546002838D02046FAF36BF2014646
:1016900018B920460A46F9F3F5F520462F68D5F823
:1016A0000080F9F303F60428064605D825D108F48E
:1016B000E028B8F5403F20D100205049F0F392F3E4
:1016C000D8B907F0F0073F090FE0013F072E2F615F
:1016D00008D90C2E06D02B6C03F44063B3F5406F91
:1016E00000D010B1464B01206B61002FEDD1D5F831
:1016F000E83123F01003C5F8E831EAF731FC40F691
:101700002A0102462046FAF36BF33E4D0646286056
:10171000EAF726FC314602463B48EFF311F5204636
:10172000F9F3C4F5394B18602B681A6842F08072DF
:101730001A601A6842F002021A600022C3F8E0211F
:101740006269272A05DDD3F8E02142F04002C3F8A0
:10175000E02140F2DD5602E00A20F4F3CFF12B68DD
:10176000D3F8E0319B0301D4013EF5D100210B46B3
:1017700020464FF40062FFF7B2FE00210B462046E0
:1017800040F61202FFF7ABFE00210B46204640F662
:101790002902FFF7A4FE20460121FFF77BFE00206F
:1017A0001B49F0F31FF300B32046F9F377F5064623
:1017B000EAF7D6FB40F62A0102462046FAF310F378
:1017C000D0F814900746D0F898802046F9F366F5D3
:1017D0000123834043EA09037B6148F00103C7F812
:1017E000983020463146FAF309F32B681A6A42F022
:1017F00003021A62BDE8F843FFF702BF97850200B3
:10180000FF7F0121B0600100BB3C0100B860010016
:10181000A28502000721C0F8A4114021C0F8A81138
:101820004FF4F061C0F8C8111821C0F8CC1108219C
:101830000122C0F8D01106210A23C0F89C21C0F86B
:10184000B021C0F8DC11C8221C21C0F89831C0F8C2
:10185000B42120231022C0F8E0110C21C0F8A031DF
:10186000C0F8BC31C0F8C031C0F8C421C0F8D431D0
:10187000C0F8E4110323C0F8E8210421C0F8F021E6
:101880000022C0F8D831C0F8EC11C0F8F421C0F83B
:10189000FC21C0F80032704741F2E443984206D17F
:1018A00044F2F4300B1A584240EB0300704700201A
:1018B0007047D0F81C1238B5044659B1806804F05E
:1018C000D0FB0546D4F81C02F4F33CF40023C4F822
:1018D0001C3200E00D46284638BD7FB5044606237D
:1018E00084200393F4F31CF4C4F81C02B8B1002163
:1018F0008422EFF3FFF300251C23A068D4F81C1208
:1019000003AA0095019504F061FB0646013008D159
:10191000D4F81C02F4F316F4C4F81C5201E04FF0A2
:10192000FF36304604B070BD2DE9F04104460D4647
:101930001646984640F2E93702E00A20F4F3DEF05A
:1019400063691A6D002A04DA013FF6D13846BDE812
:10195000F081069A46443602B2F1807F46F0004696
:1019600003D12A7842F08072B6181E6540F2E9363B
:1019700002E00A20F4F3C2F063691B6D002B03DB65
:101980002B700120BDE8F081013EF2D13046BDE868
:10199000F08100002DE9F0438BB01D46DDF8489042
:1019A0009F4B0846C3F8009011461746FFF774FF97
:1019B000002800F030814FF40B70F4F3B1F30446CB
:1019C000002800F0298100214FF40B72EFF392F30D
:1019D000A560C4F814902046FFF71CFF914B1E68C9
:1019E000C4F818621EB13678003618BF012604F11B
:1019F0002808404602214122F0F382F4002300939C
:101A000001930293384629464A46139B06F024FB6D
:101A1000E060002800F0FA80F9F338F42060E06814
:101A2000F9F344F46769804A7B68804903F0010355
:101A300083F00103D4F800C0002B18BF114684F8CE
:101A40007A3140F629039C456060D4F808E0E268EA
:101A500007F5007303D110B107F5087701E007F52A
:101A600004770097D4F8BC010190D4F8C00102902B
:101A7000D4F8C80103904FF0FF300490D4F8C401AB
:101A800005900820069000200790704604F04EFC58
:101A90006062002800F0BA80D4F81812644FB9B11F
:101AA0000B78ABB1D7F8B030984762492246D4F8EA
:101AB0001802F0F32DF3D4F818025F49224604F01F
:101AC000F1FA2EB12046FFF708FF002840F09E8073
:101AD00002210A46D7F8B830606A984720460021AC
:101AE000E2682B4600F06EF92061002800F08E803D
:101AF00000210B462046514AF3F336F50023C4F883
:101B0000940184F87D314E48F5F304F010B3EFF3FF
:101B100047F5012383404B48C4F88431F4F3FAF7C6
:101B200010B1EFF33DF508B1D4F88401C4F8880191
:101B300045490020F0F356F1030CA4F88C31A4F8C9
:101B40008E013BB100212046404A0B46F3F30CF5D1
:101B5000C4F8900100203E49F0F344F1012808BF89
:101B600084F822022046F6F391F4002835D00020B4
:101B70000125C4F8A40184F82A523649F0F332F161
:101B800020B184F805523448EFF3DAF200203349EB
:101B9000F0F328F1C0B28DF8260068B100F00F0014
:101BA0004FF080730AA901F8020D4FF440720093C0
:101BB00020460F23FFF7B8FE0AA9082301F8013DCC
:101BC000636900221D6F1A674FF0807300932046EF
:101BD000F023FFF7A9FE63691D67214922462148CA
:101BE000F4F30CF12048F3F3ABF7204B04F58472C7
:101BF000511C1A600332DA60D4F8F020596004F501
:101C000085719960C3F810805A6105E02046F4F3AD
:101C100099F2002400E0044620460BB0BDE8F083B2
:101C20008804000044040000B9850200CB8502004E
:101C300010A7880051E78000CDE7800091F0800078
:101C4000E08502000A86020002860200EDE68000BE
:101C5000D5850200C1850200E9850200AD8502003C
:101C600095E68000E03C0100F9E28000BC600100E4
:101C700038B50025044680F87951006900F0DEF897
:101C80002046F6F3F5F5E0682946F9F3F9F2D4F8C1
:101C9000940128B1F3F3ECF3D4F89401F3F312F4C4
:101CA000D4F8900128B1F3F3E3F3D4F89001F3F3FF
:101CB00009F4E06805F078FFD4F81C3223B11B78F2
:101CC00013B12046FFF7F5FD2046BDE83840F4F398
:101CD00039B210B58469A068FFF7CAFFE06805F063
:101CE00061FD002010BD000010B584690021342280
:101CF00004F11C00EFF3FEF1034BA0686362246261
:101D0000F6F32AF3002010BD91F680002DE9F34789
:101D1000274D99462B680646072B0F46924640DC16
:101D200005F032FD80465020F4F3FAF10446002815
:101D30003AD000215022EFF3DDF12B68A4F8149083
:101D400084E848002761C4F80C80204641F2E44151
:101D50004A4643468DE88004FFF71CFEA06010B39E
:101D600000200A990B9A134B8DE84004FEF79AFE67
:101D7000074618B1A068FFF77BFF12E0A068F6F3F2
:101D800067F12B68A0610F210B4A3046EFF318F280
:101D9000F7730A483146EFF3D3F12B6801332B6018
:101DA00002E0002400E004462046BDE8FC8700BFB6
:101DB000D4600100C1F68000338602001386020061
:101DC000F4F3C0B12DE9F0411B4F98463B7805462E
:101DD000072B144626D85420F4F3A2F1064610B37C
:101DE00000215422EFF386F13B78002286F844303C
:101DF00001333B700123B46086E82001A6F84C2033
:101E0000A6F85020A6F84E20A6F85220B36404206D
:101E1000F4F386F10446306440B100210422EFF36C
:101E200069F100E000263046BDE8F0813046F4F369
:101E300089F12646F7E700BFD8600100C26B1AB1EE
:101E400000235362826B5362C068FFF7B9BF000082
:101E5000054A064BD17E1970117F5970517F9970D8
:101E6000927FDA70704700BF8C6A030090600100B7
:101E70002DE9F04F8FB0E9F7A9FD474E474D336884
:101E8000049005932B68B3F5805F00F28180444F86
:101E900044493868EFF3A6F701287AD02B68DFF8B9
:101EA0001C910393D9F8003000240693DFF81081C9
:101EB0002368DFF810A10793D8F80030DFF808B1E5
:101EC0000893DAF80030384A0993DBF80030D7F885
:101ED00000C00A93354B126819680C920B91344973
:101EE000301D0968039A0D916146CDF808C0019331
:101EF000EFF37CF021462A683868EFF3FBF02D4AB7
:101F0000019BCAF800202849294A04981C601460E3
:101F10000C604FF0FF32311A3C60C9F800402C6071
:101F2000C8F80040CBF80040EFF38CF70599019B0F
:101F3000CA439042DDF808C029D1039A06992A6065
:101F4000C9F8001021681C4AC7F800C01160079A40
:101F500008992260099AC8F80010CAF800200A9966
:101F60000B9ACBF800101A600F490C9B039A0B6078
:101F70000D9B0F4960460B60311DEFF337F02A6867
:101F8000301D21460FB0BDE8F04FEFF3B3B0FEE7D0
:101F9000FEE70FB0BDE8F08F8C6A03009C5C010087
:101FA000985C0100828602004C1400004814000076
:101FB00050140000DDBAADBB38140000945C010081
:101FC0004414000034140000401400007047000066
:101FD000774B2DE9F04F1B6891B0043B012B03D8E0
:101FE000744B1868FFF7F2FFFEF7D2FD002104469C
:101FF000F9F334F720460021F9F300F7054658B10C
:102000002046F9F3B3F52B6A002B05DA2046F9F3E5
:10201000ADF54FF000432B62E9F7CBFF2046F9F313
:10202000CBF00EA90822EFF3F1F202462046D4F8D5
:1020300040B00B92F9F38CF082462046F9F388F019
:1020400081462046F9F384F080462046F9F3EEF00D
:1020500007462046F9F3EAF006462046F9F3E6F093
:1020600005462046F1F334F7014620460C91F1F382
:102070002FF784462046CDF834C0F1F329F70B9AA8
:102080000C99DDF834C0029208F542484A4A05F539
:10209000424500F542400AF5424A09F5424908F531
:1020A000A87807F5424706F5424605F5A87501F5FB
:1020B00042410CF5424C00F5A870B8FBF2F8B5FBB4
:1020C000F2F50CF5A87CB0FBF2F00AF5A87A09F558
:1020D000A87907F5A87706F5A87601F5A871B1FBF0
:1020E000F2F1DFF8F8E0BAFBF2FA02FB1899B7FB5D
:1020F000F2F702FB156602FB10C2CDF804E0DFF830
:10210000E0E02E4BB2FBFEF2B9FBFEF9B6FBFEF6A9
:10211000089109922A492B4A2B480093CDF80CB01C
:10212000CDF810A0CDF8149006970796EFF308F0BD
:10213000264840F60D0144F2F432FEF785FC38B132
:10214000224840F6290144F2F432FEF77DFC20B922
:102150001F4A204B1D4D1A6000E00025204605F067
:102160001BFE44F218334FF6FF72904214BF024632
:102170001A4640F612011848FEF766FC1649002878
:1021800018BF00214DB141B1124B28461B685B6856
:1021900098472B6928465B6898472046F9F3E6F490
:1021A0002946FEF71DFE204611B0BDE8F08F00BFA6
:1021B000501400004C14000040420F007D860200C5
:1021C0003F8602007E86020044860200A85C010071
:1021D000D45C01008C040000945D010040390100D2
:1021E000A0860100084670472DE9F04FD1F8FC3079
:1021F00091B00B9303F560630446099371E10E22DD
:10220000002320460BA9E8F3DBF50F2807462046FC
:1022100002D1E8F373F56CE100220BA91346E8F351
:10222000CFF510F00E0F40F061818B4E3A0D3E401D
:1022300040F23B43360A00F4F8789A4208924FEA9B
:10224000181804D140F6FF739E4200F04A8100F452
:1022500078534FEA532B002B00F0438100F4F82A07
:1022600000F47803DB0C4FEA9A3A13EB0A02079367
:1022700025D140F267339E4214D10CAB01930DABD4
:1022800002930EAB03930FAB049320460BA91346A6
:102290000092E8F335F5002800F023810C9BC4F888
:1022A00058331EE140F2DC539E4208D040F20B53FB
:1022B0009E4204D040F627039E4240F01281D4F89B
:1022C000D050314605F1B60344F8237005F1C6033A
:1022D00044F823002046FFF785FF04EB8503C3F88D
:1022E000D40000270BE0012220460BA91346E8F397
:1022F00067F500F00E00022840F0F88001374745EE
:10230000F1D10CAB01930DAB02930EAB00270393FD
:102310000FAB049320460BA93A463B460097E8F3DF
:10232000EFF420B1B94627E04FF0010900E0814603
:10233000402300930CAB01930DAB02930EAB0393C0
:1023400000220FAB049320460BA91346E8F3D8F400
:102350000028E9D1B9F1010F0ED00D9B002B40F000
:10236000C5800F9B002B40F0C1800E9AB2F5805FB4
:1023700040F0BC809946DBE70C9A04EB8503C3F878
:1023800014210E9A0127C3F8D4210CAB01930DAB95
:1023900002930EAB03930FAB0022049320460BA9CC
:1023A0003B460092E8F3ACF460B1012F0AD10E9BDA
:1023B000B3F5805F06D10C9904EB8502C2F8941145
:1023C000C2F8143201370028DFD137464FF0010838
:1023D0002E4617E00025002300930CAB01930DABB4
:1023E00002930EAB03930FAB049320460BA9424616
:1023F0002B46E8F385F408B10135ECE7002D75D0E4
:1024000008F10108D845E5D135463E4600271FE0D2
:10241000C02300930CAB01930DAB02930EAB03935F
:102420000FAB049320460BA93A460023E8F368F467
:1024300000285BD00F9B002B58D10E9BB3F5805F1B
:1024400054D127B90C9A05F1A60344F8232001378B
:102450005745DDD1002739E000FF0F0080230093AE
:102460000CAB01930DAB02930EAB03930FABBBF11F
:10247000010F0CBF3A467A1C0493204600230BA997
:10248000E8F33EF4089A40F23B439A420DD140F201
:1024900035139E4209D1D4F870330C9904EB8302B2
:1024A0000133C2F87413C4F87033F8B10F9BEBB961
:1024B0000E9BB3F5805F19D1BAF1000F05D127B992
:1024C0000C9A05F1A60344F823200137079B9F428D
:1024D000C4D1B9F1000F04D1D4F8D0300133C4F81D
:1024E000D0300B9B099A9342FFF489AE0023C4F8C5
:1024F000D03011B0BDE8F08F10B5D0F870230023B4
:1025000006E0D0F870134FF44C74C1F80049013361
:1025100004309342F5D110BD2DE9F843002704465D
:10252000154699460E46B84609E030460021042279
:10253000EEF3E0F50137C6F80080B04676194F4556
:10254000F3DBC4F80080BDE8F88370B50D4604469F
:10255000D8B1D1B10E68C6B1B389CBB9738A03F0D3
:102560000303012B03D1F06908B1F3F3EBF5738A90
:10257000201D23F0040373823146EDF361F72389B4
:102580000020013B2381286070BD6FF0010070BD09
:102590006FF00F0070BD2DE9F74F0C9F01911646AB
:1025A0009A46DDF834B0BDF838900546002857D07B
:1025B0000F9B002B54D0002952D0002A50D0BBF1E1
:1025C000000F4DD09BF80030002B49D000F10408DB
:1025D0004046EDF341F70446002844D0B9F1010F1D
:1025E0000BD157B906FB0AF0F3F39AF5074638B951
:1025F00040462146EDF324F735E04FF0000800E0B7
:102600008046002124222046EEF374F5019B082227
:10261000A360638A204623F0030349EA030343F0DF
:10262000040363825946EEF33DF60023B9F1010F2E
:10263000E3710CD1A4F814A0C4F81C80A66104F1C5
:102640002000394632465346FFF766FF01E0EB684B
:1026500063612B89002001332B810F9B1C6004E0F8
:102660006FF0010001E06FF01A00BDE8FE8F2DE968
:10267000F84307460E461546002A2DD000282BD0D9
:10268000002929DD1020F3F34BF5044640B3002167
:102690001022EEF32FF5E760242707FB06F9668189
:1026A0004846F3F33DF5804630B92046F3F34AF54A
:1026B0006FF01A00BDE8F88300214A46EEF31AF5E0
:1026C000204640F8048B41463A463346FFF724FF44
:1026D0002C600020BDE8F8836FF00100BDE8F883AE
:1026E0006FF01A00BDE8F88370B5064660B1046863
:1026F00054B125895DB92068F3F324F52046F3F33E
:1027000021F53560284670BD6FF0010070BD6FF097
:102710000F0070BDFFF719BF1FB50024019203938E
:102720000A46234600940294FFF735FF04B010BD1B
:10273000FFF70BBF51B1032902D80423136003E054
:10274000033121F003011160002070476FF0010098
:1027500070472DE9F04186B005460C461E46DDF86F
:102760003080174612B31BB1B8F1000F03D11DE042
:10277000B8F1000F1AD12846214605AAFFF7DAFF63
:10278000B0B92EB1059B7B4398450FD3B3070DD14C
:102790000D9B28460193012302930E9B2146039330
:1027A000059A3B460096FFF7F6FE01E06FF0010048
:1027B00006B0BDE8F08110B5044690B1C36823B1FE
:1027C000406804F10C01FFF7A5FFA36823B160681E
:1027D00004F10801FFF79EFF2046BDE81040F3F327
:1027E000B1B410BD2DE9FF41074610200D46164635
:1027F0009846F3F395F40446F8B100211022EEF365
:1028000079F4124A27606560019204F108020023FE
:10281000029228460C2132460093FFF79AFF0346A6
:1028200058B90B4A0090019204F10C02029228461A
:102830000C214246FFF78DFF18B12046FFF7BBFF82
:102840000024204604B0BDE8F08100BF908602005D
:1028500088860200FFF7AFBF80697047008A40009A
:1028600070470000808ACB69B2FBF0F300FB1322B3
:10287000D2B242F000421B0642EA13438B610023AE
:1028800000E001338869094A002802DA9342F8D14E
:1028900006E0934204D0C30005D4C0F340707047F3
:1028A0004FF6FF7070474FF6FF70704780969800A4
:1028B00010B58468002364694B61302CC4BFD1F823
:1028C000F43003F47E03C1F8F430BDE81040FFF7A4
:1028D000C9BF2DE9F041002480460F461601254668
:1028E00040463946AA19FFF7E3FF4FF6FF739842B7
:1028F00006D0A84001350443102DA4B2F0D100E069
:1029000004462046BDE8F081BF230B80FF231380DF
:102910007047013906291DD8DFE801F0040A1C1CA4
:10292000101C17002023438240238382802310E061
:102930004023438283824FF480730AE06023438202
:10294000402383824FF4C07303E01023438240236B
:10295000838203820020704701390A2919D8DFE8F1
:1029600001F006080A0C0E1810181818130040235E
:102970000CE060230AE0802308E0A02306E0C023E7
:1029800004E04FF4807301E04FF4C07343822023CE
:102990008382838A428A53431B110382002070473B
:1029A0006FF01600704770B50446058A8068F8F32A
:1029B00075F400210646A068F9F320F2A268536975
:1029C000222B05DDC36C9B059B0D0733DB08A3851C
:1029D00010463146F9F312F2A38D6D00E81A023861
:1029E00070BD70B5044680680D461646F9F394F044
:1029F00030B1204629463246BDE87040FFF769BF36
:102A000006F5806635F8160080B270BDF8B504464C
:102A1000806816460F46F8F341F400210546A06889
:102A2000F9F3ECF13A4601462046FFF7DAFF294672
:102A30003080A068F9F3E2F10020F8BD01392DE9FA
:102A4000F84F044691461E460E2971D8DFE801F082
:102A500008187028707070347070707070703B005F
:102A600090F82E20838B0AB1C58C00E0C58BED1A3F
:102A7000A369D9052ED53368AB4233D3A78B36E093
:102A800090F82E20038C0AB1C58C00E0458CED1A1D
:102A9000A3699A051ED53368AB4223D3278C26E061
:102AA00083694FF0020513F4806F13D03368012B54
:102AB00018D9876A02371AE0878CC58C8369ED1BA9
:102AC00013F4006F05E0878BC58C8369ED1B13F44D
:102AD000407F04D135606FF01D00BDE8F88F33688A
:102AE000AB4204D235606FF00D00BDE8F88FA068EE
:102AF000F8F3D4F300218346A068F9F37FF14FF097
:102B00000008824609E008EB070220465146FFF71D
:102B100068FF08F1010829F8020BA845F3D1A06865
:102B20005946F9F36BF1C6F800800020BDE8F88F34
:102B30006FF00100BDE8F88F73B50023ADF80430E5
:102B4000ADF80630836804465B690D46272B05DD2A
:102B5000CB691B051B0D1B11043B06E01B2B06D884
:102B60004FF492629A4002D50C2383620EE0242B2C
:102B700001D0272B04D1238A7F2B05D80C2304E016
:102B8000172B01D0182B01DD1423A362EB6903F48A
:102B9000E023B3F5803F0ED04FF00443AB61002338
:102BA00000E00133AA69002A2E4A02DA9342F8D1E2
:102BB00057E0934255D02B69A26AA36103322046A5
:102BC0002946FFF70EFF284BA26900090340134373
:102BD000A36103F440730022B3F5407F84F82E20F4
:102BE00002D1012384F82E30A36A0DF106020433CA
:102BF000A383238A2046E383E38401A9FFF784FEAD
:102C0000BDF80620BDF80430D61AB6B216B1E3837B
:102C10006384A284A369DB050AD520462946A26AFB
:102C2000FFF7DFFE000980B200B1E083E38B00E034
:102C3000A38B2384AEB92046FFF7B5FEA36900EB52
:102C4000D07040106084980509D5A26A20462946B4
:102C50000132FFF7C6FE00096084A08401E0238CE6
:102C6000A3847CBD8096980000FFFF00F8B54369FF
:102C70000546152B01D0162B3CDD2846F8F340F70E
:102C80000646002836D12846F8F33CF7002833D012
:102C90002846F8F303F3314607462846F9F3AEF029
:102CA0000646EAF7FDF86B690446302B04DDF1694E
:102CB00001F47041090B03E0A96901F46011C90C2A
:102CC00091B1F36903F4E0231B0C012B03D12046DF
:102CD000FFF742FE03E013B92046FFF71AFE204635
:102CE0003146FFF729FF00E00C4628463946F9F344
:102CF00085F002E0002400E004462046F8BD08B557
:102D00004368DB68984708BD08B543681B68984767
:102D100008BD73B5002604460196EAF7C1F84C22B7
:102D200031460546EEF3E6F16369152B2B6001D0C1
:102D3000162B02D9EAF7B8F868606B68D3B1AC60BB
:102D40002046F8F313F7E8602046F8F3DBF6064672
:102D500020B92046012101AAF8F30AF76B68204642
:102D60001B699847054636B92046314601AAF8F353
:102D7000FFF600E01D4628467CBD2DE9F743994645
:102D8000002304460F4690460193F8F3BBF6054630
:102D900020B92046012101AAF8F3EAF62046F8F30B
:102DA000B1F678B12046F8F3ABF658B92046FFF7F4
:102DB000B0FF50B1436839465E6942464B46B04762
:102DC000064604E06FF0180601E04FF0FF3625B923
:102DD0002046294601AAF8F3CBF63046BDE8FE832B
:102DE00082604160016070472DE9F041541A012C66
:102DF0000F461E46069D0EDD2046F3F391F18046F8
:102E000070B139462246EEF3F1F0C6F8008000209A
:102E10002C60BDE8F081002018602860BDE8F081DA
:102E20006FF01A00BDE8F0810EB4F3B58168044676
:102E3000012945D908AB4068079A0193EEF3A8F23F
:102E4000431C064603D0A368023B984202DD0020E3
:102E5000A06036E060683D21EEF3CAF140B36768D8
:102E60002568C71B21E028463A46EEF3ABF0B0B91F
:102E7000EB5D3D2B13D12846EEF3E8F16268471C69
:102E8000731CDB1B521BE919D2182846EEF30EF116
:102E90006368DB1B6360A368DF19A76008E02B464B
:102EA00013F8012B1D46002AFAD161688D42DAD34E
:102EB000A368701C1B1AA36063681B18636000E0A2
:102EC0000020BDE8FC4003B0704700002DE9F04F42
:102ED000BBB01A9019911B921893002B02F01C871B
:102EE0004FF48050F3F31CF11290002802F0148785
:102EF00037A812994FF48052FFF772FF00214FF468
:102F000080521298EEF3F6F0189A1168D9B10B7846
:102F1000CBB1449A1368022B03D814E0013A026043
:102F200000E0449802688B1813F8014C1CB913F8A0
:102F3000023C002BF2D01298EEF358F04499389AE4
:102F40000B68D318389300238DF89C304FF0FF3274
:102F50001593139301231192169302F0A8BE1999A9
:102F6000012251F8046B00231991179214931799B9
:102F700049B1F25C5F1C1092013AD2B2FD2A0FD81F
:102F8000F55D9F1C0DE0F15C4A1ED2B2FD2A109146
:102F900003D880220D46109200E0179D5F1C00E0D0
:102FA00000257B19B3F5607F82F27E86109B202B73
:102FB00028D005D8152B0BD01B2B42F0708664E06F
:102FC0001099222935D030D3802942F0688667E0F5
:102FD000F3195A78F35D1202D318072B12DDBC1CCB
:102FE00034192246E14937A8FFF71EFF2046EEF3C9
:102FF0002DF1FA1C1218DE4937A8B218FFF714FF9A
:1030000002F04DBEF4196278F35D1202D21837A8AF
:10301000D849FFF709FFE378A2781B0237A8D64901
:103020009A18FFF701FF02F03ABEF25D149202F027
:1030300036BE149B0C2B02F02D869DF89C30002B85
:1030400042F02D86F35D042B42F0298607F1020839
:1030500006EB08042046EEF3B9F6002842F01F867E
:1030600016F80830DB0702F11A8627A92046EEF38E
:1030700025F31199013142F01286F3199A79DB791F
:103080001202D318119302F00ABEF319DA799B7970
:1030900037A8BA4943EA0222FFF7C6FE02F0FFBD95
:1030A000F35DF4198F2B02F2FA8501A252F823F096
:1030B000399301006B9301005594010015990100AB
:1030C000F19A0100D5980100539801007198010010
:1030D0007B940100199B01008D9B0100B59B0100B1
:1030E000C99B010057BC01003B9A0100BB9801003D
:1030F000F7970100619C0100A19C01004B93010026
:10310000E19C0100EF9C0100119D01001F9D010049
:1031100017930100D992010057BC0100FD940100F2
:103120002D9D01001195010057BC010057BC010005
:1031300057BC0100439D0100879D01009B9D01003C
:10314000BD9E010081A0010057BC010057BC0100D9
:1031500025A20100C9920100B9920100A9920100C3
:103160009FA30100B3A30100C7A30100DBA30100DB
:1031700057BC0100E99B0100EF94010057BC01001E
:1031800057BC0100ED930100A7A60100EFA30100C9
:103190006B9D0100799D0100B5A601001DB40100E1
:1031A00057BC010057BC010057BC010057BC0100CF
:1031B0001D95010047A4010071A40100B3A4010002
:1031C000F1A401002FA501006DA50100ABA5010030
:1031D000E9A50100FDA5010057BC0100C59501004E
:1031E00057BC010057BC010057BC0100D797010034
:1031F0003195010057BC010057BC010057BC0100CC
:1032000057BC010071B4010057BC01000B980100CC
:103210002BA70100FBA7010051A901003BAA010057
:1032200025AB01005FAB0100E7AB010035AC01004D
:1032300043AD0100CDAE010079AF010025B0010022
:103240008FB401007B9601003B97010071B0010033
:10325000ADB10100B9B20100C5B30100D5B40100A0
:10326000AFB60100E7B4010005B5010023B50100C8
:1032700041B5010053B5010065B5010077B5010006
:1032800089B50100F3B50100FFB501000BB60100DF
:103290002FBC010057BC010057BC010057BC010006
:1032A00057BC010057BC010057BC010057BC0100CE
:1032B00057BC010057BC010011A6010085A6010002
:1032C00057BC010057BC010001B7010069B70100FC
:1032D000EFB7010075B80100A1B90100B3B9010051
:1032E000BFB90100E9B90100E1BA0100D9BB010091
:1032F0004FEA950A5FFA8AFA4FF0000801F03CB8ED
:103300004FEA55095FFA89F94FF0000801F005B856
:103310004FEA55095FFA89F94FF0000800F0EBBF5A
:1033200007F1010806EB08042046EEF34FF50028EC
:1033300042F0B58416F80830D80702F1B084204670
:1033400027A9EEF3BBF1119B013342F0A884F319D6
:103350005A799B791202D318119302F0A0BCA3787A
:1033600062781B029A18119202F099BCDE93020057
:1033700005890200378F0200748A0200439202001E
:10338000647837A8A54922461694FFF74DFD02F050
:1033900086BCE37822791B0443EA0263627837A88B
:1033A0001343A2789E4943EA0222FFF73DFD02F053
:1033B00076BCA27863781202D2189A4937A8FFF730
:1033C00033FD2279E378120237A89749D218FFF724
:1033D0002BFD062D42F26384A2796379120237A88D
:1033E0009249D218FFF720FD082D42F25884237A23
:1033F000E2791B0237A88E499A18FFF715FD0A2DAE
:1034000042F24D8407F10A0807F1090416F8082072
:10341000335D1202D21837A88649FFF705FD16F86A
:103420000830325D1B0237A883499A18FFF7FCFC6D
:1034300002F035BC814B0622B5FBF2F21A704FF058
:103440000008994624E0434610217D4A1DA8EDF36B
:10345000B7F6434610217B4A2FA8EDF3B1F6637807
:10346000A2781DA943EA022237A8FFF7DDFC6379A1
:10347000A2791B0443EA0263E27837A81343227956
:103480002FA943EA0222FFF7CFFC08F10108063416
:1034900099F800309845D6DB02F001BC022D06D128
:1034A00037A869496278FFF7BFFC02F0F8BBA37840
:1034B00062781B0237A864499A18FFF7B5FC02F03E
:1034C000EEBBA27863781202042D1A4405D9237941
:1034D000E1781B0609045B181A4337A85B49FFF71C
:1034E000A3FC062D42F2DB83F3199A795979120273
:1034F000082D0A4405D9197ADB7909061B04C91875
:103500000A4337A85249FFF78FFC0A2D42F2C783BE
:10351000F3199A7A597A12020C2D0A4405D9197BAB
:10352000DB7A09061B04C9180A4337A84949FFF783
:103530007BFC02F0B4BB37A847496278FFF774FC04
:1035400002F0ADBBA37862781B0237A83A499A18FB
:10355000FFF76AFC02F0A3BB01350021EDB2179121
:1035600002F09DBBA378627837A83C4942EA032267
:10357000FFF75AFC02F093BB94F803A023794FEABB
:103580000A4A4AEA036A6378B5F1050B4AEA030A74
:1035900048BFA5F1020BA3784FEAAB0B4AEA032A16
:1035A0005FFA8BFB4FF0000824E043441021244ACB
:1035B0002FA8EDF305F699F8003010214344214A75
:1035C0001DA8EDF3FDF552462FA937A8FFF72CFCF7
:1035D000E37822791B0443EA0263627837A8134335
:1035E000A2781DA943EA0222FFF71EFC0AF1040A91
:1035F00008F10108DFF844900434D84599F8003008
:10360000D3DB9B4489F800B002F049BB0B4BEA08BE
:103610001A704FF0000899464DE000BF2C9402004C
:1036200034900200628D02005A9402008E8A0200D9
:103630008D87020088900200FF8F02002861010040
:10364000003E01000B3E01001F930200D98D0200D5
:10365000238A0200348A0200298B0200AF8D020007
:1036600043461021B14A1DA8EDF3AAF543461021A7
:10367000AF4A2FA8EDF3A4F5E37822791B0443EABF
:10368000026362781DA91343A27837A843EA022295
:10369000FFF7CAFBE379227A1B0443EA02636279EB
:1036A00037A81343A2792FA943EA0222FFF7BCFBF4
:1036B00008F10108083499F800309845D0DB02F091
:1036C000EEBA94F803A023794FEA0A4A4AEA036A59
:1036D0006378B5F1050B4AEA030A48BF05F1020B0E
:1036E000A3784FEAEB0B4AEA032A5FFA8BFB4FF011
:1036F00000083BE0434410218C4A2FA8EDF360F50D
:1037000099F80030102143448A4A1DA8EDF358F57A
:1037100099F8003010214344874A33A8EDF350F55F
:1037200052462FA937A8FFF77FFBE379227A1B04C3
:1037300043EA0263627933A91343A27937A843EAC3
:103740000222FFF771FBE37A227B1B0443EA026348
:10375000627A37A81343A27A1DA943EA0222FFF72F
:1037600063FB0AF1080A08F101080834DFF8CC917C
:10377000D84599F80030BDDB9B4489F800B002F0D1
:103780008EBA6E4B0C22B5FBF2F21A704FF00008A5
:1037900099463EE043461021644A33A8EDF310F504
:1037A00043461021634A1DA8EDF30AF54346102154
:1037B000614A2FA8EDF304F5E37822791B0443EA6C
:1037C0000263627833A91343A27837A843EA02223E
:1037D000FFF72AFBE379227A1B0443EA026362794A
:1037E0002FA91343A27937A843EA0222FFF71CFB53
:1037F000E37A227B1B0443EA0263627A37A813430D
:10380000A27A1DA943EA0222FFF70EFB08F1010884
:103810000C3499F800309845BCDB02F040BAE378EC
:1038200022791B0443EA0263627837A81343A27823
:10383000434943EA0222FFF7F7FA02F030BAA378CD
:10384000627837A83F4942EA0322FFF7EDFA02F017
:1038500026BA4FF00509B5FBF9F95FFA89F94FF07F
:10386000000816E063781021374A2FA8EDF3A8F47A
:10387000237962791B0443EA0263A27837A81343D1
:10388000E2782FA943EA0222FFF7CEFA08F10108F5
:103890000534C845E6DB02F002BA37A82B49627846
:1038A000FFF7C2FA022D42F2FA8137A82849A2781E
:1038B000FFF7BAFA02F0F3B9002237A82549637876
:1038C000FFF7B2FA022D42F22D82012237A82149D8
:1038D000A378FFF7A9FA032D02F02482022237A869
:1038E0001C49E378FFF7A0FA042D02F0D6810322E9
:1038F00037A818492379FFF797FA0122139202F0AB
:10390000CEB9627837A81249FFF78EFA37A8114965
:103910000122A378FFF788FA02F0C1B937A80E494F
:103920006278FFF781FA02F0BAB900BF003E0100E9
:103930000B3E0100163E0100223E010028610100FD
:1039400045870200299002002E3E01006A8A02008B
:10395000319102009C8702005A8B0200AB1E0E2B95
:1039600002F29D8101A151F823F000BF619901008D
:1039700057BC010057BC010057BC010057BC0100F7
:10398000D9990100A7990100879901006F99010059
:1039900057BC010057BC0100D9990100A79901004B
:1039A000879901006F99010037A8A9496278FFF74C
:1039B0003BFA02F074B937A8A649627AFFF734FAE5
:1039C0000C2D8CBF4FF009084FF0000801E04FF0BC
:1039D0000008F31937A89E491A7AFFF725FA0C2D2B
:1039E00007D9B8F1000F08BF4FF0080801E04FF009
:1039F000000807F10709984916F8092037A8FFF7CA
:103A000013FA002237A8954916F80930FFF70CFA87
:103A10000C2D07D9B8F1000F08BF4FF0070801E0DF
:103A20004FF000084FF00009A27863788C49120229
:103A3000494437A8D21809F10909FFF7F5F902340A
:103A4000B9F11B0FF0D10C2D42F22981B8F1000F12
:103A500008BF4FF00608834CB844B04404F1240971
:103A600098F8022098F801301202214637A8D2189F
:103A70000C34FFF7D9F94C4508F10208F0D102F0F7
:103A80000EB9142D19D0172D03D0132D42F0078134
:103A900019E006EB0708744998F8162037A8FFF7D5
:103AA000C3F9724998F8152037A8FFF7BDF937A870
:103AB0006F4998F81420FFF7B7F9F31937A86D4943
:103AC000DA7CFFF7B1F9A946A2464FF00008254677
:103AD000AA786B7868491202414437A8D21808F1D5
:103AE0000908FFF7A1F90235B8F11B0FF0D14D46D7
:103AF0004FF00008227AE37960491202414437A866
:103B0000D21808F10B08FFF78FF90234B8F1210F32
:103B1000F0D100249AF80E209AF80D30584912027C
:103B2000091937A8D2180B34FFF77EF9212C0AF1B6
:103B3000020AEFD102F0B3B8E1786278A37800917D
:103B4000217937A8019161790291A1790391E179F5
:103B50000491217A05914B49FFF766F902F09FB86D
:103B6000A9464FF00008254615F8013FFF2B04D069
:103B700037A845494246FFF757F908F10108B8F15F
:103B8000040FF1D1B9F10C0F4D4642F2888004EBDD
:103B900008035B78FF2B04D037A83B494246FFF768
:103BA00043F908F10108B8F10C0FF0D1102D42F2E1
:103BB000768004EB08035B78FF2B04D037A83249EA
:103BC0004246FFF731F908F10108B8F1100FF0D1C2
:103BD00002F065B8627837A80AB1A3781BB92B49FF
:103BE000FFF722F902E02A49FFF71EF9F31937A877
:103BF0002849DA78FFF718F902F051B8A37862780B
:103C000037A8254942EA0322FFF70EF902F047B828
:103C1000E37822791B0443EA0263627837A81343EE
:103C2000A2781E4943EA0222FFF7FEF802F037B8F5
:103C300037A81B496278FFF7F7F8022D42F22F8070
:103C400037A81849A278FFF7EFF802F028B800BFAC
:103C5000368E0200D38E02009B9302004A89020036
:103C6000D38B0200B38F0200BD8D0200E6900200EC
:103C7000E7860200C68B0200E98D020096900200E2
:103C8000B7860200A6870200458A02003992020028
:103C900084950200A78C02003C8D0200CB870200B5
:103CA000A7940200E89402007C1C325D37A8764994
:103CB00002F00F02FFF7B8F8325D37A81209BC1CFA
:103CC0007249FFF7B1F8325D37A8714902F0070277
:103CD000FFF7AAF8325D37A8D2086E4902F0030256
:103CE000FFF7A2F801F0DBBF7C1C325D37A86A4900
:103CF00002F00F02FFF798F8325D37A81209BC1CDA
:103D00006649FFF791F8325D37A8654902F007026E
:103D1000FFF78AF8325D37A8D208624902F0030241
:103D2000FFF782F801F0BBBF37A85F496278FFF761
:103D30007BF801F0B4BF627837A85C49FFF774F8EC
:103D4000A27837A85A49FFF76FF837A85949E2789F
:103D5000FFF76AF801F0A3BF37A857496278FFF769
:103D600063F801F09CBF37A854496278FFF75CF80C
:103D700001F095BFA2786378120637A8504942EA4D
:103D80000322FFF751F801F08ABF627837A84D4946
:103D9000FFF74AF8A27837A84B49FFF745F823798F
:103DA000E2781B0237A849499A18FFF73DF801F05D
:103DB00076BF37A846496278FFF736F801F06FBF43
:103DC00037A844496278FFF72FF801F068BFA3785D
:103DD00062781B0237A840499A18FFF725F801F0CE
:103DE0005EBF94F8028063784FEA082898441FFA6F
:103DF00088F83A494FEAD82237A8FFF715F808F4AF
:103E0000E062120A364937A8FFF70EF808F0F80208
:103E1000D208344937A8FFF707F808F0060252081D
:103E2000314937A8FFF700F837A8304908F00102F8
:103E3000FEF7FAFF042D41F232872379E4781B0262
:103E40001C19A4B2E20A37A82949FEF7EDFF04F4D1
:103E5000E062120A37A82749FEF7E6FF04F0F802ED
:103E6000D20837A82449FEF7DFFF04F00602520803
:103E700037A82249FEF7D8FF37A8214904F00102EC
:103E8000FEF7D2FF01F00BBFF48702004288020068
:103E9000C68E020039880200BF94020038870200F3
:103EA000558C0200438E020093920200E6930200BA
:103EB000478D0200D4930200B7930200E78E020000
:103EC000AC8E0200048E0200CC8D02000E90020027
:103ED000438F0200F29402009B8C0200F5880200DE
:103EE000CC9402006D870200E4880200D99402009D
:103EF00076920200888B0200E3890200F18E0200B4
:103F0000A893020000226378674937A8FEF78CFF68
:103F10004FF000086549A27837A8FEF785FFCDF875
:103F200000802279E3781202D318019302226049BB
:103F3000434637A8FEF778FFCDF80080A279637971
:103F40001202D318019302220123594937A8FEF720
:103F50006BFFCDF80080227AE3791202D318022297
:103F6000019337A852491346FEF75EFF1E2D41F21A
:103F70009686627A37A84F49FEF756FFA27A37A88D
:103F80004D49FEF751FFE27A37A84C49FEF74CFF46
:103F9000227B37A84A49FEF747FFCDF80080A27B75
:103FA000637B1202D31801930522434637A8404988
:103FB000FEF73AFFCDF80080227CE37B1202D31893
:103FC00001930522012337A83949FEF72DFFCDF8CB
:103FD0000080A27C637C1202D31801930522022385
:103FE00037A83349FEF720FFCDF80080CDF80480D4
:103FF000227DE37C1202D318029305226C234FF03A
:10400000010937A82F49FEF70FFFCDF80090CDF832
:104010000480A27D637D1202D318029305226C23D3
:104020004FF0020A37A82749FEF7FEFECDF800A0A0
:10403000CDF80480227EE37D1202D318029305227C
:104040006C2337A81F49FEF7EFFECDF80080CDF8AE
:104050000480A27E637E1202D31802930522682395
:1040600037A81849FEF7E0FECDF80090CDF804809F
:10407000227FE37E1202D3180293052237A8682319
:104080001049FEF7D1FECDF800A0CDF80480A37F43
:10409000627F1B029B18029337A80A4905226823F6
:1040A000FEF7C2FE01F0FBBD4A8902002C88020027
:1040B000A6860200E4910200C29202004090020033
:1040C0007B94020026920200012263789C4937A863
:1040D000FEF7AAFE4FF001089A49A27837A8FEF72A
:1040E000A3FECDF800802279E3781202D318019361
:1040F00002220023944937A8FEF796FECDF80080EF
:10410000A27963791202D318019302228E494346A1
:1041100037A8FEF789FECDF80080227AE3791202F3
:10412000D3180222019337A887491346FEF77CFE75
:104130001E2D41F2B485627A37A88449FEF774FED9
:10414000A27A37A88249FEF76FFEE27A37A8814942
:10415000FEF76AFE227B37A87F49FEF765FECDF8A1
:104160000080A27B637B1202D318019305220023F7
:1041700037A87549FEF758FECDF80080227CE37B16
:104180001202D31801930522434637A86E49FEF761
:104190004BFECDF80080A27C637C1202D318019301
:1041A000052202234FF0000937A86749FEF73CFEBD
:1041B000CDF80090CDF80480227DE37C1202D31864
:1041C000029305226C2337A86449FEF72DFECDF833
:1041D0000080CDF80480A27D637D1202D318029383
:1041E00005226C234FF0020A37A85C49FEF71CFE3B
:1041F000CDF800A0CDF80480227EE37D1202D31812
:10420000029305226C2337A85449FEF70DFECDF822
:104210000090CDF80480A27E637E1202D318029330
:104220000522682337A84D49FEF7FEFDCDF8008032
:10423000CDF80480227FE37E1202D3180293052278
:1042400037A868234549FEF7EFFDCDF800A0CDF86B
:104250000480A37F627F1B029B18029337A83F490B
:1042600005226823FEF7E0FD01F019BDA27863780E
:104270001202D2183A4937A8FEF7D6FDA27963791F
:1042800012061B04D218237937A81B02D218E37830
:104290003449D218FEF7C8FD122D41F20085A27AEA
:1042A000637A12061B04D218237A37A81B02D2188D
:1042B000E3792D49D218FEF7B7FDA27B637B120686
:1042C0001B04D218237B37A81B02D218E37A274994
:1042D000D218FEF7A9FDA27C637C12061B04D3183A
:1042E000227C37A812029B18E27B21499A18FEF71C
:1042F0009BFD01F0D4BCA27863781202D31800931E
:104300000222434637A81B4908F10108FEF78CFD3D
:104310000234C845EFDD01F0C2BCA2786378120216
:10432000D31800930522434637A8124908F1010823
:10433000FEF77AFD0234C845EFDD01F0B0BC00BFE6
:104340004A890200DA8E0200A6860200F29102007B
:10435000CF9202004B9402008A940200269202003F
:104360008692020098860200169102008C93020049
:10437000028F0200138A0200CDF80080A2786378D1
:104380001202D318019305226C2337A8BB4908F108
:104390000108FEF749FD0234D045EDDD4FEA55092D
:1043A0005FFA89F909F1010B09F10209B944BB442B
:1043B00006EB09044FF00008CDF800802278C9EB25
:1043C000040313F80B301202D3180193052268235B
:1043D00037A8AA4908F10108FEF726FD0234D045A6
:1043E000EADD01F05CBCA37862781B0237A8A4491F
:1043F0009A18FEF719FD01F052BCA37862781B02EF
:1044000037A8A0499A18FEF70FFD01F048BCA37821
:1044100062781B0237A89C499A18FEF705FD01F047
:104420003EBCA37862781B0237A898499A18FEF719
:10443000FBFC01F034BC2279E37812061B04D2188D
:10444000A37837A81B02D21863789149D218FEF7D7
:10445000EBFC227AE37912061B04D218A37937A861
:104460001B02D21863798B49D218FEF7DDFC227B40
:10447000E37A12061B04D318A27A37A812029B18FB
:10448000627A85499A18FEF7CFFC01F008BCA27841
:104490006378120237A88149D218FEF7C5FC042DB3
:1044A00041F2FD832379E2781B0237A87C499A18F0
:1044B000FEF7BAFC01F0F3BB2279E37812061B0485
:1044C000D218A37837A81B02D21863787549D2187E
:1044D000FEF7AAFC062D41F2E283227AE379120666
:1044E0001B04D318A27937A812029B1862796E496F
:1044F0009A18FEF799FC01F0D2BBDFF8BC914FF09F
:104500000108A84581F2CB832279E37812061B04C7
:10451000D218A37849461B02D218637837A8D2185C
:1045200008F10408FEF780FC0434B8F1190F09F112
:104530001809E6D101F0B3BBDFF880914FF0010814
:10454000A84581F2AC832279E37812061B04D218C5
:10455000A37849461B02D218637837A8D21808F10D
:104560000408FEF761FC0434B8F10D0F09F11309DA
:10457000E6D101F094BBDFF848914FF00108A8455F
:1045800081F28D832279E37812061B04D218A37876
:1045900049461B02D218637837A8D21808F10408DC
:1045A000FEF742FC0434B8F10D0F09F11409E6D10D
:1045B00001F075BBDFF80C914FF00108A84581F2BE
:1045C0006E832279E37812061B04D218A378494639
:1045D0001B02D218637837A8D21808F10408FEF736
:1045E00023FC0434B8F10D0F09F11409E6D101F0F0
:1045F00056BBDFF8D4904FF00108A84581F24F83F5
:104600002279E37812061B04D218A37849461B02CC
:10461000D218637837A8D21808F10408FEF704FC12
:104620000434B8F10D0F09F11409E6D101F037BBDC
:10463000A37862781B0237A81C499A18FEF7F4FB8E
:1046400001F02DBBA37862781B0237A818499A188D
:10465000FEF7EAFB01F023BB2279E37812061B0484
:10466000D318A278647812029B1837A81149012246
:104670001B19FEF7D9FB01F012BB00BF009202002C
:10468000F48F0200B790020080890200598902006D
:10469000169102008C930200028F02009C9202008D
:1046A000AF920200A9910200C0910200B98E0200EF
:1046B000379402003B910200998A0200628C02004A
:1046C0009788020048950200F09302002279E3786F
:1046D00012061B04D318A278647812029B1837A81C
:1046E000974902221B19FEF79FFB01F0D8BA37A8A1
:1046F00094496278FEF798FB01F0D1BA924962784A
:1047000007F1020837A8FEF78FFB16F808208F493B
:10471000120937A8FEF788FB16F8082037A88C493D
:1047200002F00F02FEF780FB032D41F2B882E2781F
:1047300037A88849FEF778FB07F10508227937A8E2
:104740008549FEF771FB16F8082037A892088349BF
:10475000FEF76AFB16F8082037A8814902F0030229
:10476000FEF762FB37A87F49A279FEF75DFB01F0F7
:1047700096BA94F8028063784FEA082898441FFAA2
:1047800088F84FEAD82237A87749FEF74DFB08F49E
:10479000806302229B0A37A87449FEF745FB08F4A0
:1047A000007302225B0A37A87149FEF73DFB08F44B
:1047B000F87302221B0937A86E49FEF735FB08F093
:1047C0000E0302225B0837A86B49FEF72DFB02227D
:1047D00008F0010337A86949FEF726FB2379E4783E
:1047E0001B021C19A4B2E20A37A86549FEF71CFB9C
:1047F00004F4806305229B0A37A85C49FEF714FB8A
:1048000004F4007305225B0A37A85949FEF70CFB34
:1048100004F4F87305221B0937A85649FEF704FB78
:1048200004F00E0305225B0837A85349FEF7FCFA93
:1048300037A85249052204F00103FEF7F5FA01F00A
:104840002EBAA27863781202D21837A84D49FEF723
:10485000EBFA94F804E0E3784FEA0E2E002273445A
:1048600037A84949FEF7E0FA217AE27909028A1865
:1048700094F806E063790092A17A627A09024FEA1D
:104880000E2E8A187344019237A800223F49FEF782
:10489000CBFA227BE37A0092627B37A80192A27B5B
:1048A0003B4902920022FEF7BFFAA17C627C09021A
:1048B0008A1894F810E0E37B0092217DE27C0902E3
:1048C0008A180192A17D627D09028A180292217ED6
:1048D000E27D09028A180392A17E627E09028A188B
:1048E0000492217FE27E09028A180592A17F627FED
:1048F00009028A18069294F82010E27F09028A18A9
:10490000079294F8221094F8212009028A1808923C
:1049100094F8241094F8232009028A18099294F834
:10492000262094F82510120252184FEA0E2E0A92F1
:1049300037A8184900227344FEF776FA01F0AFB9A0
:104940003B910200508D0200808A0200328B0200EF
:10495000FF890200D7870200958B020009910200AF
:1049600087910200129202006E8D02009B9102005C
:10497000118F0200D791020099940200C1930200A6
:10498000D8860200458C02004A8902002187020075
:10499000A88B0200EE8B020094F802E063784FEAE5
:1049A0000E2E0122734437A8AA49FEF73DFAA179D9
:1049B000627909028A1894F804E0E3780092217A77
:1049C000E27909024FEA0E2E8A187344019237A841
:1049D0000122A149FEF728FAA27A637A0092E27ACC
:1049E00037A80192227B9D4902920122FEF71CFA10
:1049F000217CE27B09028A1894F80EE0637B009226
:104A0000A17C627C09028A180192217DE27C090264
:104A10008A180292A17D627D09028A180392217E82
:104A2000E27D09028A180492A17E627E09028A1838
:104A30000592217FE27E09028A180692A17F627F99
:104A400009028A18079294F82010E27F09028A1856
:104A5000089294F8221094F8212009028A180992E9
:104A600094F8242094F82310120252184FEA0E2EC4
:104A70000A9237A87A4901227344FEF7D5F901F06A
:104A80000EB994F802E063784FEA0E2E02227344C6
:104A900037A87049FEF7C8F9A179627909028A1826
:104AA00094F804E0E3780092217AE27909024FEA6F
:104AB0000E2E8A187344019237A802226649FEF727
:104AC000B3F9A27A637A0092E27A37A80192227B44
:104AD000624902920222FEF7A7F9217CE27B0902D9
:104AE0008A1894F80EE0637B0092A17C627C090234
:104AF0008A180192217DE27C09028A180292A17D26
:104B0000627D09028A180392217EE27D09028A18D9
:104B10000492A17E627E09028A180592217FE27EBC
:104B200009028A180692A17F627F09028A180792F9
:104B300094F82010E27F09028A18089294F8221053
:104B400094F8212009028A18099294F8242094F8F4
:104B50002310120252184FEA0E2E0A9237A840492B
:104B600002227344FEF760F901F099B8627837A821
:104B70003C49FEF759F90122A37837A83A49FEF7D4
:104B800053F90222E37837A83749FEF74DF96379E4
:104B9000227903F001031B0237A834499A18FEF763
:104BA00043F901F07CB8A27863781202D31800931D
:104BB0002822002337A82E49FEF736F92279E37818
:104BC0001202D31800932822012337A82849FEF7A0
:104BD0002BF9A27963791202D318009328220223B9
:104BE00037A82349FEF720F9227AE3791202D31875
:104BF00000935022002337A81D49FEF715F9A27A29
:104C0000637A1202D31800935022012337A818495F
:104C1000FEF70AF9237BE27A1B029B18009337A860
:104C2000134950220223FEF7FFF801F038B8A278AA
:104C300063781202D21837A80E49FEF7F5F82379E7
:104C4000E2781B0237A80C499A18FEF7EDF801F03C
:104C500026B800BF4A89020021870200A88B020003
:104C6000EE8B0200E5870200F48602002D9302001D
:104C7000F5900200118802005292020094F804E0BC
:104C8000E3784FEA0E6E1B049E44A3786C221B024D
:104C90009E44637837A873449749FEF7C5F894F8A3
:104CA00008E0E3794FEA0E6E1B049E44A3796C2260
:104CB0001B029E44637937A873449049FEF7B4F809
:104CC00094F80CE0E37A4FEA0E6E1B049E44A37A3C
:104CD0006D221B029E44637A37A873448649FEF70F
:104CE000A3F894F810E0E37B4FEA0E6E1B049E4499
:104CF000A37B6D221B029E44637B37A873447F49CC
:104D0000FEF792F894F814E0E37C4FEA0E6E1B0471
:104D10009E44A37C68221B029E44637C37A8734494
:104D20007549FEF781F894F818E0E37D4FEA0E6EBE
:104D30001B049E44A37D68221B029E44637D37A80A
:104D400073446E49FEF770F894F81AE0637E4FEAF8
:104D50000E2E6C22734437A86949FEF765F894F863
:104D60001CE0E37E4FEA0E2E6D22734437A864499F
:104D7000FEF75AF8A37F647F1B0237A860496822B8
:104D80001B19FEF751F800F08ABF94F802E063782F
:104D90004FEA0E2E7344682237A85A49FEF744F8AA
:104DA0002279E3781202D318009368226C2337A883
:104DB0005549FEF739F8A27963791202D3180093A6
:104DC00068226C2337A85149FEF72EF8227AE3793E
:104DD0001202D318009368226D2337A84A49FEF7C0
:104DE00023F8A27A637A1202D318009368226D2303
:104DF00037A84649FEF718F8227BE37A1202D31847
:104E00006822009337A813463F49FEF70DF8A27BAE
:104E1000637B1202D3186822009337A813463B49DC
:104E2000FEF702F894F810E0E37B4FEA0E2E73448D
:104E30006C2237A83349FDF7F7FFA27C637C12028E
:104E4000D3186C22009337A813462F49FDF7ECFFC7
:104E5000227DE37C1202D3186C22009337A81346FC
:104E60002A49FDF7E1FFA27D637D1202D31800936A
:104E70006C2207F118086D2337A82349FDF7D4FFEA
:104E800016F80820E37D1202D31800936C226D23DC
:104E900007F11A0937A81D49FDF7C6FF16F80920C2
:104EA000637E1202D31800936C22682337A8164938
:104EB000FDF7BAFF227FE37E1202D31800936C2223
:104EC000682337A81149FDF7AFFFA37F16F808E064
:104ED0001B026822734437A80D49FDF7A5FF94F81B
:104EE000203016F809401B0237A809496C221B190B
:104EF000FDF79AFF00F0D3BE328C02008F950200BE
:104F0000DC920200248F0200D78F0200428B020045
:104F1000688B02006378002237A8AA4903F01F03B8
:104F2000FDF782FFA378012237A8A64903F01F03EB
:104F3000FDF77AFFE378022237A8A24903F01F03A6
:104F4000FDF772FF6279237902F01F020092A279C5
:104F500037A802F01F020192E2799B4902F01F027A
:104F6000029203F01F030022FDF75EFF627A237AAC
:104F700002F01F020092A27A37A802F01F020192EB
:104F8000E27A914902F01F02029203F01F0301220C
:104F9000FDF74AFF627B237B02F01F020092A27B97
:104FA00037A802F01F020192E27B874902F01F023C
:104FB000029203F01F030222FDF736FF00F06FBEDE
:104FC0006378002237A8814903F03F03FDF72CFFE7
:104FD000A378012237A87D4903F01F03FDF724FFC2
:104FE000E378022237A8794903F01F03FDF71CFF7D
:104FF0006279237902F03F020092A27937A802F089
:105000003F020192E279724902F03F02029203F0FC
:105010003F030022FDF708FF627A237A02F01F02A5
:105020000092A27A37A802F01F020192E27A684940
:1050300002F01F02029203F01F030122FDF7F4FEAB
:10504000627B237B02F01F020092A27B37A802F052
:105050001F020192E27B5E4902F01F02029203F0FE
:105060001F030222FDF7E0FE00F019BE0022637864
:1050700037A85849FDF7D8FE0122A37837A855492B
:10508000FDF7D2FE0222E37837A85249FDF7CCFEA5
:105090000022237937A85049FDF7C6FE0122637923
:1050A00037A84D49FDF7C0FE37A84B490222A37926
:1050B000FDF7BAFE00F0F3BD94F8028063784FEA82
:1050C000082898441FFA88F84FEAD833009305223D
:1050D000002337A84149FDF7A7FE08F4F043DB128F
:1050E00000930522002337A83D49FDF79DFE08F4F3
:1050F000E0631B1200930522002337A83949FDF70E
:1051000093FE08F08003DB1100930222002337A8EE
:105110003249FDF789FE08F07803DB100093022284
:10512000002337A82E49FDF77FFE08F00703009300
:105130000222002337A82B49FDF776FE2379E47875
:105140001B021C19A4B24FF000084FEAD439052203
:10515000682337A8244904F4F04A4FEAEA2A8DE884
:10516000000304F4E064FDF75FFE0522682337A81E
:105170001E4924128DE80005FDF756FE682337A866
:105180001B490522CDF800800194FDF74DFE052254
:1051900037A86D2314498DE80003FDF745FE05226D
:1051A0006D2337A811498DE80005FDF73DFE37A8AE
:1051B0000F4905226D23CDF800800194FDF734FEE0
:1051C00000F06DBDB18C02006689020032890200D8
:1051D000C39002004C8E02007D8B020005930200FA
:1051E000659402004F90020005870200528A020077
:1051F000118E020094F8028063784FEA08289844E0
:105200001FFA88F84FEAD83300930522012337A804
:10521000B549FDF709FE08F4F043DB1200930522BF
:10522000012337A8B149FDF7FFFD08F4E0631B1225
:1052300000930522012337A8AD49FDF7F5FD08F0DD
:105240008003DB1100930222012337A8A649FDF752
:10525000EBFD08F07803DB1000930222012337A84E
:10526000A249FDF7E1FD08F00703009302220123A4
:1052700037A89F49FDF7D8FD2379E4781B021C1954
:10528000A4B24FF001084FEAD4390522682337A8A9
:10529000984904F4F04A4FEAEA2A8DE8000304F43E
:1052A000E064FDF7C1FD0522682337A89249241266
:1052B0008DE80005FDF7B8FD682337A88F49052262
:1052C000CDF800800194FDF7AFFD052237A86D23CE
:1052D00088498DE80003FDF7A7FD05226D2337A857
:1052E00085498DE80005FDF79FFD37A88349052214
:1052F0006D23CDF800800194FDF796FD00F0CFBC42
:1053000094F8028063784FEA082898441FFA88F8D6
:105310004FEAD83300930522022337A87249FDF7DC
:1053200083FD08F4F043DB1200930522022337A823
:105330006E49FDF779FD08F4E0631B120093052226
:10534000022337A86A49FDF76FFD08F080030222A7
:10535000DB11009337A813466349FDF765FD08F09C
:1053600078030222DB10009337A813465F49FDF74C
:105370005BFD022208F00703009337A813465C493F
:10538000FDF752FD2379E4781B021C19A4B24FF0FB
:1053900002084FEAD4390522682337A8554904F496
:1053A000F04A4FEAEA2A8DE8000304F4E064FDF7CE
:1053B0003BFD0522682337A84F4924128DE80005DC
:1053C000FDF732FD0522682337A84C49CDF800804F
:1053D0000194FDF729FD6D2337A8464905228DE884
:1053E0000003FDF721FD052237A86D2342498DE812
:1053F0000005FDF719FD37A8404905226D23CDF8BA
:1054000000800194FDF710FD00F049BC94F802E023
:1054100063784FEA0E2E2822734437A83849FDF7E7
:1054200003FD94F804E0E3784FEA0E2E282273443B
:1054300037A83449FDF7F8FC94F806E063794FEAA1
:105440000E2E5022734437A82D49FDF7EDFC237A28
:10545000E4791B0237A82B4950221B19FDF7E4FC05
:1054600000F01DBCA27863780092E27825210192B9
:1054700022791DA8029262790392A2790492E279BC
:105480000592227A0692627A0792A27A0892E27ACA
:105490000992227B0A92627B0B92A27B0C92E27BA6
:1054A0000D92227C0E92184AEBF38AF637A8174920
:1054B0001DAAFDF7B9FCF2E37C1C325D37A8144944
:1054C00002F07F02FDF7B0FC325D37A81149D20926
:1054D000FDF7AAFCE3E3A378627837A80E4942EA15
:1054E0000322FDF7A1FCDAE30593020065940200B4
:1054F0004F90020005870200528A0200118E0200BE
:105500004C910200148902003A3E010068910200A9
:10551000B29402006692020070910200A378627851
:1055200037A8944942EA0322FDF77EFCB7E3E3780B
:1055300022791B0443EA0263627837A81343A278F6
:105540008D4943EA0222FDF76FFCA8E3E378227954
:105550001B0443EA0263627837A81343A2788749A1
:1055600043EA0222FDF760FC99E3E37822791B0409
:1055700043EA0263627837A81343A278804943EA7A
:105580000222FDF751FC8AE3A378627837A87D49AF
:1055900042EA0322FDF748FC81E3A378627837A84A
:1055A000794942EA0322FDF73FFC78E3A378627869
:1055B00037A8764942EA0322FDF736FC6FE3A37869
:1055C000627837A8724942EA0322FDF72DFC66E3B0
:1055D00094F801905FEA990900F061834FF00008A8
:1055E000A179E279090294F803E041EA0241627983
:1055F00023790A434FEA0E2E4EEA034EA378009217
:10560000617AA27A090241EA0241227A37A80A4362
:105610000192217B627B090241EA0241E27A4EEA71
:1056200003030A4302925B49424608F10108FDF771
:10563000FBFB0C34C845D3DB31E337A8564962780D
:10564000FDF7F2FB2BE337A854496278FDF7ECFB3A
:1056500025E3227AE17923791143A27994F803E0D2
:10566000114362794EEA030EA3780A434EEA030E11
:1056700063780092227BE17A4EEA03031143A27A17
:1056800037A81143627A0A430192227CE17B1143DD
:10569000A27B1143627B0A43029241490022FDF73B
:1056A000C3FB227EE17D237D1143A27D94F813E0AC
:1056B0001143627D4EEA030EA37C0A434EEA030EB9
:1056C000637C0092227FE17E37A81143A27E4EEADE
:1056D00003031143627E0A43019294F82020E17F84
:1056E0001143A27F0A43617F0A4302922C4901229F
:1056F000FDF79AFBD3E2A37864781B021C19A4B2CD
:1057000004F00F0300932822002337A82549FDF752
:105710008BFB04F0F0031B1100932822012337A810
:105720002049FDF781FB04F470631B1200932822CB
:10573000022337A81B49FDF777FB37A81A4928220F
:10574000E30BFDF771FBAAE22179E27809028A18DE
:1057500094F802E063780092A279617912025218FB
:105760004FEA0E2E019237A8104900227344FDF72C
:105770005BFB94E2D38802003F9302005793020040
:105780006F930200588E02006D8E0200828E02001E
:10579000978E02006890020024910200D4890200D2
:1057A000798D0200998D0200ED920200538702006C
:1057B0002179E27809028A1894F802E0637800926D
:1057C000A179627909028A180192217AE2790902A3
:1057D0008A180292A17A627A09028A180392217BBE
:1057E000E27A09028A180492A17B627B09028A1874
:1057F0000592217CE27B09028A180692A17C627CD8
:1058000009028A180792217DE27C09028A1808920F
:10581000A17D627D09028A180992227EE17D120231
:1058200052184FEA0E2E0A9237A87B490022734481
:10583000FDF7FAFA33E22179E27809028A1894F83E
:1058400002E063780092A179627909028A180192D4
:10585000217AE27909028A180292A17A627A09020F
:105860008A180392217BE27A09028A180492A17BAA
:10587000627B09028A180592217CE27B09028A1860
:105880000692A17C627C09028A180792217DE27C43
:1058900009028A180892A17D627D09028A1809927C
:1058A000227EE17D120252184FEA0E2E0A9237A88C
:1058B0005A4900227344FDF7B7FAF0E12179E27802
:1058C00009028A1894F802E063780092A17962795B
:1058D00009028A180192217AE27909028A18029251
:1058E000A17A627A09028A180392217BE27A09027C
:1058F0008A180492A17B627B09028A180592217C96
:10590000E27B09028A180692A17C627C09028A184D
:105910000792217DE27C09028A180892A17D627DAE
:1059200009028A180992217EE27D09024FEA0E2EB1
:105930008A180A927344002237A83949FDF774FA8D
:10594000217FE27E09028A1894F81AE0637E0092B1
:10595000A17F627F09028A18019294F82010E27FE9
:1059600009028A18029294F8221094F82120090260
:105970008A18039294F8241094F8232009028A18B4
:10598000049294F8261094F8252009028A180592AA
:1059900094F8281094F8272009028A18069294F89F
:1059A0002A1094F8292009028A18079294F82C10DA
:1059B00094F82B2009028A18089294F82E1094F873
:1059C0002D2009028A18099294F8302094F82F109B
:1059D000120252184FEA0E2E0A9237A810490122DD
:1059E0007344FDF721FA5AE1A37862781B0237A8C5
:1059F0000C499A18FDF718FA51E137A80A4962785C
:105A0000FDF712FA4BE1A378627837A8074942EA1A
:105A10000322FDF709FA42E14F8802008C89020057
:105A2000FE940200458C0200018802007E8702007D
:105A3000E2782379120442EA03626378217A1A43F6
:105A4000E379207B1B0443EA0163617994F802C087
:105A50000B43E17A94F806E0090441EA0061607AB8
:105A600042EA0C220143A07A43EA0E2341EA0021D4
:105A70000091E17B207C090441EA0061607B0143E5
:105A8000A07B41EA00210191E17C207D090441EAEB
:105A90000061607C0143A07C41EA00210291E17D2C
:105AA000207E090441EA0061607D0143A07D41EA56
:105AB00000210391E17E207F090441EA0061607EBC
:105AC0000143A07E41EA00210491E17F94F8200087
:105AD000090441EA0061607F0143A07F41EA00219F
:105AE000059194F8231094F82400090441EA006118
:105AF00094F82100014394F8220041EA0021069124
:105B000094F8270094F82810000440EA016094F803
:105B10002510014394F8260041EA0021079137A897
:105B20008249FDF781F9BAE0E2782379120442EA6A
:105B300003626378217A1A43E379207B1B0443EAEA
:105B40000163617994F802C00B43E17A94F806E0AE
:105B5000090441EA0061607A42EA0C220143A07A1A
:105B600043EA0E2341EA00210091E17B207C0904F5
:105B700041EA0061607B0143A07B41EA0021019181
:105B8000E17C207D090441EA0061607C0143A07C46
:105B900041EA00210291E17D207E090441EA006191
:105BA000607D0143A07D41EA00210391E17E207FD9
:105BB000090441EA0061607E0143A07E41EA0021C0
:105BC0000491E17F94F82000090441EA0061607FBC
:105BD0000143A07F41EA0021059194F8231094F835
:105BE0002400090441EA006194F82100014394F87B
:105BF000220041EA0021069194F8270094F8281029
:105C0000000440EA016094F82510014394F826004E
:105C100041EA0021079137A84549FDF705F93EE023
:105C20000B2D3CD1A37862781B02D21837A84149CA
:105C3000FDF7FAF82379E2781B02D21837A83E491B
:105C4000FDF7F2F8A37962791B02D21837A83B4915
:105C5000FDF7EAF8237AE2791B02D21837A838490F
:105C6000FDF7E2F8A27A637A120237A835499A184A
:105C7000FDF7DAF813E0E37822791B0443EA0263C4
:105C8000627837A81343A2782F4943EA0222FDF72E
:105C9000CBF804E00022149201E001231393109941
:105CA0007B19FF297DF463A9159A01321592159B82
:105CB0001B998B427DF453A9119A511C03D037A82C
:105CC0002249FDF7B1F89DF89C3023B137A820494F
:105CD00027AAFDF7A9F8169B0A2B0CD800201D490E
:105CE000ECF3A4F038B9139929B937A81A49139AD3
:105CF000FF23FDF799F8389A002302F8013B449BF3
:105D00001A9800931299189B3892FDF76DF8044683
:105D10001298F0F317F201E06FF0010420463BB057
:105D2000BDE8F08F01211391B9E700BFC28C0200DA
:105D3000FF8C02004F8F0200638F0200778F0200FA
:105D40008B8F02009F8F02002C8E02001D9002009C
:105D5000F4890200468902009C8702002DE9F04F79
:105D60008DB0059205468A4606A800211422984661
:105D70000B91EBF3BFF1594B1C78002C40F0A38042
:105D80006B69232B0CDD1C222846214623460094F8
:105D9000F5F388F2002806DA01260227B14605E06D
:105DA0000427012601E00C270326A1462846F5F327
:105DB0000BF20128834602D0022813D105E02846C1
:105DC0005146EBF3CBF040000BE02846FCF7A1FF77
:105DD000044638B1FCF793FFC20503D52046FCF713
:105DE00093FF0B900B9800284ED0F0F399F10446E6
:105DF00000286ED0BBF1010F03D0BBF1020F1BD105
:105E00000BE00B9B002101930290059A2846534614
:105E100000910391EBF3A0F00CE00B9A0CAB52084D
:105E200043F8042D284601212246FCF7A6FF0B9BD0
:105E30005B000B93002840D122884FF6FD73013A96
:105E400092B29A4203D92046F0F37CF11CE0B9F1FA
:105E5000000F03D004EB4707069719E0E3196288A7
:105E60000693A388A7F5805707EB12221B0602EBC7
:105E70001343E3180793E388DB19E3180893238996
:105E8000DF19E719099703E0154B00240693012653
:105E9000169A5046009206A932464346FDF716F878
:105EA00050B9169B28461A68D8F8001001F038FD42
:105EB000D8F800200B4B1A6014B12046F0F342F1E1
:105EC000064A01231370169B0020C8F800001860D2
:105ED00001E06FF01A000DB0BDE8F08F29610100FC
:105EE000608B02008893020030B51946039B049C26
:105EF00043B14CB100251D6025600394BDE83040DE
:105F0000FFF72CBF184630BD204630BD014B0022A4
:105F10001A70704729610100F8B50C4F06463C68BD
:105F20008CB101250BE0284600212C46E6F7C6FF80
:105F300020B128463146E6F7BBFF04E001353B6857
:105F40009D42F0D900242046F8BD00BF2C6101001D
:105F500010B5847801462046E6F7B0FF28B1204608
:105F60000021E6F7A5FF002010BD4FF0FF3010BD67
:105F700070B50C4E0D46306880B90B49E6F798FFB6
:105F8000012404E020460021E6F792FF0134336843
:105F90009C42F7D9034B28461D6070BD4FF0FF307F
:105FA00070BD00BF2C610100ADDEADDE064B1A688E
:105FB000194632B1012300E001339342FCD900239A
:105FC0000B600020704700BF2C6101002DE9F047F5
:105FD0000C461668824615460846842200219846DB
:105FE0009DF82470EBF386F02046FFF795FFC0B2D2
:105FF000002832D0012323709DF82030A070003398
:1060000018BF0123E3703C233C2EB4BFB1464FF0D0
:106010003C09A4F80E806770A381002615E0504665
:1060200041463A46F0F390F030B96368002B0CBF5C
:106030006FF01A0000200BE0A3780136C37063688C
:10604000436123896060013323814E45E7DB0020F3
:10605000238963812B60BDE8F0874FF0FF30BDE8F6
:10606000F087F8B506460C4600250BE07B69304604
:10607000636000237B61FB703946E278F0F386F0C1
:106080000135ADB26768002FF0D1238920465B1B34
:10609000238163895D1B6581FFF75AFFA770277015
:1060A0003846F8BD10B5C37C032B08D09C1D00EB0F
:1060B000C40401336160A260C374002010BD4FF0BE
:1060C000FF3010BD2DE9F84311F01F0618BF01265F
:1060D00006EB511707F107094FEA890948460D46B3
:1060E00001F01F08F0F31CF0044600283BD000210B
:1060F0004A46BFB2EAF3FEF76780A580E580A46058
:1061000021462246002303E04FF0FF309061013327
:106110000432BB42F8D356B14FF0FF3202FA08F80E
:106120007B1D04EB83035A6882EA08025A6017F069
:106130001F0318BF012307F01F0003EB5717278029
:10614000002203E04FF0FF358D6001320431BA4286
:10615000F8D343B14FF0FF338340013704EB870797
:106160007A6853407B602046BDE8F8830846EFF329
:10617000E9B7436B23B14FF47F629A60436B05E04C
:10618000836B4BB14FF47F629A60836B9868D0F158
:10619000010038BF002070470120704703460020EF
:1061A00001E00130C0B25B08FBD170470B6843F4DB
:1061B00040330B6008680B6800F4403023F4403330
:1061C0000B60A0F54031484240EB0100704708B534
:1061D000416B09B9816B21B1806AFFF7E7FF0120AC
:1061E00008BD084608BD2DE9F047DDF820801F886E
:1061F000099D1046894614461E46394642462B469E
:10620000EFF38EF48246E8B1012313FA07F72B6807
:10621000013BDB19B3FBF7F35F43631EDB195F4000
:1062200017EA090F0ED02046FFF7B8FF308050461E
:10623000EFF380F43188204642462B46BDE8F04714
:10624000EFF36EB45046BDE8F08770B50023012926
:106250000CBFB0F84620B0F86C2086B00493B0F8BC
:106260004430120101290446ADF816300D46806A0B
:1062700041F6FF7329D104AED4F8C410009604F19E
:106280005C060196994214BF4FF480314FF40051DF
:1062900004F150060DF116030296FFF7A4FF002843
:1062A00040D0BDF81630E26D15FA03F3511EC9183F
:1062B000B1FBF3F14B43A3659B1A9BB2C018A4F842
:1062C0006030049BE06363662BE004ADD4F8CC102F
:1062D000009504F184050195994214BF4FF4803173
:1062E0004FF4005104F178050DF116030295FFF704
:1062F0007AFFB8B1BDF81630012515FA03F3D4F8CA
:106300008420511EC918B1FBF3F14B43C4F880300F
:106310009B1A9BB2C018A4F88830049B2064C4F870
:106320008C30284606B070BDFFF78FBF2DE9F74FC0
:106330008DE803000EAEE02014469A460D9F96E8C5
:10634000400ADDF84C80EFF3EBF60546002800F03C
:1063500079810021E022EAF3CDF69A4B0021B8F1D1
:10636000000F08BF98460A46C5F81C802046F4F383
:106370008BF70C9BC0F30030AB63934B03212B6076
:10638000002285F83000C5F834A02846EDF3F8F572
:10639000082205F120000199EAF384F7002385F82B
:1063A0002730009BEC62AB62BBF1FF3F14BF5B4642
:1063B000CC23B9F1CC0F88BFC3EB0909C5F89830DD
:1063C000BDF84430A5F84670C5F89C309DF84830BB
:1063D000A5F86C60C5F8A0300C9BA5F89490002B34
:1063E00045D0AA6B1368D80704D523F001031360C6
:1063F000AA6B1360AB6B4FF0FF329A602046F4F348
:1064000045F740F63C03984212D1E86AF4F34EF7A0
:10641000052809D0E86AF4F349F7082804D0E86AA7
:10642000F4F344F70C2803D1AB6B4FF0FF329A60C2
:10643000AB6B9A681205120D1AB15A6842F00F023E
:1064400001E041F6FF72C5F8CC201A6802F4E012B0
:10645000920C85F8B5201A6802F46002520D85F896
:10646000BA201B6803F040731B0E85F8BB30BAF1ED
:10647000000F4DD06A6B1368D90704D523F00103D0
:1064800013606A6B13606B6B4FF0FF329A60E86ABF
:10649000F4F3FCF640F63C03984212D1E86AF4F3B8
:1064A00005F7052809D0E86AF4F300F7082804D0B6
:1064B000E86AF4F3FBF60C2803D16B6B4FF0FF3264
:1064C0009A606B6B9A681205120D1AB15A6842F005
:1064D0000F0201E041F6FF72C5F8C420C5F8C820DC
:1064E0001A6802F4E012920C85F8B6201A6802F4D9
:1064F000E072920985F8B7201A6802F46002520D22
:1065000085F8B8201B6803F040731B0E85F8B9307E
:1065100062680023012AC5F8A430C5F8AC3018D150
:10652000A268B2F5026F03D040F63C018A4202D164
:106530004FF0004303E04FF08042C5F8A420C5F8B7
:10654000A830D5F8A430C5F8AC30D5F8A830C5F8D7
:10655000B0302046F4F39AF640F62903984208D169
:106560002046F4F3A3F620B12046F4F39FF6022868
:106570000FD92046F4F38AF640F6340398420CD142
:106580002046F4F393F620B12046F4F38FF6012869
:1065900003D1002385F8313004E02846FFF717FEC9
:1065A00085F831002846FFF7E4FD85F8B40068B1AE
:1065B0000D23FF2FA5F844300CD8FF2E09D80C234B
:1065C00005E000BF906101008C5001000423A5F894
:1065D00044304FB1BC002046EFF3A2F5E86468B345
:1065E00000212246EAF386F54EB1B4002046EFF3CF
:1065F00097F5686710B300212246EAF37BF527B1CF
:1066000028460121FFF790FEC0B126B1284602219D
:10661000FFF78AFE90B1D5F8A4305BB195F8313020
:1066200043B9AB6DB3F1804F08D8D5F88030B3F1E2
:10663000804F03D8012385F8DD3003E02846EDF3D1
:10664000F9F400252846BDE8FE8F00BF10B50446CA
:10665000F5F38CF2002120460A46F4F315F6C30444
:1066600007D5204601F0DBFA00280CBF202040208F
:1066700010BD202010BD2DE9F0470446266A09A967
:10668000042E666A9DF82000CCBF06F4781606F446
:10669000F01691E82202760C4FF000084BE031F83A
:1066A00028A01FFA83FCE24501EB880703D197F885
:1066B00002C0844504D008F101085FFA88F83AE086
:1066C000002A35D006FB08F800252EE06369204635
:1066D000222B0ADDE3695A0607D540F6270100227E
:1066E000F4F342F70146204600E000214FF4CC626B
:1066F000F4F3DAF5056063692046222B0ADDE369CD
:106700005B0607D540F627010022F4F32DF701467A
:10671000204600E0002140F26462F4F3C5F509EB85
:10672000880353F8253001350360EBB2B342CDD373
:10673000F878BDE8F087A845B1D30020BDE8F08720
:106740002DE9F84304461E46002B00F0B480436A4E
:1067500002EB061503F4F8594FEA192955F8043CE1
:10676000013E0BB900279FE020469847002800F023
:106770009E80F7E70122BA4055F8103C1A4200F01B
:10678000928063692046222B0ADDE3695A0607D509
:1067900040F627010022F4F3E7F60146204600E028
:1067A00000214FF4C462F4F37FF5076015F90C2C57
:1067B00022B1012A19D0013275D144E06369204623
:1067C000222B09DDE3695B0606D540F62701F4F3C9
:1067D000CBF60146204600E0002140F22462F4F3AB
:1067E00063F555F8083C03605DE063692046222BA1
:1067F0000ADDE369590607D540F627010022F4F3C4
:10680000B3F60146204600E0002140F22462F4F392
:106810004BF563698046222B20460ADDE3695A0660
:1068200007D540F627010022F4F39EF601462046E4
:1068300000E0002140F22462F4F336F555F8083CFC
:10684000026813432DE063692046222B0ADDE369C9
:106850005B0607D540F627010022F4F385F60146D2
:10686000204600E0002140F22462F4F31DF5636944
:106870008046222B20460ADDE369590607D540F6FB
:1068800027010022F4F370F60146204600E00021C3
:1068900040F22462F4F308F555F8082C036823EA63
:1068A0000203C8F8003001374F457FF463AF103D55
:1068B000002E7FF453AFBDE8F883000070B59D490A
:1068C00004460020EBF38EF2002800F03181002016
:1068D0009849EBF387F2974905460020EBF382F2E3
:1068E000944906460020EBF37DF215F0006500F0B8
:1068F000AC804FF40012002113462046E6F741FD1C
:106900000222062113462046F4F344F6636920462A
:10691000222B0ADDE3695A0607D540F6270100223B
:10692000F4F322F60146204600E000214FF4C16254
:10693000F4F3BAF40668002506F480761BE04FF401
:106940007A70EFF3DBF063692046222B0ADDE369FE
:106950005B0607D540F627013246F4F305F60146FB
:10696000204600E000214FF4C162F4F39DF4066874
:10697000013506F480761EB9B5F57A7FDFD170BD9A
:10698000B5F57A7F00F0D4804FF47A70EFF3B6F06B
:106990000822062113462046F4F3FCF500230621C5
:1069A00004222046F4F3F6F54FF47A70EFF3A6F0E4
:1069B00063692046222B0ADDE369590607D540F6B4
:1069C00027010022F4F3D0F50146204600E0002123
:1069D0004FF4C062F4F368F40568002605F0010581
:1069E0001BE04FF47A70EFF389F063692046222BA5
:1069F0000ADDE3695A0607D540F627010022F4F3C1
:106A0000B3F50146204600E000214FF4C062F4F3E4
:106A10004BF40568013605F001051DB1B6F57A7F26
:106A2000DFD102E0B6F57A7F03D1204606210822A5
:106A300079E029464FF480122B462046E6F7A1FC68
:106A40002046062101222B466EE0730170D54FF4DB
:106A50008012134629462046E6F793FC01220621C0
:106A600013462046F4F396F54FF47A70EFF346F0B0
:106A70000422062113462046F4F38CF50621082251
:106A80002B462046F4F386F54FF47A70EFF336F098
:106A900063692046222B0ADDE3695E0607D540F6CE
:106AA00027012A46F4F360F50146204600E0002164
:106AB0004FF4C062F4F3F8F30668002506F001060F
:106AC0001BE04FF47A70EFF319F063692046222B34
:106AD0000ADDE369590607D540F627013246F4F38B
:106AE00043F50146204600E000214FF4C062F4F374
:106AF000DBF30668013506F001061EB9B5F57A7FAD
:106B0000DFD102E0B5F57A7F03D1204606210422C9
:106B100009E000214FF400120B462046E6F731FC55
:106B20002046062102220023BDE87040F4F332B56E
:106B300070BD00BF6853010046F29053994210B5F2
:106B4000044609D049F21823994207D0B1F5964F6F
:106B50000CBF1F23002302E02A2300E03C23052171
:106B6000FF222046E6F779FC4FF400020621134687
:106B70002046E6F73CFC1E20EEF3C0F72046062137
:106B80004FF400020023BDE81040E6F730BC0000DF
:106B9000F0B5036A466A042BCCBF06F4781606F4F7
:106BA000F01685B00446760C00253BE010216846BF
:106BB0001F4A2B46EAF304F300206946EBF336F153
:106BC00000282ED000210A46EAF3CCF66369074676
:106BD000222B20460ADDE369590607D540F6270136
:106BE0000022F4F3C1F40146204600E000214FF4F6
:106BF000CC62F4F359F3056063692046222B0ADD69
:106C0000E3695A0607D540F627010022F4F3ACF4F5
:106C10000146204600E0002140F26462F4F344F3B0
:106C200007600135EBB2B342C0D305B0F0BD00BF81
:106C3000D5950200F0B5036A85B0042B0446466A78
:106C400003DD06F0F866B60D02E006F0F076760D8C
:106C500000253BE0102168461F4A2B46EAF3B0F2BC
:106C600000206946EBF3E2F000282ED000210A460E
:106C7000EAF378F663690746222B20460ADDE369CA
:106C80005A0607D540F627010022F4F36DF40146B9
:106C9000204600E000214FF4CB62F4F305F30560D9
:106CA00063692046222B0ADDE3695B0607D540F6BF
:106CB00027010022F4F358F40146204600E00021A9
:106CC00040F25C62F4F3F0F207600135EBB2B342DC
:106CD000C0D305B0F0BD00BF0C990200F0B5036A47
:106CE00085B0042B0446466A01DDF60E02E006F08C
:106CF000F056760E00253BE0102168461E4A2B46D2
:106D0000EAF35EF200206946EBF390F000282ED003
:106D100000210A46EAF326F663690746222B20463D
:106D20000ADDE3695B0607D540F627010022F4F38C
:106D30001BF40146204600E000214FF4CA62F4F340
:106D4000B3F2056063692046222B0ADDE369590628
:106D500007D540F627010022F4F306F40146204649
:106D600000E0002140F25462F4F39EF20760013526
:106D7000B542C1D105B0F0BD1B9902000048704773
:106D8000C0AD3A022DE9F04304460F4685B000201D
:106D9000904915461E46EBF325F060B9204639466A
:106DA00015B1FFF7EBFF07E0FFF7E8FF4FF47A7547
:106DB000B0FBF5F500E0054600208749EBF312F043
:106DC00000F00F00012808D0022809D0834B844A24
:106DD000032814BF9146994604E0DFF8149201E0BD
:106DE000DFF8109229462046FFF7A6FE2046F4F36E
:106DF00055F2002180462046F5F300F0794B02461B
:106E0000002E4BD10193032302933946204632468C
:106E10002B460096CDF80C90FFF72DFC0746002876
:106E200037D063692046222B0ADDE3695B0607D56C
:106E300040F627013246F4F397F30146204600E07E
:106E400000214FF4C062F4F32FF20268BF004FF646
:106E50008373134007F07C0205F17F07FF09013FB0
:106E600042EA07471F4363692046222B0ADDE36994
:106E7000590607D540F627010022F4F375F30146C1
:106E8000204600E000214FF4C062F4F30DF20760E9
:106E900096E029465448EAF353F192E000218DE848
:106EA0000A0003230293204639462B46CDF80C9066
:106EB000FFF7E1FB002D00F083802046E6F774F831
:106EC000064606E0AB4203D16369222B07DC12E0E1
:106ED0000C36002E74D03388002BF3D170E0E369B8
:106EE0005A0608D540F6270120460022F4F33CF369
:106EF0000146204601E0204600214FF4C062F4F331
:106F0000D3F10268B37802F07C02B3EB920F57D052
:106F10003579F3782D061B0505F0706503F47003D1
:106F200000214FF07F622B432046E6F796FA7379F3
:106F300002211B052D4A43F400332046E6F78DFA63
:106F4000B3686FF07F42032113402046E6F785FACD
:106F500063692046222B0ADDE3695B0607D540F60C
:106F600027010022F4F300F30146204600E000214F
:106F70004FF4C062F4F398F102684FF683733588DA
:106F80001340B2787F35ED119200013D02F07C0292
:106F900042EA05451D4363692046222B0ADDE36969
:106FA0005E0607D540F627010022F4F3DDF2014624
:106FB000204600E000214FF4C062F4F375F1056053
:106FC000012620464146F4F319F7304605B0BDE8E6
:106FD000F08300BFEC950200745301008C51010056
:106FE0000C52010006970200A39502000000FE1F4C
:106FF00080530100F85301002DE9F04399468BB00E
:107000000023079308930993036A476A042BCCBFB4
:1070100007F4781707F4F01704460D4690467F0CE6
:1070200000260CE0102103A8334A3346EAF3C8F0E7
:10703000002003A9EAF3FAF620B90136F6B2BE42FF
:10704000F0D34EE008AB009309AB019320462946EC
:10705000424607ABE6F7C0FB012329464A462046D5
:10706000FFF790FE20462946FFF792FD236A012B89
:107070002CDD63692046222B0ADDE3695E0607D515
:1070800040F627010022F4F36FF20146204600E0AB
:1070900000214FF4C062F4F307F163690646222B26
:1070A00020460ADDE369590607D540F6270100228C
:1070B000F4F35AF20146204600E000214FF4C0628A
:1070C000F4F3F2F0036843F480633360089B2046D6
:1070D0000093099B294601934246079BE6F7D4F8A3
:1070E00007E0204629464A460023FFF74BFE0028CA
:1070F000A8D10BB0BDE8F083D59502002DE9F04F83
:10710000002587B004460E4604950595F4F3C6F0B5
:10711000294683462046F4F371F6A1498246284663
:10712000EAF384F648B1012384F8603329462A46FD
:10713000EAF318F4C4F85C0301E084F8600300206B
:107140009849EAF373F648B10123002184F86833C3
:107150000A46EAF307F4C4F8640301E084F868031C
:107160002046F3F3F5F7904B676A98428F4B94BF34
:1071700020252125A3F1080898BF984607F4F85761
:107180003F0A08EBC50863692046222B0ADDE36944
:107190005A0607D540F627010022F4F3E5F101462F
:1071A000204600E000214FF4C462F4F37DF018F8AB
:1071B000083C013D036063692046222B0ADDE36938
:1071C0005B0607D540F627010022F4F3CDF1014616
:1071D000204600E000214FF4C562F4F365F058F852
:1071E000043CA8F108080360002DCCD147E0082139
:1071F00002A86F4A2B46E9F3E3F7002002A9EAF35D
:1072000015F600283AD000210A46EAF3ABF3236AC8
:1072100080460C2B07DDB0F5803F04D2C3B24FEAA5
:10722000102843EA084863692046222B0ADDE369F7
:10723000590607D540F627010022F4F395F10146DF
:10724000204600E000214FF4C462F4F32DF0056005
:1072500063692046222B0ADDE3695A0607D540F60A
:1072600027010022F4F380F10146204600E00021CE
:107270004FF4C562F4F318F0C0F800800135BD4248
:10728000B5D1204631464B4A1F23FFF759FA002556
:107290003EE00821484A2B4602A8E9F391F7002076
:1072A00002A9EAF3C3F58146002830D0636920467D
:1072B000222B0ADDE3695B0607D540F62701002291
:1072C000F4F352F10146204600E000214FF4C4627D
:1072D000F3F3EAF7056063692046222B0ADDE369D0
:1072E000590607D540F627010022F4F33DF1014687
:1072F000204600E0002140F22462F3F3D5F700219C
:1073000080460A464846EAF32DF3C8F800000135E6
:10731000BD42BED1204604A905AAE5F70FFF049F90
:1073200052463B463146002520460095E5F752FE81
:10733000384304902046F4F347F4059A049B002A4E
:107340003CD01A4363690592222B20460ADDE3698B
:107350005A0607D540F627012A46F4F305F10146FF
:10736000204600E0002140F21C62F3F39DF76369C0
:107370000546222B20460ADDE3695B0607D540F669
:1073800027010022F4F3F0F00146204600E000213E
:1073900040F21C62F3F388F7059B02683AE000BFF5
:1073A000C595020000970200BFAD3A0200960200A8
:1073B000E79502001C970200E2950200002B2BD0FB
:1073C00063692046222B09DDE369590606D540F69C
:1073D0002701F4F3C9F00146204600E0002140F205
:1073E0001C62F3F361F763690546222B20460ADD30
:1073F000E3695A0607D540F627010022F4F3B4F0FA
:107400000146204600E0002140F21C62F3F34CF7F5
:10741000049B026813432B60049BABB16369204655
:10742000222B0ADDE3695B0607D540F6270100221F
:10743000F4F39AF00146204600E000214FF4C362C5
:10744000F3F332F7049B0360059BABB163692046FD
:10745000222B0ADDE369590607D540F627010022F1
:10746000F4F382F00146204600E0002140F21C6265
:10747000F3F31AF7059B0360314652462046E6F7C0
:107480007EF94FF4FA60EEF339F320465946F4F3EF
:10749000B5F407B0BDE8F08FF8B5044615460E46C2
:1074A000F3F3FCF6002107462046F4F3A7F4314637
:1074B00002462B462046FFF79FFD204631462A46CE
:1074C000E5F7D8FD20463946BDE8F840F4F396B418
:1074D00038B5036A0446012B2DD14369222B0ADDFE
:1074E000C3695A0607D540F627010022F4F33CF0A1
:1074F0000146204601E0204600214FF4C062F3F32C
:10750000D3F663690546222B20460ADDE3695B0654
:1075100007D540F627010022F4F326F00146204665
:1075200000E000214FF4C062F3F3BEF6036823F4D9
:1075300000732B6038BD2CDD4369222B0ADDC36943
:10754000590607D540F627010022F4F30DF0014655
:10755000204601E0204600214FF4C062F3F3A4F678
:1075600063690546222B20460ADDE3695A0607D5E2
:1075700040F627010022F3F3F7F70146204600E02A
:1075800000214FF4C062F3F38FF6036843F40073F5
:107590002B6038BD70470120704738B505460C4652
:1075A000FFF79CFB284621460022FFF7F3FF284601
:1075B0002146BDE83840FFF781B9000038B50446E0
:1075C0000D4600203149EAF331F440B100210A466A
:1075D000EAF3C8F12946C3B20122204603E020465F
:1075E000294601220523E5F78BFF00202849EAF30D
:1075F0001DF448B100210A46EAF3B4F12946C3B2AA
:1076000009222046E5F77CFF00202249EAF30EF428
:1076100048B100210A46EAF3A5F12946C3B2052282
:107620002046E5F76DFF00201B49EAF3FFF348B160
:1076300000210A46EAF396F12946C3B20622204603
:10764000E5F75EFF002120464FF478624FF438637F
:10765000E5F7CDFE002120464FF460424FF4204371
:10766000E5F7C5FE4FF4C022002113462046E5F79A
:10767000BEFE0122002120461346E5F7B8FE204653
:107680002946BDE83840FFF7D5BA00BF129702007F
:10769000DB95020012990200CA95020038B5036A10
:1076A0000446092B69DD4369222B0ADDC3695B06A9
:1076B00007D540F627010022F3F356F7014620468E
:1076C00001E0204600214FF4C062F3F3EDF50268BB
:1076D00012F0010253D163692046222B09DDE369D0
:1076E0005D0606D540F62701F3F33EF70146204636
:1076F00000E0002140F26C62F3F3D6F54FF0004356
:1077000003604FF47A70EEF3F9F163692046222B9F
:107710000ADDE369590607D540F627010022F3F395
:1077200023F70146204600E0002140F26C62F3F3AB
:10773000BBF505686369ED04ED0C222B20460ADDDC
:10774000E3695A0607D540F627010022F3F30CF748
:107750000146204600E0002140F26C62F3F3A4F5FC
:107760006D030023036005F54245064805F5A8753D
:10777000B5FBF0F56420684338BD002038BD00201B
:1077800038BD00BFA086010038B500210546102095
:10779000E3F7A0FF002104461022E9F3ABF4656093
:1077A000204638BD08B1E4F71DB8704710B504464F
:1077B000E4F706F96060E0602068E7F716FA6368AE
:1077C000A0F50060206118180123A060237610BD89
:1077D00038B50546F4F3CAF11C20EEF3A1F4084CC9
:1077E00000211C222060E9F385F420680560FFF782
:1077F000DDFF044922682846BDE83840E6F726BC8C
:1078000090040000D93F00002DE9F84F0C46F4F336
:10781000ADF141F20100E568EEF382F400287CD07E
:1078200000F1010C064620E001321970D2B2434645
:1078300039783D460137C1B13D2903F10108F3D143
:10784000327029464646002203E001323770D2B238
:10785000664611F8017FC3EB0508B04406F1010C40
:10786000002FF2D11A7008F10105E768A368FB1830
:107870009D4205D22B781BB12F4663460022D7E7E5
:1078800025460123E2688346BA1A2A823BE059461C
:1078900011F8012B9A4202D14FF0000C0AE0102B94
:1078A0002AD10F2AF8DC27E01BF8018F07F80C809B
:1078B0000CF1010C6245F7D101EB0208895C07EB82
:1078C000020C4FF03D0907F8029008F1010B0CF192
:1078D000010701F10109002203E018F802A00CF8E9
:1078E00002A001324A45F8D17A184FF0000C07F88F
:1078F00001C08B44571C06E011F802B001EB020CEA
:107900000BF1010BE344B345C1D301330235112B15
:10791000B8D1BDE8F84FEEF315B4BDE8F88F00001C
:10792000F8B50E4617460446F4F320F13020EEF386
:10793000F7F3054668B1C660074E302343603368ED
:107940008760036029462046FFF75EFF3560002010
:10795000F8BD6FF01A00F8BD9404000008B5064B9E
:107960001B683BB9054B196821B1054B1A680AB170
:10797000FFF7D6FF002008BD94040000985C0100CA
:107980009C5C0100F8B5104B07461C681E46BCB154
:10799000E3689BB10D4D2A689A420FD1F4F3E6F0EB
:1079A000E068EEF3CFF300232B6007E0384625684C
:1079B000F4F3DCF02046EEF3C5F32C46002CF5D1B1
:1079C00000233360F8BD00BF9404000088930200D8
:1079D00073B5856E04466DB1D0F8CC3000EB8303EF
:1079E000D3F8D420036E9A4203D1406EA8470546CF
:1079F00000E000252046F3F351F4002302A941F8EA
:107A0000083D06466946204601AA0DF0C1FE9DE8E4
:107A100006004FF4FF20E9F3E9F220463146F4F383
:107A2000EDF1E36E5BB1D4F8CC2004EB8202D2F826
:107A3000D410226E914202D1606E294698477CBDD7
:107A4000F8B50446F0F3BAF000284FD0A56E6DB13A
:107A5000D4F8CC3004EB8303D3F8D420236E9A42BD
:107A600003D1606EA847054600E000252046F3F3E9
:107A700015F4002107462046F4F3C0F10121064623
:107A800000222046F0F3BAF04FF480110A46204657
:107A9000F0F396F040210A462046F0F3A5F04FF0AF
:107AA00080710A462046F0F38BF02046FFF790FFE6
:107AB0000F4B0121C6F804354FF4FC73C6F80835A6
:107AC0000A462046F0F39AF020463946F4F396F140
:107AD000E36E5BB1D4F8CC2004EB8202D2F8D41070
:107AE000226E914202D1606E29469847F8BD00BFD0
:107AF000F200394001207047C36B44F25832934280
:107B00000DD004D844F25632934218D112E04AF60E
:107B10002E22934208D04AF62F2293420FD1C0F86A
:107B200084334AF6322303E0C0F884334AF6312323
:107B3000C3637047C0F8843344F25433C36370475F
:107B400038B541F2E443044603630D4629B10846C3
:107B50000F49EAF347F1A06240B928460D49EAF31C
:107B600041F1A06210B94FF6FF73A3620A4928469B
:107B7000EAF338F10949E0622846EAF333F10849AB
:107B800060632846EAF32EF184F8550038BD00BF43
:107B90002D99020023990200649902004399020082
:107BA0004E9902007047000030B585B00190002466
:107BB00004A840F8044D01A90422E9F317F2019D3D
:107BC000B5B12B46D3F88C2012B10022C3F88C201B
:107BD00001340433102CF5D10398FEF797F903987C
:107BE000FFF7D0FE034B9D4202D02846EEF3AAF2E7
:107BF00005B030BDE46101000367D0F8CC3010B5AA
:107C000000EB8303029CD3F8D43044668166C266DD
:107C1000036610BD00238366C366036770478069EF
:107C2000C0F3C06070472DE9F84304461E46089D26
:107C3000099FFAF761FC00212046F4F3DFF080464B
:107C40002046F3F333F30A28C8BFD8F82C3060611C
:107C5000C8BFA3642228D8F80430C8BFD8F8AC2025
:107C6000A361C8BFE261DA001CD5222814DDE369F4
:107C70005B0611D50022204640F62701F3F374F489
:107C800001462046F4F3BAF0D0F8043600216362CE
:107C90002046F4F3B3F002E0D8F80436636294F8B7
:107CA000243023624FF4E063A3604FF0FF33E360BE
:107CB00011232361A1464FF0000817E04146F4F379
:107CC0009DF02046F3F3E2F22046F3F3EFF21EB10B
:107CD000D9F814319E4203D0D9F88C309F4201D19B
:107CE000C5F8008008F1010809F10409D4F8D03082
:107CF00020469845E2D32968F4F380F00120BDE8DE
:107D0000F883F7B5002213460D4601210446E5F736
:107D100038FB0021282207460B4620460091F3F34A
:107D2000C1F20646280709D0204601210622F3F3B6
:107D300067F6204602210622F3F362F615F0F00FF3
:107D400004D0204600210222F3F35AF615F4706F96
:107D50000ED0204600210122F3F352F601210A46FB
:107D60002046F3F34DF6204602210122F3F348F6B4
:107D700001213B4620464FF0FF32E5F702FB20464B
:107D8000002128224FF0FF330096F3F38BF2FEBD63
:107D90000020EAF327B0000010B50C490446FFF7B5
:107DA000F7FF80B288B9D4F880000849EAF31AF0E6
:107DB00080B250B9D4F880000549EAF313F04FF6C9
:107DC000FF7380B2002808BF184610BD6D990200ED
:107DD0007B990200436907B50A2B09DD003118BF02
:107DE00001210091242200210123F3F35BF201E041
:107DF0004FF0FF300EBD07B50021F8220B46009171
:107E0000F3F350F200F00F000EBD00002DE9FF4724
:107E1000DDF830809246DDF834900F464FF46372FF
:107E2000002104461E460E9DB8F1010F08BF4FF019
:107E30000008E9F35FF111232361C4F88860C4F8F6
:107E40005C90C4F858A0C4F80480B8F1000F40F06A
:107E5000C580204641463A464B46FFF74BFE002878
:107E600000F0C0804FF0C0531A68130F02F4702165
:107E7000236093B202F47002120D626444F258322D
:107E8000090C9342E36321640AD004D844F25632C9
:107E9000934208D104E0A3F52A432E3B012B02D8DC
:107EA0002046FFF729FE636C20460E3B012B8CBF5A
:107EB0000023012384F84C304FF0C0513A46FAF7C2
:107EC00093F9D4F8D030002B00F08A80002704AB5F
:107ED00043F8047D8DE8480020464FF0C0513A46F3
:107EE0003B46FFF7A0FE00287CD02046FFF736FD7A
:107EF0000F9B00950193204639463246A36DFDF74E
:107F0000F3FF002870D105B12D683A4E204629466E
:107F1000FFF716FE3278002A42D16369132B19DD70
:107F20004FF400612046F3F35BF7334907462846D8
:107F3000E9F37CF738B128462F49E9F353F7B0F15C
:107F4000FF3F08BF00200023BB650399F86520466A
:107F5000F3F354F72046A16DFFF7BAFA2046A16D5E
:107F6000FFF71BFB28462549E9F33CF7024620B9F9
:107F70002046A16DFFF792FB0246C4F88823A16D4D
:107F80002046FFF789FA2046FFF75AFD2046A16DEB
:107F9000FFF7B4F82046A16DFFF710FB0123337003
:107FA0002046F3F3E1F528461549E9F33FF738B1E8
:107FB00013492846E9F316F701462046FFF7A1FECC
:107FC00028461049E9F332F778B128460D49E9F31C
:107FD00009F701462046FFF7E5FD06E0002404E02E
:107FE0001C4602E0044600E03C46204604B0BDE8E2
:107FF000F08700BFE06101003E9902005B9902003A
:1080000073990200349902001FB50F4C0246237881
:10801000BBB910B90346014601E00C4B191D002005
:108020000090019002930391094844F210714FF0BF
:10803000C053FFF7EBFE28B1064B20221A60012344
:108040002370034804B010BD706501006462010034
:10805000E4610100A00400002DE9FF4707464FF44A
:108060006370884691469A460D9E0E9DEEF358F039
:108070000446C8B10C9B3946019342464B46CDF8A5
:1080800000A002960395FFF7C1FE074620B92046DF
:10809000EEF358F03C4607E006B13668C4F880605D
:1080A00005B12D68C4F88450204604B0BDE8F087BF
:1080B00070B5064686B04FF4BC70EEF331F004465E
:1080C000E8B100214FF4BC72E9F314F00D4B2660C7
:1080D00000930D4B0025019330680C490C4A234650
:1080E000029503950495059500F0D8FE30B94FF43C
:1080F0009663C4F8603184F8640100E02C462046A1
:1081000006B070BDA53881005D3D8100D8D28800E1
:108110003CC5890010B5044650B10368054918688C
:10812000224600F060FE2046BDE81040EEF30AB0A3
:1081300010BD00BF3CC589002DE9F041054686B061
:108140008020EDF3EDF70446002844D00021802282
:10815000E8F3D0F704236360B4232560A381A0462D
:10816000C5F85847274600260EE01C2202FB0642AF
:108170003C61A8681B4910320023FAF36DF33862A2
:108180001C3700282BD0013663689E42EDDB164B6E
:1081900016490093002301930293039304930593DC
:1081A0002868134A234600F079FEC0B913E0D8F8D6
:1081B000201031B123689868FAF336F30023C8F829
:1081C0002030013508F11C0863689D42EFDB204632
:1081D000EDF3B8F70024204606B0BDE8F081002595
:1081E000F2E700BF49488100A94681007CD388009E
:1081F0007F3F890070B5044600281ED003680F49F0
:108200001868224600F0EFFD254600260DE0296A99
:1082100029B123689868FAF307F300232B62E86911
:1082200008B1EDF38FF701361C3563689E42EEDB33
:108230002046BDE87040EDF385B770BD7F3F8900F3
:1082400010B50446C06F08B1FFF764FFD4F884008E
:1082500008B107F0C1FED4F8800008B1FFF7CAFFEB
:10826000D4F8B00008B100F013F9A06808B101F02B
:10827000E3F92046BDE81040EDF364B72DE9F04F77
:1082800007468DB0B8208A4690461D46179EEDF3EE
:1082900047F70446002800F0A0804FF0000B0021B3
:1082A000B822E8F327F7266084F88CB03846FFF749
:1082B0006BFA0BABC4F8A8B02A460190069381462E
:1082C00041F2E44120463346CDF800B0CDF808A095
:1082D000CDF80C800494CDF814B001F05DFA054699
:1082E000002875D0A06010F06FDA2B691021E360D0
:1082F0003C4B6060A3643C4A334627616464384663
:10830000E8F35EF72B69D86FF2F356F749F6981346
:1083100098422B69D86F06D8F2F34EF7082103462E
:10832000324A09A805E0F2F347F7314A034608212B
:1083300009A8E8F345F7314609AA2E4B2E48E8F381
:10834000FFF63246002016992C4B8DE88001F8F795
:10835000A9FB064600283BD16368012783F87870A3
:1083600008210A46286930F0D5DA36213A46D5F890
:108370009802EFF730FD2846FFF7DEFEC4F88000D4
:1083800030B3284607F0F6FDC4F8840000B3284651
:10839000FFF78EFEE067D8B16368194983F8E07093
:1083A000184B02968DE848000396049605962868B7
:1083B000154A234600F072FD50B9284600F032F805
:1083C000C4F8B00020B111482146EDF3A9F120B165
:1083D00020464946FFF734FF002420460DB0BDE893
:1083E000F08F00BFBD888100DB550100E055010022
:1083F0004D4989004039010081990200FD8D8100BD
:108400002CD58800198A810058FB8900F5898100E4
:1084100001207047024B01221A70E3F763BA00BFD4
:10842000FC03000070B5064686B02020EDF37EF612
:108430000446F0B100212022E8F35CF64FF4E1534A
:10844000E3804B2323810A2363810E4B26600025A2
:10845000009330680C490D4A234601950295039517
:108460000495059500F01AFD30B93368012283F8B0
:108470006321204606B070BD2046EDF363F62C461E
:10848000F7E700BF7D9A81008CD58800C04B89003A
:1084900010B5044678B1FBF309F323682246186847
:1084A000054900F0A0FC2046EDF34CF623680022BD
:1084B0001B6883F8632110BDC04B89000368D3F8A3
:1084C000D42041F26B03116B99420BD1936AEF2BCD
:1084D00028D001D8D62B04E0F52B23D040F20F1181
:1084E0008B421FD0936A40F2C65293421AD040F298
:1084F0007452934216D0036A7F2210E0482283F818
:10850000FD2006E002F0C002921102EB810183F827
:10851000FD10036A93F9FD20142A0BDC482283F82E
:10852000FD207047036A93F8FD104AB2B2F1FF3F95
:10853000E8D1E3E77047D0F8E81110B5044629B157
:108540008068FAF371F10023C4F8E831D4F800121E
:1085500029B1A068FAF368F10023C4F80032D4F816
:108560008434D3F8301139B1A068FAF35DF1D4F84E
:1085700084340022C3F83021D4F8501329B1A06804
:10858000FAF352F10023C4F85033D4F8541529B14A
:10859000A068FAF349F10023C4F85435D4F8F4156F
:1085A00029B1A068FAF340F10023C4F8F435D4F8F7
:1085B000C41729B1A068FAF337F10023C4F8C4370F
:1085C00010BD10B50446006807F0D8F8D4F880064E
:1085D00020B106F021F80023C4F88036D4F87C06D8
:1085E00020B106F049FA0023C4F87C36D4F89C0187
:1085F00020B108F089FE0023C4F89C31D4F88C0126
:1086000020B101F025FE0023C4F88C31D4F84001DC
:1086100020B102F069FF0023C4F84031D4F85401BE
:1086200020B1FEF3FFF30023C4F85431D4F8300135
:1086300020B102F019FC0023C4F83031D4F8340121
:1086400020B102F0C1F90023C4F83431D4F8380164
:1086500020B102F01BFB0023C4F83831204602F0A1
:10866000D5FAD4F84C0120B106F0BAFA0023C4F8C8
:108670004C31D4F8480120B108F078FD0023C4F84B
:108680004831D4F8440120B106F032F90023C4F88F
:108690004431D4F85C0120B108F016FA0023C4F884
:1086A0005C31D4F82C3113B10023C4F82C31D4F848
:1086B000600120B104F0B4F90023C4F86031204611
:1086C00008F0AAFA204605F09FFFD4F8500120B127
:1086D00005F0FAFF0023C4F85031D4F8700120B13E
:1086E00001F09EFC0023C4F87031D4F8780120B169
:1086F00004F0A8FC0023C4F87831D4F87C0120B140
:1087000007F06CFE0023C4F87C31D4F8740120B16A
:1087100008F072FD0023C4F87431D4F8840120B14C
:1087200001F01CFC0023C4F88431D4F8880120B186
:1087300004F0E2FB0023C4F88831D4F8780420B1B7
:1087400007F0F4FC0023C4F87834D4F87C0420B19A
:1087500007F02EFD0023C4F87C34D4F8800420B147
:1087600007F0C0FD0023C4F88034D4F8940120B190
:1087700008F0A2FE0023C4F89431D4F8640820B1B4
:1087800008F0F6FE0023C4F86438D4F8F80620B1E7
:1087900008F040F90023C4F8F836D4F89C0620B15C
:1087A00004F0E2FE0023C4F89C36D4F8A00620B101
:1087B00001F060FD0023C4F8A036D4F8CC0620B147
:1087C00004F0BAFE0023C4F8CC36D4F8D40620B1A5
:1087D00004F0F4FC0023C4F8D436D4F8D00620B159
:1087E00008F084FA0023C4F8D036D4F8600820B129
:1087F00007F0D6FE0023C4F86038D4F8DC0620B1B8
:1088000007F0FEFB0023C4F8DC36D4F8BC0608B140
:1088100005F081FDD4F8C00608B105F07CFDD4F860
:10882000A00120B103F0F8FE0023C4F8A031D4F871
:10883000F00620B106F0C2F90023C4F8F036D4F8EF
:10884000300720B1EDF37EF40023C4F83037D4F8BC
:10885000A40620B105F03AFD0023C4F8A436D4F8EC
:10886000940620B104F070FF0023C4F89436D4F8C5
:10887000240120B108F06CF80023C4F82431D4F8A6
:10888000280120B103F0A6FD0023C4F82831D4F854
:10889000880420B106F0A8FA0023C4F88834D4F87C
:1088A000E80520B104F0D2FD0023C4F8E835D4F87F
:1088B000380620B1F9F7CEFF0023C4F83836204639
:1088C000BDE8104004F0D4BB70B5D0F8843405681E
:1088D00001220446A3F89020D5F8D8003C49E9F3DA
:1088E000A5F240B1D5F8D8003949D4F88464E9F349
:1088F00079F2A6F89000D4F884346422A3F84A20D0
:10890000D5F8D8003349E9F391F240B1D5F8D80051
:108910003049D4F88464E9F365F2A6F84A00D4F843
:1089200084346422A3F84C20D5F8D8002A49E9F30E
:108930007DF240B1D5F8D8002749D4F88464E9F332
:1089400051F2A6F84C00D4F884346422A3F89220A3
:10895000D5F8D8002149E9F369F240B1D5F8D8003B
:108960001E49D4F88464E9F33DF2A6F89200D4F8E5
:1089700084340122A3F89620D5F8D8001849E9F3E9
:1089800055F240B1D5F8D8001549D4F88464E9F31C
:1089900029F2A6F89600D4F884340422A3F89E2085
:1089A000D5F8D8000F49E9F341F240B1D5F8D80025
:1089B0000C49D4F88464E9F315F2A6F89E00D4F8C3
:1089C00084346422A3F894200122A3F8982070BD77
:1089D000079A0200239A0200E3990200749B0200A6
:1089E000CD990200B5990200F7B5036A044693F9E0
:1089F000FC00421C2CD0236893F87C200A2A02D861
:108A0000FEF308F225E0D3F8D85014492846E9F3DC
:108A1000E9F113498DF804002846E9F3E3F111491F
:108A20008DF805002846E9F3DDF100258DF80600F4
:108A30002E4601AF7857FEF3EDF176B2E8550135D9
:108A4000B042A8BF0646032DF6B2F2D1304600E090
:108A50000820236A83F8FC00FEBD00BFF5990200E0
:108A6000FB990200019A02000368D0F8842470B5D3
:108A7000D3F8D8500323D371D0F88424044613725A
:108A8000D0F88424444982F8AD30D0F884242846B4
:108A900082F8AE30E9F3A6F140B220B928463F494A
:108AA000E9F3A0F140B2431E0E2B0CD80128D4F8F4
:108AB000842401D1002302E0022804D10123D371D0
:108AC000D4F884241372D4F8843493F81C210AB1A6
:108AD0000322DA7132492846266AE9F383F186F8DF
:108AE000FC002046FFF780FF2E492846266AE9F35E
:108AF00079F186F8FD002046FFF7E0FC236A93F841
:108B0000FD2083F8FE20216841F26B02D1F8D430B9
:108B1000186B904229D1226A92F9FC00082824DCC3
:108B20009B6AD12B12D0E92B10D0902B0ED08B2B1F
:108B30000CD08D2B01D10D2315E0932B0AD1B1F868
:108B40007A301B051B0DB3F5826F01DC18230AE098
:108B50001B2308E08E2B01D1102304E0D62B01D07B
:108B6000E42B02D1172382F8FC30236840F27452C0
:108B7000D3F8D4309B6A934203D040F2C65293425A
:108B800007D1236A93F9FC20082A02DC172283F814
:108B9000FC20012070BD00BF579A02001F9A0200FE
:108BA000959B0200519A020010B504461C4980684A
:108BB00022460023F9F350F6C4F8E80170B3A06828
:108BC000184922460023F9F347F6C4F8000228B3F7
:108BD000A068154922460023F9F33EF6C4F8500375
:108BE000E0B1A068114922460023F9F335F6C4F834
:108BF000540598B1A0680E4922460023F9F32CF6DB
:108C0000C4F8F40550B10023A0680A492246F9F3DC
:108C100023F6C4F8C407003018BF012010BD00BF00
:108C2000713D82005D01820075EF81001DFD8100B4
:108C3000CD378200A5CF810070B5FF220446012305
:108C400084F8732484F8DB2241F20101D4F88424EF
:108C500000260376A4F858146420032184F8400504
:108C600084F8763484F87264D171D4F8842440F6A0
:108C70002A151172A4F85A54A4F85C54A4F85E544E
:108C8000A4F86054A4F86254A4F86454A4F8665498
:108C9000A4F86E1440F62B150221A4F86854A4F829
:108CA000701407250421A4F86A54A4F86C14A4F8DD
:108CB0002E06A4F8686384F82062A4F82C6684F871
:108CC000346284F8236284F8216284F8F26484F8C0
:108CD000B06284F8276521684FF0FF3081F8533087
:108CE00048632168204681F84130216881F842308C
:108CF000216881F8D160216881F84360216884F897
:108D00000E6284F80F62C4F8506681F894302168CE
:108D100081F8F530216881F8F430216881F89D30C0
:108D2000216881F83431216881F86931216881F83E
:108D30002861216881F86161216881F86A6122688F
:108D4000966684F8643384F8653392F84F10890787
:108D500018BF82F8523003230125002284F8DC3149
:108D600084F8E4314FF44873A4F8343584F850653E
:108D7000A4F84E2584F8DC5505F096DD052384F82B
:108D80002036236884F8206184F8585683F81151FE
:108D900023684FF0FF31A4F87017A4F8541884F832
:108DA000736784F8A15784F8B05783F84251236859
:108DB00083F84351236883F85C61236883F8645126
:108DC000236883F86651236883F86B51236883F81E
:108DD0006751236883F86851236883F83B612368EF
:108DE000C3F83C6170BD2DE9F0470F46924600285C
:108DF00034D00468002C35D04FF00008C14628E07C
:108E0000D4F8C40239464044E8F300F2E8B9D4F893
:108E1000C8324FEA890653F82930534515D1D4F8A2
:108E2000C43243445D6B013D5D63EDB9184629468C
:108E30003822E8F35FF1D4F8C802294680190422E9
:108E4000E8F358F12846BDE8F08709F1010908F177
:108E50003808236893F8B4309945D1DB6FF01D00D2
:108E6000BDE8F0876FF01D00BDE8F087F8B500257C
:108E70000F4606682C4608E0D6F8C4023946401969
:108E8000E8F3C4F1383538B10134336893F8B430BD
:108E90009C42F1DB6FF01D042046F8BD2DE9F04740
:108EA0008A461146984691460468FFF7DFFF031E85
:108EB00005DA2368002693F8B42035463BE0D4F861
:108EC000C822382042F82380D4F8C42200FB0320B3
:108ED000436B013343630020BDE8F087D4F8C4320C
:108EE00006F138019F5D98191FBB49461F22E8F320
:108EF000D9F1D4F8C4320C999E19089BC6F820A069
:108F0000B362099B384673620A9BF3620B9B33631F
:108F1000D4F8183743F8351003EBC5020D9B5360A6
:108F2000736B01337363D4F8C83243F82580BDE80E
:108F3000F08701350E469542D0DB6FF01500BDE895
:108F4000F0872DE9F04107680C4615469846D7F89A
:108F5000CC02002604E003689C420BD00646006960
:108F60000028F8D111E0002303610EB1306101E067
:108F7000C7F8CC02069B80E83001C3600020BDE842
:108F8000F0816FF01500BDE8F0811420EDF3C8F01A
:108F90000028E8D1F5E7000013B50023044600934C
:108FA00021460068194AFFF7CCFF014658BBD4F8A8
:108FB00088040322164B05F07FFF014618BBD4F846
:108FC00088040222134B05F077FF0146D8B9D4F884
:108FD00088040522104B05F06FFF014698B9D4F8BC
:108FE000880406220D4B05F067FF014658B9D4F8F6
:108FF000880408220A4B05F05FFF002814BF4FF0D9
:10900000FF30002001E04FF0FF301CBDC9A38100FC
:109010002DCC8100B12C8200F92E8200FD4E000083
:1090200029FD8100026810B5D2F8CC0200230EE0C1
:109030000468A14209D101690BB1196101E0C2F8CC
:10904000CC12EDF37FF0002010BD0346006900282C
:10905000EED16FF01D0010BD41F2E443984208D1FB
:109060000023064A9A5A8A4205D00233B3F58C7F10
:10907000F7D1002070470120704700BF5C9A0200C2
:109080002DE9F043D0F854530021C82287B004469C
:109090002846E8F32FF06423EB85032385F860303E
:1090A00000220123D4F858014FF4805139F042D8FE
:1090B000FF28074605D1236A186919684DF094D92D
:1090C0000746236A6F860021A4F85674204607F4E9
:1090D0006057B3F808801E680CF008DBB7F5205F16
:1090E00005F1380908D0B7F5C05F07D0B7F5805F44
:1090F00014BF0A27142702E0A02700E02827002138
:10910000FF238DE80A00D4F88434029003971B797A
:1091100042460493484633465BF07ADA236893F874
:109120004F309A0703D0EB8843F02003EB8007B061
:10913000BDE8F08382B010B514246143D0F8D44266
:1091400003936350059B60184360069B0261836034
:10915000049BC360BDE8104002B0704730B503689F
:109160000446DB6985B09A6D4068D4F83C16DB6D27
:10917000F9F738FBC4F83806002800F0DE812046F5
:1091800004F068F9C4F8E805002800F0D981204609
:1091900005F04AFEC4F88804002800F0D481204677
:1091A00003F048F9C4F82801002800F0CF812046D8
:1091B00007F098FBC4F82401002800F0CA8120467B
:1091C00004F0D6FCC4F89406002800F0D1812046B3
:1091D00005F08EF8C4F8A406002800F0CC812046E3
:1091E00004F0F2FE002840F0C981204604F04EFF52
:1091F000002840F0C381204604F076FF002840F0AC
:10920000BD81204604F0D4FF002840F0B7812046FD
:1092100005F00AF8002840F0B181204605F020F85A
:109220000546002840F0AA810321D4F8A4060A4686
:1092300005F054F9C4F8BC06002800F0A281D4F867
:10924000A40602212A4605F049F9C4F8C006002800
:1092500000F09A812946C04AC04B204600950194EF
:1092600007F084FBBE4B1A1D07CA1B688DE8070078
:10927000082122462046FFF75DFF206806F062FACB
:10928000204606F065FFC4F87804002800F07F81CE
:10929000204606F0A7FFC4F87C04002800F079817E
:1092A000204607F035F8C4F88004002800F07381E8
:1092B000204601F063FEC4F81805002800F06D8117
:1092C000A84B2046C4F8543101F0E8FDC4F8300141
:1092D000002800F06481204601F0A0FBC4F83401AE
:1092E000002800F05E81204601F000FDC4F838013E
:1092F000002800F05881204601F092FC002840F040
:109300005581204607F092FBC4F85C01002800F06C
:109310005081204607F06CF9C4F86008002800F07E
:109320004A8120682146A2688F4B03F0CBFEC4F827
:109330009802002800F04181204603F0BBFBC4F8EE
:109340006001002800F03B81884B2046C4F82C3196
:1093500005F000FBC4F84401002800F032812046EB
:1093600007F01EFFC4F84801002800F02C812046B9
:1093700005F074FCC4F84C01002800F02781204659
:1093800002F0D6F8C4F84001002800F021812368DB
:10939000012283F8A120204604F0EAF8C4F89C06D4
:1093A000002800F01781204607F09EFB002840F0BF
:1093B0001381204605F0E4F9C4F85001002800F0BC
:1093C0000D81204605F004F9002840F0098120466F
:1093D00000F03CFEC4F87001002800F00381204634
:1093E00003F09AFDC4F87801002800F0FD802046C3
:1093F00007F010F8C4F87C01002800F0F88020463F
:1094000007F010FFC4F87401002800F0F380204634
:1094100000F0BAFDC4F88401002800F0ED80204679
:1094200003F034FDC4F88801002800F0E7802046EE
:1094300007F0BEFFC4F89401002800F0E180204648
:1094400000F06AFEC4F88C01002800F0DB802046A2
:1094500007F070FFC4F89C01002800F0D58020467A
:1094600069F094DE60B1204608F036F8C4F864086C
:10947000002800F0C9802368012283F8322102E02D
:10948000236883F83201204607F08EFAC4F8F80604
:10949000002800F0BB80204605F002FBC4F87C06E3
:1094A000002800F0B580204605F0C4F8C4F8800616
:1094B000002800F0AF80204607F03EFCC4F8D0063C
:1094C000002800F0A9802368012283F8A320204609
:1094D00000F0E2FEC4F8A006002800F09F802046BD
:1094E00003F0D4FFC4F8CC06002800F09980204691
:1094F00003F08AFEC4F8D406002800F093802046CA
:1095000006F08EFDC4F8DC06002800F08D8023688C
:1095100093F869313BB1204603F09CF8C4F8A001F0
:10952000002800F08380204605F022FBC4F8F006F6
:1095300000280CBF7620002079E04FF4967076E08A
:1095400040F22D1073E04FF4977070E040F22F104E
:109550006DE04FF498706AE019348200E5338200C0
:10956000389A0200EFBEADDE41FF8100EFBEAD0DC7
:1095700040F231105BE04FF4997058E040F2411036
:1095800055E040F2471052E04FF4A4704FE0242021
:109590004DE025204BE0262049E02A2047E03120FD
:1095A00045E0322043E040F2F51040E04FF4FB701C
:1095B0003DE035203BE0BD2039E0392037E03C205C
:1095C00035E03E2033E040F26D2030E03F202EE0D9
:1095D00043202CE06A202AE0472028E0492026E0AA
:1095E000482024E04A2022E040F2E5201FE040F23B
:1095F000E6201CE04B201AE05A2018E05B2016E021
:109600005E2014E05F2012E0632010E065200EE091
:1096100008480CE067200AE06C2008E06E2006E0B5
:109620006F2004E0702002E0722000E0732005B09B
:1096300030BD00BF50464D00F8B50446002800F08C
:10964000A6800FF099D9D4F8F415D0F1010638BFEF
:10965000002621B1A068F9F37BF000B9013620465D
:10966000D4F82C1305F00CDF2046D4F8DC1405F0F8
:1096700007DF2046D4F8341305F002DFD4F84003A6
:1096800008B1ECF35FF5D4F8980220B103F070FD57
:109690000023C4F89832276AB96911B1204661F0F5
:1096A0009BD80025BD61D4F86432595911B12046C8
:1096B00032F098DA0435202DF5D1D4F8580103F0B2
:1096C000B3FA2046FEF737FFD4F8180520B101F0B1
:1096D00031FC0023C4F818352046FEF772FF2046FF
:1096E00002F042FA23688619D3F8D41031B16068C9
:1096F00002F035FA23680022C3F8D4202368D3F897
:10970000D80028B1ECF31EF523680022C3F8D82056
:10971000D4F8D05204E02846EF68ECF313F53D4648
:10972000002DF8D12146C4F8D0522068FFF77AFC0A
:10973000206818492246FFF756FBD4F8640118B197
:1097400007F09EF8C4F86451D4F89C0220B1ECF301
:10975000F9F40023C4F89C32D4F8F80448B1ECF3CF
:10976000F1F40023C4F8F83403E02046616815F0F2
:1097700037D8D4F89422002AF7D104F5C6600C300B
:10978000F8F7B2FF2046616801F08AF800E006466B
:109790003046F8BDDD5601002DE9F04F91B00024B0
:1097A00091461B9E9DF868200790DDF878B0204612
:1097B000099198460892DDF880A00C940D940E94BF
:1097C000E3F792FB484631461C9A1D9BCDF800B04A
:1097D0000CF031F8054608B1012376E3FEF71AFED6
:1097E0000DAB01930EAB0293484631461C9A1D9B6C
:1097F000CDF800B002F0AEF9074618B901230C937A
:10980000044688E30D9848B1AA49E8F30FF328B15C
:1098100029462A46E8F3A6F01FFA80F91F9B304636
:10982000009341460CAA4B4601F06CF80446002810
:1098300000F0898305680E9A46600D9BC5F8DC2010
:10984000D0F88424FF21C5F8D470C5F8D83082F848
:109850006010426A0023C261079A0D938260964AA3
:10986000C5F80C80C5F8A4206E610E93012280F823
:109870004226D0F8E022C0F8A4B163F31722C0F862
:10988000E022089A414685F8212080F8CF31032351
:1098900080F84135FFF7D0F9236804F5C662DB692B
:1098A0006068196E0C32F8F7E2FE0746002840F0B7
:1098B00032832046394605F007D8204607993246BC
:1098C000434606F045FFC4F8640108B90F23FCE2E3
:1098D0007A4B28468DE88800794B7A4904937A4B75
:1098E0007A4A0593234602970397FFF7D7FA08B100
:1098F0001023EAE2089B1C9A8DE848001D9B029207
:109900000393204609994A464346CDF810B002F029
:109910001DFA0C90002840F0FE822369D86FFEF7F4
:109920006AFAA4F84006B4F8AA010DF0CFD90030C5
:1099300018BF01200A3054F820300AA92362206998
:109940002FF0FCDF00283DD10A9B0746C4F8B03158
:1099500039460FAA204604F0ADDC39462046BDF852
:109960003C20013704F0AADC062FF1D14FF44073FC
:10997000C5F8E8302A23C5F8B8303223C5F8BC3022
:1099800036234FF47D62C5F8C43040F2D453A5F8B5
:10999000CA20A5F8C0304FF45D72002385F8B67078
:1099A000A5F8C82084F89437D5F8B830842B02D9AC
:1099B0008423C5F8B8304FF40470ECF3B1F3C4F865
:1099C0009C0208B9142380E24FF404720021E7F3EB
:1099D00091F322460023D2F8A002D4F89C1204325C
:1099E00041F82300D4F89C1251F823108B710133F5
:1099F000042BF0D1012385F89330236A1869EEF720
:109A0000A1FF00F0010085F85400236A1869EEF701
:109A100099FFC0F3C00085F855002946204607F09D
:109A2000EDF92B49D5F8D800E8F3DCF1D5F8D420CE
:109A300040F26E51936A07468B4208D0126B41F296
:109A40006B018A425AD1D12B01D0E92B12D1D4F823
:109A50008434192283F84920D4F884344FF0FF323B
:109A60005A64642283F87A20D4F88434012283F87B
:109A7000302059E0B3F5897F11D8B3F5887F32D80B
:109A8000F52B07D8F42B2ED2E42B2CD0EF2B2AD099
:109A9000D62B27E0A3F58773012B45D823E0B3F538
:109AA0009A7F17D2B3F5987F1DD840F217129342D0
:109AB00018E000BF839B020000315F070163820052
:109AC000EC56010008D68800514F0000DD56010019
:109AD000899B0200B3F59A7F26D9B3F59B7F02D903
:109AE000B3F5A57F20D1D4F88434322283F87A20CC
:109AF000D4F88434642283F8492010E041F2E44130
:109B00008A4211D140F2DA5293420DD1D4F8842422
:109B1000642382F87A30D4F8842482F84930D4F867
:109B200084344FF0FF325A642046FEF7CDFED4F85D
:109B300084341922A3F8AA20204607F07FF8D4F82D
:109B40008434226A19781069DA784EF0D1D8D4F8C2
:109B500078364FF0010983F83490E16920690431C7
:109B600003F0D7FD236AD4F884B418694EF0D8D92D
:109B7000CBF8400004F5E47B206959462EF064DF01
:109B80000622281D5946E7F331F2B4F8AA010DF078
:109B90009DD8003018BF01200A3054F820302046EC
:109BA0002362FEF761FF08B918238EE1216A0F23B3
:109BB00040F2FF32A1F80031A1F8022101F1F803CF
:109BC00001F1F402204601F01BFC236AD3F8F420D3
:109BD000C3F8F020C3F8E820D3F8F820C3F8EC204D
:109BE0001A68022A08BF83F8159007F00103002BBA
:109BF0000CBF0323002385F84F30236A1869EEF762
:109C0000A1FE10F40060236806D093F84F2002B143
:109C1000012283F8512001E083F85100216A204697
:109C20001C3106F06DDA00212046D4F820900BF0AC
:109C30005DDD00227F2309F150010093019013465E
:109C400009F11C005AF020DD204664F02FDF40F2BD
:109C5000CC63C4F828362046FFF780FA0C90002821
:109C600040F05981D4F8800402219DF92C2059F04C
:109C7000F9DD20464146FEF797FF10B94FF47A739D
:109C800023E1204602F0F4FFC4F8580110B940F275
:109C9000E9331AE12046FFF7F3F92046314614F084
:109CA0007FDD10B940F2EB330FE1C4F8BC05C4F816
:109CB000C0053146204614F073DD10B94FF47B73B4
:109CC00003E10123C4F8C40585F8A830204602F05A
:109CD00045FC10B140F2ED33F7E00623A5F8603003
:109CE000A5F8623095F89C30012B04D14022A5F8EC
:109CF0006020A5F86220D5F888300A221A804FF437
:109D000054725A80D5F88C300126C4221E805A80A5
:109D1000D4F830011FF0C8DD08B184F80E62B4F841
:109D2000E13243F4C05343F01E03A4F8E132236A46
:109D30001869EEF707FEC10607D5D4F8843401226E
:109D40009A74D4F88434FF22DA74B4F8E1224FF222
:109D5000FF731340D4F88424A4F8E132D278012AA6
:109D600007D123F4006323F00C031B041B0CA4F89D
:109D7000E132FF260221012284F8E06284F8DF62EA
:109D800084F8DE62204603F0BDDB01213246204626
:109D900003F0B8DB236A4FF0FF38C4F81482186967
:109DA000EEF7D0FD10F00406204605D00321FEF3A7
:109DB000C3F684F81C8204E03146FEF3BDF684F855
:109DC0001C62236A1869EEF7BDFD3A0702D500232D
:109DD00084F81C32FB0603D520460021FEF3ACF6C6
:109DE000BE070ED5A26A002382F84D30E26A82F8DF
:109DF0004D30B4F8E13223F080031B041B0CA4F8AF
:109E0000E132780703D52046002164F0D5DF39061A
:109E100007D5B4F8E13223F010031B041B0CA4F89F
:109E2000E13295F84130A3B195F842308BB117F08B
:109E3000600F0ED007F02001D1F1010107F04002C0
:109E400038BF0021D2F10102204638BF002200F0C5
:109E50000FFFB4F8AA010CF039DF003018BF012061
:109E600000F10A0654F82670D4F868122046384AE1
:109E70003B4660F06FDCB86154F82610886910B971
:109E800040F24C4321E0503128223C30E7F3AEF061
:109E90001420ECF34BF1C4F8300710B940F24D43F5
:109EA00013E0AB6D204643F00403AB650EF078DDA4
:109EB0002046FFF771F810B14FF4FA6305E0204631
:109EC00003F0DEF818B140F2D1730C9323E023685D
:109ED0002049D3F8D800E7F3A9F770B10346184634
:109EE00013F8012B1AB11C498A5C5207F7D50021DF
:109EF0000A22E7F337F5C4F88406A0680021F8F3D6
:109F0000A7F4012384F8A837BAF1000F17D0002373
:109F1000CAF8003013E00D9820B1ECF313F10023E0
:109F20000D930E9314B12046FFF786FBBAF1000F94
:109F300004D00C9B0024CAF8003000E054462046B0
:109F400011B0BDE8F08F3046394601F008FEE2E777
:109F500010570100489A02000AA0880038B504464C
:109F600070B1056821462868FFF75CF82868054944
:109F70002246FEF738FF2046BDE83840ECF3E2B059
:109F800038BD00BF1657010070B5066A8EB0054691
:109F90003820ECF3CBF0044600282FD01B4B056093
:109FA000009300230193029303930493059328687D
:109FB0001749184A2346FEF771FFF8B9164B214698
:109FC00000932868154A0223FEF7BBFF0546A8B98F
:109FD00029461C2204F10B00E7F38CF0306931684C
:109FE00007AA4CF025DA234607AAD97AAA5C0135DC
:109FF0000A43DA7201331C2DF6D103E02046FFF745
:10A00000ADFF002420460EB070BD00BFC54F8300D9
:10A0100084E188001657010074E188007D4F8300B9
:10A0200038B5044670B1056821462868FEF7FAFF86
:10A03000286805492246FEF7D6FE2046BDE838408E
:10A04000ECF380B038BD00BF1A57010030B50546AB
:10A0500087B00C20ECF36AF0044600283FD00023C0
:10A060000560012100930190204A2846204B02F010
:10A0700037FA0028606032DB1E4BD5F894068DE875
:10A080001800052121221C4B03F0F2FB38BB1B4BAF
:10A09000D5F894068DE8180005212422184B03F00A
:10A0A000E7FBE0B9174B01900093029003900490F6
:10A0B000059015492868154A2346FEF7EFFE70B94A
:10A0C000134B286800932146124A0323FEF739FFF9
:10A0D00028B92A680123A36082F8A93003E020464A
:10A0E000FFF79EFF0024204607B030BD795483005F
:10A0F00075548300C15583007D54830091568300BD
:10A100009D5483004D558300C0E188001A5701001B
:10A11000A8E18800D154830030B5054687B00028F7
:10A120006DD00820ECF302F00446002868D000232C
:10A130000560142100930190354A2846354B02F002
:10A14000CFF9002860605EDB334B4FF498718DE8E7
:10A1500018006B22D5F89406304B03F089FB0028D9
:10A1600051D12F4B05218DE818006B22D5F89406AC
:10A170002C4B03F07DFB002845D12B4B4FF4907105
:10A180008DE818006C22D5F89406284B03F070FB7C
:10A19000002838D1264B4FF490718DE818006F22BB
:10A1A000D5F89406234B03F063FB00282BD1224BF8
:10A1B0000A218DE818006E22D5F894061F4B03F093
:10A1C00057FB00281FD10095D5F894060A216E226E
:10A1D0001B4B03F003FEB0B91A4B019000930290A1
:10A1E00003900490059028681749184A2346FEF703
:10A1F00055FE40B92B68012283F8AC2000E00446EC
:10A20000204607B030BD2046EBF39CF70024F7E76B
:10A21000215C8300015C8300395E8300555C830010
:10A22000195E8300355C8300595E8300815C830086
:10A23000C55E8300C15C8300F15E8300ED5C83003A
:10A24000E15B8300195D8300D8E188001E5701009F
:10A2500010B5044650B10368054918682246FEF758
:10A26000C2FD2046BDE81040EBF36CB710BD00BF47
:10A270001E57010010B5044650B10368054918681F
:10A280002246FEF7B0FD2046BDE81040EBF35AB77A
:10A2900010BD00BF999B020070B5054686B008202E
:10A2A000EBF33EF70446002800F0B9805F4B0560F1
:10A2B0004FF49071009301903022D5F894065C4BD6
:10A2C00003F0D6FA002840F0AA805A4BD5F894063D
:10A2D0008DE818004FF49071F422574B03F0C8FA40
:10A2E000002840F09C80554BD5F894068DE8180066
:10A2F0000A21F422504B03F0BBFA002840F08F8073
:10A300004F4BD5F894068DE818004FF49071A022B9
:10A310004C4B03F039FB002840F081804A4BD5F8C4
:10A3200094068DE8180005213022484B03F0A0FA6E
:10A33000002874D1464BD5F894068DE81800052105
:10A34000F422444B03F094FA002868D1424BD5F82C
:10A3500094068DE818000521A022404B03F014FB61
:10A3600000285CD1D5F89406052130223C4B00949E
:10A3700003F034FD002852D1D5F894060521F422CB
:10A38000384B009403F02AFD002848D1D5F89406F4
:10A390000521A022344B009403F0A6FD00283ED1F5
:10A3A000D5F89406C0213022304B009403F016FDFE
:10A3B000002834D1D5F89406C021A0222C4B00945B
:10A3C00003F092FD58BBD5F89406C021F422294B26
:10A3D000009403F003FD10BBD5F894060A21F42283
:10A3E000254B009403F0FAFC0646C0B98DE8110035
:10A3F00001212846214A224B02F072F800286060B1
:10A400000DDB204B28688DE848001F491F4A234672
:10A410000296039604960596FEF740FD18B1204675
:10A42000FFF728FF0024204606B070BD5963830063
:10A43000216383003BA10000D59C0000E5A0000043
:10A440006D6383003D638300996283002161830013
:10A4500077A0000031A00000E962830071618300F1
:10A46000A96183000D9D00001D6283003D6683008D
:10A47000556683005D9C00008F9C0000856383000F
:10A4800081638300B964830038E28800999B0200ED
:10A490002023402180E80A00C0F8B010C1621821D2
:10A4A0004FF4F0628163016401651D212DE9F041E3
:10A4B00082600B251022C16505210A24C260456116
:10A4C000856142620425C0F8B820016680224FF4FD
:10A4D000F0714FF480660461C4618562012409252E
:10A4E0004FF0140C42631127082281664FF02708B1
:10A4F0000321C0F8B43004624466C46443658567D0
:10A50000C0F830C0C2638765C66606674167C0F899
:10A510007C80C0F8A440B024C0F8C0404824C0F8F3
:10A52000C4406024C0F88450C0F88850C0F8C840C7
:10A5300002253024C0F8E030C0F8F030D3234FF0CB
:10A540001208C0F88C50C0F89050C0F89C50C0F869
:10A55000A050C0F8CC404FF4FA650624C0F8F4309F
:10A560000023C0F88080C0F894C0C0F89810C0F8EC
:10A57000A810C0F8AC20C0F80021C0F80421C0F831
:10A58000D040C0F8D470C0F8D850C0F8DC20C0F873
:10A59000E840C0F8E460C0F8FC30C0F8F810BDE84E
:10A5A000F08101207047704738B50446D0F82C037D
:10A5B00020B1EBF3C7F50023C4F82C33D4F83403EF
:10A5C00020B1EBF3BFF50023C4F83433D4F81807F7
:10A5D00030B1236823B1EBF3B5F50023C4F8183785
:10A5E000D4F8C40218B123680BB1EBF3ABF5D4F87F
:10A5F000C8020025C4F8C45228B123681BB1EBF38C
:10A60000A1F5C4F8C852D4F8640208B1EBF39AF586
:10A61000D4F854030025C4F8645218B1EBF392F552
:10A62000C4F85453D4F8140320B1EBF38BF5002392
:10A63000C4F81433D4F8D40208B1EBF383F5002541
:10A640006319D3F8A032D3F8E00008B1EBF37AF540
:10A650000435102DF4D1D4F8A00208B1EBF372F553
:10A66000D4F8840420B1EBF36DF50023C4F88434EE
:10A67000D4F8DC0420B1EBF365F50023C4F8DC3436
:10A68000D4F8280520B1EBF35DF50023C4F8283594
:10A6900038BD10B50C46D1B1C86918B1EBF352F50D
:10A6A0000023E361D4F8880020B1EBF34BF50023DD
:10A6B000C4F88830D4F88C0020B1EBF343F50023C4
:10A6C000C4F88C302046BDE81040EBF33BB510BD1C
:10A6D00070B504464FF4B8701646EBF327F50546FF
:10A6E000A8B14FF48470EBF321F5E86178B13146FD
:10A6F000FFF7CEFE4FF45470EBF318F5C5F8880061
:10A7000028B1C420EBF312F5C5F88C0020B9294616
:10A710002046FFF7BEFF0025284670BD2DE9F04119
:10A720001D4600260368C0F8C46293F8B43004469E
:10A7300038205843EBF3FAF4C4F8C402002855D08B
:10A74000236893F8B4008000EBF3F0F4C4F8C80277
:10A7500010B940F2F53394E04FF40070EBF3E6F4F7
:10A76000C4F81807002800F09580C4F8646220201F
:10A77000EBF3DCF4C4F8640210B94FF47E7380E0AC
:10A78000C820EBF3D3F4C4F8540310B940F2F23309
:10A7900077E04FF4B870EBF3C9F4C4F8840410B94F
:10A7A00040F2F9336DE08020666AEBF3BFF4B062EB
:10A7B00010B940F2034364E04FF48470EBF3B6F455
:10A7C000C4F82C0310B940F2EF335AE04FF4847010
:10A7D000EBF3ACF4C4F8340310B94FF47C7350E0DD
:10A7E0001220EBF3A3F4C4F8140310B94FF47D73F3
:10A7F00047E0B420EBF39AF4C4F8D40210B940F265
:10A80000F6333EE04FF46470EBF390F4C4F8A0022A
:10A81000F0B100F1E403C4F8A43200F5E47300F5EC
:10A820002B70C4F8A832C4F8AC02264604F1100715
:10A830002368D6F8A082DB69D3F8D4004001EBF39B
:10A8400075F4C8F8E000D6F8A032D3F8E00010B9EB
:10A8500040F2F73315E00436BE42E9D14FF484707C
:10A86000EBF364F4C4F8DC0410B940F2FB3308E005
:10A870004FF48670EBF35AF4C4F8280520B940F27F
:10A88000FF332B60BDE8F0813820EBF34FF4C4F8C0
:10A89000780610B94FF48163F3E70120BDE8F08139
:10A8A00038B50D46044600282BD0FFF77CFE204625
:10A8B0002946FFF779FEA06A08B1EBF343F4636A17
:10A8C0005BB1986A20B1EBF33DF4636A00229A62AF
:10A8D000606AEBF337F400236362D4F8780620B1A2
:10A8E000EBF330F40023C4F87836216821B1284610
:10A8F000FFF7CFFE002323602046BDE83840EBF38E
:10A9000021B438BD2DE9F341064640F6740088466F
:10A9100015461F46EBF30AF4044610B940F2EA3339
:10A9200010E02623C0F8E035C0F8E435089B414626
:10A93000C0F81C373A463046FFF7CAFE206018B907
:10A9400040F2EB332B602DE040231A4A80F8B430FC
:10A95000236812680460C3F898204FF40870EBF382
:10A96000E5F3A06240B100F58870E0622C20EBF3C3
:10A97000DDF3606230B902E040F2F233E2E740F228
:10A98000F333DFE72046314642462B460097FFF778
:10A99000C5FE38B12046314642462B460097FFF7A8
:10A9A00000FE20B920463146FFF77AFF00242046FA
:10A9B000BDE8FC814404000003680B22DB69C3F896
:10A9C000BC205A619A61704710B50446F8B1D0F8BE
:10A9D000500208B1EBF3B6F3D4F8E80220B1EBF380
:10A9E000B1F30023C4F8E832D4F8FC0320B1EBF350
:10A9F000A9F30023C4F8FC332368054918682246EC
:10AA0000FEF7F1F92046BDE81040EBF39BB310BD13
:10AA10006E7D890080F8C01370470000F0B587B0E4
:10AA20000546FFF7C9FF4FF48160EBF379F3044665
:10AA3000002800F0D48000214FF481624026E6F324
:10AA400059F3256084F8E163BC20EBF369F3C4F8A3
:10AA50005002002800F0BA800021BC22E6F34AF33D
:10AA60000123A3726373A373E373A37494F8E133B4
:10AA700000223F2BE67498BFE374FF2384F828304C
:10AA80000B23227462742273E2720521022284F87D
:10AA9000DE33002384F8271084F82D2041F228505B
:10AAA00084F82C306085286890F89C002175012876
:10AAB0000CBF0120104684F82E00012084F8C0034A
:10AAC0004FF40060A2756063224621460520D075D0
:10AAD0000220D07723B94FF48070A4F8E40302E099
:10AAE0002020A1F8E403013301320231082BEDD11B
:10AAF00000260127204641F2285184F82F6084F86F
:10AB0000307018F0D1DA0221204685F8DA721AF096
:10AB100011DE84F8D86304212846324A324B00966D
:10AB2000019401F0DDFCB042C4F800044EDB0421C6
:10AB300028462E4A2E4B0096019405F017FFB0428E
:10AB4000606043DB4FF43E70EBF3EAF2C4F8E802D6
:10AB500000283BD031464FF43E72E6F3CBF2102092
:10AB6000EBF3E4F2C4F8FC0300282FD0214B286853
:10AB70000093214B21490193214B224A0393234601
:10AB8000029604960596FEF789F9F8B91E4B84F8EB
:10AB900054721A1D07CA8DE8070022461B68284612
:10ABA0000721FEF7C7FAFF2384F8DD332B68204620
:10ABB00093F841101BF03CDDC823C4F8EC3220466A
:10ABC0001BF04AD8202384F8E23308E0D4F850027E
:10ABD00008B1EBF3B7F22046EBF3B4F200242046C1
:10ABE00007B0F0BD01918300E5908300A19183003F
:10ABF000819183006199830099B783005CE28800AA
:10AC000015AA83006E7D8900A09B0200024618B140
:10AC100000680249FEF7E7B8704700BF5D89890008
:10AC200010B5044686B00E490E4A234600680AF065
:10AC3000F1D90D4B206800930023019302930393F5
:10AC4000049305930949064A2346FEF727F920B1E4
:10AC50002046FFF7DBFF4FF0FF3006B010BD00BF0E
:10AC60005D89890021CF830015CE83004CE38800E5
:10AC700038B50446D0F834011546FFF7CBFED4F8BA
:10AC800038012946BDE8384000F02CB810B504461C
:10AC9000002824D0416969B190F829301BB10368BC
:10ACA0009868F7F355F5236861699868F7F3BCF580
:10ACB00000236361A06908B1EBF344F2E06918B1C5
:10ACC000EBF340F20023E36123680549186822464C
:10ACD000FEF789F82046BDE81040EBF333B210BD13
:10ACE0007686890080F828107047000070B5054608
:10ACF00086B03420EBF314F20446002800F0928072
:10AD000000213422E6F3F6F14023256084F82A304E
:10AD10005020EBF305F2A06100287BD000215022E7
:10AD2000E6F3E8F1012384F8203084F8213084F838
:10AD3000223084F8233084F8243084F8253084F8D5
:10AD4000263084F8273023721023637294F82A3057
:10AD50000F2B98BF63722B6A00261869EDF7F2FD7E
:10AD60004FF47A73E381C823238200F0100001239B
:10AD700000280CBF0520072084F828300323207307
:10AD8000E3722046A6721DF0FDDC04212846274A06
:10AD9000274B0096019401F0A3FBB042206339DBFE
:10ADA00004212846234A244B0096019405F0DEFD39
:10ADB000B04260602EDBA868204922463346F7F394
:10ADC0004BF5606130B34FF4BA70EBF3A9F1E06179
:10ADD00000B331464FF4BA72E6F38CF1184B286891
:10ADE0000093184B18490193184B194A0393194BB8
:10ADF00002960493184B05932346FEF74FF8064638
:10AE000040B92B68204693F842101DF06DDC84F8A1
:10AE1000296007E0A06908B1EBF394F12046EBF359
:10AE200091F10024204606B070BD00BF05DF83000D
:10AE3000EDDE830061DF830041DF830071E2830088
:10AE4000DDDF830045E5830088E3880029E1830096
:10AE5000768689004457010025A30000002303746F
:10AE600040F6FB63C381704710B5044690B11EF0F5
:10AE700025D9606808492246FDF7B5FFE06E08B1A4
:10AE8000EBF360F1206EEBF35DF12046BDE810407E
:10AE9000EBF358B110BD00BF6E88890030B5054690
:10AEA00087B07020EBF33CF10446002834D0002139
:10AEB0007022E6F31FF12B68256063601820EBF326
:10AEC0002FF1206620B300211822E6F313F164204D
:10AED000EBF326F1E066D8B100216422E6F30AF133
:10AEE0000F4A104B0292104A0093002301930392E1
:10AEF0000493059360680D490D4A2346FDF7CEFF84
:10AF000030B901236382A3822046FFF7A7FF03E045
:10AF10002046FFF7A9FF0024204607B030BD00BF40
:10AF2000DDF1830095EE830075F08300DCE388009B
:10AF30006E88890070B50446E8B18569C6692846FF
:10AF400000F016F9616C41B1A868F7F301F4A86844
:10AF5000616CF7F369F400236364224630460649C6
:10AF6000FDF741FF28682146FEF75CF82046BDE862
:10AF70007040EBF3E7B070BD826A89002DE9F043C1
:10AF80003C234FF005090A27D0F80080C0F80435AB
:10AF9000C0F80895C0F8107587B00446A020EBF300
:10AFA000BFF00546002800F0B1800021A022002655
:10AFB000E6F3A0F02E70AC61C5F81C80284620F0A6
:10AFC000AFDF0421A862554A20463346009601951A
:10AFD00001F086FAB042A866C0F29880204600F0E0
:10AFE000E1F80646002840F09180A0684C492A46C6
:10AFF0003346F7F331F46864002800F08780494B4A
:10B0000040460093484B49490193494B494A0293B2
:10B010002B46039604960596FDF740FF034600284D
:10B0200074D1009029462068434AFDF78AFF014603
:10B0300000286BD1D4F888040122404B03F03CFF78
:10B04000002863D13E4BD4F894068DE818003946A9
:10B0500001223C4B02F00CFC002857D13A4B322223
:10B060008DE81800D4F894063946384B02F000FCFD
:10B07000024600284AD1D4F894064946344B00943D
:10B0800002F0ACFE002841D1D4F8940649460122D2
:10B09000304B009402F0A2FE002837D1D4F8940679
:10B0A000494632222C4B009402F098FE70BBD4F833
:10B0B00094064946A422294B009402F015FF28BBB0
:10B0C000D4F8940649463022254B009402F086FEBF
:10B0D000E0B9D4F89406C0212D22224B009402F04E
:10B0E0007DFE98B9D4F8940690212D221E4B009431
:10B0F00002F0D6FC50B9D8F8D8001C49E6F372F635
:10B100004FF47A7390FBF3F36B8103E02846FFF76B
:10B1100011FF0025284607B0BDE8F08301FD83003C
:10B12000DD16840009FD8300AD0F8400A8E48800CB
:10B1300089118400826A890065068400F907840009
:10B14000F5138400A5118400D9138400951184009F
:10B1500091128400C912840055128400791384006E
:10B160000D138400A9148400A51484006885890047
:10B1700038B5D0F81455044675B10849024660F058
:10B18000B5D9074922462068FDF72DFE2846EAF387
:10B19000D9F70023C4F8143538BD00BF1139840035
:10B1A00066570100F0B5044687B04FF40A60EAF331
:10B1B000B7F7054620B9C4F814054FF0FF3005E194
:10B1C00000214FF40A62E5F395F7226805F12003A8
:10B1D0002B60002608236B612E61F821D365204681
:10B1E0007B4A7C4B0096019405F0C0FBB042A861FD
:10B1F00005DA2046FFF7BCFF6FF00100E6E0764B72
:10B20000002243F8042BF2071FD5744901270A785E
:10B210000D2A07FA02FE03DCD21917FA02F001E048
:10B220004FF40040CA78012111FA02F70D2A47EACB
:10B230000E0747EA000003DC521811FA02F201E09F
:10B240004FF40042024343F8042CB00723D563496E
:10B2500001274A7853F804EC0D2A07FA02FC03DCB4
:10B26000D21917FA02F001E04FF400408A78012168
:10B2700011FA02F70D2A47EA0C0747EA000003DC3F
:10B28000521811FA02F201E04FF40042024342EA7E
:10B290000E0243F8042C710723D5504901270A797F
:10B2A00053F804EC0D2A07FA02FC03DCD21917FA52
:10B2B00002F001E04FF400404A79012111FA02F74F
:10B2C0000D2A47EA0C0747EA000003DC521811FA7E
:10B2D00002F201E04FF40042024342EA0E0243F858
:10B2E000042C320723D53D4901278A7953F804EC11
:10B2F0000D2A07FA02FC03DCD21917FA02F001E06A
:10B300004FF40040CA79012111FA02F70D2A47EAE9
:10B310000C0747EA000003DC521811FA02F201E0C0
:10B320004FF40042024342EA0E0243F8042C013675
:10B33000102E7FF465AF2A4B002103932068294A21
:10B34000234600910191029104910591FDF7A6FD1C
:10B3500070BB0121D4F888040A46234B03F0ACFDEE
:10B3600048BBD4F8880401210222204B03F0A4FD3D
:10B3700020BB1F4BD4F894068DE8180080210522CD
:10B380001C4B02F0F3F9E0B91B4B1A1D07CA8DE8FC
:10B3900007002046032122461B68FDF7CBFE20460E
:10B3A0001649224660F09CD870B9C4F814550DE0D7
:10B3B0006FF003000AE06FF0040007E06FF0050093
:10B3C00004E06FF0060001E06FF0080007B0F0BD88
:10B3D000C5388400453884007465010060E1880048
:10B3E0000D32840066570100CD2F84000936840099
:10B3F000F9398400FD318400B09B020011398400CA
:10B4000070B51E468B89154642F2560293420C4691
:10B4100008D842F2550293422DD242F25002934292
:10B4200029D108E042F2600293421AD04EF2F5426E
:10B43000934220D11AE0CB89012B04D16FF03B035A
:10B440002B600F2303E06FF045032B601423336060
:10B450000368D3F88030D90412D52B68023B2B60E7
:10B460000EE06FF04A032B600F2308E06FF09503A6
:10B470002B60962303E06FF04A032B6014233360A4
:10B48000D4F8080130B300214022E5F333F6D4F8B4
:10B49000082180231370D4F8082129685170D4F84A
:10B4A00008219370D4F808313268DA70D4F8083182
:10B4B000BF221A71D4F8083100225A71D4F8083129
:10B4C0000322DA8046221A810A225A8101229A81B5
:10B4D0000A22DA81D4F80C0128B100211022BDE83B
:10B4E0007040E5F307B670BD10B50446E0B10368DF
:10B4F0000E4918682246FDF776FCE36833B1214611
:10B5000051F80C3BD3F83C06F7F712F9A36833B1B6
:10B51000214651F8083BD3F83C06F7F709F92046D5
:10B52000BDE81040EAF30EB610BD00BF969F89003B
:10B5300070B5054686B01020EAF3F2F504460028FF
:10B5400037D000211022E5F3D5F5D5F83C06E421EB
:10B55000194A04F10803F7F7DFF830BBD5F83C06C9
:10B56000E821164A04F10C03F7F7D6F80646E0B9CD
:10B570008DE8110004212846114A124B05F0F6F916
:10B580000028606011DB104B286800930F4B1049B6
:10B590000193104B104A0393234602960496059696
:10B5A000FDF77CFC08B9256003E02046FFF79CFF0F
:10B5B0000024204606B070BD6B5701007157010092
:10B5C000DDBD84009DBD840075B6840051BE84003D
:10B5D00050E6880079B68400969F89000120704764
:10B5E000012970B50E46144607D1174B03211046AA
:10B5F000D3F8B8300A46984770BD19BB124BD3F840
:10B60000C050FFF7EBFF314602462046A8472046D0
:10B6100001213246A847204602213246A84720464B
:10B6200003210122A84720464FF481710122A84737
:10B6300020464FF480713246A847204640F201115F
:10B640003246A84770BD00BF10A78800806C203824
:10B650001F2805D8802333FA00F000F0010070475E
:10B6600000207047C16FB0F84E3010B58A6AB3B190
:10B67000FF2B16D9180B0138012814D803F4706079
:10B68000000A09280FD878B103F0F00090280AD8F2
:10B6900003F00F0009288CBF0020012004E01846A9
:10B6A00002E0012000E000200C6B41F2E4418C42FA
:10B6B00015D1A2F582610739012903D83F2B98BF24
:10B6C000002010BD40F20C418A4207D040F22141D7
:10B6D0008A4204D1502B98BF002010BD002010BD1D
:10B6E00090F8763010B504463BB9044B04491A680B
:10B6F0002CF03CDA012384F8763010BD78B80200D3
:10B700007CB8020070B50C460546164608460A226B
:10B710000021E5F3EFF463881E432B6D66809806E5
:10B7200003D5238843F480632380D5F8943042F214
:10B730005002198C914205D15B8C052B9CBF46F0C1
:10B740000406668070BD0000D0F880000149E6F371
:10B750006DB300BF119C020010B504460C20EAF343
:10B76000DFF4C4F80C0138B10C220021E5F3C2F477
:10B77000D4F80C3110229A7210BD10B50446D0F8DE
:10B780000C0120B1EAF3DEF40023C4F80C3110BD43
:10B7900070B5064605460024686938B1064B1B683B
:10B7A00098473046214600223BF03ADE013404350A
:10B7B000062CF1D170BD00BF10A788002DE9F04321
:10B7C000046985B00546EC20A66FEAF3A9F430625F
:10B7D000002875D01020A66FEAF3A2F4706200284A
:10B7E0006ED0002637460F216846384A3346E5F3C7
:10B7F000E7F4D4F880006946E6F318F308B101379E
:10B80000BFB2013640F2F1339E42ECD137B9D4F8E1
:10B8100080002F49E6F30AF3002843D0B800063031
:10B82000EAF37EF4C5F85C06002849D00023838043
:10B8300000260F216846254A3346E5F3C1F4D4F8C3
:10B8400080006946E6F3F2F298B1D5F85C86694665
:10B85000D4F88000B8F80490E6F3C4F208EB89034A
:10B860001881D5F85C369A8803EB82010132CE80CC
:10B870009A80013640F2F1339E42DAD1D4F880004A
:10B880001349E6F3D3F2D5F85C6650B1D4F88000E2
:10B890000F49E6F3A7F2D5F85C36012270801A70E2
:10B8A00000E03070A36F586A60B101230380838089
:10B8B000C38003810223438104238381002001E0AC
:10B8C0006FF01A0005B0BDE8F08300BF629C020073
:10B8D0006F9C02002DE9F04F0568C6682B688FB099
:10B8E000DF6900230446009388460BA80921944A87
:10B8F0003346E5F365F4D4F81490B9F1000F40F045
:10B900001081D4F888103A6801F50071E06FD4F81E
:10B9100008A00992D7F804B0FAF798FE0146A86883
:10B92000FCF776FD002800F005810921844A0BA868
:10B930003346CDF80090E5F343F4E26FD4F8881075
:10B94000B8F1000F02D001F5007300E043460998FA
:10B9500001F50871B8F1000F08BF002001900091B7
:10B96000CDF808B0B9684FF0FF390391CDF81090C9
:10B97000F968DFF8DC810591D5F8E01550460691AD
:10B980000BA9CDF81C80FAF7D1FC0546002800F081
:10B99000D1802A466B4B20460021FFF721FE2A4624
:10B9A000204600213BF03CDD00250921644A334656
:10B9B0004FF0010B0BA8CDF800B0E5F301F40095B2
:10B9C0003A68D4F88830019250460BA9E26F03F52B
:10B9D000107302950395CDF8109005950695CDF856
:10B9E0001C80FAF7A3FC0746002800F0A4803A4622
:10B9F000544B20462946FFF7F3FD59463A46204668
:10BA00003BF00EDD4FF0020B09214D4A33460BA8E7
:10BA1000CDF800B0E5F3D4F3099AD4F88830019258
:10BA200050460BA9E26F03F520730095029503952C
:10BA3000CDF8109005950695CDF81C80FAF776FCA8
:10BA40000746002877D03A463E4B20462946FFF766
:10BA5000C7FD59463A4620463BF0E2DC4FF0030B67
:10BA60000921374A33460BA8CDF800B0E5F3A8F317
:10BA7000099AD4F88830019250460BA9E26F03F579
:10BA80003073009502950395CDF8109005950695B5
:10BA9000CDF81C80FAF74AFC074600284BD03A46FE
:10BAA000284B20462946FFF79BFD3A46204659463B
:10BAB0003BF0B6DC042733460921214A0BA8009746
:10BAC000E5F37EF3099AD4F88830019250460BA929
:10BAD000E26F03F54073009502950395CDF8109041
:10BAE00005950695CDF81C80FAF720FC064608B3AC
:10BAF000324620462946134BFFF772FD3246204658
:10BB000039463BF08DDC2646706930B10E4B0F494B
:10BB1000D3F88C309847C6F8C00001350436062D9E
:10BB2000F2D1D4F89410204608310022FFF7EAFD44
:10BB3000012700E0074638460FB0BDE8F08F00BF90
:10BB4000E29B0200F05D010010A78800D43189005B
:10BB5000C403000010B5BDE81040FCF77DBA11B178
:10BB60000846FCF721B87047F8B504690546002C73
:10BB700042D0E06F08B1FCF74DF82046FFF708FE11
:10BB8000D4F89460B4F846000BF0A0D8706A28B1DD
:10BB900003F04BFC00230746736200E00746D4F82D
:10BBA000900003F021FC00263F18D4F88C0004F02C
:10BBB000D9F92046C4F88060E667FFF7DEFDD5F8C6
:10BBC0005C0618B1EAF3BEF2C5F85C66A36F186AAA
:10BBD00020B1EAF3B7F2A36F00221A62A36F586A8A
:10BBE00020B1EAF3AFF2A36F00225A62204601F0BF
:10BBF0003BFD00232B6100E027463846F8BD0000DE
:10BC0000F0B587B04FF480350021042303AA044621
:10BC1000D0F8887000952CF05BDC234B06AE46F81C
:10BC2000083D002104232046324600952CF09CDC80
:10BC30000423002105AA204600952CF049DC049B32
:10BC4000059A9A422AD1194B0021049320460423D5
:10BC5000324600952CF088DC0423002105AA2046FA
:10BC600000952CF035DC049B059A9A4216D10423EA
:10BC70000021204603AA00952CF076DC0023C7F8AB
:10BC80008C31D7F82031B3F1042F09D00848C0EB2C
:10BC9000030CDCF1000040EB0C0002E0002000E0AF
:10BCA000012007B0F0BD00BFAA5555AA55AAAA5554
:10BCB00000040084224B70B54FF00061002603663B
:10BCC0000A464666044605682DF0C6DD4FF08073CF
:10BCD000C4F820310323A4F8A8300223A4F8AA3022
:10BCE0000723A4F8A4300423A4F8A63041F20103EA
:10BCF00084F8A260A4F8BC304FF41673A5F810368F
:10BD00002B6893F89C20012A0CBF0C220622A5F870
:10BD10000E2693F864211AB1226E42F080722266D8
:10BD200093F89C20074812F1FF3218BF0122064900
:10BD3000E5F306F2FF2384F834310123637470BD08
:10BD400060A8E7B878570100787502002DE9F04F38
:10BD500097B09B464FF0000916AB8A46174643F84A
:10BD6000049D21995A46054601F097FC0446002897
:10BD700000F01D839DF88030286103742B6840F625
:10BD80001201D3F8D400D3F8D860D3F8DC304A4697
:10BD9000C4F88430E067C4F88060F0F321F0C4F8A0
:10BDA00088008046E860E06FEFF380F2A0642046F0
:10BDB000FFF780FF30469749E6F338F028B149464F
:10BDC0004A46E5F3CFF51FFA80FA30469249E6F38A
:10BDD0002DF048B100210A46E5F3C4F54FF6FF7394
:10BDE00080B2984218BF074650463946FDF734F9ED
:10BDF00008B90C23DAE28949A4F844A0A4F84670F3
:10BE00003046E5F3EFF78649C4F860013046E5F3C4
:10BE1000E9F7C4F86401B4F846000AF057DF0030CF
:10BE200018BF0120263054F82030B4F84600C4F87A
:10BE300094300AF04BDF003018BF01200A3055F86B
:10BE4000203020462B62FFF701FC08B90D23ADE23C
:10BE5000E06FEFF3E5F1E06FEFF39CF62046002191
:10BE60002BF0B0DB20464FF0FF312CF021DC2046D8
:10BE7000FFF7C6FE08B90E2398E230466949E5F39C
:10BE8000B1F7FF2808BF0120A4F84E002046FFF7B5
:10BE9000E9FB08B90F2389E263493046E5F3A2F7CD
:10BEA000624984F84C003046E5F39CF76049206510
:10BEB0003046E5F397F794F84C3060650B2B05D9C5
:10BEC00030465C49E5F38EF7C4F850015A493046D4
:10BED000E5F388F7594984F835013046E5F382F7F0
:10BEE00084F836012B6893F86A312BB130465449F7
:10BEF000E5F378F7C4F8540152493046E5F372F798
:10BF0000514984F858013046E5F36CF7E36F41F28C
:10BF10006B02196BA4F86801914220D19B6A4E2BE9
:10BF200008D1B4F84E30402B19D9236D43F00203E9
:10BF3000236514E0E42B04D1B4F84E30B3F5A85FC8
:10BF400006E0EF2B0BD1B4F84E2041F201239A42C8
:10BF500005D8236D43F480032365002363653B49C3
:10BF60003046D4F85C71E5F33DF739493860304626
:10BF7000D4F85C71E5F336F7364978603046D4F88A
:10BF80005C71E5F32FF73449B8603046A76FE5F3ED
:10BF900029F73876A36F1A7E012A01D003221A7678
:10BFA000236D990604D5012120460A462DF0F6D8C6
:10BFB000D4F880002949E5F339F720B1D4F880009E
:10BFC0002649E5F30FF781462549D4F88000E5F3CB
:10BFD0002DF720B1D4F880002149E5F303F7074697
:10BFE0002049D4F88000E5F321F720B1D4F880008F
:10BFF0001C49E5F3F7F62B6893F82821BAB3226DB4
:10C00000920504D5B9F1000F01D007B160BB002241
:10C010002BE000BF259C0200B49C02004C9C020057
:10C02000579C0200AB9C0200BA9C0200069C0200D6
:10C03000869C02009F9C0200CC9B0200D79B0200C2
:10C04000799C0200369C0200C29C0200419C0200C6
:10C050002C9C0200C09B0200ED9B0200199C020078
:10C06000F29B0200929C0200012283F828212B6897
:10C0700093F8692132B1226D12F0010218BF01223A
:10C0800083F86921B4F846200123C4F8B830B4F825
:10C0900044002B68A5F8AA21E26FA5F8A801C3F80F
:10C0A000D420A26C1A6194F84C2083F87C202B6871
:10C0B000226DB4F84E00C3F88020626DA3F87A00B8
:10C0C000C3F8842094F84C2020460B2A84BFD4F86F
:10C0D0005021C3F84821D4F8B820012783F83D70D7
:10C0E0005A62A9682A4603F02BFFC4F88C0008B9ED
:10C0F00019235BE1219AE36F0292A26C04900692ED
:10C10000B4F84620B4F84400ADF82A20DA6B039363
:10C110000B921A6CADF828000C925A6C02A80D9282
:10C1200094F84C20CDF814B00E929A6A09960F92AA
:10C13000B4F84E2010921A6B1192226D1292626D19
:10C1400013925A68DB680792089303F0AFFAC4F8B9
:10C15000900008B9102329E12623C5F8E035C5F879
:10C16000E4354FF4FF73C4F83831B4F846000AF0F0
:10C17000ADDD10F1000918BF4FF001094946204616
:10C180002EF0FCD8B9F1000FD4F894300CBF022285
:10C190000122C3F804901A602B6A14BF0122022204
:10C1A000C3F804901A60E06FD5F81C90EFF376F0B6
:10C1B000D8F85C31C9F8000023F000437E4AE366FA
:10C1C0002367A36C0C2101FB0323303BC4F8D83058
:10C1D000204639462BF0ACDDD4F89490D4F890008A
:10C1E0004146D9F80020334603F066F9C9F8240027
:10C1F00008B91123DAE04FF0FF3120462DF04EDA76
:10C20000D4F89430E16E586A03F00CF9D4F8943005
:10C2100003F12202009203F11C0103F11E02586A8D
:10C22000203303F0ECF8D4F89480D8F8240003F01D
:10C23000F4F888F82800D4F89430D5F82080586AAB
:10C2400003F0EBF888F81400D4F89480D8F82400B0
:10C2500003F0E6F8D4F89430C8F81800DA8B37FA0F
:10C2600002F1C90701D41223A0E0296A586A0861C3
:10C27000988B4A8108811A8C588C8A81C8810F2238
:10C2800040F2FF30D8829A8220463946FFF722FBDF
:10C2900008B913238AE02B6893F86931002B32D058
:10C2A000002120462BF0F6DF30464449A76FE5F326
:10C2B00099F5236DC0B2DA07386020D5636D1B068F
:10C2C0001DD4E36F9A69900002D5DA69D10704D5CD
:10C2D000DB69DA0701D4580711D5E36E99000ED552
:10C2E00030463649E5F3A2F530B134493046E5F33E
:10C2F00079F5C1B2204604E02046082101E020463D
:10C3000000212BF073DDE06FEBF358F420462DF0A5
:10C3100017DF0094E06F2A492A4A0023FBF76CFCE0
:10C32000204600212DF0EEDE2046FFF70DFA08B979
:10C3300015233BE004F1FC063146E5F3A9F1304654
:10C34000E5F338F518B93046E5F340F508B11623A2
:10C350002CE02046FFF700FA2846A16C01F0E2F934
:10C360002B68DA69526AC5F84425013A85F84225F6
:10C37000D3F89800A8B103789BB113492246E5F39E
:10C38000C7F62B681149D3F898002246F9F78AFEC0
:10C39000606930B12B68D3F898100D4BD3F8B030EA
:10C3A00098472846FFF70AFA10B11B2315931598F2
:10C3B00017B0BDE8F08F00BF005E0100FD9B0200DA
:10C3C00001DC840015DC84005DD98400BDD98400C3
:10C3D00010A7880010B50446002828D00368144927
:10C3E00018682246FCF7FFFC236A1BB104F1200009
:10C3F000E4F396F0E3691BB104F11C00E4F390F060
:10C40000A3691BB104F11800E4F38AF063691BB15E
:10C4100004F11400E4F384F023691BB104F110006B
:10C42000E4F37EF02046BDE81040E9F38BB610BD82
:10C430008A570100036830B5DB690546586D87B03F
:10C4400000012430E9F372F60446002838D0034690
:10C4500043F8245BC36004F11001D5F83806E4F317
:10C4600049F068BBD5F8380604F11401E4F342F052
:10C4700030BBD5F8380604F11801E4F33BF0F8B905
:10C48000D5F8380604F11C01E4F334F0C0B9D5F84E
:10C49000380604F12001E4F32DF088B94FF48563E8
:10C4A00063600B4B019000930A4B0390029304903E
:10C4B000059009492868094A2346FCF7EFFC18B1A2
:10C4C0002046FFF787FF0024204607B030BD00BF9D
:10C4D000C10B85007513850080E688008A5701002E
:10C4E000F0B5D0F828410068A568C069406D854264
:10C4F00011D2E7682E01B8194360059B01358360AE
:10C50000069BBA51C3606068A560C31C591821F02E
:10C5100003016160F0BD6FF01500F0BDD0F8283167
:10C520001869E3F3C3B7D0F8280110B10069E4F348
:10C530001FB07047D0F82831D869E3F3B7B7D0F807
:10C540002831D869E4F314B0D0F82831186AE3F33D
:10C55000ADB7D0F82831186AE4F30AB073B50546D0
:10C560002EF058DC0446B8B12B684FF00052C5F8E5
:10C570006802009293F82F2028460192214600225B
:10C5800004332EF0D3D9064650B9284621462FF061
:10C59000B1DB064620B901E06FF01A0630467CBDDB
:10C5A000284621462FF01EDBF8E7F8B51F46036842
:10C5B0000D461E691146D6F880001446E5F32AF4AC
:10C5C00040B3B84224D121460022D6F88000E5F3DA
:10C5D00015F4287021460122D6F88000E5F30EF408
:10C5E000687021460222D6F88000E5F307F4A870AF
:10C5F00021460322D6F88000E5F300F4E870D6F86F
:10C60000800021460422E5F3F9F328710120F8BDEA
:10C610004FF0FF30F8BD000038B50446B8B10368EC
:10C620000B4918682246FCF7DEFB606B08B1E9F3A2
:10C6300089F5D4F880000025656318B1E9F382F527
:10C64000C4F880502046BDE83840E9F37BB538BDDA
:10C65000915701002DE9F04105698CB0074684200F
:10C66000E9F364F50446002800F0D28107603C201D
:10C67000E9F35CF58046002800F0CA813B69012699
:10C6800080F8386080F8396043603B6A0460314666
:10C690001869ECF77EFAD8F80430B649D3F8800070
:10C6A000E5F3A0F3D8F80430C8F81400B249D3F881
:10C6B0008000E5F397F3D8F80430C8F81800AF49C4
:10C6C000D3F88000E5F38EF3D8F80430C8F81C00E6
:10C6D000AB49D3F88000E5F385F3D8F80430C8F807
:10C6E0000800A849D3F88000E5F37CF3D8F80430BB
:10C6F000C8F81000A449D3F88000E5F373F3A34B06
:10C70000C8F80C00C4F880800093A14BA1490193A4
:10C71000A14BA24A0293A24B0393A24B0493A24BB8
:10C72000059338682346FCF7B9FB8046002840F0A3
:10C730006F8184F82C003B699C49D3F88000E5F3B5
:10C7400051F384F86F003220E9F3F0F40746606398
:10C75000002800F05D8141460A2206A8E4F3CAF4ED
:10C760000C238DF8193099238DF81A30A6238DF8F3
:10C770001B3008238DF81E30B7238DF81F30E223BD
:10C780008DF820308A4AC4238DF821308DF8186046
:10C790008DF81D601068516809AB03C31289854983
:10C7A0001A80854B3E70A363844B84F85A80E36300
:10C7B000636B9E71D5F88000E5F338F3002800F034
:10C7C00093807C49D5F88000666BE5F30BF37070BD
:10C7D0007B49D5F88000666BE5F304F3B0707949C6
:10C7E000D5F88000666BE5F3FDF2F0707649D5F878
:10C7F0008000666BE5F3F6F230717449D5F880007D
:10C80000666BE5F3EFF270717149D5F88000666BE5
:10C81000E5F3E8F2F0716F49D5F88000666BE5F357
:10C82000E1F2B0716C49D5F88000E5F3DBF284F8F1
:10C8300044006A49D5F88000666BE5F3D3F23072A4
:10C840006749D5F88000666BE5F3CCF27072616BD6
:10C8500005230A31634A2046FFF7A7FE616B0523D3
:10C860000F3186B2604A2046FFF79FFE616B0523B9
:10C87000143136185D4A2046FFF797FE616BB6B259
:10C880001931052336185A4A2046FFF78EFE616B90
:10C89000B6B236180B7AB6B2B34225D11E31052393
:10C8A000544A2046FFF781FE616B0523233186B28F
:10C8B000514A2046FFF779FE616B0523283136186F
:10C8C0004E4A2046FFF771FE616BB6B2052336185B
:10C8D0002D3120464A4AFFF768FE636BB6B2361820
:10C8E0005B7AB6B2B34225D0626B00235370626BA1
:10C8F0000C219370626BD370626B1171616B0222B9
:10C900004A71A86F616B0068C871616B0A72616BD4
:10C910004A72606B812284F8402006A90A2284F8BA
:10C9200041300A30E4F362F3606B09A91E300A2239
:10C93000E4F35CF3626BAB6FD27900211A6004F10F
:10C940004D000822E4F3D6F3002384F8583084F82D
:10C950005930A4F85630D5F880002A49E5F366F23C
:10C96000002851D0D5F880002649E5F33BF284F841
:10C970005F0051E0E49D0200D19C0200FA9C02009D
:10C980000A9E0200629D0200D09D0200512885008F
:10C9900085DA0000A4E68800E12B850091570100AC
:10C9A000D52B8500A45701006DD30000989E02008E
:10C9B0003B380100479E020011278500892785002A
:10C9C000919D0200319E02001B9E0200F39D020019
:10C9D000E29C0200A89D02004E9D0200819D020083
:10C9E0003D9D02000D9D02001D9D02002D9D020037
:10C9F000719D0200549E0200659E0200769E020018
:10CA0000879E0200BD9D0200BA2384F85F3003E0D8
:10CA10002046FFF701FE002420460CB0BDE8F0815F
:10CA200030B5044685B0002840D0D0F8201131B18F
:10CA300003689868F5F3F8F60023C4F820312368FA
:10CA40001A6892F82F2022B3D3F8240101A90022FA
:10CA50005EF0A2DA0FE043685A060CD5D4F83051E4
:10CA6000451904E00368C5F81031E9F36BF3D5F814
:10CA700010010028F6D1236801A9D3F824015EF043
:10CA8000A1DA0028E7D104E00368C4F84431E9F3EF
:10CA900059F3D4F844010028F6D1236804491868F2
:10CAA0002246FCF7A0F92046E9F34CF305B030BD6F
:10CAB0005DB3890030B5054687B04FF4A670E9F341
:10CAC0002FF30446002875D000214FF4A672E4F33A
:10CAD00011F33C4B256000933B4B3C4A01930023F0
:10CAE000029303920493059328683949394A2346EF
:10CAF000FCF7D4F900285DD12B6A1A68022A05D107
:10CB00005B7D002B0CBF1623302300E0302322185E
:10CB10004430B0F5887F1374EED1A8682E492A46B8
:10CB20000023F5F399F6C4F82001002842D04FF411
:10CB30007A7345F27352C4F81C31A4F83C210023E7
:10CB40004622C4F84431A4F83E2128468DE8280046
:10CB50004FF48A71214A224B03F008FF0028C4F8E1
:10CB6000300127DB1F4BD5F894068DE8180005210E
:10CB7000B0221D4B00F008FFE0B91C4BD5F894061D
:10CB80008DE818000521B222194B00F0FDFE88B98E
:10CB9000D5F894060A21B022164B009401F0A4F9AE
:10CBA00040B9D5F8C006B021134A144B009401F0E7
:10CBB00005FC18B12046FFF733FF0024204607B0DC
:10CBC00030BD00BF9150850011658500654E850020
:10CBD00018E888005DB38900554985001156850025
:10CBE000ED558500955D8500E94A8500D15C85009D
:10CBF000514A850095538500854E8500994E8500E4
:10CC000010B5044630B133F091DE2046BDE8104047
:10CC1000E9F398B210BD10B504462420E9F386F27A
:10CC200000B1046010BD000010B50446E0B14368D7
:10CC30000E4918682246FCF7D6F8D4F83C01FFF7F5
:10CC4000DFFFD4F83401FFF7DBFFD4F89C0008B114
:10CC5000E9F378F2D4F8940008B1E9F373F22046CE
:10CC6000BDE81040E9F36EB210BD00BFBC57010033
:10CC70002DE9F041754B00271F60754B056888B0A2
:10CC800006461F604FF4A070E9F34AF204460028FC
:10CC900000F0D78039464FF4A072E4F32BF284E819
:10CCA00060003046C6F85841FFF7B5FF8046C4F82B
:10CCB000340130B13046FFF7AEFF8046C4F83C0186
:10CCC00020B92046E9F33EF24446BAE07F2104222F
:10CCD00004F14400E4F30EF27F21042204F1700019
:10CCE000E4F308F2042207A83946E4F303F23368B8
:10CCF00093F87C20D3F8D800012A13D95549E5F3DD
:10CD000095F0014658B107A80322E4F3CBF207A837
:10CD1000042137F0B7D990B107A84F490CE007A814
:10CD20004E4909E04E49E5F35DF00928034606D86F
:10CD30004C4907A801EB83010322E4F3B3F2032279
:10CD400007A904F10800E4F3ADF233684649D3F8CB
:10CD5000D800E5F347F0D5F8D43041F26B02196BF7
:10CD6000E06091420ED19B6A8B2B01D0902B09D1B0
:10CD7000022807D107A83D490422E4F36FF208B95D
:10CD80000323E360D5F8D43041F26B02196B914272
:10CD90000DD19B6A932B0AD107A835490422E4F3ED
:10CDA0005DF220B9E368042B01D10623E360D5F8D6
:10CDB000D43041F26B02196B914218D19A6A40F259
:10CDC00035139A4213D107A82A490422E4F346F204
:10CDD00058B107A828490422E4F340F228B107A873
:10CDE00026490422E4F33AF208B91323E36000254C
:10CDF000EAF786FF35F058DF07A90422C4F89450FB
:10CE0000C4F89850C4F89C50C4F8A050C4F8A4507A
:10CE100084F8F450204633F0C3DE194B30688DE8B7
:10CE200028001849184A234602950395049505954C
:10CE3000FCF734F828B12046C6F85851FFF7F4FE45
:10CE40002C46204608B0BDE8F08100BFB465010063
:10CE5000B8650100A89E0200BF57010041B58900D6
:10CE6000AE9E020094E98800B19E0200C257010004
:10CE700068EB880078E9880080E9880084E9880008
:10CE8000F16D85003CE98800BC57010030B50546CE
:10CE900087B00C20E9F34AF10446D0B1114B05608C
:10CEA0004FF49071009301900722D5F894060E4B31
:10CEB00000F0DEFC80B90D4B0190009302900390CE
:10CEC000049005900A4928680A4A2346FBF7E6FFC2
:10CED00010B9204607B030BD2046E9F333F10024F5
:10CEE000F7E700BFC19D8500299B8500659B8500F4
:10CEF000ECED880034590100036810B5044605497B
:10CF000018682246FBF76FFF2046BDE81040E9F3A2
:10CF100019B100BF3459010070B5054686B00C2028
:10CF2000E9F304F10446002863D00560002601906F
:10CF300004212846334A344B0096FFF7D1FAB04219
:10CF4000606059DB04212846304A314B0096019439
:10CF500003F00CFDB042A0604EDB28462D4922466E
:10CF6000FFF7DCFA002847D12B4BD5F894068DE863
:10CF700018004FF490712522284B00F079FC00280E
:10CF80003AD1274BD5F894068DE818004FF49071EC
:10CF90003C22244B00F06CFC00282DD1D5F89406DF
:10CFA00005219C22204B009500F036FF002823D15C
:10CFB000D5F89406802125221C4B009400F070FDCA
:10CFC000D0B9D5F8940680213C22194B009400F08A
:10CFD00067FD88B9174B01900093174B039002939C
:10CFE0000490059015492868154A2346FBF756FF1B
:10CFF00010B9204606B070BD2046E9F3A3F0002426
:10D00000F7E700BF51A3850011A3850059A785004C
:10D0100045A78500CDA38500E5A98500F1A385007E
:10D0200015AA850019A4850031A28500D1A285002A
:10D03000F1A2850009A58500E1A9850028EE8800F8
:10D0400050B9890038B50568044622462868064963
:10D05000FBF7C9FE284605492246FFF764FA204639
:10D06000BDE83840E9F36EB050B98900CDA3850022
:10D07000024602490068FBF7B6BE00BF3A590100FC
:10D0800030B50D4B87B00093002304460193029303
:10D090000393049305930949094A23460068FBF763
:10D0A000FDFE002814BF4FF0FF350025204638F064
:10D0B00071D8284607B030BDA1B0850044590100A1
:10D0C0003A5901002DE9F043064687B038200F4653
:10D0D00091469846E9F324F00446002838D0002110
:10D0E0003822E4F307F0D7F83C0640211A4A04F14D
:10D0F0002003F5F711FB054620B12046E9F322F0A5
:10D10000002425E0154BC4F81C80A760C4F80C90DF
:10D1100026611349009301900290039004900590BA
:10D12000234630460F4AFBF7B9FE034660B9E06874
:10D130000D492246F5F390F30546A06140B92069F8
:10D140000A492246FBF74FFE2046E8F3FBF72C4640
:10D15000204607B0BDE8F08314C68900EDB4850011
:10D1600058EE8800B89E02004DB585005C5901005C
:10D1700010B5044638F042DA0F4920692246FBF721
:10D1800032FEA16961B1237D23B1E068F5F3E0F2DD
:10D1900000232375E068A169F5F346F30023A3613A
:10D1A000A36804F12001D3F83C06F5F7C1FA204644
:10D1B000E8F3C8F7002010BDB89E020010B5044681
:10D1C000C0B122460C494068FFF7C3F922466068A7
:10D1D0000A4903F00EFE224660680949FFF7A3F9E9
:10D1E000A06808492246FBF7FEFD2046BDE8104036
:10D1F000E8F3A8B710BD00BF21BF850081C5850039
:10D2000029BB85006359010070B5054686B018201A
:10D21000E8F386F70446002800F0E9800021182290
:10D22000E3F368F72B680022A360AB686560E360F6
:10D230006B68042123610423A38228466D4B8DE88B
:10D240001400FFF74DF900282060C0F2CC8028467A
:10D2500069492246FFF778F9002840F0C480284643
:10D2600066492246FFF75AF9002840F0BC8028465C
:10D270006349224603F0B8FD002840F0B480614BBA
:10D280000190009302900390049005905E492868F5
:10D290005E4A2346FBF702FE002840F0A4805C496A
:10D2A0000322D5F8BC063CF039DA5A4E5A4902221C
:10D2B000D5F8C0063CF032DAD5F89406B021302219
:10D2C000564B0096019400F051FA002840F08B80F4
:10D2D000534BD5F894068DE8180040F60501362228
:10D2E000504B00F0C5FA00287DD14F4BD5F894067D
:10D2F0008DE8180040F6040137224C4B00F0B8FAD4
:10D30000002870D1D5F8BC063021444A3346009439
:10D3100001F009F8002866D1D5F8BC063621414A4B
:10D320003F4B009400F0FFFF00285CD1D5F8BC060D
:10D3300037213E4A3C4B009400F0F5FF002852D1C3
:10D34000D5F8C00639213A4A3A4B009400F0EBFF79
:10D35000002848D1D5F89406C0213622364B0094D7
:10D3600000F03CFD00283ED13021D5F894060A4655
:10D37000324B009400F094FB002834D1D5F8940689
:10D3800040F60A0136222E4B009400F027FD50BBD8
:10D39000D5F8940640F60A0137222A4B009400F093
:10D3A0001DFD00BBD5F8940630213922264B009490
:10D3B00000F014FDB8B9D5F8BC0630211F4A234649
:10D3C00001F044F878B9D5F8BC0636211C4A23464A
:10D3D00001F03CF838B9D5F8BC063721194A234684
:10D3E00001F034F818B12046FFF7E8FE002420468B
:10D3F00006B070BDA1BA850021BF850029BB85009C
:10D4000081C5850035BC850080EE88006359010028
:10D410007CEE880019BA8500A4EE880071B88500FA
:10D4200085C68500A5BB8500C1C5850035BB8500C7
:10D4300021BC8500DDC68500C9C4850005C2850004
:10D44000C9C0850011C0850035C1850008B1E8F369
:10D4500079B6704737B505463820E8F367F60446D5
:10D4600050B14FF0FF33056005490193054A064B63
:10D47000009539F0ABDD01E0FFF7E8FF20463EBD47
:10D48000E9CD8500F1CD8500E1CD850070B505467B
:10D4900086B01020E8F344F60446002838D0002176
:10D4A0001022E3F327F6002625600121C5F8CC46BB
:10D4B0002846194A194B00960194FFF711F8B0421B
:10D4C000E06021DB164B28688DE848001549164AB4
:10D4D00023460296039604960596FBF7DFFC98B95F
:10D4E000124BD5F894068DE828000521BE22104B7A
:10D4F00000F04AFA40B9D5F89406C021BE220D4B7F
:10D50000009500F0F1FC18B12046E8F31BF600246A
:10D51000204606B070BD00BF8DD0850089D0850043
:10D52000E1CF8500A8EE8800BF9E02005DD0850097
:10D530003DD0850091D0850010B5044688B10379AF
:10D5400023B18068E8F3FEF50023237123680549C1
:10D5500018682246FBF747FC2046BDE81040E8F378
:10D56000F1B510BDBF9E020008B1E8F3EBB57047FE
:10D5700037B505460420E8F3D3F50446002855D016
:10D580002D4B056040F23F11009301902D22D5F8FC
:10D5900094062A4B00F06CF9002847D1284BD5F8A7
:10D5A00094068DE818004FF495713D22254B00F04C
:10D5B0005FF900283AD1244BD5F894068DE818007D
:10D5C0004FF495714A22214B00F052F970BB204B69
:10D5D000D5F894068DE81800152150221D4B00F057
:10D5E000D3F918BBD5F8940605212D221A4B0094C7
:10D5F00000F0F4FBD0B9D5F89406C0212D22174BCA
:10D60000009400F0EBFB88B9D5F89406C0213D22C8
:10D61000134B009400F0E2FB40B9D5F89406C0210A
:10D620005022104B009400F05FFC18B12046FFF729
:10D630009BFF002420463EBDC5D28500CDD085008D
:10D6400011D38500E1D085000DD38500DDD08500A4
:10D6500071D28500B5D0850041D1850001D2850009
:10D6600021D285007DD1850010B50446A0B10368A4
:10D67000806F00225A6108B1E8F364F5D4F898008D
:10D6800008B1E8F35FF5606808B1E8F35BF52046A0
:10D69000BDE81040E8F356B510BD2DE9F041044651
:10D6A0004FF4B6700D4616469846E8F33FF5074628
:10D6B00010B940F2F2331EE004608560C660282095
:10D6C000E8F334F5B86710B940F2F33313E05820AB
:10D6D000E8F32CF5C7F8980040B12C30C7F89C004F
:10D6E0003020E8F323F5786060B902E04FF47D73F1
:10D6F00001E040F2F5333846C8F80030FFF7B4FFD8
:10D70000002703E00023C8F8003060613846BDE818
:10D71000F0810023C218D2F8C020CA500433182B5D
:10D72000F8D170474FF4C863C0F864366823C0F876
:10D7300068364FF48073C0F86C360223C0F8703638
:10D74000C0F874367047000010B5044650B1036845
:10D75000054918682246FBF746FB2046BDE8104005
:10D76000E8F3F0B410BD00BF0D5A010001F0F00164
:10D770002DE9F04F0E110168B0F81080096889B0EA
:10D78000C9699446D1F8C010079388450446B0F89B
:10D7900012A0838AC78AB2B25CDA817900295CD18F
:10D7A000324D05EBC200808806E055F8329019F83A
:10D7B0000190E14502D001318142F6D381424FD040
:10D7C000E71937F812B0013237F81250A244454534
:10D7D00023441AD2C5EB080805F101090AEB05013B
:10D7E00042460AEB0900CDF814C00693E3F35EF459
:10D7F000069B0C2202FB093002FB053102FB08F2FA
:10D80000E3F354F4DDF814C0069B3146002207E030
:10D8100007EB460030F802E00EF1010E20F802E0BE
:10D82000013102320D29F3D91299CBEB0502009197
:10D8300013990AEB0B0001910C2101FB0B3192B201
:10D84000079BCDF808C000F0A1FB238A002001331C
:10D85000238207E06FF0150004E06FF0160001E08E
:10D860006FF01D0009B0BDE8F08F00BF68590100DE
:10D870002DE9F347DDF82890DDF82CA007460E4689
:10D8800015469846002456FA04F3DB070AD5210111
:10D89000384601F0F0012A4643468DE80006FFF7BE
:10D8A00065FF18B901340D2CEDD10020BDE8FC87CF
:10D8B0002DE9F04F89B007920268B0F8188012681D
:10D8C0009C46D2690446D2F8C420B0F81AA090450C
:10D8D000838BC78B50DA8279002A50D101F0F00691
:10D8E0003611C719B2B237F812B0013237F81250F8
:10D8F0008244454503441AD2C5EB080805F10109E5
:10D900000AEB050142460AEB0900CDF814C0069364
:10D91000E3F3CCF3069B0C2202FB093002FB05313A
:10D9200002FB08F2E3F3C2F3DDF814C0069B3146B4
:10D93000002207E007EB460030F802E00EF1010E8E
:10D9400020F802E0013102320D29F3D91299CBEB14
:10D950000502009113990AEB0B000191079992B20D
:10D9600002910C2101FB0B31634600F00FFB238B6E
:10D9700000200133238304E06FF0150001E06FF015
:10D98000160009B0BDE8F08F2DE9F347DDF82890C7
:10D99000DDF82CA007460E4615469846002456FA98
:10D9A00004F3DA070AD52101384601F0F0012A46CE
:10D9B00043468DE80006FFF77BFF18B901340D2CB4
:10D9C000EDD10020BDE8FC872DE9F04F89B007922A
:10D9D0000268B0F8308012689C46D2690446D2F8DA
:10D9E0000021B0F832A09045838EC78E50DA82793C
:10D9F000002A50D101F0F0063611C719B2B237F83B
:10DA000012B0013237F812508244454503441AD20D
:10DA1000C5EB080805F101090AEB050142460AEBCE
:10DA20000900CDF814C00693E3F340F3069B0C22E3
:10DA300002FB093002FB053102FB08F2E3F336F387
:10DA4000DDF814C0069B3146002207E007EB4600D4
:10DA500030F802E00EF1010E20F802E0013102324E
:10DA60000D29F3D91299CBEB0502009113990AEB1A
:10DA70000B000191079992B202910C2101FB0B312D
:10DA8000634600F083FA238E00200133238604E0EE
:10DA90006FF0150001E06FF0160009B0BDE8F08FDF
:10DAA0002DE9F04F87B005920268B0F82080126827
:10DAB0009C46D2690446D2F8C820B0F822A090450E
:10DAC000838CC78C4CDA8279002A4CD101F0F006A5
:10DAD0003611C719B2B237F812B0013237F8125006
:10DAE00082444545034419D2C5EB080805F10109F4
:10DAF0000AEB050142460AEB0900CDF80CC004937D
:10DB0000E3F3D4F2049B4FEAC80203EBC90003EB32
:10DB1000C501E3F3CBF2DDF80CC0049B31460022D3
:10DB200007E007EB460030F802E00EF1010E20F8A6
:10DB300002E0013102320D29F3D91099CBEB050235
:10DB4000009105990AEB0B00019192B203EBCB0116
:10DB5000634600F02BFA238C00200133238404E079
:10DB60006FF0150001E06FF0160007B0BDE8F08F10
:10DB70000368F0B5DB690C25B3F8C020064605FB49
:10DB800002F4433222F003020134A418B3F8C42093
:10DB90004FF6FE7102F11F006A4321404118501CEC
:10DBA0004FF6FC720A408218B3F800014FF6FE717E
:10DBB00000F11F046843114061184FF6FC720130F8
:10DBC0000A408218B3F8C8004FF6FE7100F11F0436
:10DBD00011406118C0004FF6FC7201300A408218F3
:10DBE000B3F8CC004FF6FE7100F11F04114061182C
:10DBF000C0004FF6FC720A40B3F8043101308018BF
:10DC00004FF6FE7203F11F010240DB008A18591C17
:10DC10004FF6FC731340CB184FF6FE771F401C37AE
:10DC2000BFB287B03846E8F37BF20446002800F024
:10DC3000BC8000213A46E3F35DF2402363823368FF
:10DC40004FF6FC72DB692660B3F8C010A78001F1C3
:10DC50004300024005FB0121A28201314FF6FE7212
:10DC60000A40B3F8C410E2821C3292B2C81C1018E9
:10DC700062834FF6FC72024005FB0121A283013151
:10DC80004FF6FE720A40B3F80011E2831C3292B2E2
:10DC9000C81C101862864FF6FC72024005FB012179
:10DCA000A28601314FF6FE720A40B3F8C810E28630
:10DCB0001C3292B2C81C101862844FF6FC720240EB
:10DCC00002EBC1010131A2844FF6FE720A40B3F8A3
:10DCD000CC10E2841C3292B2C81C101862854FF638
:10DCE000FC72024002EBC1010131A2854FF6FE72C7
:10DCF0000A40B3F80411E2851C3292B2CB1C628751
:10DD0000D2184FF6FC731340A38703EBC103013312
:10DD10004FF6FE721A40E2870025274F57F835303C
:10DD200063B1264B29018DE81800DD22204601F061
:10DD3000F001234BFFF71AFD002836DB01350D2DCE
:10DD4000EBD1002557F8353053B12901DD222046AB
:10DD500001F0F0011B4B0094FFF7A2FE002824DB2A
:10DD600001350D2DEED1184BB0218DE81800FF22A2
:10DD70002046164BFFF7FAFC002816DBB021FF22E5
:10DD80002046134B0094FFF78BFE00280DDB114B50
:10DD9000002102933068104A2346009101910391BB
:10DDA00004910591FBF77AF818B12046FFF7CCFCF7
:10DDB0000024204607B0F0BD685901000DD585004C
:10DDC00061D58500ADD58500F1E0000043E100009C
:10DDD00091E0000099D485000D5A01002DE9F74328
:10DDE000DDF8289007460E4615469846002456FA58
:10DDF00004F3D8070AD52101384601F0F0012A467C
:10DE00004346CDF80090FFF74BFE18B901340D2CB6
:10DE1000EDD10020BDE8FE832DE9F04F87B00592DB
:10DE20000268B0F8288012689C46D2690446D2F88D
:10DE3000CC20B0F82AA09045838DC78D4CDA82792A
:10DE4000002A4CD101F0F0063611C719B2B237F8EA
:10DE500012B0013237F8125082444545034419D2BA
:10DE6000C5EB080805F101090AEB050142460AEB7A
:10DE70000900CDF80CC00493E3F318F1049B4FEABA
:10DE8000C80203EBC90003EBC501E3F30FF1DDF8B2
:10DE90000CC0049B3146002207E007EB460030F837
:10DEA00002E00EF1010E20F802E0013102320D29EC
:10DEB000F3D91099CBEB0502009105990AEB0B0001
:10DEC000019192B203EBCB01634600F06FF8238D12
:10DED00000200133238504E06FF0150001E06FF0AE
:10DEE000160007B0BDE8F08F2DE9F743DDF8289064
:10DEF00007460E4615469846002456FA04F3DB07FB
:10DF00000AD52101384601F0F0012A464346CDF8F2
:10DF10000090FFF781FF18B901340D2CEDD10020DE
:10DF2000BDE8FE832DE9F047089F9A4604469DF818
:10DF30002460034600250CE013F8010B86420AD04A
:10DF40001DB113F802ECB64501D2864203D9013562
:10DF5000ADB29542F0D1AA4207FB05180ED9C5EB28
:10DF60000209414607FB09F208EB0700E3F39EF0C4
:10DF7000681C201861194A46E3F398F04046514660
:10DF80003A46E3F333F06655BDE8F0877FB5039377
:10DF9000089B0493099B05930C2300939DF828305C
:10DFA000019303ABFFF7BEFF07B000BD1FB502939F
:10DFB000069B0393082300939DF81C30019302AB4A
:10DFC000FFF7B0FF05B000BD37B5254BD0F894562C
:10DFD00004460093019040F23F1128467F22214BD6
:10DFE000FFF746FC00283AD11F4B28468DE8180061
:10DFF00041F63F5140221D4BFFF7C6FC78BB1C4B3E
:10E0000028468DE8180040F63F119822194BFFF77B
:10E01000BBFC20BB184B28468DE8180040F22F119E
:10E02000A822164BFFF7B0FCC8B9284640F20F11E2
:10E030007F22134B0094FFF7D1FE80B9284640F2AF
:10E040000F1198220F4B0094FFF74EFF38B9284666
:10E0500040F20F11A8220C4B0094FFF745FF3EBD84
:10E0600055F0850081EC8500A1F08500A1EC8500CC
:10E0700009F0850007E2000019F1850015ED850023
:10E08000C5ED850085ED850001EE850037B5104BA7
:10E09000D0F89456044600930190052128460022AA
:10E0A0000C4BFFF7E5FB90B90B4B28468DE81800A9
:10E0B00005210122094BFFF7DBFB40B9084B28463D
:10E0C0008DE8180005213222064BFFF7D1FB3EBD3B
:10E0D00049E7850011E7850065E785001DE78500B4
:10E0E0002DE7850001E7850037B5254BD0F894561C
:10E0F0000446009301904FF4907128460022214B72
:10E10000FFF7B6FB00283AD11F4B28468DE81800D0
:10E110004FF4907101221D4BFFF7AAFB78BB1C4BFB
:10E1200028468DE818004FF490713222194BFFF702
:10E130009FFB20BB184B28468DE818004FF49071C8
:10E140000322164BFFF794FBC8B9154B28468DE800
:10E1500018004FF490710622124BFFF789FB70B93B
:10E16000284680210522104B0094FFF799FC30B916
:10E170002846802105220D4B0094FFF791FC3EBDFF
:10E1800001EC850089E985003DEC850091E9850079
:10E19000A5EB850045E9850079EB850031E985002F
:10E1A000CDEB850061E985009DE9850019EB8500CF
:10E1B00037B5154BD0F89456044600930190402192
:10E1C00028460022114BFFF7D1FAE0B9104B284640
:10E1D0008DE81800402101220E4BFFF7C7FA90B9D5
:10E1E0000D4B28468DE81800402132220B4BFFF7DB
:10E1F000BDFA40B90A4B28468DE818004021032299
:10E20000084BFFF7B3FA3EBD8DF2850031F2850071
:10E21000A5F285003DF2850071F2850021F28500AE
:10E2200049F2850011F2850037B50A4BD0F89456B3
:10E23000044600930190B02128461022064BFFF7B8
:10E2400095FA30B92846B0211022044B0094FFF70C
:10E2500027FC3EBD65E8850081E78500ADE78500C8
:10E2600037B5D0F8945604460090C02128460022C5
:10E27000114BFFF7B3FDF0B92846C02101220F4B27
:10E280000094FFF7ABFDB0B92846C02106220C4B25
:10E290000094FFF7A3FD70B92846C021A822094BBE
:10E2A0000094FFF721FE30B92846C0219822064B82
:10E2B0000094FFF719FE3EBDF9F2850021F38500B9
:10E2C000D9F285003DF38500C1F2850010B5044602
:10E2D00050B10368054918682246FAF784FD2046C4
:10E2E000BDE81040E7F32EB710BD00BFAA5A0100E9
:10E2F00038B505460C20E7F313F7044638B1002182
:10E300000C22E2F3F7F60C232560A38001E0FFF76F
:10E31000DDFF204638BD28B18368DA88013ADA800B
:10E32000E7F310B770472DE9F04F9B46038B87B09A
:10E33000C518C65AB5F80480438AC6EB0808984544
:10E3400005919446878AB0F816A032DA6C88C7190E
:10E350004445824416DAC4EB080804F1010939196E
:10E36000424607EB0900CDF810C0E2F39FF60C22FD
:10E3700002FB09A002FB04A102FB08F2E2F396F6FD
:10E38000DDF810C06B88A21B01336B80AB880C21B9
:10E390000133AB80109BB8190193059B01FB06A1CB
:10E3A000029392B26346CDF800B0FFF7EFFD002074
:10E3B00001E06FF0150007B0BDE8F08F2DE9F04FD8
:10E3C0009B46038B9446C518AC8830F80380428A7C
:10E3D000C8EB040387B093420591878AB0F816A072
:10E3E0002FDA9C42074482446E8816DAC8F100088E
:10E3F00004F101093919424607EB0900CDF810C0B4
:10E40000E2F354F60C2202FB09A002FB04A102FB7A
:10E4100008F2E2F34BF6DDF810C0AB88A21B013323
:10E42000AB80109B0C210193059BB819029301FB53
:10E4300006A192B26346CDF800B0FFF7A7FD002019
:10E4400001E06FF0150007B0BDE8F08F2DE9F04F47
:10E450009B46038C85B0C518C65AB5F80480438B1B
:10E46000C6EB0808984503919446878BB0F81EA028
:10E470002EDA6C88C7194445824415DAC4EB0808C3
:10E4800004F101093919424607EB0900CDF808C02B
:10E49000E2F30CF60AEBC9000AEBC4014FEAC8022A
:10E4A000E2F304F6DDF808C06B88A21B01336B8031
:10E4B000AB88B8190133AB80039B0AEBC60101930B
:10E4C00092B26346CDF800B0FFF770FD002001E086
:10E4D0006FF0150005B0BDE8F08F00002DE9F04F9A
:10E4E000036885B003931B681546DB69C288D3F8BF
:10E4F000D03007469A420E465BDA09B14E1CB6B2DE
:10E500000DB10135ADB206F127034FF6FC7A03EAEF
:10E510000A0A0C2303FB06A34FF6FE78013303EA35
:10E52000080808F10903EB184FF6FC7B03EA0B0B14
:10E530000BEBC50201324FF6FE73134003F10609DF
:10E540001FFA89F948460293E7F3EAF504460028E2
:10E5500030D000214A46E2F3CDF5029B0399238493
:10E56000FB88A4F81880242208F1060801332160F2
:10E57000A760A4F81090A282A4F816A0A4F81C80AA
:10E58000A4F81EB066826583FB8046B1DD2120467B
:10E590000C4A0D4B0094FFF7C6FE00280ADB6DB154
:10E5A000DD212046094A2346FFF750FF002805DAFF
:10E5B00000E000242046FFF7AEFE0024204605B010
:10E5C000BDE8F08F85F5850041F58500BDF5850036
:10E5D0007FB50A4A034600920022019202920392FA
:10E5E000049205920649074A0068FAF757FC00288A
:10E5F00014BF4FF0FF30002007B000BD991E860009
:10E6000078F08800AE5A0100024602490068FAF725
:10E61000EABB00BFAE5A010010B5044648B103681A
:10E6200021461868FAF7FEFC2046BDE81040E7F3E3
:10E6300089B510BD37B505460820E7F377F50446E0
:10E64000A0B10560002201900C2128460A4B0092DF
:10E65000FDF746FF0028606008DB084B2868009340
:10E660002146074A0423FAF76CFC18B12046FFF74D
:10E67000D3FF002420463EBD1D2686002CF18800D5
:10E680003126860010B50446C06818B1E7F35AF584
:10E690000023E36010BD10B50446A020E7F340F569
:10E6A00070B1E060A06000F1900203461033934225
:10E6B00043F8103CFAD10023C0F89030184610BD42
:10E6C0006FF01A0010BD000038B50446002852D083
:10E6D000002105683FF04EDA20463FF02BD86369F1
:10E6E00033B12046002141F015DA606938F044DC8E
:10E6F000A36933B12046012141F00CDAA06938F05A
:10E700003BDC236933B12046022141F003DA206962
:10E7100038F032DCE36F33B12046032141F0FAD9FF
:10E72000E06F38F029DC204641F09AD9D4F89800FF
:10E73000E7F308F501E03EF027DEE1692046002915
:10E74000F9D1FFF79FFFD5F8440118B10A492A46CD
:10E7500000F08FF9286809492246FAF744FBD4F8FB
:10E76000A8301BB104F1A800E1F3DAF62046BDE8B9
:10E770003840E7F3E7B438BD11428600F4C8890099
:10E7800030B5054687B0B020E7F3CAF40446002848
:10E7900000F099800021B022E2F3ACF40A2384F85F
:10E7A0004330012384F84830FF2384F8203084F874
:10E7B000213084F8223084F823302560C420E7F328
:10E7C000AFF4C4F8980000287DD020463FF0C4D9AB
:10E7D00020463FF047DD2B6841F26B02D3F8D4307E
:10E7E00020F07F00196BA0879142204608D19B6AD8
:10E7F000932B05D13FF036DDC0F58440683001E051
:10E800003FF034DDE087E38F204623F07F03E3878A
:10E810003FF02CDD41F2883222652E4A002320F0A1
:10E820007F00A4F84000E36400922B4A0493019215
:10E830002A4A059302922A4A2868039229492A4AB9
:10E840002346FAF72BFB00283DD1D5F8E80538F030
:10E8500069DB6061002836D0D5F8E80538F062DB66
:10E86000A06180B3D5F8E80538F05CDB206150B3D7
:10E870002046FFF710FF30BBD5F8E80538F052DB33
:10E88000E06700B3012384F87830D5F8440141F201
:10E890007073A4F87A3020B114492A4600F0E6F8E3
:10E8A00088B9204601213FF065D94FF44843A3655C
:10E8B0000023E36532232366D5F8380604F1A80166
:10E8C000E1F318F618B12046FFF7FEFE00242046BB
:10E8D00007B030BD59348600B152860039528600E7
:10E8E000ED3686004CF18800F4C88900114286009C
:10E8F00038B50446002827D0056814492868224600
:10E90000FAF771FA236A1BB104F12000E1F308F66B
:10E91000E3691BB104F11C00E1F302F6A3691BB12A
:10E9200004F11800E1F3FCF563691BB104F1140074
:10E93000E1F3F6F5284606492246FDF7F4FD2046A8
:10E94000BDE83840E7F3FEB338BD00BFB0CB890067
:10E950002D62860070B5054686B03020E7F3E6F3F9
:10E960000446002859D04FF0FF3303610422FF21F1
:10E9700005600A30E2F3BEF30B2104F10E00E3F36D
:10E9800091F700238DE8180004212846264A274BDA
:10E99000FDF7A6FD002860603FDB2846244922469B
:10E9A000FDF7BCFD002838D1D5F8386604F1140114
:10E9B0003046E1F39FF500282FD1304604F11801CD
:10E9C000E1F398F548BB304604F11C01E1F392F500
:10E9D00018BB304604F12001E1F38CF5E8B9154B82
:10E9E00001900093144B04900293144B05900393F1
:10E9F00028681349134A2346FAF750FA68B92046A3
:10EA000041F09ADF20B12046012141F0C9DF20B951
:10EA10003223A3622623636203E02046FFF768FFE8
:10EA20000024204606B070BD45638600FD62860066
:10EA30002D628600A962860051658600F962860013
:10EA40003CF28800B0CB89004069E1F32FB5406902
:10EA5000E1F38EB58069E1F329B58069E1F388B50A
:10EA6000C069E1F323B5C069E1F382B5006AE1F35F
:10EA70001DB5006AE1F37CB538B5044660B10568A0
:10EA8000224606492868FAF7AEF92046E7F35AF31A
:10EA90002B68002283F84E2038BD00BF54CC89007B
:10EAA00070B50368002686B0054683F84E600C20DA
:10EAB000E7F33CF30446002843D0234B0560234989
:10EAC0008DE848002868224A234602960396049659
:10EAD0000596FAF7E3F9064600282ED18DE81100D5
:10EAE0001C2128461B4A1C4BFDF7FAFC00286060DD
:10EAF00023DB0C212846194A194B0096019401F09A
:10EB000035FF0028A06018DB164BD5F894068DE879
:10EB100018000A213822144BFEF7AAFE68B9D5F86E
:10EB200094060A213822114B0095FFF757F920B9B6
:10EB30002B68012283F84E2003E02046FFF79CFF5C
:10EB40000024204606B070BDD971860054F28800BA
:10EB500054CC8900A97186007D718600917686006B
:10EB60005D7686007D778600197786004977860076
:10EB700070B5064686B00820E7F3D2F20446A0B18D
:10EB80000B4B0025066045600A498DE82800306877
:10EB9000094A23460295039504950595FAF77EF9EF
:10EBA00018B12046E7F3CEF22C46204606B070BDE1
:10EBB0004D7E860098F28800B0C6890010B50446E4
:10EBC00050B10368054918682246FAF70CF9204647
:10EBD000BDE81040E7F3B6B210BD00BFB0C6890073
:10EBE00070B5044600282AD00668224630681449C9
:10EBF000D6F84451FAF7F7F8224630461149FDF7A6
:10EC000092FC224630461049FDF799FC22462846E0
:10EC10000E49FFF71CFF224628460D49FFF71DFF4E
:10EC2000224628460B49FFF71EFF28460A4922467E
:10EC3000FFF71FFF2046BDE87040E7F383B270BDC9
:10EC400035D289005D8786006D978600FD84860039
:10EC5000E9868600CDAA8600A5928600F0B5D0F898
:10EC6000446187B005465820E7F35AF2044600286D
:10EC700000F0938000215822E2F33CF2204620214C
:10EC8000494A40F8205BE2F39BF201274FF0FF3343
:10EC9000E06184F84070A4F84C3030464349224685
:10ECA000FFF7D2FE002878D1304641492246FFF7CF
:10ECB000D1FE002871D130463E492246FFF7D0FEF2
:10ECC00000286AD130463C492246FFF7CFFE002893
:10ECD00063D1284639492246FDF72CFC0646002818
:10ECE0005BD18DE8110004212846354A354BFDF7EC
:10ECF000F7FB0028206150DB284639463246334670
:10ED000000960194FDF7ECFB0028606145DB0421CF
:10ED100028462D4A2D4B0096019401F027FE00282D
:10ED2000A0613ADB28462A492246FDF7F7FB002876
:10ED300033D1284B03EBC60253F8363063B1526827
:10ED400052B131018DE81400D5F8940601F0F001BC
:10ED5000C022FEF7ADFD00BB01360D2EE9D11E4BE2
:10ED60001E4A009300230193029203930493059398
:10ED700028681B491B4A2346FAF790F868B92046D1
:10ED800046F0F6D820B12046012144F0C3D820B97E
:10ED9000636C43F00403636403E02046FFF720FF45
:10EDA0000024204607B0F0BDB15A0100FD84860062
:10EDB000E9868600CDAA8600A59286006D9786001A
:10EDC0000192860089918600059E8600F19D86004D
:10EDD0005D878600C49E0200198A860055AB8600B6
:10EDE000ECF2880035D2890038B50446D0B180688D
:10EDF00008B1E7F3A7F1236943B90EE0236953F89B
:10EE0000350008B1E7F39EF1013500E00025E36825
:10EE10009D42F3DB2069E7F395F12046BDE83840D9
:10EE2000E7F390B138BD00002DE9F0410546182008
:10EE3000E7F37CF10446002833D02B680560DB69DA
:10EE40000C20DB6901335843E7F370F1A06040B355
:10EE50002B681820DB69DA695B6F6260E360E7F3B7
:10EE60005FF12061E8B1124918220026E2F3BEF0FA
:10EE700037460EE00E4BD4F810809B1918798000AD
:10EE8000E7F354F1236948F806009B59083643B16B
:10EE90000137E3689F42EDDB6B68064ADC609A60ED
:10EEA00003E02046FFF7A0FF00242046BDE8F081E4
:10EEB0002C9F0200B9BC860010B5C468A1420BDAD1
:10EEC000006900EBC1042479A24208DA50F831103D
:10EED000002041F8223010BD6FF0150010BD6FF01A
:10EEE000150010BD47F06C9B10B50446FFF7FAFF04
:10EEF000E084000C84F82800002010BDD0F8F03326
:10EF000010B5044683B1D3F8280830B1E7F31AF1FD
:10EF1000D4F8F0330022C3F82828D4F8F003E7F33C
:10EF200011F10023C4F8F03310BDC36B10B50446D3
:10EF300083B1836B5B6B0B2B07D1D0F8E00320B15F
:10EF4000E7F300F10023C4F8E033E06BE7F3FAF0F5
:10EF50000023E36310BD10B504460120E7F3E0F0A1
:10EF60000346E063A8B100210122E2F3C3F0A36BE2
:10EF70005B6B0B2B0CD14FF49470E7F3D1F003468D
:10EF8000C4F8E00328B100214FF49472E2F3B2F028
:10EF90000123184610BD70B5044640F678100D46A2
:10EFA000E7F3BEF0C4F8F003002831D0002140F6AA
:10EFB0007812E2F39FF0B4F85220D4F8F033002630
:10EFC0001A70D4F8F033204683F8B660C3F8B06006
:10EFD000D4F8F03383F8B460A36B83F88460A36B38
:10EFE0001E679E673C23C4F8BC301023C4F8C030B1
:10EFF000C4F8C46000F09AFFA36B022D0CBF1A6F17
:10F000009A6F0020DA6684F8C36284F8C26270BD29
:10F010006FF01A0070BD0000B0F8C632F7B50446B4
:10F020000E46FBB10846E2F311F107461348E2F33E
:10F030000DF13F181037BFB23846E7F371F00546BF
:10F04000B8B1B4F8C632394600930D4A3346E2F3FC
:10F05000B7F0E06C2946E2F3E9F607462846E7F305
:10F0600071F03FB9E06C314603B0BDE8F040E2F327
:10F07000DDB60746384603B0F0BD00BF8F9F0200E3
:10F080007A9F0200044B1B78012B02D100200070F4
:10F090007047FFF7C1BF00BFFC0300002DE9F34735
:10F0A0001C46B0F8C632074688469146C66C002B0F
:10F0B00032D00846E2F3CAF082462248E2F3C6F0B4
:10F0C00082440AF1100A1FFA8AFA5046E7F328F040
:10F0D000054600282FD0B7F8C632514600931A4A89
:10F0E0004346E2F36DF038462946FFF7CBFF07466B
:10F0F00068B130462946E2F38DF640B1484506DD59
:10F10000304629464A46E2F379F6824600E0A246B6
:10F110002846E7F317F08FB930464146E2F37AF616
:10F1200058B1484509DD304641464A4602B0BDE87F
:10F13000F047E2F363B6824600E0A246504602B0D2
:10F14000BDE8F0878F9F02007A9F020010B5144639
:10F15000FFF798FF28B100210A46BDE81040E2F30E
:10F1600001B4204610BD000038B500220D46084904
:10F170000446FFF7EBFFC0B22823A84284F86603D9
:10F1800084F8D531CCBF84F8663384F8D50138BD16
:10F19000D69F0200012238B580F860200A23826BD6
:10F1A000002580F89E31032380F89F3180F86F534B
:10F1B00080F8715380F8735380F8755380F8775353
:10F1C00080F8BA5182F88A304FF6CE73A0F87832C0
:10F1D00014491422C0F874520446FFF7B7FF1249CD
:10F1E00084F866032A462046FFF7B0FF7F2384F8A1
:10F1F0007B304FF0FF33A4F8983004F5F673C4F871
:10F200008C31642384F858300423C4F8280384F82C
:10F210006C50C4F8E453C4F8745284F8D43184F8C0
:10F22000D63138BDD69F02005E9F02000022FFF754
:10F230008DBF000010B517490446FFF7F7FFC0B2B5
:10F2400084F8E8030138C0B2FD2802D9732384F89A
:10F25000E83394F8E833204684F8E9330E49FFF7A1
:10F26000E5FFC0B284F8EA0308B10F2802D10523F4
:10F2700084F8EA3394F8E82394F8EA33D31A84F84C
:10F28000EB33002384F8EC3384F8EE33112384F855
:10F29000ED3310BD849F0200E79F02002DE9F0418D
:10F2A00005460C4617461E46FFF7ECFE38B12846C9
:10F2B00021463A463346BDE8F041FFF7EFBE3046FF
:10F2C000BDE8F0810023FFF7E9BF000070B501221F
:10F2D0000D463C490446FFF739FF3B4984F8680373
:10F2E00000222046FFF732FF384984F82C0307221A
:10F2F0002046FFF72BFF364984F82D032046FFF701
:10F30000C1FE88B132492046A66BFFF78FFF304916
:10F3100030672046A66BFFF789FFA36BB067022D0D
:10F320000CBF1A6F9A6FDA662A4900226FF09503B4
:10F330002046FFF7B3FF274984F834030122204613
:10F340006FF09503FFF7AAFF022584F83503002329
:10F350002A4620461F49FFF7A1FF63190135052DF5
:10F3600083F83403F3D100252A4620461A49FFF7D3
:10F37000A9FF631901350E2D83F85703F4D101233A
:10F3800084F86733062220461449FFF7DFFE002287
:10F3900084F8650312492046A56BFFF7D7FE114993
:10F3A00085F82C0100222046FFF7D0FE002384F8C8
:10F3B0003E034021204684F82433BDE87040FFF727
:10F3C000D3BE00BF6E9F0200449F0200C89F020090
:10F3D000A09F0200F89F0200C19F0200959F0200BB
:10F3E000AD9F0200699F020010B5044628B1046871
:10F3F000003418BF0124E6F3A5F6204610BD10B571
:10F40000848B0C80018C118040F2DA321A8090F8E3
:10F410003520029B01201A8010BD90F834007047FF
:10F42000C06A7047836B9961704738B504460028FD
:10F430003ED0C56D013DC565002D39D1FFF75EFD9C
:10F440002046FFF772FDD4F8801229B1A36B18692A
:10F4500000F08CFDC4F88052002584F895512046B8
:10F4600046F0E4DEA26B1368A34202D1A36C1360E2
:10F4700003E09A6CA2421DD19D64D4F8943A0BB17A
:10F4800020469847A36B186951F094D8D4F8E41338
:10F4900020B141B1204647F08FD804E019B1A36BE9
:10F4A000986852F0CDDC2046E6F34CF6002038BDDB
:10F4B000012038BD012038BD2DE9F0478A460021E2
:10F4C00004461546C0680A4676469946EBF3DCF6D4
:10F4D000804600070CD5276857B1BB6BC7F84C9026
:10F4E0001869F96A51F02CD8FB6D0133FB65CEE049
:10F4F0004FF42F60E6F314F6074628B96FF01A00B0
:10F50000314648F0A3DDC5E000214FF42F62E1F35E
:10F51000F1F5FB6DC7F844A00133FB652368BC63BC
:10F52000BB640123C7F84C90276087F85930E26C20
:10F5300041F26B039A4205D1636C932B0CBF0123FC
:10F54000182300E01823022DA7F88A3005D118F0FF
:10F55000010F1CBF4FF40053FB62BB6BF96A1869C3
:10F5600050F0EEDF7B6CB3F8E0831FFA88F808F404
:10F5700070631B0AFB615FFA88F33B62BB6BD86860
:10F58000F8F739FCFB69A7F8C602092B04D104235C
:10F59000FB613B6A10333B62012387F824304FEA5A
:10F5A00018333B633846FFF79FFC002875D14FF4B2
:10F5B0008053A7F856304DF2240241F20103022D88
:10F5C00018BF1346A7F8523038463749FFF75AFD9F
:10F5D00038B138463449D7F83880FFF727FEC8F8E5
:10F5E00068003846FFF7B7FC002856D03846294651
:10F5F000FFF76CFE3846FFF7CDFD384600F0D2FB32
:10F6000000284AD029463846FFF7C5FC05460028A1
:10F6100043D13846FFF70EFE384647F001DD384645
:10F62000012146F0AFDD3846294648F083DB4FF034
:10F63000FF33C7F8D432C7F8D832C7F8DC32C7F87E
:10F64000E032C7F8E432C7F8E832C7F8EC32C7F85E
:10F65000F032384607F11C011C22E1F3C7F420699F
:10F6600050F0A8DF60B1BB6B986852F035DEC7F888
:10F67000F80328B96FF01A00314648F0E7DC0CE0D7
:10F680003846002148F04CDA002387F8FC3907F1AE
:10F690004C03FB643846BDE8F0873846FFF7C5FEEB
:10F6A0000020BDE8F08700BF519F020070B50546FD
:10F6B0004FF498707646E6F333F5044628B96FF0B8
:10F6C0001A00314648F0C2DC39E000214FF498724C
:10F6D000E1F310F52B68A3606B68E360AB6823610E
:10F6E000EB6863602B6963612B8CA3846B8CE38470
:10F6F0006B6AA362AB6AE362EB6A23632B6B63639F
:10F700006B6B6364AB6BA364EB6BE3642B6C236583
:10F710006B6C6365AB6CC4F81C316B69A365AB693A
:10F72000E3650F2323663D2363667923A3660123E4
:10F73000C4F818310323E366002384F88B30204695
:10F7400070BD00007FB50A4B0A4900930023019366
:10F750000293039304930593074A0368F9F79EFB0A
:10F76000002814BF4FF0FF30002007B000BD00BFDD
:10F7700005E3860068F48800B95A0100014902686F
:10F78000F9F731BBB95A01000023F0B51C4607E078
:10F79000CE183568C718C550756801347D600833C8
:10F7A0009442F5D1F0BD000038B5046C0023C4F8D4
:10F7B000243690F86D53094B094A4FF48060002DB0
:10F7C0000CBF15461D46E6F3ABF4C4F8240620B181
:10F7D00029468022FFF7D8FF012038BD66AD020020
:10F7E00066B1020070B517494FF0FF32046C054650
:10F7F000FFF7ACFC1449C4F8500517222846FFF760
:10F80000A5FC0026C4F8540510496FF0250284F8C1
:10F8100058652846FFF79AFC0D49A4F8480532467A
:10F820002846FFF793FC0B49A4F8040C6FF0030281
:10F830002846FFF78BFCB4F84835C318A4F8063CFB
:10F8400070BD00BF1DA0020046A802002FA8020044
:10F850009CAC020007AD020038B527490446FFF70B
:10F86000E5FCC0B228288CBF0023012384F869037B
:10F8700084F8CA0384F86D3320462049FFF7D6FC8C
:10F88000082820461CD81E490022FFF71BFD80B225
:10F890000022C4F8FC001B492046FFF713FD1A495B
:10F8A000C4F800012046FFF7C1FC18490546204670
:10F8B000FFF7BCFC80B240EA0545C4F8045113E0F0
:10F8C00013490022FFF7FEFC80B2C4F8FC00114986
:10F8D00000222046FFF7F6FC0F49C4F8000120463D
:10F8E000FFF7A4FCC4F8040120460C49FFF79EFC76
:10F8F00084F8080138BD00BF1EA40200EFAC02006E
:10F9000014A802003DA802004CA0020038A002008A
:10F9100090AC020035AD0200A1A80200C4A702000D
:10F92000F8B5A4490022056C0446FFF7CBFCA149B9
:10F9300085F8BC0401222046FFF7C4FC9E4985F8E7
:10F94000BD04002207232046FFF7A8FC922385F878
:10F95000BE04994901222046FFF7A0FC974985F88B
:10F96000BF0400222046FFF7F1FB9549C5F8C40407
:10F9700000222046FFF7EAFB0026A5F8580491492B
:10F9800085F8336420463246FFF7E0FB8E49A5F840
:10F990000A042046FFF74AFCB8B1012385F8333446
:10F9A0002F464223324620468749FFF777FCAB19A2
:10F9B000C0B283F82604B5F80A340136C018A7F897
:10F9C0000C0402370D2EECD10DE080494222204676
:10F9D000FFF7BCFBC2B285F8082420467C49FFF73C
:10F9E000B5FBA5F806047B4900222046FFF7AEFBD5
:10F9F000794985F838044FF0FF322046FFF7A6FB1F
:10FA00007649A5F868054FF0FF322046FFF79EFBC8
:10FA10007349A5F86A054FF0FF322046FFF796FBC1
:10FA20007049A5F86E054FF0FF322046FFF78EFBB8
:10FA30006D4985F8700500222046FFF787FB0026F8
:10FA400084F87400324620466849FFF73BFCAB1946
:10FA500001360E2E83F80606F4D1A1226449204611
:10FA6000FFF774FB6349C5F8C00546F20F622046F4
:10FA7000FFF76CFB0822C5F8C4055F492046FFF775
:10FA800065FB5E49C5F8C8056FF008022046FFF720
:10FA90005DFB5B49C5F8CC0540F6BB722046FFF71D
:10FAA00055FB0A22C5F8D00556492046FFF74EFB04
:10FAB0005549C5F8D4056FF044022046FFF746FBD0
:10FAC0005249A5F802066FF04A022046FFF73EFBB6
:10FAD0000122A5F804064E492046FFF737FB80B205
:10FAE000031C18BF012300F0020085F84A353F22AD
:10FAF00085F84B0547492046FFF728FB642285F827
:10FB00004C0545492046FFF721FB4449C5F85C05F3
:10FB10004FF0FF322046FFF719FBC5F860050130B2
:10FB200018BF012085F864053D4900222046FFF7F3
:10FB30000DFBC0B200F00F03000900F0010085F8D2
:10FB4000143685F817063749002226232046FFF78A
:10FB5000A5FB3449A5F81806012242232046FFF7E9
:10FB60009DFB5023A5F81A062E4902222046FFF7D6
:10FB700095FB0622A5F81C062B492046FFF7E6FA5E
:10FB800085F81E062046FFF767FE94F86D23204691
:10FB9000002A4DD12549FFF795FB2449A4F882039B
:10FBA00001222046FFF78EFB2049A4F87E03204661
:10FBB0004DE000BFC8AC020073A8020087AC020091
:10FBC00054AC02007FA8020074AC0200B1AC020089
:10FBD000E3AC020008A0020055A00200F7AC02004E
:10FBE00061A802001CA80200BAAC02004CAD0200E1
:10FBF00025A802008DA80200D2AC0200D9AC0200F8
:10FC000014A002005FAD02002AAD020067AC020042
:10FC1000DFA70200ADA80200FAA70200E8A70200D1
:10FC200041A0020080AC0200D1A7020045AD020055
:10FC300025490022FFF746FB2349A4F8820301224D
:10FC40002046FFF73FFB2049A4F87E03204602220E
:10FC5000FFF738FB0023A4F880031C4985F83336EE
:10FC600020460222FFF71AFB10B1012385F8333634
:10FC700095F833362BB3154900222046FFF722FBB7
:10FC80001249A4F82C0A01222046FFF71BFB0F495A
:10FC9000A4F8280A02222046FFF714FB0C49A4F816
:10FCA0002A0A00222046FFF751FA0A4985F8310650
:10FCB00028222046FFF74AFA002385F8320684F806
:10FCC00067330120F8BD00BF0AA80200A5AC0200FE
:10FCD000DAA702005AAD020038B50E49046C054699
:10FCE000FFF7A4FA0C4984F829062846FFF79EFA84
:10FCF000FF2284F82A0609492846FFF727FA08490F
:10FD000084F830062846FFF791FAC4F82C06012043
:10FD100038BD00BF5EAC020096A802002BA0020016
:10FD200051A8020038B50446056C4FF46770E6F33D
:10FD3000F7F1C5F82006236CD3F82006B0B1D4F84B
:10FD4000DC300B4A934207D00A4A934206D00A4A53
:10FD500093420AD1094902E0094900E009494FF4F8
:10FD60006772E1F343F1012038BD002038BD00BFC8
:10FD7000C0AD3A0280BA8C0100F82401B8A8020094
:10FD800082A0020028A4020010B504464EF00AD852
:10FD9000236CD3F82006E6F3D5F1206CBDE81040C3
:10FDA000E6F3D0B170B5044640F60840E6F3B8F18A
:10FDB00005462064002800F08380002140F60842B8
:10FDC000E1F398F10125A36B84F8825084F8F05098
:10FDD000D868EBF3BDF13B4BC4F8DC00C4F8483AFB
:10FDE000394B2046C4F84C3A384BC4F8503A384B9B
:10FDF000C4F8543A374BC4F8A03A374BC4F85C3ACD
:10FE0000364BC4F8643A364BC4F86C3A354BC4F8F8
:10FE1000703A354BC4F87C3A344BC4F8B43A344B9E
:10FE2000C4F8B03A334BC4F8C03A334BC4F8BC3AC8
:10FE3000324BC4F8C43A324BC4F8C83A314BC4F818
:10FE4000CC3A314BC4F8943A304BC4F8D03A304BEA
:10FE5000C4F8D43A2F4BC4F8D83A2F4BC4F8DC3A44
:10FE60002E4BC4F8E03AFFF75BFD40B32046FFF7A6
:10FE700059FF20B32046FFF797FC00B32046FFF759
:10FE8000B1FC236C204683F8C054FFF725FF2449BA
:10FE900000222046266CFFF759F9224986F83406DD
:10FEA00000222046FFF752F91F4984F890022A46A3
:10FEB0002046266CFFF74AF986F8350600E005462D
:10FEC000284670BD554B8700114A8700154A8700A8
:10FED000B95E87008D358700214B8700915E8700D2
:10FEE000CDEC8600296487001D4B8700895F870061
:10FEF00015F98600D5F886004938870061498700E2
:10FF0000CD218700C5F90000415D0200F50A870098
:10FF1000F90A8700F10A8700FD0A87000D0B8700A8
:10FF200072A0020064A0020014AD0200836B93F87B
:10FF30002C210AB1042200E003221A67DA66704716
:10FF4000F8B507460C200D461646E6F3E9F00446E0
:10FF500030B100210C22E1F3CDF027606660A5608E
:10FF60002046F8BD08B1E6F3EDB070478068F2F3C3
:10FF70005BB4000070B5064686B06C20E6F3D0F0A6
:10FF80000446D0B100216C22E1F3B4F00823A36150
:10FF90000E4B26600025009330680D490D4A23461C
:10FFA00001950295039504950595F8F777FF38B903
:10FFB0003268012382F892302371204606B070BD6A
:10FFC0002046E6F3BFF02C46F7E700BF0D69870037
:10FFD000B00A8900665B010010B5044668B1036889
:10FFE000064918682246F8F7FEFE204651F048D828
:10FFF0002046BDE81040E6F3A5B010BD665B0100E9
:020000041003E7
:1000000010B5044648B1054922464068F8F7EBFEB2
:100010002046BDE81040E6F395B010BD5CF48900C1
:1000200070B5064686B01020E6F37AF0044630B389
:1000300000211022E1F35EF033682660636073688C
:100040000025A360042130460E4A0F4B0095019411
:10005000FCF746FAA842E0600DDB0C4B30688DE8F7
:1000600028000B490B4A23460295039504950595F4
:10007000F8F714FF18B12046FFF7C2FF002420460E
:1000800006B070BD29748700117487007D748700E5
:100090007C0B89005CF4890030B5054687B01420DC
:1000A000E6F33EF0044638B300211422E1F322F0D7
:1000B0006B682868A360124B256060600025009380
:1000C0001049114A2346019502950395049505951B
:1000D000F8F7E4FE60B90A2323730F2363736423E4
:1000E000A3730223E373062323740123637403E0E1
:1000F0002046E6F327F02C46204607B030BD00BF6F
:10010000217B8700940B89000CE3890010B504461D
:1001100048B1054922464068F8F765FE2046BDE82B
:100120001040E6F30FB010BD0CE3890010B5044693
:1001300058B1064B21461B88C3581868F8F772FF60
:100140002046BDE81040E5F3FDB710BDD403000024
:1001500073B505460C20E5F3E9F70446C8B1104B2A
:1001600004221A8002214560002301900D4A28468E
:100170000093FCF7B5F9002820600ADB01232381F6
:10018000094B286800932146084A0223F8F7D9FE54
:1001900018B12046FFF7CAFF002420467CBD00BFEF
:1001A000D40300007D858700FC0B8900A9858700AA
:1001B00038B5044680B1094B21461B88C5582868CC
:1001C000F8F730FF286806492246F8F70CFE20466B
:1001D000BDE83840E5F3B6B738BD00BFD603000030
:1001E000845B0100F0B5054687B01420E5F39EF767
:1001F0000446002856D02F4B04221A804560002662
:100200000190042128462C4A2C4B0096FCF768F9F3
:10021000B042206046DB0123A3810C232382284BBC
:100220000722E2810093274B286801932649274A39
:1002300023460296039604960596F8F72FFE0028AB
:1002400030D1234B286800932146224A0523F8F732
:1002500078FE38BB204BD5F894068DE818004FF493
:1002600090712A221D4BFDF703FBD8B9D5F89406EF
:1002700080212A221A4B0094FDF712FC90B9B5F8A0
:10028000AA0106F023DD801B18BF01200A3055F8B3
:1002900020301B68022B09D1012120460A4652F06A
:1002A000ABDD03E02046FFF783FF0024204607B0C4
:1002B000F0BD00BFD60300005D8987004989870033
:1002C000DD8B8700F58B8700340C8900845B01008F
:1002D0000C0C8900098B8700F98C8700E98987005D
:1002E000F9888700084B10B51B88044650B1C358E5
:1002F000064918682246F8F776FD2046BDE810400A
:10030000E5F320B710BD00BFD80300008B5B0100F0
:1003100070B5054686B01420E5F308F704460028BA
:1003200044D0264B08221A800023856004210093C4
:100330000190234A2846234BFCF7D2F8002820607E
:1003400034DB0223A38105220C23E2812382D5F82A
:10035000940680213D221C4B0094FDF7A1FB28BB95
:100360001A4B029000931A4B03900193049005904E
:1003700018492868184A2346F8F790FDB0B9B5F82F
:10038000AA0106F0A3DC2B6893F84F201AB1032AC8
:1003900014BF032201222046012153F063DA2046D4
:1003A00002214FF0FF3253F05DDA03E02046FFF701
:1003B00099FF0024204606B070BD00BFD80300009E
:1003C000319287001D928700E991870099938700F9
:1003D00001958700400C89008B5B010038B504460D
:1003E00098B10568224628460849FCF79CF8214642
:1003F0002868F8F717FE286805492246F8F7F3FC45
:100400002046BDE83840E5F39DB638BD1D9E870007
:10041000C9E3890030B5054687B00820E5F386F6C4
:10042000044600283ED0002305600421009301907B
:10043000204A2846204BFCF753F80028606031DB47
:1004400028461E492246FCF769F858BB1C4B019010
:10045000009302900390049005901A4928681A4A64
:100460002346F8F71BFDE8B9184B2868009321468E
:10047000174A0123F8F765FDA0B9164BD5F8940685
:100480008DE818004FF490712822134BFDF7F0F916
:1004900040B9D5F8940680212822104B0094FDF72E
:1004A000FFFA18B12046FFF799FF0024204607B055
:1004B00030BD00BFA19D8700619D87001D9E870004
:1004C000A59E87009C0C8900C9E38900940C8900D3
:1004D000799E87009D9F8700459E8700459D8700E8
:1004E00070B5064686B09C20E5F320F60446002849
:1004F00034D006601B4B3068002560601A490093B9
:100500001A4A234601950295039504950595F8F737
:10051000C5FCF8B9D6F884341E229B7822610422E7
:10052000E27202222377227301230A22E3762372E6
:1005300063616273A3764FF6AF72A37784F8993044
:100540001023A0736072A072228384F89A3084F81A
:10055000983003E02046E5F3F5F52C46204606B03A
:1005600070BD00BF19AE8700001C890066B502008F
:10057000C0F88410C0F88820C0F88C3070470000A4
:1005800010B5044648B1054922464068F8F72BFCEF
:100590002046BDE81040E5F3D5B510BD66B50200B4
:1005A00038B5044600B3436B05680BB1E9F7C6FCE8
:1005B00004F11400DBF38AF404F11800DBF386F491
:1005C00004F11000DFF382F504F12400DBF372F490
:1005D000224606492868F8F706FC2046E5F3B2F5FE
:1005E0002B68002283F8622138BD00BF7AE68900BB
:1005F0002DE9F041054686B03820E5F397F504462D
:1006000000287FD005600026019004212846414A39
:10061000414B0096FBF764FFB042606072DB04213F
:1006200028463E4A3E4B0096019400F09FF9B042A6
:10063000A06067DB0127E76038463A493A4A6B68B1
:10064000DFF32EF1206100285CD006213246D5F878
:100650000480DFF36BF53449034642463148DBF34F
:1006600017F4606200284DD0072132462069DFF37D
:100670005DF539460346E0613246606ADBF3E8F235
:1006800039460246A0612069DFF350F5E369394637
:100690003246606ADBF3DCF20221024660612069C7
:1006A000DFF344F5214B4FF00308C4F82C808DE8AC
:1006B00048001F4B286804931E4B1F4905931F4A8F
:1006C000234602960396F8F7E9FBD8B91C4BD5F8F8
:1006D00094068DE81800B02142461A4BFDF746F803
:1006E00080B9194BD5F894068DE81800B0215D2229
:1006F000164BFDF769F928B91423A3622B6883F818
:10070000627103E02046FFF74BFF0024204606B04D
:10071000BDE8F08115D28700B90601008905010006
:100720004DE08700FDD0870005D1870099D3870071
:10073000945B010019050100181C89007AE6890004
:10074000171501008F16010055140100C114010096
:100750002DE9F043074687B04FF441700E46154629
:100760009846E5F3DDF40446002878D000214FF4E4
:100770004172E0F3BFF42820E5F3D2F48146206013
:1007800020B92046E5F3DEF4484668E0002128223F
:10079000E0F3B0F423684FF441721C606261E560DD
:1007A0004FF0FF320025A261A760C4F804809D715C
:1007B0001423A4F808322823A4F806322D23A4F821
:1007C00004326E23A4F80A32022384F80C32642324
:1007D000A4F8383284F80D523046224922462B467E
:1007E000F2F33AF0C4F8F80130B304F51473C4F826
:1007F0001832C4F814321C4B0526C4F81C6200934E
:100800001A4B029501931A4B0495039305952346C1
:1008100038681849184AF8F741FB034660B9009058
:1008200038682168154AF8F78CFB28B984F84062CB
:1008300084F84162206812E0D4F8F81119B1A36875
:100840009868F1F3F1F7206908B100F03FF82068EB
:1008500008B1E5F377F42046E5F374F4002007B01F
:10086000BDE8F08365F68700C5EF870049F687008D
:1008700039FF87006C1C890000E88900650088004A
:1008800038B50546F0B10468E4B1D4F8F81131B1D7
:10089000A3689868F1F3C8F70023C4F8F831A36897
:1008A000224618680849F8F79EFAA3682168186874
:1008B000F8F7B8FB2846E5F345F42046BDE8384094
:1008C000E5F340B438BD00BF00E8890010B5044628
:1008D00030B159F0B9DE2046BDE81040E5F332B43E
:1008E00010BD0000F7B506680546F3691F6D0237B5
:1008F0003F013846E5F314F4044610B300213A46AC
:10090000E0F3F8F384E860001021002628460E4A40
:100910000E4B00960194FBF7E3FDB042A0610CDBA7
:1009200004F1200363614FF44773E360D5F83806A0
:1009300004F11C01DFF3DEF518B12046E5F302F403
:1009400034462046FEBD00BFB90888009D088800D7
:1009500010B5044648B1C36913B11C30DFF3E0F5AC
:100960002046BDE81040E5F3EDB310BDF0B5D0F87A
:10097000244100682569C069006D854211D267690C
:100980002E01B819013525614360059BBA5183607A
:10099000069BC360E068C31C591821F00301E160A5
:1009A000F0BD4FF0FF30F0BD37B505461820E5F338
:1009B000B7F3044638B300211822E0F39BF32B6809
:1009C000256063606B682846A360FFF765FBE06005
:1009D00088B15BF0AFD8002301468DE818002846A7
:1009E0000A4A0B4BFFF7C2FF0028206103DB51F0DE
:1009F0004DD8606107E0E06808B1FFF787FB20464B
:100A0000E5F3A0F3002420463EBD00BF1D1B880077
:100A1000F91A880010B5044638B1C068FFF776FBB4
:100A20002046BDE81040E5F38DB310BD73B5054613
:100A30001820E5F375F30446002838D00021182269
:100A4000E0F358F30C20E5F36BF3064600282DD0B5
:100A500000210C22E0F34EF32B6866612560636091
:100A60002846FFF73DFDA060B8B15BF09DD800239C
:100A700001468DE8280028460E4A0F4BFFF776FF07
:100A80000028E06009DB56F013DA0C4920610C4ABB
:100A9000A0680C4BFFF76CFD09E0A06808B1FFF7F8
:100AA0006FFD2046E5F34EF3002400E004462046A7
:100AB0007CBD00BFCD1B8800A91B8800C121880018
:100AC000B5218800A91E880010B5044650B1806881
:100AD000FFF756FD6069E5F335F32046BDE81040A9
:100AE000E5F330B310BD000070B5444B86B0009301
:100AF0000023019302930393414B04460493414B1B
:100B0000414905930068414A2346F8F7C7F905466D
:100B100000286FD1D4F884341421A3F86410A36A98
:100B2000012683F84C00E36A204683F84C60A16AF2
:100B30005EF0E8D8E16A20465EF0E4D82046294617
:100B40005DF0EADBA36A83F84D50E36A83F84D5009
:100B5000236A1869E7F7F6FE830707D5D4F88434CB
:100B60004FF0FF325E73D4F88434DA812368D4F80E
:100B700084545E6951F0BCD90146304651F052D9D7
:100B8000E862002836D0D4F884341F2283F8782015
:100B9000D4F88404052257304FF0FF31E0F3AAF275
:100BA0002368D4F88424B3F8C810D3F8D80051854A
:100BB0000A2151631649E1F315F1431E0D2BD4F8B8
:100BC0008454236898BF68631249D3F8D800E1F3CE
:100BD00009F185F88A00D4F88434012283F8512081
:100BE000D4F8843400201A7883F84E20D4F8843462
:100BF000586701E04FF0FF3006B070BDE93988005A
:100C0000105C0100AD1E0100341D89006EB50200AC
:100C100081B5020072B50200D0F8843410B5D96AEB
:100C2000044611B1406851F00BD9206802492246B0
:100C3000BDE81040F8F7D7B86EB5020038B50368C4
:100C40000446D0F884542749D3F8D800E1F3CAF019
:100C5000287023682449D3F8D800D4F88454E1F3E9
:100C6000C1F0E870D4F884341A78013AD2B2FD2A7F
:100C700001D901221A70D4F884341A785A700023EA
:100C8000D4F88424D11812780133052B81F852202E
:100C9000F6D1D4F8845401212846E0F38BF4A870EF
:100CA000D4F88434DA78013AD2B2FD2A01D901228B
:100CB000DA70D4F884340121DA785A71D4F8845483
:100CC000E81CE0F377F42871D4F8843420461A79CC
:100CD0009A715DF053DAB4F858142046BDE83840F4
:100CE0005DF0A49A8EB5020096B5020010B50446D8
:100CF000D8B140680D492246FBF72BFC236A1BB193
:100D000004F12000DFF30CF4237F23B1606808496D
:100D10002246FBF708FCA06806492246F8F763F86C
:100D20002046BDE81040E5F30DB210BDD156880055
:100D3000515488007E5C010030B5054687B0242000
:100D4000E5F3EEF1044600283ED000212422E0F332
:100D5000D1F12B680022A360AB686560E3606B682B
:100D6000042123610823A3822846194B8DE814002F
:100D7000FBF7B6FB0028206022DB284615492246F7
:100D8000FBF7CCFBE0B90123237728461249224622
:100D9000FBF7DAFBA0B9D5F8380604F12001DFF340
:100DA000A9F368B90D4B0190009302900390049051
:100DB00005900B4928680B4A2346F8F76FF818B1DD
:100DC0002046FFF793FF0024204607B030BD00BF48
:100DD000C954880051548800D15688005555880060
:100DE0001C1F89007E5C0100D0F8D036186ADFF342
:100DF0005DB3D0F8D036186ADFF3BAB3F8B5D0F8DF
:100E0000846404460D46D1F8D800C149E0F3EAF7FE
:100E100086F81C01D5F8D800BE49E1F307F0D4F8F4
:100E2000846438B1D5F8D800BA49E0F3DBF786F826
:100E3000E80002E0022386F8E830D5F8D800B64989
:100E4000E0F3F4F7D4F8846438B1D5F8D800B249A7
:100E5000E0F3C8F786F8580102E0FF2386F858311E
:100E6000AE49D5F8D800D4F88464E0F3BBF7AC49B8
:100E7000C6F82001D5F8D800D4F88464E0F3B2F7BE
:100E8000A849A6F82A01D5F8D800D4F88464E0F37C
:100E9000A9F7A549A6F82C01D5F8D800D4F88464A0
:100EA000E0F3A0F7A149A6F82E01D5F8D800D4F8B0
:100EB0008464E0F397F786F8E900D4F8843493F873
:100EC000E92012B9022283F8E920D5F8D800984920
:100ED000D4F88464E0F386F7A6F8C600D4F88464F6
:100EE000B6F9C63013B90123A6F8C630D5F8D80034
:100EF0009049E0F377F7C6F8D800D4F88464D6F8C0
:100F0000D8301BB94CF25033C6F8D83096F8E930D7
:100F100001229A40D6F8D810D5F8D8008A4288BF66
:100F2000C6F8D820022212FA03F38349C6F8DC304F
:100F3000E0F358F7C6F8E400D4F88464D6F8E43057
:100F40001BB94FF49673C6F8E430D5F8D8007B4946
:100F5000E0F348F7A6F8C400D4F88464B6F9C430C6
:100F600013B91923A6F8C430D5F8D8007449E0F3B2
:100F700039F786F86C01D4F8843493F86C2112B9EF
:100F8000052283F86C216F49D5F8D800D4F8846421
:100F9000E0F328F7D4F88434A6F8F00093F81C2185
:100FA000694983F81D21D4F8843493F81D2183F80E
:100FB0004821D4F88434DA7983F8AC20D4F8843426
:100FC0001A7A83F84521D4F884644FF6A273A6F800
:100FD000EA30A6F8EC30A6F8EE30D5F8D800E0F309
:100FE00001F7A6F8F200D4F88464B6F9F2301BB920
:100FF0004FF6A273A6F8F23096F8E930012212FA01
:1010000003F3D6F8D8205149934288BFC6F8D830A8
:101010000023A6F8B230A6F8B430A6F8B630C6F869
:10102000B830C6F8BC30C6F8C030D5F8D8001F4676
:10103000E0F3D8F686F844014549D5F8D800D4F84D
:101040008464E0F3CFF686F84B01D5F8D800414927
:10105000D4F88464E0F3C6F6D4F88434C6F82401E6
:1010600083F82971D4F88434D3F824211AB94FF4C1
:101070009B72C3F8242193F81D2102B10322C3F807
:101080004C21C3F850210022C3F85421D5F8D800D0
:101090003149E0F3CBF640B1D5F8D8002E49D4F869
:1010A0008464E0F39FF6C6F85401D5F8D8002B49C4
:1010B000E0F3BCF640B1D5F8D8002849D4F88464F0
:1010C000E0F390F6C6F84C01D5F8D8002449E0F3D7
:1010D000ADF640B1D5F8D8002149D4F88464E0F3E6
:1010E00081F6C6F850011F4922460023A068D4F8B3
:1010F0008454F1F3B1F31C49C5F830012246A068CD
:101100000023D4F88454F1F3A7F3C5F83401F8BDF3
:101110002CB60200A4B6020074B6020057B6020054
:10112000CBB50200EEB5020000B6020096B6020092
:101130009EB5020067B602001FB60200BEB50200EF
:10114000CDB60200DDB5020081B6020012B6020083
:10115000AEB50200BFB6020045B6020035B60200C9
:10116000AFB602003F330100AD33010038B504468D
:1011700080B105682246D5F844010749FDF779FC9E
:10118000284606492246FBF7CEF92046BDE83840FE
:10119000E4F3D8B738BD00BF1D708800B16E880079
:1011A00037B505460820E4F3C1F70446C0B1056031
:1011B00000220190042128460C4B0092FBF790F985
:1011C000002860600CDB284609492246FBF7A6F997
:1011D00030B9D5F8440107492246FDF747FC18B15C
:1011E0002046FFF7C3FF002420463EBD596F88000C
:1011F000B16E88001D70880038B5044670B105686E
:1012000021462868F7F70EFF286805492246F7F7B8
:10121000EAFD2046BDE83840E4F394B738BD00BF8E
:10122000845C010030B5054687B00C20E4F37EF7FE
:101230000446002846D0274B05604FF49071009378
:1012400001902022D5F89406234BFCF711FB0028CF
:1012500038D1224BD5F894068DE818004FF49071E0
:1012600023221F4BFCF704FB00282BD11D4BD5F884
:1012700094068DE81800402188221B4BFCF718FBD0
:1012800000BBD5F8940680212022184B0094FCF76F
:1012900007FCB8B9164B02900093164B03900193CC
:1012A0000490059014492868144A2346F7F7F6FD80
:1012B00040B9134B286800932146124A0123F7F7DF
:1012C00040FE18B12046FFF797FF0024204607B0E4
:1012D00030BD00BF21768800E9738800557688000C
:1012E0000D748800C1758800D5738800BD738800AF
:1012F0005D748800BD758800781F8900845C0100DA
:10130000701F89003174880010B5044660B1074B26
:1013100007491B882246C3581868F7F764FD204622
:10132000BDE81040E4F30EB710BD00BFDA030000C3
:10133000885C0100F0B5074687B01420E4F3F6F6A8
:10134000054620B3154B06460024042206F8044B3C
:101350001A80012347603372F46074720421019093
:101360000F4A38460F4B0094FFF700FBA042706015
:101370000DDB0D4B009401930294039404940594A7
:1013800038682146094A2B46F7F788FD18B12846E8
:10139000FFF7BAFF0025284607B0F0BDDA030000CA
:1013A000D9778800B977880029788800885C01009F
:1013B00070B5054686B01820E4F3B8F60446002858
:1013C0005AD02B680026012243600560082183F86B
:1013D000AD2001903246284633460096FFF7C6FA04
:1013E000B04220614BDB10212846274A274B00964C
:1013F0000194FBF775F8B042C5F898013FDB042370
:10140000E360234BA06005218DE81800D5F8940611
:101410004422204BFCF72CFA002830D11E4BD5F883
:1014200094068DE818004FF4907144221B4BFCF792
:101430001FFA002823D1D5F8940605214422184B21
:101440000094FCF7CBFCD0B9D5F89406C021442217
:10145000144B0094FCF7C2FC88B9134B0190009325
:10146000124B039002930490059011492868114A89
:101470002346F7F713FD10B9204606B070BD20468D
:10148000E4F360F60024F7E7798188005D81880045
:10149000DD808800358088003581880005818800DE
:1014A000558088003D858800C5828800CD858800EC
:1014B000E01F89008C5C010010B5044648B1054965
:1014C00022464068F7F78FFC2046BDE81040E4F361
:1014D00039B610BD8C5C010070B5054686B0302071
:1014E000E4F31EF60446002831D000213022DFF359
:1014F00001F61A4B25600093002301930293039396
:101500000493059328681649164A2346F7F7C6FC44
:101510000646E0B9FF23A3750123E3752B68124942
:10152000D3F8D800E0F382F420B131463246E0F33C
:1015300019F2A0752B680D49D3F8D800E0F376F4C2
:1015400048B100210A46E0F30DF2E07503E02846B9
:1015500061F094DD0024204606B070BDA98C88009F
:101560001C20890056FB8900E3B60200EDB602009C
:1015700038B50446002820D061F0D4DDA36A73B1E9
:10158000204661F099DA0AE02B6868686360E4F34A
:10159000D9F52846E4F3D6F5237D013B237565682C
:1015A000002DF1D12368054918682246F7F71BFC86
:1015B0002068BDE8384061F0619D38BD56FB890068
:1015C000776C635F626D61635F696E666F5F696EA2
:1015D000697400000000000000000000000000002E
:1015E00000000000000000000000000000000000FB
:1015F00000000000000000000000000000000000EB
:1016000000000000000000000000000000000000DA
:1016100000000000000000000000000000000000CA
:1016200000000000000000000000000000000000BA
:1016300000000000000000000000000000000000AA
:10164000000000000000000000000000000000009A
:10165000000000000000000000000000000000008A
:10166000000000000000000000000000000000007A
:10167000000000000000000000000000000000006A
:10168000000000000000000000000000000000005A
:10169000000000000000000000000000000000004A
:1016A000000000000000000000000000000000003A
:1016B000000000000000000000000000000000002A
:1016C000000000000000000000000000000000001A
:1016D000000000000000000000000000000000000A
:1016E00000000000000000000000000000000000FA
:1016F00000000000000000000000000000000000EA
:1017000000000000000000000000000000000000D9
:1017100000000000000000000000000000000000C9
:1017200000000000000000000000000000000000B9
:1017300000000000000000000000000000000000A9
:101740000000000000000000000000000000000099
:101750000000000000000000000000000000000089
:101760000000000000000000000000000000000079
:101770000000000000000000000000000000000069
:101780000000000000000000000000000000000059
:101790000000000000000000000000000000000049
:1017A0000000000000000000000000000000000039
:1017B0000000000000000000000000000000000029
:1017C0000000000000000000000000000000000019
:1017D0000000000000000000000000000000000009
:1017E00000000000000000000000000000000000F9
:1017F00000000000000000000000000000000000E9
:1018000000000000000000000000000000000000D8
:1018100000000000000000000000000000000000C8
:1018200000000000000000000000000000000000B8
:1018300000000000000000000000000000000000A8
:101840000000000000000000000000000000000098
:101850000000000000000000000000000000000088
:101860000000000000000000000000000000000078
:101870000000000000000000000000000000000068
:101880000000000000000000000000000000000058
:101890000000000000000000000000000000000048
:1018A0000000000000000000000000000000000038
:1018B0000000000000000000000000000000000028
:1018C0000000000000000000000000000000000018
:1018D0000000000000000000000000000000000008
:1018E00000000000000000000000000000000000F8
:1018F00000000000000000000000000000000000E8
:1019000000000000000000000000000000000000D7
:1019100000000000000000000000000000000000C7
:1019200000000000000000000000000000000000B7
:1019300000000000000000000000000000000000A7
:101940000000000000000000000000000000000097
:101950000000000000000000000000000000000087
:101960000000000000000000000000000000000077
:101970000000000000000000000000000000000067
:101980000000000000000000000000000000000057
:101990000000000000000000000000000000000047
:1019A0000000000000000000000000000000000037
:1019B0000000000000000000000000000000000027
:1019C0000000000000000000000000000000000017
:1019D0000000000000000000000000000000000007
:1019E00000000000000000000000000000000000F7
:1019F00000000000000000000000000000000000E7
:101A000000000000000000000000000000000000D6
:101A100000000000000000000000000000000000C6
:101A200000000000000000000000000000000000B6
:101A300000000000000000000000000000000000A6
:101A40000000000000000000000000000000000096
:101A50000000000000000000000000000000000086
:101A60000000000000000000000000000000000076
:101A70000000000000000000000000000000000066
:101A80000000000000000000000000000000000056
:101A90000000000000000000000000000000000046
:101AA0000000000000000000000000000000000036
:101AB0000000000000000000000000000000000026
:101AC0000000000000000000000000000000000016
:101AD0000000000000000000000000000000000006
:101AE00000000000000000000000000000000000F6
:101AF00000000000000000000000000000000000E6
:101B000000000000000000000000000000000000D5
:101B100000000000000000000000000000000000C5
:101B200000000000000000000000000000000000B5
:101B300000000000000000000000000000000000A5
:101B40000000000000000000000000000000000095
:101B50000000000000000000000000000000000085
:101B60000000000000000000000000000000000075
:101B70000000000000000000000000000000000065
:101B80000000000000000000000000000000000055
:101B90000000000000000000000000000000000045
:101BA0000000000000000000000000000000000035
:101BB0000000000000000000000000000000000025
:101BC0000000000000000000000000000000000015
:101BD0000000000000000000000000000000000005
:101BE00000000000000000000000000000000000F5
:101BF00000000000000000000000000000000000E5
:101C000000000000000000000000000000000000D4
:101C100000000000000000000000000000000000C4
:101C200000000000000000000000000000000000B4
:101C300000000000000000000000000000000000A4
:101C40000000000000000000000000000000000094
:101C50000000000000000000000000000000000084
:101C60000000000000000000000000000000000074
:101C70000000000000000000000000000000000064
:101C80000000000000000000000000000000000054
:101C90000000000000000000000000000000000044
:101CA0000000000000000000000000000000000034
:101CB0000000000000000000000000000000000024
:101CC0000000000000000000000000000000000014
:101CD0000000000000000000000000000000000004
:101CE00000000000000000000000000000000000F4
:101CF00000000000000000000000000000000000E4
:101D000000000000000000000000000000000000D3
:101D100000000000000000000000000000000000C3
:101D200000000000000000000000000000000000B3
:101D300000000000000000000000000000000000A3
:101D40000000000000000000000000000000000093
:101D50000000000000000000000000000000000083
:101D60000000000000000000000000000000000073
:101D70000000000000000000000000000000000063
:101D80000000000000000000000000000000000053
:101D90000000000000000000000000000000000043
:101DA0000000000000000000000000000000000033
:101DB0000000000000000000000000000000000023
:101DC0000000000000000000000000000000000013
:101DD0000000000000000000000000000000000003
:101DE00000000000000000000000000000000000F3
:101DF00000000000000000000000000000000000E3
:101E000000000000000000000000000000000000D2
:101E100000000000000000000000000000000000C2
:101E200000000000000000000000000000000000B2
:101E300000000000000000000000000000000000A2
:101E40000000000000000000000000000000000092
:101E50000000000000000000000000000000000082
:101E60000000000000000000000000000000000072
:101E70000000000000000000000000000000000062
:101E80000000000000000000000000000000000052
:101E90000000000000000000000000000000000042
:101EA0000000000000000000000000000000000032
:101EB0000000000000000000000000000000000022
:101EC0000000000000000000000000000000000012
:101ED0000000000000000000000000000000000002
:101EE00000000000000000000000000000000000F2
:101EF00000000000000000000000000000000000E2
:101F000000000000000000000000000000000000D1
:101F100000000000000000000000000000000000C1
:101F200000000000000000000000000000000000B1
:101F300000000000000000000000000000000000A1
:101F40000000000000000000000000000000000091
:101F50000000000000000000000000000000000081
:101F60000000000000000000000000000000000071
:101F70000000000000000000000000000000000061
:101F80000000000000000000000000000000000051
:101F90000000000000000000000000000000000041
:101FA0000000000000000000000000000000000031
:101FB0000000000000000000000000000000000021
:101FC0000000000000000000000000000000000011
:101FD0000000000000000000000000000000000001
:101FE00000000000000000000000000000000000F1
:101FF00000000000000000000000000000000000E1
:1020000000000000000000000000000000000000D0
:1020100000000000000000000000000000000000C0
:1020200000000000000000000000000000000000B0
:1020300000000000000000000000000000000000A0
:102040000000000000000000000000000000000090
:102050000000000000000000000000000000000080
:102060000000000000000000000000000000000070
:102070000000000000000000000000000000000060
:102080000000000000000000000000000000000050
:102090000000000000000000000000000000000040
:1020A0000000000000000000000000000000000030
:1020B0000000000000000000000000000000000020
:1020C0000000000000000000000000000000000010
:1020D0000000000000000000000000000000000000
:1020E00000000000000000000000000000000000F0
:1020F00000000000000000000000000000000000E0
:1021000000000000000000000000000000000000CF
:1021100000000000000000000000000000000000BF
:1021200000000000000000000000000000000000AF
:10213000000000000000000000000000000000009F
:10214000000000000000000000000000000000008F
:10215000000000000000000000000000000000007F
:10216000000000000000000000000000000000006F
:10217000000000000000000000000000000000005F
:10218000000000000000000000000000000000004F
:10219000000000000000000000000000000000003F
:1021A000000000000000000000000000000000002F
:1021B000000000000000000000000000000000001F
:1021C000000000000000000000000000000000000F
:1021D00000000000000000000000000000000000FF
:1021E00000000000000000000000000000000000EF
:1021F00000000000000000000000000000000000DF
:1022000000000000000000000000000000000000CE
:1022100000000000000000000000000000000000BE
:1022200000000000000000000000000000000000AE
:10223000000000000000000000000000000000009E
:10224000000000000000000000000000000000008E
:10225000000000000000000000000000000000007E
:10226000000000000000000000000000000000006E
:10227000000000000000000000000000000000005E
:10228000000000000000000000000000000000004E
:10229000000000000000000000000000000000003E
:1022A000000000000000000000000000000000002E
:1022B000000000000000000000000000000000001E
:1022C000000000000000000000000000000000000E
:1022D00000000000000000000000000000000000FE
:1022E00000000000000000000000000000000000EE
:1022F00000000000000000000000000000000000DE
:1023000000000000000000000000000000000000CD
:1023100000000000000000000000000000000000BD
:1023200000000000000000000000000000000000AD
:10233000000000000000000000000000000000009D
:10234000000000000000000000000000000000008D
:10235000000000000000000000000000000000007D
:10236000000000000000000000000000000000006D
:10237000000000000000000000000000000000005D
:10238000000000000000000000000000000000004D
:10239000000000000000000000000000000000003D
:1023A000000000000000000000000000000000002D
:1023B000000000000000000000000000000000001D
:1023C000000000000000000000000000000000000D
:1023D00000000000000000000000000000000000FD
:1023E00000000000000000000000000000000000ED
:1023F00000000000000000000000000000000000DD
:1024000000000000000000000000000000000000CC
:1024100000000000000000000000000000000000BC
:1024200000000000000000000000000000000000AC
:10243000000000000000000000000000000000009C
:10244000000000000000000000000000000000008C
:10245000000000000000000000000000000000007C
:10246000000000000000000000000000000000006C
:10247000000000000000000000000000000000005C
:10248000000000000000000000000000000000004C
:10249000000000000000000000000000000000003C
:1024A000000000000000000000000000000000002C
:1024B000000000000000000000000000000000001C
:1024C000000000000000000000000000000000000C
:1024D00000000000000000000000000000000000FC
:1024E00000000000000000000000000000000000EC
:1024F00000000000000000000000000000000000DC
:1025000000000000000000000000000000000000CB
:1025100000000000000000000000000000000000BB
:1025200000000000000000000000000000000000AB
:10253000000000000000000000000000000000009B
:10254000000000000000000000000000000000008B
:10255000000000000000000000000000000000007B
:10256000000000000000000000000000000000006B
:10257000000000000000000000000000000000005B
:10258000000000000000000000000000000000004B
:10259000000000000000000000000000000000003B
:1025A000000000000000000000000000000000002B
:1025B000000000000000000000000000000000001B
:1025C000000000000000000000000000000000000B
:1025D00000000000646561646D616E5F746F00727D
:1025E000616D7374627964697300646561646D61BF
:1025F0006E5F746F007370695F70755F656E6162A6
:10260000005344494F444556006773706964776FBF
:1026100072640050434D4349414445560073645F22
:102620006F6F626F6E6C790073645F67706F757443
:1026300000475350492044776F7264204D6F6465A2
:1026400020656E61626C65640A0073645F67706424
:10265000630073645F677076616C0025733A204293
:10266000726F6164636F6D20534450434D44204347
:102670004443206472697665720A00736470636D06
:10268000646364632564005344494F000A5254450F
:10269000202825732D257325732573292025732064
:1026A0006F6E2042434D2573207225642040202503
:1026B000642E25642F25642E25642F25642E256421
:1026C0004D487A0A0000434443006E6F6372630012
:1026D0006E6F7469665F63006E6F7469665F730026
:1026E0006F66646D3267706F3D3078257800706179
:1026F0002564677725646125643D3078257800700E
:102700006131686962303D256400706131686962D9
:10271000313D256400706131686962323D25640095
:102720006761696E6374726C7370683D25640070D4
:1027300061316D61787077723D2564006D656173FC
:10274000706F77657225643D307825780072786700
:1027500061696E7325646725637472656C6E61626E
:1027600079706125643D256400706132676125647C
:102770003D307825782C307825782C3078257800F5
:1027800072737369736D6335673D25640075736299
:10279000666C6167733D30782578007061326763DD
:1027A000636B6125643D307825782C307825782C52
:1027B00030782578007064657472616E6765326781
:1027C0003D30782578007573623330753175323D50
:1027D000307825780073756276656E6469643D3083
:1027E00078257800616725643D30782578006F652D
:1027F0006D3D2530327825303278253032782530DD
:1028000032782530327825303278253032782530CC
:102810003278006F66646D706F3D30782578007493
:10282000656D706F66667365743D2564006D6561E6
:1028300073706F7765723D307825780072737369B5
:10284000736D6632673D2564007061706172616D01
:1028500062777665723D256400646F74313161671B
:102860006F66646D6872627732303267706F3D30C8
:1028700078257800697474326761303D3078257846
:102880000062786132673D25640072737369736D0D
:102890006332673D2564007061356762773430616B
:1028A00025643D307825782C307825782C307825B3
:1028B000782C307825782C307825782C307825784D
:1028C0002C307825782C307825782C307825782C89
:1028D000307825782C307825782C30782578006D64
:1028E00063736277323035676C706F3D307825786E
:1028F0000000006D637362773230756C35676C7001
:102900006F3D30782578006D6373627734303567BA
:102910006C706F3D307825780000007573627574B7
:102920006D695F63746C3D307825780065787470EC
:10293000616761696E32673D3078257800616E7439
:10294000737763746C32673D307825780070726FEE
:10295000647563746E616D653D25730074785F64A2
:102960007574795F6379636C655F746872657368A9
:102970005F25645F35673D25640072786761696E25
:1029800065727232676125643D3078257800616731
:1029900030006D61787032676125643D307825784C
:1029A000006277647570706F3D30782578006E6FC7
:1029B0006973656C766C35676125643D25642C25EB
:1029C000642C25642C25640062773430706F3D30B0
:1029D0007825780070613567627738306125643D0D
:1029E000307825782C307825782C307825782C3064
:1029F0007825782C307825782C307825782C30780C
:102A000025782C307825782C307825782C3078254E
:102A1000782C307825782C307825780075736233DF
:102A200030753175323D3078257800706465747288
:102A3000616E676535673D30782578006D6163614B
:102A40006464723D25730074656D70735F6879739B
:102A5000746572657369733D2564006D63732564E5
:102A600067706F25643D3078257800626F6172640D
:102A7000666C616773323D3078257800626F6172F1
:102A800064666C616773333D30782578006C6564EB
:102A9000626825643D307825780072786761696ED8
:102AA000732564672563747269736F6125643D25BE
:102AB0006400616132673D307825780070726F6420
:102AC00069643D307825780074656D70746872654E
:102AD00073683D256400636869707265763D25649E
:102AE000006C65676F66646D6277323035676C7055
:102AF0006F3D307825780000006C65676F66646D07
:102B000062773230756C35676C706F3D3078257840
:102B1000006C65676F66646D6277323035676D7023
:102B20006F3D307825780000006C65676F66646DD6
:102B300062773230756C35676D706F3D307825780F
:102B4000006C65676F66646D6277323035676870F8
:102B50006F3D307825780000006C65676F66646DA6
:102B600062773230756C356768706F3D30782578E4
:102B70000075736266733D25640074656D70735FE4
:102B8000706572696F643D25640073623430616EF4
:102B900064383025637235672563706F3D30782562
:102BA000780063633D2564002004D002A6A9FFFFDE
:102BB000646F7431316167647570256372706F3D45
:102BC000307825780061676125643D30782578008C
:102BD000747269736F35673D307825780074656D60
:102BE0007073656E73655F736C6F70653D2564000F
:102BF0006D61787035676125643D307825782C30BB
:102C00007825782C307825782C30782578007061FC
:102C1000316974737369743D25640070613062308A
:102C20003D25640070613062313D25640070613083
:102C300062323D256400706135676125643D3078FE
:102C400025782C307825782C307825782C3078250C
:102C5000782C307825782C307825782C30782578A9
:102C60002C307825782C307825782C307825782CE5
:102C7000307825782C30782578006D63736277384A
:102C80003035672563706F3D307825780073756245
:102C900062616E6435677665723D25640072737398
:102CA0006973617635673D2564006D6373627732C1
:102CB000303267706F3D307825780000006D6373A7
:102CC00062773230756C3267706F3D3078257800EE
:102CD0006D6373627734303267706F3D307825787A
:102CE0000000007265677265763D30782578006374
:102CF00063746C3D30782578006E6F6973656C760F
:102D00006C32676125643D256400757362333072EF
:102D1000656773303D307825782C307825782C30F5
:102D20007825782C307825782C307825782C3078D8
:102D300025782C307825782C307825782C3078251B
:102D4000782C30782578007573623330726567733C
:102D5000313D307825782C307825782C30782578DE
:102D60002C307825782C307825782C307825782CE4
:102D7000307825782C307825782C307825782C30D0
:102D80007825780063636B706F3D30782578007428
:102D9000726935673D25640063636B6469676669C2
:102DA0006C74747970653D25640076656E64696441
:102DB0003D307825780066656D6374726C3D2564DE
:102DC0000075736233307265677325643D30782512
:102DD000782C307825782C307825782C3078257828
:102DE0000070646F6666736574326725646D612573
:102DF000643D307825780075736265706E756D3D41
:102E0000307825780070613168696D61787077720B
:102E10003D2564007278636861696E3D307825787D
:102E200000626F617264666C6167733D307825780B
:102E30000070613162303D25640070613162313D66
:102E400025640070613162323D25640074786368E6
:102E500061696E3D307825780072786761696E73BC
:102E60002564672563656C6E616761696E612564C1
:102E70003D2564006770646E3D3078257800706190
:102E8000306D61787077723D2564006278613567D6
:102E90003D2564006167626725643D3078257800D0
:102EA00075736273737068795F736C656570303DBC
:102EB000307825780075736273737068795F736C0E
:102EC000656570313D307825780075736273737075
:102ED00068795F736C656570323D30782578007570
:102EE000736273737068795F736C656570333D30BE
:102EF000782578006C656464633D307825303478DB
:102F0000006D63733332706F3D30782578007273D3
:102F1000736973617632673D2564006F706F3D257C
:102F20006400697474326761313D307825780072CD
:102F300078706F35673D25640065787470616761EE
:102F4000696E35673D30782578006F66646D35674A
:102F500068706F3D307825780074776F72616E67A6
:102F600065747373692564673D256400736232304C
:102F7000696E3430256372706F3D30782578006D4E
:102F8000616E6669643D3078257800656C6E6132EB
:102F9000673D3078257800727063616C32673D3030
:102FA0007825780000000000000000727063616CFA
:102FB000356762303D3078257800000000000072EF
:102FC0007063616C356762313D30782578000000B0
:102FD000000000727063616C356762323D307825A5
:102FE00078000000000000727063616C3567623326
:102FF0003D307825780000000000007061306230BC
:103000005F6C6F3D25640070613062315F6C6F3DB5
:1030100025640070613062325F6C6F3D256400731F
:10302000623230696E3830616E64313630256372D9
:1030300035672563706F3D30782578006364647070
:103040006F3D3078257800626F61726474797065C5
:103050003D3078257800616E747377697463683DDC
:103060003078257800626F6172646E756D3D2564FD
:103070000072646C69643D30782578007874616C06
:10308000667265713D2564006D61787035676861B1
:10309000303D307825780072786761696E732564F9
:1030A00067656C6E616761696E6125643D256400CA
:1030B00075736273736D64696F25643D307825782C
:1030C0002C307825782C307825782C3078257800AD
:1030D00073756264657669643D3078257800706147
:1030E000316C6F62303D2564007061316C6F62310C
:1030F0003D2564007061316C6F62323D2564007360
:10310000746263706F3D307825780072786761690A
:103110006E65727235676125643D307825782C3094
:103120007825782C307825782C30782578007061D7
:10313000316C6F6D61787077723D25640070646FDB
:10314000666673657425646D6125643D3078257805
:103150000074656D70636F7272783D2564006F66F0
:10316000646D3567706F3D30782578007573626ED9
:103170006F73733D3078257800616135673D307835
:10318000257800637573746F6D76617225643D30C8
:103190007825780074785F647574795F6379636CFF
:1031A000655F6F66646D5F25645F35673D2564000C
:1031B000757569643D257300757362646573635F3B
:1031C000636F6D706F736974653D30782578007436
:1031D000656D7073656E73655F6F7074696F6E3D5A
:1031E000256400706170646361702564673D2564C7
:1031F000006C65676F66646D627732303267706F3E
:103200003D307825780000006C65676F66646D62FC
:10321000773230756C3267706F3D3078257800708A
:10322000646761696E2564673D2564006D6178702F
:10323000356761303D30782578006D61787035678D
:1032400061313D30782578006D63732564672563AF
:10325000706F25643D307825780070687963616C03
:103260005F74656D7064656C74613D2564007061A8
:1032700025646725637725646125643D307825786A
:103280000063636F64653D3078300072656777690D
:103290006E646F77737A3D2564006F66646D6C723F
:1032A000627732303267706F3D3078257800776F03
:1032B000776C5F6770696F706F6C3D256400616E3D
:1032C00074737763746C35673D3078257800636379
:1032D0006B3267706F3D30782578007472693267A1
:1032E0003D25640063636B627732303267706F3DF7
:1032F0003078257800000063636B62773230756C3C
:103300003267706F3D307825780069747435676175
:10331000303D3078257800697474356761313D300F
:10332000782578006D63736C7235672563706F3D27
:10333000307825780070646F66667365743267252F
:10334000646D76616C69643D3078257800727867C9
:1033500061696E732564677472656C6E6162797001
:103360006125643D256400626F6172647265763D1B
:10337000307825780072617774656D7073656E734F
:10338000653D307825780075736273737068795F76
:1033900075746D695F63746C303D307825780075A5
:1033A000736273737068795F75746D695F63746C51
:1033B000313D307825780075736273737068795F7A
:1033C00075746D695F63746C323D307825780000E8
:1033D000000000006F66646D35676C706F3D30787B
:1033E0002578007061306974737369743D256400D9
:1033F00074737369706F7335673D30782578007228
:1034000078706F32673D25640074737369706F73F1
:10341000736C6F70652564673D256400747269354F
:1034200067683D2564006D616E663D2573007472AA
:103430006935676C3D2564006D63736277323035A2
:103440006768706F3D307825780000006D637362A7
:10345000773230756C356768706F3D30782578004D
:103460006D637362773430356768706F3D307825EF
:103470007800000073726F6D7265763D2564006C94
:1034800065676F66646D3430647570706F3D307859
:103490002578006D61787035676861313D30782539
:1034A000780064657669643D3078257800727867C5
:1034B00061696E73256467747269736F6125643D19
:1034C0002564006D61787035676C61303D3078251A
:1034D00078006D61787035676C61313D30782578A2
:1034E000006570616761696E2564673D25640077DA
:1034F00070736770696F3D256400776F776C5F67E5
:1035000070696F3D25640072737369736D6635670A
:103510003D256400747269736F32673D3078257899
:103520000074737369706F7332673D30782578006B
:103530007770736C65643D256400656C6E613567FA
:103540003D307825780070613567627734303830E7
:103550006125643D307825782C307825782C3078BA
:1035600025782C307825782C307825782C307825E3
:10357000782C307825782C307825782C3078257880
:103580002C307825782C307825782C3078257800E8
:103590006D63736277323035676D706F3D307825BB
:1035A000780000006D637362773230756C35676D3B
:1035B000706F3D30782578006D63736277343035F5
:1035C000676D706F3D3078257800000063636F642D
:1035D000653D25632563006D637362773136303551
:1035E000672563706F3D3078257800496E76616C91
:1035F00069642F556E737570706F7274656420788E
:1036000074616C2076616C756520256400726D694B
:103610006E00636C646F5F627572737400706C6CC3
:103620002564006C6E6C646F3100722564640072F6
:10363000256474007874616C667265710000000026
:103640000C000000020016000200000004000D0043
:103650000700000001000A000800000004000D003F
:103660000A00000004000D000D000000010007002A
:1036700017000000040004001B000000040001000B
:103680001C00000001000700000000000200020012
:103690000100000001000100030000000200020020
:1036A000040000000100010005000000010001000D
:1036B00006000000010001000900000001000500F3
:1036C0000B000000010001000C00000002003000AF
:1036D0000E000000010001000F00000001000100C9
:1036E00010000000010001001100000001000100B5
:1036F000120000000300030013000000010001009D
:10370000140000000100010015000000010001008C
:103710001600000001000100180000000200130064
:1037200019000000020013001A000000020013003C
:103730001D000000010001001E000000010001004A
:103740000C00000002003000726D61780000004B38
:1037500000079065000C1892000F6C706C646F315C
:103760000000000001000000000000000000000058
:103770000000000002000000000000000100000046
:103780000000000004000000000000000300000032
:103790000000000008000000000000000000000021
:1037A0000000000010000000000000000700000002
:1037B0000000000020000000000000005711000081
:1037C00000000000400000000000000017010000A1
:1037D0000000000080000000000000005701000011
:1037E00000000000000100000000000003000000D5
:1037F00000000000000200000000000000000000C7
:1038000000000000000400000000000003000000B1
:103810000000000000080000000000000704000095
:103820000000000000100000000000005701000030
:10383000000000000020000000000000D71500007C
:10384000000000000040000000000000F7BDC20EB4
:10385000000000000080000000000000F73DC20EE4
:103860000000000000000100000000000000000057
:10387000000000000000020000000000F73DC00E44
:10388000000000000000040000000000F73DC20E30
:10389000000000000000080000000000F73DC20E1C
:1038A000000000000000100000000000F73DC0060E
:1038B000000000000000200000000000F73DDA0ECC
:1038C000000000000000400000000000F73D00067E
:1038D000000000000000800000000000F73D4006EE
:1038E00000000000000000010000000000000000D7
:1038F000000000000000000200000000D7010000EE
:10390000000000000000000400000000D70D0000CF
:10391000000000000000000800000000F73DC006A5
:10392000000000000000001000000000F73DCA0E7B
:10393000000000000000002000000000F73DCA1E4B
:10394000000000000000004000000000F73DFA3ECB
:1039500000000000726567256400636C646F5F702F
:10396000776D006368697063256400626F617264DB
:10397000747970650070726F646964007377646550
:103980006E61626C65006770646E00626F61726484
:10399000666C6167730062746378776172666C61EC
:1039A0006773007874616C6672657100626F617232
:1039B00064726576006465766964006D7578656E1D
:1039C000616200776C30696400776C25643A20424C
:1039D000726F6164636F6D2042434D2573203830F0
:1039E000322E313120576972656C65737320436FD5
:1039F0006E74726F6C6C65722025730A0074656D4D
:103A0000705F74686F72745F6D6F6E69746F725FF0
:103A100074696D650074785F6D696E696D756D5F51
:103A2000647574795F6379636C650074785F64753D
:103A300074795F6379636C655F63636B0061676270
:103A400067300061676267310061676267320074E6
:103A5000656D7062617365645F647574795F6379C5
:103A6000636C655F656E006161300074785F6475DA
:103A700074795F6379636C655F6F66646D000000E5
:103A80001133820025348200000000000000000095
:103A90004E5652414D526576007361723267006135
:103AA00061326700204325430343214324431843E5
:103AB00019431A4311431343124314431543164346
:103AC0001B431C431D43284329432A432B432C43B8
:103AD0002D43414340435043514352435343574383
:103AE0009DA9760554435F433F434F432F433443DF
:103AF000354336433743384339431647484727470A
:103B0000434360434643474348433143324333438F
:103B1000AA43584359435A43A94355435643634321
:103B200080438143824364436543664374436743F0
:103B3000A043A143A243AE43AF43B043AB43AC4326
:103B4000AD43E343E443E543E243D043D143D243AF
:103B5000BA43BB43BC43B143B243B343A343A443BF
:103B6000A543B743B843B943C043C143C243D3435A
:103B7000D443D543D643D743D843D943DA43DB4371
:103B8000DF43E043E143EC43ED43EE43E943EA43E3
:103B9000EB432243D6A867A868A89CA9D8A89DA9EA
:103BA0001343144386A83143A7A9DBA8D1A8DCA8F6
:103BB000A4A952AAC6A902AA31AA32AA74785F742B
:103BC000656D705F746872657368006465766964BA
:103BD0000031316E5F64697361626C6500616730EA
:103BE00000616B6D00000000299483005DB78300C5
:103BF000059283000000000045338400DD39840015
:103C000000000000000000007A6263786763696763
:103C100070696F00616E74737763746C32670061F2
:103C20006E74737763746C356700776C25643A64DF
:103C30006D6125640061613267006C74656378664C
:103C40006E73656C006274635F6D6F646500626FB4
:103C5000617264666C616773006D61636164647254
:103C6000006C746563787061646E756D0076656E66
:103C7000646964007A626378666E73656C0062746E
:103C800063786C657363616E007A626378706164F7
:103C90006E756D00637573746F6D7661723100635C
:103CA0007573746F6D76617232006274635F7061F8
:103CB00072616D732564006274635F666C61677323
:103CC0000062746378776172666C61677300626F1B
:103CD000617264666C61677332006C7465637867E7
:103CE00063696770696F00626F617264666C6167B7
:103CF000733400626F617264726576006465766920
:103D0000640073726F6D7265760062745F646566DD
:103D100061756C745F616E74006D6F6E69746F7243
:103D20005F74696D655F6F75740062746364796E4A
:103D30005F64656661756C745F6274635F6D6F6408
:103D4000650070726F7465637465645F74696D6536
:103D50005F6F75740062746364796E5F6D73775F13
:103D6000726F77300062746364796E5F6D73775F32
:103D7000726F77310062746364796E5F6D73775F21
:103D8000726F77320062746364796E5F64736E730E
:103D90005F726F77730062746364796E5F636F65DF
:103DA000785F74776F5F616E74007478635F6475B9
:103DB000725F7468726573680062746364796E5FC1
:103DC0006D73775F726F77330062746364796E5FCF
:103DD0006D73775F726F77730062746364796E5F7F
:103DE00064666C745F64736E735F6C6576656C009B
:103DF00062746364796E5F6274727373695F687909
:103E0000737465720070726F745F62747273736939
:103E10005F746872657368006374733273656C668F
:103E20005F6475725F74687265736800616C657257
:103E3000745F74696D655F6F757400627463647933
:103E40006E5F686967685F64736E735F6C657665E3
:103E50006C007266615F636F756E745F7468726523
:103E600073680062746364796E5F6D69645F647324
:103E70006E735F6C6576656C0062746364796E5F07
:103E80006C6F775F64736E735F6C6576656C0062F0
:103E9000746364796E5F666C6167730062746364F7
:103EA000796E5F64736E735F726F773000627463F4
:103EB00064796E5F64736E735F726F7731006274E2
:103EC0006364796E5F64736E735F726F77320062E2
:103ED000746364796E5F64736E735F726F773300BF
:103EE00073636F5F727373695F7468726573680080
:103EF00063636F6465006363007265677265760073
:103F00006576656E7471006873323000B196860014
:103F1000F196860061848600B1848600B1968600A1
:103F2000F196860061848600B1848600B196860091
:103F3000F19686002D858600998686000000000097
:103F40000000000000000000000000002D85860039
:103F5000998686000000000000000000B1968600EF
:103F6000F1968600B1968600F1968600B19686009D
:103F7000F1968600000000000D060F000000000012
:103F800004063004000000000206400672737369E4
:103F9000636F72726E6F726D00676C616369616CE2
:103FA00074696D65720063616C5F706572696F64DE
:103FB000006C64706300747373696C696D75636F12
:103FC000640025732E6661622E25640074656D7031
:103FD000746872657368002E6661622E0074787072
:103FE000777262636B6F6600696E74657266657284
:103FF000656E636500676C697463685F62617365B1
:10400000645F6372736D696E0032675F636761003E
:1040100072737369636F7272617474656E00706835
:104020007963616C5F74656D7064656C7461007454
:10403000656D70735F687973746572657369730019
:1040400072737369636F7272706572726732670040
:1040500074737369666C6F6F723267007662617435
:104060005F616464007061706476616C696474653A
:1040700073740073776469765F6770696F5F31008E
:104080006D63733267706F300073707572636F6E3B
:10409000666967006D63733267706F310063636BCD
:1040A00064696766696C74747970650065755F65CD
:1040B000647468726573683267007265645F7278F1
:1040C000626C6F636B696E67000001006C094B00E6
:1040D00076011300323016000300417E0006000A0C
:1040E000D903270025000000910900006C09000099
:1040F000000005035BE708003F5812122F141F1F32
:104100001F1F20512761000009603F7002007109E4
:104110004B0076011300323016000300417E00068A
:10412000000AD90327002500000091090000710949
:104130000000000007030D8208003F5812122F14E0
:104140001F1F1F1F20512761000009603F700300DF
:1041500076094B0076011300323016000300417ED1
:104160000006000AD903270025000000910900007D
:104170007609000000000903BF1C08003F58121216
:104180002F141F1F1F1F20512761000009603F705F
:1041900004007B094B007601130032301600030047
:1041A000417E0006000AD90327002500000091097E
:1041B00000007B09000000000A0371B708003F58A7
:1041C00012122F141F1F1F1F2051276100000960AA
:1041D0003F70050080094B00760113003230160055
:1041E0000300417E0006000AD903270025000000D5
:1041F000910900008009000000000C032352080010
:104200003F5812122F141F1F1F1F2151276100003A
:1042100009603F70060085094B00760113003230BB
:1042200016000300417E0006000AD903270025007E
:104230000000910900008509000000000D03D5EC85
:1042400008003F5812122F141F1F1F1F21512761F2
:10425000000009603F7007008A094B0076011300D7
:10426000323016000300417E0006000AD903270001
:1042700025000000910900008A09000000000F03DA
:10428000878708003F5812122F141F1F1F1F21512C
:104290002761000008603F7008008F094B0076011D
:1042A0001300323016000300417E0006000AD903D5
:1042B000270025000000910900008F090000000080
:1042C0001103392208003F5812122F141F1F1F1FFD
:1042D00021512761000008603F70090094094B00DC
:1042E00076011300323016000300417E0006000AFA
:1042F000D90327002500000091090000940900005F
:1043000000001203EBBC08003F5812122F141F1FAD
:104310001F1F21512761000008603F600A009909B2
:104320004B0076011300323016000300417E000678
:10433000000AD9032700250000009109000099090F
:104340000000000014039D5708003F5812122F145C
:104350001F1F1F1F21512761000008603F600B00D5
:104360009E094B0076011300323016000300417E97
:104370000006000AD903270025000000910900006B
:104380009E090000000015034FF208003F5812126A
:104390002F141F1F1F1F21512761000007603F605E
:1043A0000C00A3094B007601130032301600030005
:1043B000417E0006000AD90327002500000091096C
:1043C0000000A309000000001703018D08003F58FA
:1043D00012122F141F1F1F1F215127610000076099
:1043E0003F600D00A8094B00760113003230160023
:1043F0000300417E0006000AD903270025000000C3
:1044000091090000A809000000001903B327080063
:104410003F5812122F141F1F1F1F21512861000027
:1044200007603F600E00B4094B0076011300323084
:1044300016000300417E0006000AD903270025006C
:10444000000091090000B409000000001D035E0196
:1044500008003F5812122F141F1F1F1F21512861DF
:10446000000007603F606D61787032676130000066
:1044700001006C09340004010D0023304F000300DB
:10448000417E0006000AD90327001A000000A20995
:1044900000006C0900000000B208277608003F58B1
:1044A00017173C191F1F1F1F3B511961000009609E
:1044B0003F7002007109340004010D0023304F00E9
:1044C0000300417E0006000AD90327001A000000FD
:1044D000A2090000710900000000B708B11308002C
:1044E0003F5817173C191F1F1F1F3B511961000030
:1044F00009603F7003007609340004010D00233089
:104500004F000300417E0006000AD90327001A006D
:104510000000A2090000760900000000BB083BB1C2
:1045200008003F5817173C191F1F1F1F3C511961E6
:10453000000009603F7004007B09340004010D0095
:1045400023304F000300417E0006000AD9032700F4
:104550001A000000A20900007B0900000000C0084A
:10456000C44E08003F5817173C191F1F1F1F3C510E
:104570001961000009603F700500800934000401E2
:104580000D0023304F000300417E0006000AD903CE
:1045900027001A000000A2090000800900000000A6
:1045A000C4084EEC08003F5817173C191F1F1F1F67
:1045B0003C511961000009603F7006008509340014
:1045C00004010D0023304F000300417E0006000A65
:1045D000D90327001A000000A20900008509000085
:1045E0000000C908D88908003F5817173C191F1F39
:1045F0001F1F3C511961000009603F7007008A09C4
:10460000340004010D0023304F000300417E0006FA
:10461000000AD90327001A000000A20900008A0935
:1046200000000000CE08622708003F5817173C1909
:104630001F1F1F1F3C511961000008603F700800D8
:104640008F09340004010D0023304F000300417E28
:104650000006000AD90327001A000000A209000082
:104660008F0900000000D208ECC408003F5817175B
:104670003C191F1F1F1F3C511961000008603F704B
:1046800009009409340004010D0023304F00030099
:10469000417E0006000AD90327001A000000A20983
:1046A0000000940900000000D708766208003F5817
:1046B00017173C191F1F1F1F3C511961000008608C
:1046C0003F600A009909340004010D0023304F00B7
:1046D0000300417E0006000AD90327001A000000EB
:1046E000A2090000990900000000DC080000080091
:1046F0003F5817173C191F1F1F1F3C51196100001D
:1047000008603F600B009E09340004010D00233057
:104710004F000300417E0006000AD90327001A005B
:104720000000A20900009E0900000000E008899D29
:1047300008003F5817173C191F1F1F1F3D511961D3
:10474000000007603F600C00A309340004010D0065
:1047500023304F000300417E0006000AD9032700E2
:104760001A000000A2090000A30900000000E508EB
:10477000133B08003F5817173C191F1F1F1F3D51BF
:104780001961000007603F600D00A80934000401B2
:104790000D0023304F000300417E0006000AD903BC
:1047A00027001A000000A2090000A809000000006C
:1047B000E9089DD808003F5817173C191F1F1F1FF5
:1047C0003D511961000007603F600E00B4093400DC
:1047D00004010D0023304F000300417E0006000A53
:1047E000D90327001A000000A2090000B409000044
:1047F0000000F4084EEC08003F5817173C191F1F23
:104800001F1F3D511961000007603F6070726F709B
:10481000627732303267706F0072636F725F61630C
:104820006900706D696E00706170646D6F64650021
:1048300063616C69647865737474617267657432FE
:10484000670063616C696478657374626173653273
:1048500067007061326761305F6C6F0063636B3259
:1048600067706F0063636B7363616C650074656D83
:10487000705F6D756C7400706170646570736F66E5
:1048800066736574006F66646D3267706F00706187
:1048900063616C69647832670073776469765F730B
:1048A000776374726C5F656E006F66646D646967D0
:1048B00066696C74747970656265004176566D69DD
:1048C00064495163616C0063636B69647870636809
:1048D0006F6666730074656D705F61646400737702
:1048E0006469765F6770696F006D637362773230F9
:1048F0003267706F0070617064656E64696478001F
:1049000001006C092600C0000A001A308000030074
:10491000417E0006000AD903270013000000B009F9
:1049200000006C0900000000C70B000008003F58A1
:1049300017173C191F1F1F1F5051196100000960F4
:104940003F70020071092600C0000A001A30800082
:104950000300417E0006000AD9032700130000006F
:10496000B0090000710900000000CD0B00400800F4
:104970003F5817173C191F1F1F1F51511961000085
:1049800009603F70030076092600C0000A001A3053
:1049900080000300417E0006000AD90327001300AF
:1049A0000000B0090000760900000000D30B008071
:1049B00008003F5817173C191F1F1F1F515119613D
:1049C000000009603F7004007B092600C0000A0057
:1049D0001A3080000300417E0006000AD903270038
:1049E00013000000B00900007B0900000000D90B93
:1049F00000C008003F5817173C191F1F1F1F5151B7
:104A00001961000009603F70050080092600C000A0
:104A10000A001A3080000300417E0006000AD90314
:104A2000270013000000B00900008009000000000A
:104A3000E00B000008003F5817173C191F1F1F1FED
:104A400051511961000009603F7006008509260078
:104A5000C0000A001A3080000300417E0006000AF0
:104A6000D903270013000000B009000085090000E9
:104A70000000E60B004008003F5817173C191F1FA5
:104A80001F1F51511961000009603F7007008A091A
:104A90002600C0000A001A3080000300417E000694
:104AA000000AD903270013000000B00900008A099A
:104AB00000000000EC0B008008003F5817173C195D
:104AC0001F1F1F1F51511961000008603F7008002F
:104AD0008F092600C0000A001A3080000300417EC2
:104AE0000006000AD903270013000000B0090000E7
:104AF0008F0900000000F20B00C008003F58171794
:104B00003C191F1F1F1F52511961000008603F70A0
:104B1000090094092600C0000A001A308000030032
:104B2000417E0006000AD903270013000000B009E7
:104B30000000940900000000F90B000008003F5835
:104B400017173C191F1F1F1F5251196100000860E1
:104B50003F600A0099092600C0000A001A30800050
:104B60000300417E0006000AD9032700130000005D
:104B7000B0090000990900000000FF0B0040080088
:104B80003F5817173C191F1F1F1F52511961000072
:104B900008603F600B009E092600C0000A001A3022
:104BA00080000300417E0006000AD903270013009D
:104BB0000000B00900009E0900000000050C008004
:104BC00008003F5817173C191F1F1F1F525119612A
:104BD000000007603F600C00A3092600C0000A0027
:104BE0001A3080000300417E0006000AD903270026
:104BF00013000000B0090000A309000000000B0C26
:104C000000C008003F5817173C191F1F1F1F5251A3
:104C10001961000007603F600D00A8092600C00070
:104C20000A001A3080000300417E0006000AD90302
:104C3000270013000000B0090000A80900000000D0
:104C4000120C000008003F5817173C191F1F1F1FA8
:104C500052511961000007603F600E00B409260040
:104C6000C0000A001A3080000300417E0006000ADE
:104C7000D903270013000000B0090000B4090000A8
:104C80000000210C000008003F5817173C191F1F97
:104C90001F1F53511961000007603F6069747373EF
:104CA00069636F72720073776469765F656E006521
:104CB000646F66667468643230756C00696E69741E
:104CC00078696478706368006473736674680074EC
:104CD00073736974696D650063636B627732303238
:104CE00067706F007061706474656D700070613220
:104CF0006761305F3270777200696E6974786964D9
:104D0000780063636B7077726F66667365743000EA
:104D10004176566D69645F63300074656D705F71D4
:104D200000766261745F6D756C740063636B696EAD
:104D30006974786964780073726F6D726576006F5C
:104D400066646D64696766696C7474797065007017
:104D500061706474656D7062696173006C636E325A
:104D6000305F6E6F69736563616C5F74626C5F6501
:104D70006E0065646F6E74686432306C006C6567D9
:104D80006F66646D627732303267706F00706132C7
:104D90006761300074787077726F6666736574321D
:104DA0006700706D617800766261745F710006075C
:104DB0003F038A00000006073F0384000000060747
:104DC0003F038000000006073F037B00000006074A
:104DD0003F037700000006073F037200000006074C
:104DE0003F036E00000006073F036A00000006074D
:104DF0003F036700000006073F036300000006074B
:104E00003F036100000006073F035C000000060747
:104E10003F035A00000006073F0357000000060743
:104E20003F035400000006073F035100000006073F
:104E30003F034F00000006073F034D000000060738
:104E40003F034B00000006073F0348000000060731
:104E50003F034600000006073F034400000006072A
:104E60003F034200000006073F0340000000060722
:104E70003F033F00000006073F033D000000060718
:104E80003F033B00000006073F033A00000006070F
:104E90003F033800000006073F0336000000060706
:104EA0003F033500000006073F03340000000607FB
:104EB0003F033200000006073F03310000000607F1
:104EC0003F033000000006073E032F0000000607E6
:104ED0003C032F00000006073B032F0000000607DD
:104EE0003B032D00000006073A032D0000000607D3
:104EF0003A032C00000006073A032B0000000607C7
:104F00003A032900000006073903290000000607BC
:104F100038032800000006073803270000000607B2
:104F200038032600000006073803250000000607A6
:104F3000380324000000060737032400000006079A
:104F4000370323000000060737032200000006078E
:104F50003703210000000607350321000000060783
:104F60003503200000000607340320000000060778
:104F700034031F000000060732031F00000006076D
:104F800033031E000000060733031D000000060760
:104F900031031D000000060732031C000000060755
:104FA00030031C00000006072F031C00000006074A
:104FB0002D031C00000006072B031C000000060741
:104FC0002A031C000000060729031C000000060736
:104FD00028031C000000060728031B00000006072A
:104FE00027031B000000060727031A00000006071E
:104FF00026031A000000060724031A000000060713
:1050000023031A000000060722031A000000060707
:1050100021031A00000006072103190000000607FB
:1050200020031900000006071F03190000000607EF
:105030001E031900000006071E03190000000607E2
:105040001E031900000006071E03190000000607D2
:105050001E031900000006071E03190000000607C2
:105060001E031900000006071E03190000000607B2
:105070001E031900000006071E03190000000607A2
:105080001E031900000006071E0319000000060792
:105090001E031900000006071E0319000000060782
:1050A0001E031900000006071E0319000000060772
:1050B0001E031900000006071E0319000000060762
:1050C0001E031900000006071E0319000000060752
:1050D0001E031900000006071E0319000000060742
:1050E0001E031900000006071E0319000000060732
:1050F0001E031900000006071E0319000000060722
:105100001E031900000006071E0319000000060711
:105110001E031900000006071E0319000000060701
:105120001E031900000006071E03190000000607F1
:105130001E031900000006071E03190000000607E1
:105140001E031900000006071E03190000000607D1
:105150001E031900000006071E03190000000607C1
:105160001E031900000006071E03190000000607B1
:105170001E031900000006071E03190000000607A1
:105180001E031900000006071E0319000000060791
:105190001E031900000006071E0319000000060781
:1051A0001E031900000006071E0319000000060F69
:1051B0003FFF62000000060F3FFF5E000000060F89
:1051C0003FFF59000000060F3FFF55000000060F8B
:1051D0003FFF51000000060F3FFF4D000000060F8B
:1051E0003FFF4A000000060F3FFF47000000060F88
:1051F0003FFF44000000060F3FFF41000000060F84
:105200003FFF3E000000060F3FFF3C000000060F7E
:105210003FFF3A000000060F3FFF37000000060F77
:105220003FFF35000000060F3FFF33000000060F70
:105230003FFF32000000060F3FFF30000000060F66
:105240003FFF2E000000060F3DFF2E000000060F5E
:1052500039FF2F000000060F3AFF2D000000060F57
:1052600039FF2C000000060F37FF2C000000060F4E
:1052700036FF2B000000060F36FF2A000000060F45
:1052800035FF29000000060F35FF28000000060F3B
:1052900033FF28000000060F31FF28000000060F32
:1052A00030FF27000000060F2FFF27000000060F29
:1052B0002DFF27000000060F2EFF25000000060F1F
:1052C0002CFF25000000060F2BFF25000000060F15
:1052D00029FF25000000060F28FF24000000060F0C
:1052E00026FF25000000060F24FF26000000060F01
:1052F00022FF26000000060F21FF26000000060FF7
:1053000021FF25000000060F22FF23000000060FEA
:1053100020FF23000000060F1FFF23000000060FE0
:105320001FFF22000000060F1FFF21000000060FD4
:105330001CFF22000000060F1CFF21000000060FCA
:105340001CFF20000000060F1CFF1F000000060FBE
:105350001CFF1E000000060F1AFF1F000000060FB2
:105360001AFF1E000000060F19FF1E000000060FA6
:1053700019FF1D000000060F18FF1D000000060F9A
:1053800018FF1C000000060F16FF1D000000060F8E
:1053900016FF1C000000060F17FF1B000000060F81
:1053A00017FF1A000000060F17FF19000000060F74
:1053B00016FF19000000060F15FF19000000060F68
:1053C00014FF19000000060F16FF17000000060F5B
:1053D00015FF17000000060F17FF15000000060F4D
:1053E00016FF15000000060F15FF15000000060F40
:1053F00014FF15000000060F15FF14000000060F33
:1054000014FF14000000060F14FF13000000060F25
:1054100015FF12000000060F12FF13000000060F18
:1054200013FF12000000060F12FF12000000060F0B
:1054300011FF12000000060F10FF12000000060FFF
:105440000DFF14000000060F0FFF12000000060FF2
:105450000EFF12000000060F0CFF13000000060FE5
:105460000DFF12000000060F0CFF12000000060FD7
:105470000BFF13000000060F0CFF11000000060FC9
:1054800008FF14000000060F09FF13000000060FBC
:1054900008FF13000000060F0AFF11000000060FAE
:1054A00008FF12000000060F07FF13000000060FA0
:1054B00008FF11000000060F07FF12000000060F92
:1054C00007FF11000000060F05FF13000000060F84
:1054D00008FF0F000000060F09FF0E000000060F76
:1054E00008FF0E000000060F07FF0F000000060F68
:1054F00004FF11000000060F05FF10000000060F5A
:1055000003FF12000000060F04FF10000000060F4A
:1055100001FF14000000060F02FF12000000060F3A
:1055200001FF13000000060F02FF11000000060F2C
:1055300001FF12000000060F02FF10000000060F1E
:1055400001FF11000000060F01FF10000000060F10
:1055500001FF10000000060F01FF10000000060F01
:1055600001FF10000000060F01FF10000000060FF1
:1055700001FF10000000060F01FF10000000060FE1
:1055800001FF10000000060F01FF10000000060FD1
:1055900001FF10000000060F01FF10000000060FC1
:1055A00001FF10000000060F01FF100000007261F3
:1055B000746573656C007374660063636B5F6F6E14
:1055C00065636F72655F74780074656D70735F708A
:1055D0006572696F64007478636861696E007278DF
:1055E000636861696E0073776469765F736E727465
:1055F00068726573680073776469765F74785F7743
:1056000065696768740073776469765F736E726C3E
:10561000696D0073776469765F73776374726C5F2A
:105620006D61736B0073776469765F63636B736E30
:1056300072636F72720073776469765F73776374F5
:10564000726C5F616E74300073776469765F737734
:105650006374726C5F616E74310073776469765F36
:105660007765696768740073776469765F736574DA
:10567000746C650073776469765F656E0073776438
:1056800069765F72785F706F6C69637900737764B5
:1056900069765F63656C6C5F706F6C6963790073CA
:1056A000776469765F73776374726C5F656E00739D
:1056B000776469765F74687265736800737764698C
:1056C000765F6770696F5F310073776469765F63D7
:1056D000636B6E6F6973656573746C696D00737766
:1056E0006469765F6C6F67326176670073776469AF
:1056F000765F6770696F0073776469765F74785F4F
:10570000706F6C6963790073776469765F74696D33
:10571000656F757400616E746469765F7273736926
:105720006469666674687265736800776F776C5F2A
:105730006770696F00776F776C5F6770696F706F04
:105740006C00000073B54369164600222F2B0446F7
:105750000D46019208DD332B06D013460121E2F3FA
:10576000D9F183059B0D07E0002120460A46E2F3AC
:1057700031F2064B03401B0C1B022046336001A98B
:105780002A4600F005F801987CBD00BF0000FF0329
:10579000F8B504460E461546E5F380F540F61201CD
:1057A000002207462046E6F31BF32046E5F37EF58C
:1057B00020463946E6F322F3024B33604FF4C863C8
:1057C0002B60F8BD4C6403000B46C06F11461A46AF
:1057D000FFF7B8BF10B501210446C06FE2F35CF2D9
:1057E000E06FE6F337F3002010BD37B500246946BB
:1057F00001AA054600940194FFF7E6FF9DE8060024
:105800000346284624F052DC20463EBD38B5044607
:10581000C06FE2F3D3F148B12046FFF7E6FF05463B
:1058200038B92046FFF7D6FF284638BD4FF0FF3085
:1058300038BD002038BD2DE9FF4107464FF4B67052
:105840000E4615469846E0F36BF40446002832D025
:1058500000214FF4B672DBF34DF40A9B38460093F7
:1058600004F18003019304F18403029331462A4634
:105870004346F2F7F1FBE067C0B10123637440F6E1
:1058800012010022E6F3ACF20C210022C4F88800D9
:10589000E06FE5F3F7F42046F5F722FF2046FFF727
:1058A000B5FFE06FF2F780F9002500E00B252046F8
:1058B000E0F348F400E01E25284604B0BDE8F0817E
:1058C000CDAB000001BC600300104E03BFDE02F050
:1058D0000E5C0280C12700000403BFDE02F01059F5
:1058E00003A85E02F0001203A65E02F0001202821C
:1058F0005E5300001202855EAF000012020200BF7C
:1059000000000F03A85E02F000120282DEBB00005E
:10591000120282DEB300001202845EB7000012029F
:10592000845EB3000012028600C700001202848069
:10593000C300001201BC63FF1FF0400000800000A4
:105940000000035B5E02F0001401BC601300104312
:1059500000015E02F0000000025E02F0182C02025C
:1059600000BF0000B402045EFF00001B006B446532
:1059700056801B01846002F7F7BF01BC6003000A78
:10598000A600025E02F012370202DEFF00002000D5
:105990006B44655520200182E002F7F7BF03BFDEAC
:1059A00002F006C30201AC7B00002500E8446561FB
:1059B00077A101BC607F0817A2006D5E86F44025C8
:1059C00000A82C7B010B1E00682B4F00002A0280D0
:1059D000DEFF0000B4006B44655A60B40184E00649
:1059E000F577AB00025E02F0159B020480C7000051
:1059F0002C028180C700002E01806002F7F7BF01F2
:105A0000BC6003000ADA00902BE300D7A200E02B71
:105A1000DEF457A3006D446AF4603200B02BD70067
:105A20000AF001876002F7F7BF00682BBF00003A59
:105A300000E944655DF7A300E8C4695E77A20068E9
:105A4000DE8B00003A006DDE8D5E003A0286ABD33D
:105A500000003A01876006F7F7BF0207DEFF00008B
:105A60003F00E844655A37A2006D5E895A003F0145
:105A700087E002F7F7BF01BC6003000AD100682C81
:105A80006F00004501BC61F70017A100E8446563A1
:105A900077A2006D5E8AF4204501BC6003000B1BF9
:105AA00000A82C7B002B1E00682AE700005100E8AC
:105AB00044655737A1006DDE8556404C00682B23A6
:105AC00000005100E844655917A1006DDE8556407D
:105AD0004E03BFDE02F0005101BC6003000ABA01B0
:105AE000BC6003000AB901BC6003000AC801BC60C5
:105AF00003000AC000A82C7B004B1E0202DEB3008C
:105B000000540200420300005400025E02F00D2F18
:105B10000203C57300005702845EB30000B400683E
:105B2000AAEF0000B40284DEB7000059020180C76A
:105B300000007900B02AAB0017A202802BD300002E
:105B40006000B02B030017A1006DDE855BE0AB00A9
:105B5000685E8700006000682BE700006000B02BE3
:105B6000E70017A200682AEB00006600E8446557CA
:105B700057A101856006F5D7AE006DDE86F440AB17
:105B800000E05E8554F7A1006DDE86F440AB018530
:105B90006002F5D7AE0202DEBB00007900682A9BE6
:105BA00000007900E8446555D7A100E02A9B015721
:105BB000A2006EDE86F440720182E002F5D7AE01EB
:105BC00081600163CB1E01BC6003000AEA01BC6076
:105BD00003000AA601BC6003000AE503BFDE02F071
:105BE0000079006EAA9AF4207800E82A9AF437A186
:105BF00000902A9B0037A2006E2A9EF4407700B0E6
:105C00002A9F0017A20069DE86F4407903BFDE02F6
:105C1000F000AB0284DEB700009E028881AB00007A
:105C20009C02045EB70000B4020480C70000850037
:105C3000682AF700208500682AF700808500682A16
:105C4000DF00008400682AF702E0820068AAF708F3
:105C5000608400E844655637A1006D5E8556E0B467
:105C600002005EFF00009C028080BF00009C006874
:105C70002B2300008B02802BD300008B00B02B2B3A
:105C80000017BB006E2B02F760B403BFDE02F0000A
:105C90009C0205DEB700008E00682AF70860B40396
:105CA000BFDE02F0009C028400C700009002860064
:105CB000C700009200682AEB00009C02812C27009C
:105CC000009C00E844655637A10206ABD30000965D
:105CD00000E845C95AF7A203BFDE02F0009700E8CA
:105CE00045895AF7A20286ABD300009A00E85E8687
:105CF000F457A10069DE8557009C006CC4655660AE
:105D0000B402855EB70000B400025E02F015BE0367
:105D1000BFDE02F000B40285ABD30000A50206ABE3
:105D2000D30000A301BC63FF1FF7A1006845C6F4C0
:105D3000209C03BFDE02F000A501BC63FF1FF7A19A
:105D400000684586F4209C0203C5730000AB028501
:105D50005EB70000AB020100C70000B4006B4465F1
:105D60005680B40020E3FE1460B40282DEBB000063
:105D7000B402022C270000AE0282DEBB0000AE039C
:105D8000BFDE02F0009C028881AB0000B40282DE1C
:105D9000B30000B4028080BF0000B40284DEAF0014
:105DA00000B402825EBB0000B400025E02F015EE99
:105DB000018060020D906C03595E02F000B603D8BA
:105DC0005E02F000B703D8DE02F000B801BC6183C8
:105DD00000112900B0007B00112B01BC63030011EE
:105DE0002303125E02F00CB003975E02F00D430332
:105DF000D05E02F0039403D0DE02F0063D03D5DE50
:105E000002F00C6203915E02F006980396DE02F047
:105E10000C5D0288C17300012303C45E02F0081008
:105E200003C75E02F0083403DCDE02F0163503AA75
:105E30005E02F008A40386DE02F00CA10287C037E0
:105E4000000CA103835E02F00A50020680C7000026
:105E5000D00202B0E70000D0006C30EE2320D00169
:105E600082E001872C3901BC607F1FF7A201E05E50
:105E70008A1070830391DE02F00720020680C700BB
:105E80000107020601AB0000E3020030E70000E377
:105E90000068DE4B0620E3020042030000E30284B8
:105EA00045230000E30280B0E70000E3006E4517E1
:105EB0000020E301BC600300108000A8412300F033
:105EC0004803D0DE02F000DC03D05E02F000DD0308
:105ED000D5DE02F000DE00E001DF0020770180E087
:105EE00005872C3901BC6003000C3A00025E02F009
:105EF000180700025E02F0181B020E01AB0000F052
:105F0000028445230000F0020130E70000F000E0C9
:105F100001E300207801816001872C390180E001D4
:105F2000872C39010C81430017A60068DE9B0060B6
:105F3000ED01BC6003004C3A03BFDE02F000EF004D
:105F400068DE9B0040EF01BC6003002C3A00025E5B
:105F500002F01807020681AB000107020230E700D9
:105F600000FB028042030000FB028445230000FB8B
:105F700003915E02F0069800E001EB00207A0180B8
:105F8000E005872C3901826001872C3901BC600350
:105F9000000C3A00025E02F0180700025E02F018E0
:105FA0001B0201B0E70000FE006C30F22320FE016E
:105FB00081E001872C39020330E7000107006C30D3
:105FC000F623210701836001872C39020042030078
:105FD000010700685E4B04410500685E4B00410507
:105FE00003BFDE02F001070182600609104801BC10
:105FF000600300114503C2DE02F00D0A00025E02DA
:10600000F0123603D4DE02F007B903A3DE02F0007B
:106010000203C85E02F005FB0204DEB300011002B9
:106020000145230001100184E002F597AC00025EF7
:1060300002F006370201C5230001120187E002F5D4
:1060400077AB00025E02F00EAF00025E02F0117745
:1060500002182E2700011600025E02F0118A03A228
:106060005E02F0012003565E02F0011D018660060B
:10607000091048031F5E02F0011D006A5E23000143
:106080001C00B0002700178800E85E230037880353
:10609000A65E02F0018E00025E02F011F800286098
:1060A0000E08E1B403C4DE02F00D7A0020C2030042
:1060B00021BC03BFDE02F0020D03815E02F0012568
:1060C0000300DE02F000C30188E0020B905C03BF16
:1060D000DE02F0039102874063000127018EE00E8B
:1060E000F43018028740630001290002DE02F0004C
:1060F000000287406300012B00B05E8B0010190185
:106100008EE00AF430180002DE02F0000001BC60EC
:106110006300107B01BC601B00107A01AC607EF450
:106120007075028741D70001320002DE02F00000E4
:1061300001BC606300107B01BC601B00107A01ACE5
:1061400060BEF47075028741D70001370002DE029D
:10615000F0000001BC606300107B00B05E8B00109B
:106160007A01AC607EF43075028741D700013C00B3
:1061700002DE02F0000001BC606300107B00B05E34
:106180008B00107A01AC60BEF43075028741D700F5
:1061900001410002DE02F0000001BC600302800643
:1061A0000280DE0700014D01DA6002F0178002086C
:1061B0005E0700016101BC60031E17A100E05E02E2
:1061C000F4306501BC60031C17A100E05E02F430EE
:1061D0006401BC600300281103BFDE02F001670107
:1061E000105E030017A101035E030017A200E05E2A
:1061F00086F457A100885E870037A200E05E86F42F
:1062000057A100E0015AF43063028600C300015830
:1062100000B0560B00106200B0540300106201BCC5
:10622000600300281103BFDE02F0016900B0418F56
:106230000010620109DE030017A10068DE8700413B
:106240005C00E05E870037A100885E870057A100F0
:10625000E05E8504B7A100E05E8703C00601BC6074
:106260000300481103BFDE02F0016901BC600702B0
:1062700017A100E05E02F4306501BC60070017A1C1
:1062800000E05E02F4306401BC600318000601BC4B
:10629000600300081100B05A0300106200B05803F8
:1062A0000010630002DE02F0000001BC600306374C
:1062B0009201BC63FF1FF0C301BC60031890E301AF
:1062C000BC60FB1C10E501BC600300501000B04036
:1062D0004300180000B040470010E70002DE02F063
:1062E000000000E840330097A100B0400B0017A366
:1062F000006D5E86F4617700905E8F0037A303BF68
:10630000DE02F0017800905E870037A301BC601BBD
:106310000437A100E05E8EF437A301F04197001727
:10632000A1006DDE86F4618C0287C19700018001B7
:10633000385A030017A1013C5A030017A203BFDE1D
:1063400002F00182013C5A030017A101385A0700EC
:1063500017A200685E86F4818700D85E8B0037A2A2
:1063600000E14196F4506500E1C19700306503BF3C
:10637000DE02F0017A00D85E8B0037A200E1419680
:10638000F457A100E1DE870037A101F05E87001716
:10639000A1006EDE86F4618D01BC63FF1FF7A400CF
:1063A00002DE02F00000020681AB00019001826073
:1063B00001872C390020E38E090002031EDE02F063
:1063C0000196039F5E02F0019601BC60430117A194
:1063D00000A84122F4304803BFDE02F000020208A8
:1063E000411F00019301816005610B0800025E02FC
:1063F000F00D2F00B000AB00108600B0016300105C
:106400008A00025E02F0107301BC60030417920060
:10641000B0003B00111D0190600609104803A1DE89
:1064200002F001AE0181E00609104801BC600300E2
:10643000904201BC600300112D039EDE02F001B109
:1064400001846002F2979400B0451700178F00B0E6
:106450005E170017900200441F0001AA0185600228
:106460000910480181600700104701F0DE0F003776
:10647000A1020400BF0001AD01F084C70037A100F4
:10648000A044B6F43145039EDE02F001B101BC61C7
:106490003712B08003BFDE02F0000200A044B42A2D
:1064A000314501BC612712708003BFDE02F000029B
:1064B0000020E082090002010CDE530017A10188D0
:1064C0005E8700104701BC60030050420108411F75
:1064D0000017A1018CDE86F2979403BFDE02F00064
:1064E000020002DE02F000000020E07E090002004F
:1064F000025E02F012020283C21F0000020202804A
:10650000F30001C600B044670017A1017C5E86233A
:1065100057A302835EFF0001C500E000FAF468297A
:1065200001836006F7F7BF006BDE8D0521CA020606
:10653000D0030001CE00E950862337A100E8D08ABD
:106540002357A20069DE8B0001CE00025E02F00D2F
:106550002F0191601684F42700E020A7008829030A
:10656000BFDE02F0036E00025E02F003710204005F
:10657000BF0001D603945E02F000020020C28F0625
:10658000000200A0428F01F78000685E002DC0026B
:1065900000025E02F00D2F03BFDE02F000120201C6
:1065A000C28F000002011400630017A100685E871B
:1065B00000600200025E02F00D2F0194600F0000E7
:1065C0001800025E02F001DD03BFDE02F0001201DE
:1065D0001400630017A100B05E870010A501BC6025
:1065E000131B906000685E870001E400E0418306B1
:1065F000D06000E85E870037A103BFDE02F001E053
:10660000028050C30001F2018760040310A000B0B3
:1066100000630010B400B042D3001800008841832A
:106620000030B601BC60030B10B500B0006300B0D1
:10663000B40317DE02F001EB0397DE02F001EC0178
:106640008060068614300068D0D30001F20068D064
:10665000D70001F200B0446700143400B0446B006E
:1066600014350002DE02F000000020E01280420C2F
:10667000018760040310A000B000630010B401BCE7
:1066800060030E10B500B0006300F0B401BC6057A9
:106690000310B600B000630010B401BC600302D068
:1066A000B50207500B00020901BC600303D0B5011D
:1066B0008E6002F297940204500B0002020204D092
:1066C0000B00020201866006F2979400E042D700B8
:1066D000D0B500A0500B1117A10068DE8711020889
:1066E0000186E006F2979400E042D70050B5020719
:1066F000D00B00020800E042D70090B500B042D7AE
:106700000011E100B0006300B0B40317DE02F00234
:106710000A0397DE02F0020B0002DE02F000000026
:106720006820C3000210006CC46506001201BC6042
:1067300003000830006820BB00021600B044670068
:1067400017A2006C446988A215006B446988A012E6
:10675000006EDE8905E01201BC600300082E0020F7
:10676000E0BE090002020681AB00021A0281B0E716
:106770000000020280B0E700000203905E02F00019
:106780001203A25E02F0022C00025E02F01163020C
:106790000200BF00022B0284DEAF00022302045E6F
:1067A000B700022B00025E02F0156902045EB7001A
:1067B000022B03BFDE02F0000202045EB7000226D5
:1067C000020480C700022B02805EFF00022B000241
:1067D0005E02F0150D0206ABD300022A02052C233F
:1067E00000022A03BFDE02F0022B03BFDE02F0002C
:1067F0000200025E02F012020200421F0002430089
:106800006842F300022F006D42F30062430114005E
:10681000630017A100B05E870017A203A25E02F01A
:10682000023703145E02F00245006EC456806245D2
:1068300002814523000245006E5E8700624301BC71
:1068400060030077A200886006F457A300885E8B7F
:1068500001001800E85E8B0037A20020C28EF462AF
:106860003D006ADE86F4423703BFDE02F0024302D7
:106870000400BF00026F0090006301016500808585
:10688000970217A100E064820DA16600025E02F08B
:1068900011DF03BFDE02F0026F01826002091048BF
:1068A00003BFDE02F0000201BC600300111500B05E
:1068B000017F0017A6031F5E02F00254020300C30B
:1068C00000024A0020C28F02024E03255E02F0023F
:1068D000540020C28F02024E00688153FFE0120371
:1068E000BFDE02F002500194601300001803BFDE07
:1068F00002F0026F039EDE02F002530068DE980B86
:10690000C2530201411F000F250185600209104892
:1069100000685E980BC25800695E9F006272029820
:10692000428F00025803BFDE02F002720201411FD3
:10693000000F25020400BF00025F0218428F000F03
:106940002500025E02F011C100025E02F011DF01BB
:1069500094058700001803BFDE02F0026F020015E5
:106960000B000268020016BB00026B00B014970017
:1069700017A10068DE84B2226800B0149B0017A142
:106980000068DE84B2426800B0149F0017A100685E
:10699000DE84B26268029E14E700026B0201C28FBD
:1069A00000026D0194600F00001803BFDE02F002C8
:1069B0006F0201C28F00026D018060060D906C02B3
:1069C00000C28F000F250194600700001800025ECE
:1069D00002F001DD020400BF0002A103BFDE02F0ED
:1069E00002A101BC60031810600129500B0017922E
:1069F00000B0017B001065006800EB00027A00889F
:106A00005A130117A100E84466F437A1006EDE8432
:106A100007427A03BFDE02F007B20190601209104C
:106A2000480194601F00001801085A0F00178101E7
:106A3000885E0681540A01345A0F00178000025EF6
:106A400002F0014300B0017B00106500B056230046
:106A500017A100E05E86A097A100E85E8400F40321
:106A600000E85E8400F41600B05A0300141300B06E
:106A70005A0700141400B05A0B0014150068DE0702
:106A800000429200E800970057A101BC5E86F01416
:106A90001B017C5E8700F41C00B0204700178100BA
:106AA000025E02F0108400B0017B00106501085AFC
:106AB0000F00178100B05E8700141E03BFDE02F0D6
:106AC000029500B0561700141B00B0561B00141C92
:106AD00000B0541300141E00B05013001086006D57
:106AE00000A700829B0190016300108A00B0418FD3
:106AF00000106200025E02F0160200B0422B001489
:106B00000601BC60031817A1006DC18C20029E0114
:106B1000BC60030297A100E05E840377A100E05E01
:106B200086B0111D03BFDE02F00337020300C70069
:106B300002B1020CD0030002B1011400630017A1DE
:106B4000028500630002B10080DE8701F7A201BC6C
:106B5000601B1857A200E05E8A0DB06500B0419737
:106B60000014320080DE8700B7A201BC601B15D77D
:106B7000A200E05E8A0DB06400B0419300143300BF
:106B800068D8130002BF02005A1B0002B3018060E4
:106B90000684F42703BFDE02F006C30201D003001F
:106BA00002B300B0509B00142F0281D0C700036BCA
:106BB00000025E02F00371010BD0030017A1013C3B
:106BC000502B0017A2018C5E86F457A101480143A7
:106BD0000017A2010C81430017A300685E8F0022FA
:106BE000BC018CE0000A17A200685E86F442BF0177
:106BF00091601284F42703BFDE02F0036E00025E90
:106C000002F001F300B0501300108600B0501700DE
:106C1000108A03A25E02F0030B020CD0030002DE16
:106C2000020300C70002DD00B050CB001065000277
:106C30005E02F01698020350C70002CB01BC60232D
:106C40000097A100A85002F4340003BFDE02F00256
:106C5000E2020481AB0002CD006D4246C08012000A
:106C6000B05A1300178000025E02F0014D00B054CC
:106C70000F00141E00B05A070017A100B05A1300ED
:106C8000178001875A16F0178000B0418F001065F9
:106C900000025E02F0160B00E05E86A0740302871D
:106CA0005E030002DC0109DE030017A300E05E8B37
:106CB0000077A200E05E8AF477A200885E8B00373E
:106CC000A100E05E86F4508903BFDE02F002E2001C
:106CD0006D424A848012010650070017A1028CD031
:106CE000030002E100685E870002E20182DE868620
:106CF0003431018260028634310020D0030402E87E
:106D000000B0504F0011F200B050530011F300B02A
:106D100050570011F401BC60030091F0020601AB72
:106D200000030402015003000304020601AB000348
:106D30000403A25E02F00304028030E700030401B2
:106D4000806005872C3900E001E700207901BC60F4
:106D5000430890E600025E02F0016A01BC6003197C
:106D600010E401BC600300000601BC600301D7828F
:106D700001D2DE0877F0E000B00F030010E100B0B0
:106D8000004700108600B00F1F00108A01BC60038E
:106D900000378100025E02F0107000B0059B001009
:106DA0006400E8581A28F14500B0058B0010640013
:106DB0006A4516C082FF00025E02F01095006E4523
:106DC0001700430101BC600300514501BC60030092
:106DD00010BB01BC610303B08003BFDE02F00012F0
:106DE00003945E02F0030B020650030003070287C0
:106DF000DEAF00030B028150030005DC0202D0C7A6
:106E000000030A0208502B00030B0285D003000583
:106E1000F301906012863431011050070017A6006C
:106E200068DE9B004317013A500700178000885E18
:106E30000300778000E000AEF0106400B05E070051
:106E4000081301BC602306D78100E0418301706311
:106E500000E0418F00B06500025E02F010AB00B0B0
:106E6000204F00178103A25E02F0032300B0500FF1
:106E70000011160202D0C700031B00B0505B0011C6
:106E8000160282D003000323028147C300031C02C1
:106E900080504F000321002047C73F83230020C7B5
:106EA000DB00C36D03BFDE02F0032303A55E02F027
:106EB00003230280C7DF00036D028850C700033F31
:106EC0000129500B001792020300C7000330020C87
:106ED000D003000330028350C700033000B050CB12
:106EE00000106501385A1300178001825A170057A5
:106EF00081010E5A130017A1018E5E86F0378102C0
:106F000002D0C700033F00B0501B00108A03BFDE51
:106F100002F0033F0282D0C7000337013850270038
:106F2000178001085013001781010250130017A1A8
:106F300001825E86F0378100B0507F00108903BF68
:106F4000DE02F0033F0138506F0017800108502B1C
:106F50000017810106D0070017A101825E86F03775
:106F60008100B0501B00108A00B0508300108901CE
:106F70000E50730017A1018E5E86F0378100025E0D
:106F800002F0014300025E02F010700102421B0099
:106F9000178101825E0502378100025E02F01084D3
:106FA000020680C700034B010C81430017A600684E
:106FB000DE9B00634900885E870057A103BFDE02A5
:106FC000F0034B0068DE9B00434B00885E87003770
:106FD000A100E05E840117A101D9DE8700108301C2
:106FE000BC613703B79100685E4B02837F020400E7
:106FF000BF0003520287500300035203945E02F065
:10700000035303225E02F00360020681AB00035EBD
:1070100000685E4B04435700685E4B00435703BF54
:10702000DE02F0035E00E001EF00207B01BC6003A4
:1070300002914501836005872C3900E044670A0C02
:107040003D018C600E1770BB01BC610302308003F0
:10705000BFDE02F0000201BC610300308003BFDE2E
:1070600002F0000201BC613303B7910285006300A6
:107070000366009000630097A100E06482F430652D
:10708000006E5A130023660188E006F2379102066B
:1070900001AB00036A0068DE4B05A36A01BC610313
:1070A00000308003BFDE02F0000203BFDE02F00307
:1070B0007F0191600E84F42703BFDE02F0036E01AE
:1070C00091600684F42701BC60030010B40181E0E4
:1070D0000686343103BFDE02F006C3011C508F0068
:1070E00017A10080DE870197A200E0015E0DB06568
:1070F00002805A7F00037E02815A7F00037A0203D6
:10710000DA7F00037E00685A8700037E00886006ED
:10711000F437A100201CBAF4237E00025E02F00DB9
:107120002F0191601E84F42700015E02F00000032D
:10713000BFDE02F0036E0002DE02F0000003C4DED8
:1071400002F00D7A020650030003870207DEAF004B
:10715000038701BC610300379102075003000385D8
:1071600001BC620300F79100E0010B00204203BF65
:10717000DE02F0038801BC600300204200B05E47DD
:10718000001080020400BF00039000B0058B0010C7
:1071900064006E45170000020068DE4B02838F001A
:1071A000A044B42A314503BFDE02F0000200025EB3
:1071B00002F010950068C51700000203D05E02F0CF
:1071C000039400025E02F0109503BFDE02F000029D
:1071D000020601AB0003970068DE4B05A397018010
:1071E0006001872C39020E01AB00039A0200B0E760
:1071F00000039A01816005872C3900E10DB228E374
:107200006C00E08DB700036D01836002F7F7BF01EA
:10721000BC600300900400A8412330104801BC6208
:107220000F0011E001816002F5D7AE020200BF003D
:1072300003B80068DE4B0203A400025E02F017BA36
:107240000068DE4B0623B802045EB30003B80206F2
:10725000ABD30003A90204C5AF0003B803BFDE022D
:10726000F003AA0200456F0003B800E844655637F2
:10727000A100E82A96F437A100695E870823B802C6
:1072800006ABD30003B2006BAC422323B100E04451
:1072900067014B100183E0022B915C03BFDE02F01B
:1072A00003B80183E0022B915C01BC6003185178A4
:1072B00000B045E3001800018360022F317900A877
:1072C0004138F9D7A100B05E84FE704E0187E0021C
:1072D000F577AB0068810B0023BB00B0446700006A
:1072E000430182E00609104800A841B310906C01E8
:1072F0008260062891440188E0020B905C00025EE7
:1073000002F012360185E002F7F7BF0288421B0047
:1073100003C30185E006F7F7BF035B5E02F003C518
:1073200001BC601300104301BC600300108501BC68
:1073300060030010B8008850770090B90208502B05
:107340000003CC013850730017A1017C506EF43754
:10735000A100885E870090B9020047A30003D00116
:10736000BC60030011EA009042E70091EB00B047D7
:10737000A300D1E8020047B30003D201B0E08E3D84
:1073800091EC01D2E00210908403A95E02F004FDAA
:1073900001BC600300108400E001C300207000B055
:1073A0004467000C0D00B0446B000C0E0320DE029D
:1073B000F0044B00685E4B18A3E30068DE4B0783C4
:1073C000EC01BC63FF1F708401BC600300F0850109
:1073D0003813630010B500E042D700D0B501BC609F
:1073E000030010A601BC602314D0B400E0135700C2
:1073F00024D503BFDE02F004930184E006F597ACC8
:1074000001BC60FF1FF08400025E02F0042801BC92
:1074100060030010B401BC60030010A601BC60034F
:1074200002D0B501BC602304D0B400E0135B00249B
:10743000D603BFDE02F0049301816006F5B7AD000C
:1074400068DE4B04A3FF0203DEBB0003F100E02E65
:107450000B00106503BFDE02F003F201BC602301E4
:10746000106500A05E7FFE10EC00B05A030010ED26
:1074700000B05A070010EE00B05A0B0010EF00B039
:107480005A0F0010F001BC63FF1EF08401BC6003C2
:1074900000308501BC60030010B401BC600301D062
:1074A000A601BC60030450B501BC602304D0B40045
:1074B000E002AF0020AB03BFDE02F0049301BC6129
:1074C000FF1FF08401BC60030010850068DE4B05DF
:1074D000240701BC60030010B401BC600B0B50A674
:1074E00001BC600302D0B501BC602304D0B403BF6B
:1074F000DE02F004130068DE4B02441E00B0306769
:107500000010840285C38F00040B00E05E27003763
:107510008901DA5E270010EE01BC63FF1FF0CE0187
:10752000BC60030010B40080E02183180000E06913
:10753000820DB0A601BC600303D0B501BC6023047A
:10754000D0B400E001D3002074018460070011E092
:107550000282DEB30005BC02045EB30005BC0181FB
:10756000E006F5D7AE0183E00609104800B04123DC
:1075700000180001BC600306B78E0188204610D7B2
:107580008100025E02F0108400885E870070830331
:10759000BFDE02F005BC01BC60031FF0840103DE06
:1075A000530017A200680ECF00042300B00ECF00D6
:1075B00017A200901CBAF457A202005EFF00042537
:1075C00001BC60030037A200682B4F00042701BCF8
:1075D00060030037A201865E8A1C70E3006AC393D1
:1075E00000043100E8439000D0E40202421B000492
:1075F0002F0090001B0037A10020421B00442E00EA
:10760000B020970017A100E04392F430E40069C372
:107610009300043101BC60030010E400682B4F00AC
:10762000043300E043915B30E401BC60030010B41C
:1076300001BC60030010A601BC60030210B501BCD0
:10764000602304D0B400685E4B06A44900E001CB7F
:10765000002072020681AB0004930280B0E70004B0
:10766000930203B0E700049301BC600704F7A6028D
:1076700088421B00044101BC600F0017A602824231
:107680001B00044101BC60170017A6010C814300D8
:1076900017A50068DE9700644400885E9B0037A64B
:1076A00000E04466F4CC3C0181E005872C3901827E
:1076B0006005872C390183E001872C3903BFDE0286
:1076C000F0049300E001CF00207303BFDE02F0045A
:1076D0009303205E02F0049A0181E0020910480041
:1076E000E001D7002075031EDE02F0047A01BC60C1
:1076F000030017A2006A5E230004530102428F00B8
:1077000017A201855E8A0910480180E006103081C9
:107710000284DE5300045A00B000770017A100E095
:107720005E840437A100885E870057A100E05E8771
:107730000D57A103BFDE02F0045B01BC60030D57CF
:10774000A10068002700047A00E05E8401F7A1012F
:10775000BC6023009065008841970030B601BC6092
:10776000030010B400905E870050A601BC600301C6
:1077700010B501BC602300B0B40317DE02F004634F
:107780000397DE02F004640020DE8700446D0020D1
:10779000DE8700246A01B85E22D0168001805E8AEE
:1077A000D0368103BFDE02F0047301BC5E22D01626
:1077B0008001845E8AD0368103BFDE02F00473004C
:1077C00020DE8700247101B85E22D0368101805E00
:1077D0008AD0568203BFDE02F0047301BC5E22D061
:1077E000368101845E8AD0568201886002F430A816
:1077F00000B05A030010B000B05A070010B1028068
:1078000042A300047600E042A30090A800B05A0B07
:107810000010B000B05A0F0010B101876006109040
:107820008400E05E2700378901DA5E270010EE0150
:10783000BC60030010B401BC60030350A600B0009C
:10784000330010B50284DE5300048400E060680356
:10785000B0A600E042980430A600B000370010B592
:1078600001BC602304D0B401846006F297940186C1
:107870006002091048039EDE02F0048E0280441F5D
:1078800000049100B05E3F00114501BC6003001789
:107890008F00B05E4300178500B05E0F00179003A5
:1078A000BFDE02F0049100B05E0F00178502804435
:1078B0001F00049100A044B6F0B14501BC60030173
:1078C000104201836006F29794018460070011E082
:1078D00003A05E02F005BA02065EAF0005BC018699
:1078E000E006F577AB01BC600300108000025E0289
:1078F000F00D3703BFDE02F0072003A15E02F005A2
:1079000027011400630017A10068DE8700E49F01CF
:1079100081600609104803BFDE02F00527028500DA
:10792000630004A10183E0060D906C01816006F5FF
:10793000D7AE011C508F0003BD0206508F0004A972
:1079400000B044670010F300B0446B0010F401BCB9
:1079500063FF1FF0D301BC63FF1FF0D400B04217D8
:107960000310850020600E8624D001876004031078
:10797000A000B000630010B401BC60030B10B500A0
:10798000B0006300F0B4020300C70004BB020CD0D7
:10799000030004BB028050C70004B300B0541300BE
:1079A00017A100E05E8680741A00B0506B0010E4EE
:1079B00000B042130210840209502B0004BB00B037
:1079C000421300308401D2E03AA030E0028050C778
:1079D0000004C101D2E052A030E003BFDE02F00497
:1079E000C10202D0C70004C100B0505F0010E00027
:1079F000B050630010E100B050670010E200B050DA
:107A00006B0010E400B0421302F084020050C70083
:107A100004CB018AE00E10908401BC60FB1C10E5D1
:107A200001BC60030890E600B000630010B401BC24
:107A300060030210B500B0006304D0B40184600795
:107A40000011E001BC600300178E03BFDE02F005E9
:107A5000C700E001C700207100B000630010B4014E
:107A6000BC600302D0B500B0006304D0B403BFDE35
:107A700002F0055403225E02F004D200E002A700E7
:107A800020A9010350030017A100B85E870037A1A9
:107A900001875E86101080020400BF0004E0032B03
:107AA000DE02F004E0020000F30004DA00E8002344
:107AB00000514201BC600A28514203945E02F00466
:107AC000E000B0058B00106400E058230036080089
:107AD0006858030004E000B0446700111200B05879
:107AE00003001115020CD003000526020300C70095
:107AF00004F300B050CB00106501BC600300168594
:107B000000E05A3300368C020350C70004E800E05E
:107B10005A2700368903BFDE02F0052701BC600347
:107B20000017B200B05A0B000B8301385A1300172C
:107B3000A101BC5A06F430E0013C5A130017A10120
:107B40007C5A06F430E10181E0061090840185E062
:107B5000070010E30185E0070010C30282D0C700D0
:107B600004F803BFDE02F004FB0202D0C70004FDEC
:107B700000B02A330017A101B8506EF430E000B015
:107B800050730017A101B82A36F430E10282421383
:107B90000004FB00B0507B0010E400B04213021060
:107BA000840185E0061C30E100B0421300708401BE
:107BB0008760040310A0020300C700051300B05043
:107BC000CB001065006D5ECAD1C5030185E00218C7
:107BD00070C300E05ECB00368E01BC601B1FD06519
:107BE00000E04196F6506500B0509700168000689E
:107BF000DECB00050B01BC60230150B800E001F3AF
:107C000000207C00682E0F00251103BFDE02F00566
:107C10001E00B05ECB0010B500B000630870B40267
:107C20008342D300050D01BC60030170B80068AE4B
:107C30000F00251E01BC60030170B802BC50670034
:107C4000051D03BFDE02F0051C010CD0030017A1C7
:107C500003A95E02F0051901BC60230150B800E0E1
:107C600001F300207C00685E8700651C03BFDE0214
:107C7000F0051E01BC60030170B800685E87004516
:107C80001E01BC60030170B80181E0021710B80149
:107C9000BC600300F0A501BC60030E10B500E0015C
:107CA000F700207D00B000630010B400B000630056
:107CB000F0B400B042D3001800018860080310B48B
:107CC000018160060D906C03BFDE02F005540202D4
:107CD000D0C700052D00B0506F0010E000B0507309
:107CE0000010E100B050770010E20282421300055C
:107CF0002C00B0507B0010E400B0421302F084006E
:107D0000E05E9F0037A703A15E02F0053601BC606C
:107D1000030017A7018760040310A000B0006300F0
:107D200010B401BC60030E10B500B0006300F0B4E5
:107D3000018860080310B403BFDE02F0054900B0FB
:107D4000017B00106500B05A030010E500B05A072F
:107D50000010E600B05A0B0010E70068A04B0005C9
:107D60003C00E05E270037890068204B0005400199
:107D700085E0070010E30185E0070010C300B04272
:107D80001301108401DA5E270010EE0187600610EF
:107D9000908400B042131C108401BC60030010B436
:107DA00000E0606803B0A600B000970010B501BC09
:107DB000602304D0B4018460070011E003BFDE0239
:107DC000F005A901085E4B0017A100685E87002539
:107DD0005402025003000553029E509F00055002BA
:107DE00001D00300055000E05E2700378901585E8E
:107DF0002700142D01DA50B70010EE01876006103D
:107E0000908403BFDE02F0055401BC600300142D12
:107E10000104C1070017A100680EF700055900B062
:107E20000EF70017A100901CBAF437A103BFDE02C1
:107E3000F0055B03225E02F0055B0103DE530017D1
:107E4000A100B05E870017A202005EFF00055E0180
:107E5000BC60030037A200682B4F00056001BC60C6
:107E6000030037A202885E4B00056300685E4B0684
:107E7000856301BC60030017A200688EF7000565EA
:107E80000183DE86F297940183DE8684F4270281E3
:107E9000C21300056B01865E8B0010E3018660074C
:107EA0000010C30181E00610908403BFDE02F005DC
:107EB0006D01865E8A1C70E3018660061870C3023D
:107EC000B847A70005A502A047B70005A703A95E0C
:107ED00002F0057501085E4B0017A100685E87007F
:107EE00025A6021E509F0005750185E0061C70E363
:107EF0000185E0061870C3011400630017A1006833
:107F0000DE8700857E00B001530017A20068DE8B7B
:107F1000FFE57A0068424700257B0068DE8A84C559
:107F20007E018560020910480186E0021C70E301B1
:107F300086E0061870C3011050070017A600685E9F
:107F40009B0005A601BC60030011E4013A50070044
:107F5000178000885E0300778000E000AEF01064B8
:107F60000068DE9B00458B0207D00300058901BC39
:107F7000602B11F7A200E05E000B37A300025E0247
:107F8000F010D601BC602306906401BC6047001766
:107F9000A200025E02F010FE00685E9B0045A70191
:107FA000A46046F471E00068DE9B00C59901BC61E5
:107FB0001300B7A1020600F300059201BC60130094
:107FC000B7A10192C21AF437A203295E02F0059705
:107FD00001BC60030011EE009042E70091EF0192B6
:107FE000E00EF437A200B05E8B0011EC03BFDE029E
:107FF000F005A700685E9B00659E00685E9B00A57B
:108000009E00B0502F0011E200B050330011E20387
:10801000BFDE02F005A7018760023D11E80068DEBF
:108020009B00A5A1018760063D11E801BC6003002B
:1080300011EA009042E70091EB0192C21B00B7A247
:1080400001B85E8A3D11E803BFDE02F005A7018496
:1080500060070011E001BC600300112D00B04483F3
:1080600000142C03A3DE02F005BD01BC6003001761
:108070008E00685E4B05A5AD020050030005B701F8
:1080800083E00609104800B0412300180001BC60DD
:108090000306378E00685E4B05A5BC00E002A30016
:1080A00020A801BC600304B78E03A95E02F005BCE2
:1080B00000685E4B0425BC01BC600306B78E03BF9D
:1080C000DE02F005BC01816006F577AB00B05E0F03
:1080D00000178500025E02F0109501BC60030017D6
:1080E0008C01BC600300178D0323DE02F005C7027C
:1080F0000680C70005C6010C81430017A10068DE99
:10810000870065C60108421B0017A10068DE8700D2
:1081100005C601BC607F1FF7A101E05E8610708379
:108120000182E005872C3900E04467258C3B0187FC
:10813000E006107083006D00A70085D903295E0258
:10814000F005D9020300C70005D600B050CB0010DF
:10815000650282D0C70005CE00E05A2300368803AE
:10816000BFDE02F005CF00E05A2700368900682EF6
:108170000F0025D600E05ECB0037B2010A5ECB00CF
:1081800017A100E050CAF4306500D06006F657A28F
:1081900000205A1AF445D603BFDE02F005D00002D3
:1081A0005E02F012360350DE02F005D603BFDE0297
:1081B000F0063D02055EAF0005DB0187E006267193
:1081C0003303BFDE02F000020190600A8634310200
:1081D00082D0C70005E5013C5027001780010950F7
:1081E0002B001781010750070017A101825E86F05E
:1081F000378100B0501F00108A00B0500F001116D8
:1082000003BFDE02F005EB0138505F001780010A62
:10821000502B0017810107D0070017A101825E864D
:10822000F0378100B0502300108A00B0505B00117D
:1082300016020300C70005F0020CD0030005F0028F
:10824000085E070005F001385407001780019042CE
:108250002AA1308A028050C70005F901BC600305DD
:10826000B79203BFDE02F0031B0190600686343133
:10827000020300C70005DD020CD0030005DD00B0DD
:10828000001F0017A100E05E8680741A03BFDE02A3
:10829000F005DD01BC600306379203BFDE02F00388
:1082A0001B00E0135F0024D70204DEB300000200CD
:1082B000B0130B001065011998870017A101095A26
:1082C000130017A201895E86D0968400B0130700C0
:1082D00017A3006DDE8498260400B05E870017A304
:1082E00001885E8ED096840068DE8AF4210E01BC7F
:1082F00063FF1FF0D000B05A130010F001BC600300
:108300000017A501825E961E10F001BC63FF1FF0EE
:10831000CF01BC601B00F0EF01BC63FF1FF0D10078
:10832000B044670010F101BC63FF1FF0D200B044FD
:108330006B0010F201BC60030404D801BC63FF1F92
:10834000F0C301BC60031C10E301BC63FF1FF0C459
:1083500000B052130010E401BC63FF1FF0C500B071
:10836000522F0010E501BC63FF1FF0C600B052336E
:108370000010E601BC63FF1FF0C700B052370010C9
:10838000E701BC63FF1FF0C800B052170010E801FE
:10839000BC63FF1FF0C900B0521B0010E901BC63B1
:1083A000FF1FF0CA00B0521F0010EA01BC63FF1F9C
:1083B000F0CB00B013470010EB01BC63FF1FF0CC03
:1083C00000B0134B0010EC01BC63FF1FF0CD00B0F8
:1083D000134F0010ED00B0136700106201BC600382
:1083E00000281100025E02F0107400025E02F00D1F
:1083F0002F01BC602B1877A100025E02F00127015B
:108400006040670011C000E040649B17A100E05E7F
:10841000870097A101BC63FF1FF0C001BC6003018E
:10842000550101D2DE86A030E000905E870177A181
:1084300001BC60030797920190600A09104803BFCE
:10844000DE02F0035301BC60070011C101BC602BC8
:108450001817A101BC60030017A200025E02F00120
:108460002B01BC60030011C10002DE02F00000021B
:1084700001C2E3000665020300C700064200682E41
:108480000F002652006E4246F6465203BFDE02F04F
:108490000644006E4247002652020300C700064F02
:1084A0000355DE02F0064401806002861430013874
:1084B00050830017A100B050CB001065006DDA3278
:1084C000F42C6200A841231410480114006300102A
:1084D0006500E041970ED06500E05A030036800148
:1084E000BC621F0011E003BFDE02F000120181E058
:1084F000068634310191600E84F42703BFDE02F05A
:108500000665013C50670017A101AC5E861750BAA2
:1085100001BC60030190B8020300C700065F006859
:10852000AE0F00265A0181E0021710B80350DE0298
:10853000F0065803BFDE02F0066500E82E0F002BA0
:108540008300B05ECB0010B500B000630870B402C9
:108550008342D300065D03BFDE02F006600186E0C1
:10856000040310A000025E02F001E603D5DE02F073
:108570000C6203D6DE02F00C7A0350DE02F00661D4
:1085800003BFDE02F003C301BC600300F0A501825B
:10859000E00209104801BC621F0011E001BC600349
:1085A0000011EC01BC600F0011E80285500B0006C1
:1085B0006C0182600209104803A0DE02F00670031D
:1085C000D5DE02F00C6203D6DE02F00C7A03205EE8
:1085D00002F006760188600209104801BC600300C1
:1085E000083100685E4B18A0020068DE4B078675F4
:1085F00000025E02F0063703BFDE02F0001201BC8B
:1086000060030037A100025E02F00E9603A3DE02B3
:10861000F00012020050C700068201BC6003001087
:1086200080018260060910480180600286343100B2
:10863000688EF70006800104C1070017A10183DEE0
:1086400086F2979400E001CB00207203BFDE02F0B7
:10865000020D00B0010B0017A1006DDE840806C3F7
:1086600000E844640877A1006E5E840826C3018791
:10867000E006F577AB020200BF000697028881ABE7
:10868000000697028400C70006970129500B0017C7
:10869000A10068DE870206970282DEBB0006970211
:1086A00003C5730006960283DEB30006960286AB0E
:1086B000D30006920282DEBB00069200682AE70021
:1086C0000697006DDE2F01E6970182E006F7F7BFFF
:1086D00001BC613B0417A100E04466F42AA903BF72
:1086E000DE02F0001203BFDE02F006C301BC60032D
:1086F00000114902825EAF0006B201826006F57782
:10870000AB00B0446700081C020400BF0006A300D1
:1087100068451F0006A30185E002F577AB032BDE59
:1087200002F006A10185E006F577AB00B0058B00ED
:10873000106400025E02F0119700B0014B0017A216
:108740000208421B0006A600B0016B0017A20068D9
:108750005E8B0006AE0090452B0097A10080DE8660
:10876000F457A1006E20BA0DA6AE00B041B70008C4
:108770002E00E120BA23282F00E0DE86234C45009E
:10878000B041B6F4282E02055EAF0006B001BC6110
:108790000300113300E10D8229436000E08D870062
:1087A000036100E844650397A5006D5E970100C171
:1087B000020200BF0006C00068DE4B06A6B70184B7
:1087C000E002F7F7BF0068DE4B0406BA0282DEB3B0
:1087D0000006BA01BC6003000B0A02045EB3000687
:1087E000BD0068DE4B0626BD00025E02F0158F005C
:1087F000025E02F0123703A3DE02F006C00183E03E
:1088000002F597AC00025E02F017C001826002F52B
:1088100077AB03D15E02F00002020050C3000719DB
:108820000325DE02F006C70183600684F42703BF38
:10883000DE02F006F9020CD0030006F7020300C7BF
:108840000006E6011400630017A1006DDE870086B4
:10885000F701BC600300178000B050CB001065002A
:10886000B050CF001064018160060D906C018260F1
:108870000686343100B05A230017A101BC60030002
:10888000168801BC5A2AF437A101BC600300168A7D
:1088900000B05E8700148F00B05A270017A101BCFA
:1088A000600300168901BC5A2EF437A101BC600395
:1088B00000168B00B05E8700149000B05A1B0014A5
:1088C0008D00B05A1F00148E01BC60030016040016
:1088D00068DE030006E3020350C70006E201005011
:1088E0009F00178001805E0291B48D01BC5E0292F0
:1088F000149001BC600300378000025E02F016E4B1
:1089000000B05E0300148C03BFDE02F006F20068C4
:10891000C2470006EB0181E0068634310191600E0A
:1089200084F42701BC600300143003BFDE02F000B2
:108930000200B0509F0017A100025E02F001E500A6
:10894000B05E870014270186E0040310A000B04247
:1089500083001800010CD0030017A10068DE870017
:1089600066E6010250C70017A101805E8684F427E5
:10897000018AE00E84F42700B050BF00142603BF24
:10898000DE02F006F90186E0040310A00200509F09
:108990000006F90286C10700071403295E02F006EB
:1089A000FE00B0523300142D00B052370017A10161
:1089B0009E5E8684F42700B0509F0017A10180DEE0
:1089C00086F437A1020580C300070500B0303B00E4
:1089D000108F00B0303700108E00B050D700108DCF
:1089E00000B050D300308C00B050BB00108F00B0EE
:1089F00050B700108E00B0509B00108D01806006B3
:108A0000F4308C020250C700071100B0524300102E
:108A10008F00B0523F00108E00B0523B00108D010D
:108A20001A52370017A10198DE870437A101B85EFA
:108A30008691B08C01826002863431018160020D22
:108A4000906C01BC600300143401BC600300143559
:108A50000325DE02F00717019C600284F42703BFA0
:108A6000DE02F0071B0285500B00071900A850C753
:108A70000D143101BC600300143001816002F5D790
:108A8000AE0183600284F4270185E00209104801E9
:108A9000BC600300142E03A25E02F0020D03BFDED1
:108AA00002F000120323DE02F0079103A35E02F03E
:108AB000079103A2DE02F0079101816006F577AB12
:108AC00003AA5E02F007910183E0020910480351F6
:108AD000DE02F0072C020680C70007290182E001B0
:108AE000872C3900E0026B00209A0180E006F577C0
:108AF000AB03BFDE02F007310301DE02F0072F00F7
:108B0000685E4F06272F01BC60030017A803A45E10
:108B100002F0073103C1DE02F0079402045EB300E5
:108B2000073A01846002F597AC0183E0020910481E
:108B300000B02B3F0017A1006D2AEEF4200200E0E8
:108B4000027B00209E01BC6003000ABB00025E02A3
:108B5000F0159203BFDE02F000020203DEB300074D
:108B60004A0183E002F597AC00E020CF00283302F1
:108B7000015EBB00074A00B02A830017A1006D20E8
:108B8000CEF4274501BC600300083300E0027F00FB
:108B9000209F03A95E02F007480191601A84F42720
:108BA00003BFDE02F0036E01BC63FF1FF7A10002EA
:108BB0005E02F00E9603295E02F0074A0191601AE8
:108BC00084F42703BFDE02F0074A01846002091023
:108BD0004800E10DC229437000E08DC70003710217
:108BE0000400BF00075101BC60030011150114000F
:108BF000630017A100E06602F4306500025E02F037
:108C0000109A0182600209104800685E3B18A7555F
:108C10000068DE3B07075603BFDE02F000020329AF
:108C20005E02F007590201500300075900685E3BDD
:108C300004A76001F0DE1700378500A05E16F097EC
:108C40008500685E3B0627600201500300075F0253
:108C50008780BF00075F0185E0060910480280D0C9
:108C60000300077000B05E1B0017A300B0008B006C
:108C700017A4020400BF000766006E4197306766C4
:108C800001185A030017A3011A5A030017A4006819
:108C9000C18318076900E002930020A403BFDE022D
:108CA000F0076B006D5E2EF4876B0182E006863460
:108CB0003100E05E3300378C0068DE32F4676E000E
:108CC000B05E0F001785006DDE2EF4677C03BFDEFB
:108CD00002F0078C00B05E1F0017A300B0008F00E9
:108CE00017A4020400BF000776006E419730677634
:108CF000011C5A030017A3011E5A030017A4006D9C
:108D00005E2EF487780182E00686343100E05E371B
:108D100000378D0068DE36F4677B00B05E0F001709
:108D200085006D5E2EF4678C0185E0020910480312
:108D3000D1DE02F0077E03295E02F0078002030005
:108D4000C700078100B05E0F00178500025E02F0C9
:108D50001095006841831807B2020300C700078816
:108D6000020CD003000788028350C7000788006800
:108D7000DE4B05A78803BFDE02F016640181E00622
:108D80008634310068DE3B06278B00E0029F00201E
:108D9000A703BFDE02F006C300025E02F0109501D9
:108DA00081600209104803295E02F00791028300E6
:108DB000C700166403BFDE02F006C303D1DE02F073
:108DC000079203A5DE02F006C303BFDE02F0001225
:108DD00000E10DBA29436E00E08DBF00036F02066B
:108DE000500300079C00B001030017A1006D810A29
:108DF000F4279C00E844640877A1006E5E8408278D
:108E00009C0187E006F577AB01085E4B0017A100D7
:108E1000685E4B05279F00685E870027A000B05E54
:108E20000F00178500025E02F0109500685E3B0699
:108E300027A601BC600300178C0200D0030007AB1B
:108E400001BC600300178D03BFDE02F007AB01BC5D
:108E5000600300178C020300C700020D020CD00350
:108E600000020D019C600284F42703BFDE02F002C1
:108E70000D006841831807B10180600684F4270360
:108E8000295E02F006C30182600686343102830047
:108E9000C700166403BFDE02F006C300E0029700BD
:108EA00020A50181600209104801BC60030008127E
:108EB00000E0017B00A05E01BC60131417A1006DEF
:108EC000017AF4201201BC60130C805E03BFDE0245
:108ED000F0001200025E02F00D2F0338DE02F000F7
:108EE00012039EDE02F0001200E8444C00F7A100DD
:108EF000E85E840117A1006ADE840107C200E85E13
:108F00008401118701BC600300118801A5E02230B3
:108F1000118001BC600300111301BC600300111437
:108F200000B044670017A100B0446B0017A200B066
:108F30005E8700110400B05E8B00110503B8DE02ED
:108F4000F007C403BFDE02F0001201BC600304B7E7
:108F50009201BC60030417A101BC63FF1FF0CE00A7
:108F6000B052170010E800B0521B0010E900B052D8
:108F70001F0010EA01BC60030010E4028600C30079
:108F800007E200B0540F0017A20069DE8A9087D56F
:108F900000E85212F450E40068A0470007E201BC68
:108FA00060030010E400B054270010E000B0542F1C
:108FB0000010E103BFDE02F007EB01BC6003029783
:108FC000A101BC60031890E801BC60030010E90136
:108FD000BC60030010EA03BFDE02F007E203A4DE78
:108FE00002F00A5003A9DE02F00A5001BC6003013E
:108FF000D7A1020600C30007E40280DE5F0007E994
:1090000000B054070010E0006820470007E701D2D5
:10901000DE86A030E000B0540B0010E103BFDE029A
:10902000F007EB01BC5E869010E001BC601F0010F1
:10903000E101BC60030010E200B052230010E50023
:10904000B052270010E600B0522B0010E700025E7D
:1090500002F0107403A9DE02F00AB100685E4F044A
:10906000280701BC63FF1FF0C300685E4F16A7F915
:1090700000685E4F05A7FC01BC60031A90E301BCC9
:10908000600306B79200685E4F05280703BFDE0243
:10909000F0080101BC600318B79201BC60030E9098
:1090A000E303BFDE02F007FE01BC60030637920156
:1090B000BC60031890E3028E01AB000801029844E3
:1090C00007000BB502804607000BB500B020470033
:1090D000178100025E02F0108400E85E8400D7A1D0
:1090E000006A5E8690880700E85212F430E403BFFD
:1090F000DE02F0080A01BC60030010E40338DE025F
:10910000F0080A0187E0061C90E40190600A09104B
:109110004801BC610304379100685E4F16AC400003
:10912000685E4F05ABB503835E02F00A5003BFDEF5
:1091300002F000020204416300081D01876002F58D
:1091400077AB01BC600300114901BC6003010B89CE
:1091500000E10DB228E36C00E08DB700036D0184DF
:1091600060020B105802055EAF0008190187E00687
:10917000267133020400BF00081C0185E002F57768
:10918000AB00025E02F0119703BFDE02F0000203A3
:10919000A35E02F0081F00025E02F017C00285C540
:1091A00023000002018460060B10580200DEFF005D
:1091B00008250180E002F7F7BF00682B4F00082563
:1091C00000E044655A4AD302055EAF00082701BC9F
:1091D0006103001133020580BF00082D01BC60133C
:1091E0001157A100025E02F001270196600E0330C4
:1091F0001900B040670017A200025E02F0012B02C6
:1092000003C03700082F03BFDE02F0001202875EA2
:10921000AF00083100E0021F0020870182600628AD
:10922000914401BC6003010B8903BFDE02F0001210
:10923000020601AB00083601806001872C39020666
:1092400081AB0008380183E001872C390183E002FB
:109250000F10780281401300000202004203000850
:109260003D01846002F597AC01BC6003000ABB01BC
:10927000BC600300108003A3DE02F0084001906090
:109280000209104800B0446700179E00B0446B000C
:10929000179D00B0446F00179C00B0447300179BEB
:1092A0000068DE7A23284000E002230020880115B0
:1092B000403B001797006D80A700884B00A05E5FC1
:1092C000003797006880A700084B01BC6003003797
:1092D0009700B001430017A1010C81430017A300C0
:1092E000685E8F00284F018CE0000A17A101C9DEDB
:1092F000840527FF01BC60031077950191E0020D02
:10930000906C0286403700085500E002BB0020AE9A
:1093100003BFDE02F00CA401BC600300148001BC9A
:10932000600300148101B8600A04902401BC60034A
:1093300004082401BC600300482301BC600300D082
:109340002A01B3600700100401BC60030008080193
:10935000BC600300080901BC600300080A01BC608E
:109360000300080B0183E002F5D7AE00E044671F5D
:109370004C1F0287C037000C9E00025E02F01236BE
:109380000286403700086703C35E02F0087903BF16
:10939000DE02F00C9F0068C033004877006B446524
:1093A00083E87700B041270017A100B0412701D022
:1093B0004900B05E870017A100B05E870017A100CA
:1093C000B05E870017A100B05E870017A100B05EF5
:1093D000870017A100B05E870017A100B05E87006C
:1093E00017A100B05E870017A100B05E870017A12B
:1093F00000B05E870017A100B05E8700104903BF70
:10940000DE02F00D1303435E02F00862028640376D
:1094100000088500685E5F000C9F00685E5F004C7E
:109420009F0152D2030017A10185D206F437A2038F
:10943000BFDE02F00880013C52030017A101BC52BC
:1094400006F437A20323DE02F008830068DE8B01F6
:10945000CC9F03BFDE02F0088500685E8B02888522
:109460000068DE8B038C9F006D403300CCA4006845
:109470005E5F00489800685E5F002895006800A75E
:1094800000C88A006880A700A88B00E04466902886
:109490003001BC62C30017A10280520300088E0194
:1094A0009652030017A10080DE8690379A0203527D
:1094B0000300089300E05E6A90379A0207D2030027
:1094C000089300E85E6B00379A029E5E6B000CA466
:1094D00003BFDE02F0089C0152D2030017A10185F0
:1094E000D206F4379A03BFDE02F0089C013C520317
:1094F0000017A101BC5206F4379A006E5E680BACEF
:10950000A400685E6B000D130204C03B0008AE01AE
:1095100081E0060D906C0207C0AF0008A40207406E
:10952000370008A200E0027300209C03BFDE02F0B7
:109530000CA400025E02F0123603BFDE02F0089EA9
:1095400000B02023000C1100B02027000C1200B046
:10955000202B000C1300B0202F000C1400B05E7FF5
:10956000000C150287C0AF000C9E0282403B000C2D
:109570009E015840AF00179A01BC603F1E17A10022
:109580006DDE6AF42C9E035B5E02F008B001BC60E5
:109590001300104301BC60FF1E17A1006E5E6AF449
:1095A0002C9E00B0412328104801806002F297945D
:1095B0000184E002091048015840AF00102A0068F9
:1095C00040AB002C9E01BB5E5600900402035E5728
:1095D0000008C1020047A30008BE01BC621E3C1186
:1095E000E001BC60030011EA00B05E6B0011EB010A
:1095F00098601E3D11E8020047B30008C100B05E4C
:109600006B0011EF01B0E0CE3D91EC03835E02F000
:1096100008C400025E02F01236006D403304C8C177
:1096200003AADE02F008E001BC63FF1FE3B301BC44
:10963000601F10D06401BC600300B7A101BC63FFD0
:109640001FE79300E04186F4306501BC63FF1FF61D
:109650000000E05E870077A100025E02F00F1F02AB
:1096600000C0770008D6012940770017A2006D5E80
:109670008B04C8D400E85E8B04D60001BC601F05D3
:10968000F06300E0418EC01063010C56030003B389
:109690000068DE870168D600B05E8B000793006D1E
:1096A000DE8701C8D900E0419300306403BFDE02C9
:1096B000F008C903B05E02F008DF018360020D907C
:1096C0006C00681E1BFFE8E001BC601F05F0650030
:1096D000E04194F0D06502005A030008E001836085
:1096E000060D906C0020402F08A8E201BC6003002A
:1096F00003B301BC60030007FC0188E00F0007FD15
:10970000006D4033020A4A0129520F0017930109E4
:10971000520F0017AA0068DE4F03A8EA012952235E
:1097200000179301A95E4F00379301966002F297EC
:109730009400E0418701F06501BC600F0017A100B3
:1097400028DE869068F101866006F2979400E04179
:109750009700706500E0209300C82401065E530066
:1097600017A200A05E4F0477A10068DE870448FFBF
:109770000186E006F2979400B85E8B0037A200B035
:109780005A030017A0020ADA030008F901876006ED
:10979000F297940284C03B0008FF0203DA0300083A
:1097A000FF03AB5E02F008FD020441070008FF0161
:1097B000806004FFA7FD01065E530017A20182DE50
:1097C0008A00900403AADE02F0094503AB5E02F0B2
:1097D0000917018460020D906C01BC63FF1FF799AB
:1097E00000B01E230017A20068DEAB00290900A00C
:1097F0005E4FFF77A10068DE8707291503BFDE02F1
:10980000F0090B0284520F0009150204D20F00095F
:109810000E03B15E02F0091400B01E1F0017A20370
:10982000BFDE02F0090F03B35E02F009140200521A
:109830001700091500685E8BFFE91500E0015EF472
:10984000506502015A4700091500B01E4F001799D4
:10985000018460060D906C02005217000943033129
:109860005E02F00943020200BF0009430180E001EB
:10987000610B080200521700091E0068DE4F040940
:109880001D00B02AD70017A2006DDE8955093102EC
:1098900002AB2F00093E02832B2F00092000685ED7
:1098A0005F00092B01BC60030017A30138520300BD
:1098B00017A30283AB2F0009270068DE5F0029276A
:1098C00001085E8F0017A300695E8F00693E03BF29
:1098D000DE02F0092B006DDE5F00492903BFDE02C6
:1098E000F0093E02842B2F00093E0068DE8F00093C
:1098F0003E00682A9B00093E00B02B930017A2008F
:109900006DAA9AF4493E00685EAB00493100685E7A
:109910004F06893103BFDE02F0093A00B02B9B00ED
:1099200017A200B02A9B0017A10283AC27000936BA
:1099300000682C87000937006D5E8564293700B008
:109940002C7F0017A2006D5E895CA93900B02C4BFA
:10995000000B110184E006F7F7BF0068DE4F0289B3
:109960003E00025E02F017BA0206DEFF00093E006A
:10997000E02BC7002AF10068DE5F0009410068DEC5
:10998000AB0049410180E005610B0800682B4F00E6
:1099900009430180E006F7F7BF01BC63FF1FF7A58D
:1099A000032B5E02F0094600B01E4F0017A5020708
:1099B000520F0009C2028047A30009BF028047B3CB
:1099C0000009BF00E0209300882400E8208F008871
:1099D0002301BC60030011E401BC600303D1E10278
:1099E000065E5300094F01BC60030491E10206DEEC
:1099F0005300095300E047870051E10207D20F00EE
:109A0000095300E047870091E1006D403302CA4AE4
:109A100000685E4F0589560068DEAB0049C203ABA3
:109A20005E02F00959020052170009C2020580F3D4
:109A300000095E00685E97FFE95B00E05E970097B3
:109A4000A50068DE97FFE95E028052170009C20296
:109A50000700BF0009C201BC601B0437A200904789
:109A60008700306500E04196F4506500E0478701CB
:109A7000081A03835E02F0096500025E02F01236E6
:109A8000006D4031034962006D4031034A4A01BC18
:109A9000600B1D57A10068DE97FFE975010F5A079B
:109AA0000017A5031EDE02F0097502005217000917
:109AB00075032C5E02F009C200685E67FFE975005D
:109AC000E05E6700979900E05E66F43064012A5812
:109AD000030017990100DE970017A500E05E66F409
:109AE000B79900E05E67003799011558030017A683
:109AF00003BFDE02F0098500E05E96F43064012ABF
:109B00005803001799020580F30009840182E002DE
:109B1000F33799020052170009840116D803001781
:109B2000A6010F5A070017A4010CD8030017A100C3
:109B300068DE92F4298000E05E6702179903BFDEB9
:109B400002F00989010DD8030017A10068DE92F424
:109B500029C200E05E6704179903BFDE02F009899D
:109B6000011058030017A60068DE9B00C989018117
:109B7000DA030017A100B85E86C017A10281DE8754
:109B80000009C200885E6700778000E000AEF01038
:109B90006401AADE64FF87FC0068DE9B0049A30223
:109BA000078187000996006DDE030C099602855235
:109BB0000F0009960298523B0009960181E004FFCC
:109BC000A7FD00E05E000B37A300E05E8F0097A3C7
:109BD00000E041870077A200025E02F010D600E8A4
:109BE000208F01082301BC602306D78100885E977F
:109BF0000077A100E85E86F4B06301BC60070E1731
:109C0000A100E0418EF4306300B056170017A100A8
:109C1000B0561B0017A20068DE86D049C20068DE7D
:109C20008AD069C200025E02F010AB01BC6023065C
:109C3000906401BC624F0017A200025E02F010FEA9
:109C400000E047870217A103835E02F009A7006EB8
:109C5000C032F429A5006EC032F42C9E00685E9BD1
:109C60000049BF01BC621EF471E00068DE9B00C9C0
:109C7000B201BC611300B7A1020600F30009AE01F6
:109C8000BC601300B7A101BC60030011EE00B05E20
:109C90006B0011EF0192E00EF431EC03BFDE02F035
:109CA00009BF00685E9B0069B40068DE9B00A9BF25
:109CB000019860063D11E800E0209300882400E848
:109CC000208F00882301BC60030011EA0068DE5F7A
:109CD0000049BA00B05E6B0011EB0192DE5E3D11EF
:109CE000E8018760023D11E80068DE9B00A9BE0123
:109CF0008760063D11E8019860163D11E80181E09A
:109D000004FF87FC01AADE64FF87FC03BFDE02F0CC
:109D100009C701BC620F0011E001BC60030011E43F
:109D20000181E000FFA7FD01BC600F0011E801BC4C
:109D300060030011EC02001FF70009CE00E0208E46
:109D4000F3482300B0209300102500E8208E04A8DB
:109D500023006AA08F01C9CE01B8600604902401D7
:109D600082E006F297940188600A00900401BC60CA
:109D70000318779503A0DE02F009DB00685E4F064A
:109D8000A9E00138520300178000B05E5F00178120
:109D90000204DEB70009DA00685E070009D901BCD9
:109DA000600301778001BC600300378103BFDE02DE
:109DB000F009DA01BC600301578000025E02F00185
:109DC000430068DEAB0049E000A05E4F0477A100CD
:109DD000685E87004C2D00685E87044C2D03BFDE53
:109DE00002F00E350180600186EC37006EB0830012
:109DF0002A1C0068DE4F040A1C03335E02F00A1CB2
:109E00000180600184AC2500E030B3002C2C03926B
:109E1000DE02F00A1C00E03093002C2400B03083F6
:109E20000017A1006D3092F429EB03BFDE02F00AA7
:109E30001A0180600584AC2501BC60270897A10049
:109E4000025E02F001270187E006032C2A00B00120
:109E500043000C2B03835E02F00A18006DC033052B
:109E6000C9FB00E860BA0197A60080DE9B0117A538
:109E700000685E5F0009F60080DE9B0057A500B019
:109E800041B7000C360080B0DB0C8C3600B041B717
:109E9000000C3600B030DB001040000080000000F5
:109EA0000001BC601B06D06501BC600300B7A400C4
:109EB000025E02F0017200685E9300AA0303835EF3
:109EC00002F00A18006DC031842A1801BC60030634
:109ED0004C3603BFDE02F009F70207C197000A06FD
:109EE00001385A070017BB03BFDE02F00A07013C26
:109EF0005A030017BB01BC601B0437A600E841965B
:109F0000F4D7A300885E8F0037A300E05E8EF7775A
:109F1000A500E05E970057A503835E02F00A1800D3
:109F20006DC031842A18006DC032F4AA1800E85EB2
:109F3000960197A60080DE9B0117A400685E5F0073
:109F40000A130080DE9B0057A400B041B70017A49D
:109F50000080DE930C97A400B041B70010400000D1
:109F6000800000000003BFDE02F00A0C0386DE0260
:109F7000F00CA103BFDE02F00D8B0180600184AC08
:109F80002501BC6003000C240386DE02F00CA10254
:109F900087C037000C9E00025E02F0123603035E9B
:109FA00002F00A1C03A9DE02F00A2600025E02F09B
:109FB000123602074037000A210386DE02F00CA1A8
:109FC0000287C037000C9E00025E02F00EA3006EF6
:109FD0004030020A500301DE02F00A500068DEAB96
:109FE000000A37032B5E02F00A2C00E0022B00204F
:109FF0008A03BFDE02F00A3002805217000A2F00E7
:10A00000E0024300209003BFDE02F00A3000E002CD
:10A010005700209500685E4F040D8500685E4F0272
:10A020008D8500685E4F020BC100685E4F050E25EE
:10A0300000685E4F060E2500685E4F068E2F03BF38
:10A04000DE02F00E350068DEAB002A49032B5E020B
:10A05000F00A3B00E0022F00208B03BFDE02F00A73
:10A060003F02805217000A3E00E0024700209103A1
:10A07000BFDE02F00A3F00E0025B00209600685E4F
:10A080004F06AB8E00685E4F042E4D00685E4F0495
:10A09000AE4D00685E4F05AC3200685E4F062B8EF9
:10A0A00000685E4F052E2300A05E4FFF77A1006879
:10A0B0005E87072E4000685E4F16AC3D03BFDE0290
:10A0C000F00BB503BFDE02F00BB900E0020F002079
:10A0D0008301BC60030011EC01BC600F0011E802B9
:10A0E00084C03B0009C20184E00609104803BFDEBA
:10A0F00002F009C20200C09300000203A35E02F056
:10A100000A5403C35E02F00A5303BFDE02F00D11CE
:10A1100000025E02F012360207C0AF000A570207C3
:10A120004037000A540107C0AF0017A100B85E878E
:10A130000037A101825E860D906C00B0447F00075D
:10A14000FE018360020910480287C037000C9E039D
:10A1500086DE02F00CA100025E02F0123603435EBE
:10A1600002F00A5C0287C037000C9E0301DE02F099
:10A170000A7B03305E02F00A7B01BC601F1550654C
:10A1800000E04194F530650138402B001680012D28
:10A19000406B0017A200885E8B0137A2028840271F
:10A1A000000A6A01846006D0168000B05A02F45694
:10A1B000800205C027000A6D0187E006D0168001E5
:10A1C000BC601B0DD7A100025E02F0012700B04069
:10A1D0006700168101BC601B0DF7A100025E02F052
:10A1E000012700B0406700168200B05A0B0017A18B
:10A1F00000E85A06F437A200E15E8AF457A100E0B5
:10A20000DE86F457A100985E8700B7A100E01EA784
:10A210000067A900691EA7018A7B01BC60030007D3
:10A22000A902801FF7000A7D006E4030020B8903EF
:10A2300081DE02F00A8A00E002170020850329DE91
:10A2400002F00A8102902E27000A8201BC600300FE
:10A250002B8903A9DE02F00A860184E00609104872
:10A260000180E0020910480184E002F7F7BF03868D
:10A27000DE02F00CA101806004FF87FC0180600613
:10A28000F2979403BFDE02F00B370068DE4F040A3A
:10A290008D03335E02F00A8D01BC6003000C2401C3
:10A2A000836002F7F7BF0329DE02F00A910288AE4D
:10A2B00027000AA301BC6003000B8903AB5E02F018
:10A2C0000A9E00685EAB002AA200685EAB000A9C92
:10A2D000010C520F0017A100685E87002A980068E1
:10A2E0005E87004A9A03BFDE02F00AA203B0DE02D4
:10A2F000F00A9E03BFDE02F00AA003B15E02F00A7C
:10A300009E03BFDE02F00AA003B35E02F00A9E03C2
:10A31000BFDE02F00AA001BC6003004B8903BFDE70
:10A3200002F00AA301BC6003008B8903BFDE02F0C8
:10A330000AA301BC6003002B890386DE02F00CA196
:10A3400003AB5E02F00AA801F0521300118601A5CA
:10A35000E00A30118003BFDE02F00ACA03A9DE0260
:10A36000F00AAE0068DEAB004ACA00B0523B0017EC
:10A370009F00B0523B0017BE01BC600300280803D9
:10A38000BFDE02F00ACA02875E53000AD703A0DECE
:10A3900002F00AB903BFDE02F007CA0190600A09A1
:10A3A000104800B0523B00179F00B0523B0017BE50
:10A3B000019E5E8300B0EB0106520F0017A100B8AA
:10A3C0005E870037A10182DE86F577AB01BC6103B1
:10A3D00000308000E8523AF3F7A2006BD23AF3EA79
:10A3E000BC00E85E7E91D7A200905E8B0097A10131
:10A3F000BC6023011064006B523AF3EAC701185E97
:10A40000870017A2010A5E870017A300886006F480
:10A4100057A200E04192F4706400B05802F4560074
:10A42000006BDEFA91CACA00B0523B0017BE03BFF0
:10A43000DE02F00ACA00025E02F0164F00B02023CE
:10A4400000280800B0523B00179F0320DE02F00AEC
:10A45000D702075E53000ACE0180E00209104803CC
:10A46000BFDE02F00AD70068DE5F000AD4021A5489
:10A4700007000AD20103C0270017A101825E8610DF
:10A48000D0860102C0270017A100E0422AF4308ADA
:10A490000180E004FF87FC03A9DE02F00AD700B0C8
:10A4A0005E4700108001085E4F0017A100685E87BC
:10A4B000002B0503AB5E02F00B0902005217000AE5
:10A4C000EF0068DEAB004ADD00E00253002094029A
:10A4D000865E53000B370284520F000D130284D2A4
:10A4E0000F000AE203AC5E02F00AED03BFDE02F0E9
:10A4F0000AF8032C5E02F00AF800685E4F040AEDC9
:10A500000106D20F0017A100808ECF0197A200E0B4
:10A51000015E0DB0640181DE86C3F61F0187DE8611
:10A5200024912400683077FFEAED00B04467000C06
:10A530001E02005E87000AED00E0446583AC1E0049
:10A54000685E4F020B3703BFDE02F00B24031EDEF2
:10A5500002F00AF503315E02F00AF50068DEAB0096
:10A560004AF500808ECF0197A200E0015E0DB06435
:10A570000181E002C3F61F0068DEAB004AFA00E08A
:10A58000023F00208F03BFDE02F00AFD00685EABD1
:10A59000004AFD0280522F000B3702024107000AD9
:10A5A000FD00685E4F040B3700685E4F028B370278
:10A5B00006DE53000B020028E01EF40B0200A0444C
:10A5C000B703E14500B005130017A100E05E842841
:10A5D000A14602844107000B3701806006F2979480
:10A5E00003BFDE02F00B37032B5E02F00B3700686F
:10A5F0005E4F05AB2400685E4F052B2403BFDE02CF
:10A60000F00B370068DEAB004B12006D8ECF002BD5
:10A610001201BC6003000AB501826002F5D7AE02E8
:10A62000805EFF000B1000682B4F000B1200E0440F
:10A63000655A4AD300682B6BFFCB1200E02B6B00EE
:10A640002ADA02065E53000B1500E0026300209830
:10A6500003BFDE02F00B370323DE02F00B1F0129DC
:10A66000500B0017A30068DE8F052B1F020680C762
:10A67000000B1A0182E001872C390187E00210707B
:10A68000830184600209104800B05E870017A100B2
:10A690006EE003002B1E03D1DE02F00B1F0068DE0C
:10A6A000AB004B2100E0022700208900685E4F00CC
:10A6B0000B3700685E4F010B3700685E4F058B3724
:10A6C00000808ECF0197A200E0015E0DB0650020F2
:10A6D000DA7F140B37028047C7000B870329DE029D
:10A6E000F00B2D0102DEAF0017A10106520F00177B
:10A6F000A200385E86F44B370182DE8AF577AB0024
:10A70000B052230011F200B052270011F300B052F2
:10A710002B0011F40106520F0017A100E05E870024
:10A7200031F500B0005B0011F000B047C300180025
:10A730000134C7C70017A1006EDE8402AB3701BC2D
:10A7400060030810420283C107000B3B0301DE02D5
:10A75000F00B3A03B55E02F00B3B02805E53000D36
:10A760001300B040330017A101089FF70017A200A3
:10A77000685E8B006B4300E840310497A102811FA3
:10A78000F7000B4300B020930017A102809FF70051
:10A790000B4300B05E630017A1006E5E84020B895C
:10A7A00000B05E870007F401816000FF87FC0202B1
:10A7B000C013000B4900E05E840347F4018160048C
:10A7C000FF87FC02011FF7000B8201035E53001795
:10A7D000A10187DE84FF87FC0386DE02F00CA10066
:10A7E000025E02F0123603855E02F00B4C018E60B1
:10A7F000023D11E80107C7830017A101825E84FFB3
:10A8000087FC02019FF7000B550103C7970017A1B2
:10A8100001825E84FFA7FD00B020330017A1018EE6
:10A820005E84FFA7FD032A5E02F00B5D00025E025C
:10A83000F00E870329DE02F00B5C0301DE02F00B51
:10A840005C0182E0060D906C03BFDE02F008A401FB
:10A85000BC60030011EC01BC600F0011E8018460D2
:10A8600004FFA7FD01075EAF0017A10185DE84FF8D
:10A8700087FC00B040270007F600B0406B0007F8E7
:10A8800000B0406F0007F900B0402B0007F701BC93
:10A89000601B0DD7A100025E02F0012700B04067E7
:10A8A0000017A201BC601B0DF7A100025E02F001BF
:10A8B0002700B040670017A100E85E8AF437A200C5
:10A8C000E15E8AF457A100E0DE86F457A100985EAD
:10A8D0008700B7A101BC5E860147F700681F3300FF
:10A8E0000B7C018F60060127F600681F33002B796F
:10A8F00000B01FC70017A100025E02F0012700A0F0
:10A900004064F9D7A200B85E88FE17A103BFDE023B
:10A91000F00B7A00A04138FE17A10068DE87000B1B
:10A920007C018F60020127F601846004FFA7FD010E
:10A93000075EAF0017A10185DE84FF87FC00025E81
:10A9400002F00EA301BC63FF1FD7A800025E02F055
:10A95000109A00025E02F00E8701A8600A009004BF
:10A9600002011FF700163B00A8401300500403BF6C
:10A97000DE02F0072000E002870020A103BFDE0214
:10A98000F00B8A00E0020B00208203A9DE02F00D2A
:10A9900013018460060910480184E0060910480389
:10A9A000BFDE02F00D13032B5E02F00BB10068DE78
:10A9B0004F06AB9200E0023B00208E03BFDE02F0A8
:10A9C0000B9300E0023700208D0323DE02F00BB56D
:10A9D0000068DE4EF1CBB5020680C7000B970182FE
:10A9E000E001872C390187E0021070830184600246
:10A9F00009104800B05E870017A1006EE003002B2D
:10AA00009B03D1DE02F00B9C00685E4F062BAF016A
:10AA1000BC600300083303295E02F00BA10203DED1
:10AA2000B3000BA20191601A84F4270183E002F5C0
:10AA300097AC020200BF000BAE0206ABD3000BA71F
:10AA4000020345AF000BA90185E0062D716B03BF22
:10AA5000DE02F00BA90203456F000BA90185E00699
:10AA60002B715B02045EB3000BAE0187E002107035
:10AA7000830183E00209104800025E02F01593038F
:10AA8000BFDE02F00BB50205500B000BB501826072
:10AA90000609104803BFDE02F00BB500025E02F0AB
:10AAA0000BBC0068DE4F062BB500E0024F00209380
:10AAB00003BFDE02F00BB503AB5E02F00BB702047E
:10AAC0004107000BBA02834107000A5003BFDE02B0
:10AAD000F00BBA02844107000A5001806006F29729
:10AAE0009403BFDE02F00A50028700C3000BC000CF
:10AAF00068D213000BC001BC600300118301BC606D
:10AB0000030011820002DE02F00000039F5E02F0EB
:10AB10000BC4039EDE02F00E3502035E53000E35B9
:10AB2000010C81430017A10068DE87002BC90100DA
:10AB300001630017A10102C0270017A20038DE86BA
:10AB4000F44BB903AB5E02F00BCB02005217000BC3
:10AB5000B90280522F000BCD03335E02F00E350296
:10AB6000181DF3000BF101BC601B06106501BC60F1
:10AB7000031BB7A400025E02F0017200B05E8F00FA
:10AB800017A60068DE931BABED0207C197000BDA36
:10AB900001385A070017A1013C5A070017A201BC4F
:10ABA0005A0AF457A2013C5A0B0017A301BC5A0ED3
:10ABB000F477A303BFDE02F00BDD013C5A0300175C
:10ABC000A100B05A070017A200B05A0B0017A3004B
:10ABD0006D5E87008BE701BC61BF0A17A50068DEC8
:10ABE0008AF4ABE201BC60271357A500685E8EF4BF
:10ABF000ABE601BC605F0017A50068DE8AF4ABE736
:10AC000001BC60171E57A50068DE8EF4ABE703BFDA
:10AC1000DE02F00C2900D85E870037A100E14196E2
:10AC2000F4306500E1C19700306501F041970017ED
:10AC3000A200E05E8B0077A2006D5E8AF4CBD000AC
:10AC4000E840330097A5006E5E96004C2900B01DC9
:10AC5000EF0017A10068DE840A0E35023C523F0067
:10AC60000C02013C523F0017A10068DE84048C27CF
:10AC700001BC600316106401BC601B0630650068EF
:10AC80005E87002BFE00B05A030017A20068DE8A20
:10AC9000C00C2700E0419700306500E04193003090
:10ACA0006400E85E870057A1006A5E87002BF7000A
:10ACB000685E87000C0301385A030017A101385859
:10ACC000030017A20068DE86F44C2703BFDE02F003
:10ACD0000C030285C107000E3501BC601B06106520
:10ACE00001BC600305B7A400025E02F0017202809D
:10ACF00000C3000C2701BC60131417A600E0017FFD
:10AD000000B7A5006D5E96F4CC0B01BC60130C97E8
:10AD1000A500685E940BCC2B00B0017B0010650091
:10AD2000B052270017A200B0522B0017A3006841B1
:10AD3000940BEC160068DE8ED04C1200685E8AD050
:10AD40002C2700E0419700B065006D4196F4CC0FD0
:10AD500001BC60130C906503BFDE02F00C0F00E035
:10AD6000028B0020A200B0017F00106500B05223CA
:10AD700000168000B0522700168100B0522B00163A
:10AD80008200808ECF0197A200E0015E0DB06402C8
:10AD900003587F000C2001BC602F0037A103BFDEE9
:10ADA00002F00C2101BC5202F2F7A101A95E02F4EB
:10ADB000368300904467011684020281AB000C25A3
:10ADC0000068DE9305AC2601846006D0968400B04E
:10ADD0005E9700005F020781AB000C2901806006CE
:10ADE000F2979403AB5E02F007DF03BFDE02F00AC6
:10ADF0005000E0028F0020A303BFDE02F00BB90376
:10AE0000835E02F00C2F006D4033038C2D006D40EB
:10AE100033038BB9032B5E02F00E3903BFDE02F061
:10AE200007DF032B5E02F00C3700E0023300208CBA
:10AE3000020681AB000C360183E005872C3903BF85
:10AE4000DE02F007E100E0024B00209200880023C0
:10AE50000037A200E05E8800F7A200E0001AF4517B
:10AE6000890186E00630118003BFDE02F00BB503D6
:10AE70002B5E02F00C3800E013530024D403BFDE35
:10AE800002F007DA02045247000BB501BC601F1044
:10AE9000F06401BC60030177A101BC63FF1FE7936D
:10AEA00000E04186F4306501BC63FF1FF60000E05E
:10AEB0005E870077A100025E02F00F1F0200C077DC
:10AEC000000BB5012940770017A2006D5E8B04CB03
:10AED000B500E85E8B04D60001BC601F05F063007E
:10AEE000E0418EC010630200D603000BB502065687
:10AEF00003000BB50184E006F597AC0116D60300FC
:10AF000017A200885E8B0077A200E0019EF45065D6
:10AF100000B041970004C201BC602B1817A100B01B
:10AF20005A0F0017A200025E02F0012B01BC602B39
:10AF30001837A100B05A130017A200025E02F001F8
:10AF40002B00B0418B0004D903BFDE02F00BB50328
:10AF5000A2DE02F000C203A3DE02F00C7A00E001E0
:10AF6000FF00207F01BC60030017A303BFDE02F0D7
:10AF70000C7C018760040310A001BC60030051E455
:10AF800000B0479300180001BC600302900401BCAC
:10AF9000620F0011E001BC600F0131E800B047A36F
:10AFA00000180001BC600F0011E801BC6003013112
:10AFB000EC00B047B300180001BC60030011EC01C5
:10AFC0008460060910480020601E090C7100E00131
:10AFD000FB00207E03BFDE02F00C8501BC60030E87
:10AFE000D7A1011400630017A200E05E86F450654B
:10AFF00000E05A03003680020300C7000C7703A963
:10B000005E02F00C7C0291509F000C7B0191601A53
:10B0100084F42703BFDE02F00C7B00E001FF002078
:10B020007F01BC60030037A30323DE02F00C85011F
:10B0300083E00209104801846002F597AC01BC600E
:10B0400003000ABB01BC600300178E020680C70024
:10B050000C830182E001872C390187E002107083A4
:10B060000182600209104803D0DE02F00C8603D092
:10B070005E02F00C870182E00209104803D5DE026F
:10B08000F00C8901BC60030010B401BC600300F740
:10B09000A1006800A7000C8D0185421AF437A100B9
:10B0A000025E02F0012700B040670017A501BC63F3
:10B0B000FF1FF7A200025E02F0012B00886007016B
:10B0C00057A400B85E86F497A100025E02F0012B3F
:10B0D0000283C21F000C9400025E02F0114C028435
:10B0E0004523000C9603D0DE02F00C9800685E8FBA
:10B0F0000000020020E01E090C9C00B05E970014C6
:10B100002E03BFDE02F0036E00A8412300F04803C7
:10B11000BFDE02F000020183600209104800E00275
:10B120001300208403BFDE02F00CA401BC60070002
:10B130001042006E4030020CA400E0027700209D17
:10B1400000025E02F0170A03A35E02F00A5003C673
:10B15000DE02F00CA7032ADE02F00CAE00B030478E
:10B1600000080800B0304B00080900B0304F00085C
:10B170000A00B0305300080B00B0305700179F038F
:10B18000BFDE02F00D130184E00609104803BFDEA4
:10B1900002F00D13020681AB000CB30281B0E70090
:10B1A00000BD028330E70000BD028445230000BDDE
:10B1B0000320DE02F00CBB0068A0C7000CB801BC85
:10B1C000609F0217A100E04466F42831006B4465DB
:10B1D000062CBC0020E1020900BD00025E02F00D59
:10B1E0002F01BC60030008310020E38A0900BD0282
:10B1F0008445230000BD00B05E870017A103915E67
:10B2000002F000BD0396DE02F000BD03965E02F080
:10B2100000BD00025E02F00D2F00E10DB228E36CCC
:10B2200000E08DB700036D01BC600300114701BC55
:10B23000600300602000680173000CD701BC60133C
:10B240000890E600025E02F0016A00B0017300108F
:10B25000E401BC600300000601BC600300005C0167
:10B26000BC600301D78201D2DE0877F0E000B00FA6
:10B27000030010E100B0004700108600B00F1F006F
:10B28000108A01BC600300378100025E02F010707A
:10B290000190600A09104801BC610300308003BFBF
:10B2A000DE02F0000201BC60030030420187E002D0
:10B2B00024712300025E02F014DB03975E02F00D9E
:10B2C0004303125E02F00CDA01BC6003004020016F
:10B2D000BC6003000B8901BC600300114901BC6123
:10B2E0008300112500B0007B00112701BC60130C06
:10B2F000805E01BC60130C805F0180E006F5D7AE74
:10B300000107C1070017A101805E86F577AB01BC7C
:10B31000600F0011E801BC620F0011E000025E0244
:10B32000F00CF701BC61CF0C105C01BC6003001095
:10B330005D01BC61CF01F05E01BC603B0AF05F01C2
:10B34000866005610B0800025E02F0145C018660F5
:10B3500001610B0801BC600300082E020300C70056
:10B36000001201BC60030006B201BC60030006B716
:10B3700001BC60030006BC01BC60030006C103BF42
:10B38000DE02F0001201BC60430017BB00A04122A6
:10B39000F7704801BC63FF1FF05401BC63FF1FF04E
:10B3A0005501BC63BF1FF05601BC63FF0FF057008F
:10B3B000025E02F0170A0187E00624712301BC60D7
:10B3C0000300105401BC600300105501BC60030071
:10B3D000105601BC600300105701BC600F0020171D
:10B3E0000106C1070017A101825E8402E017010770
:10B3F00041070017A100B85E870037A10180DE87F2
:10B400000000160002DE02F000000285C0370000D6
:10B410000200025E02F0123602864037000D0A007A
:10B42000E0021B00208601BC6003010B890386DE5D
:10B4300002F00CA10287C037000CA100025E02F0EE
:10B4400017D003BFDE02F0001201B8600A04902496
:10B4500003AA5E02F00D160158600300102A01BC19
:10B46000600302900400B0401300180001836002E2
:10B4700009104801806000FFA7FD00025E02F01283
:10B480003603855E02F00D1A01BC620F0011E00167
:10B49000BC600F0131E800B047A300180001BC6098
:10B4A0000F0011E801BC60030157A100E85E8700AE
:10B4B00037A10068DE87000D2101BC600302900403
:10B4C00000B0401300180001BC60030131EC00B073
:10B4D00047B300180001BC60030011EC0324DE0236
:10B4E000F0072001866006F577AB00025E02F00DE2
:10B4F0002F0180600610308100B05E870017A10127
:10B5000080600210308103BFDE02F00720020601D6
:10B51000AB000D3101806001872C3901BC61030053
:10B52000108000B04203001800006EE003002D34CC
:10B5300003505E02F00D3700015E02F0000003BF11
:10B54000DE02F0039401846002F597AC01BC600355
:10B55000000ABB00A8412304F048018260020910E0
:10B56000480206DEAF000D3E03D5DE02F00D3E03BD
:10B5700050DE02F00D3C01BC60030010B40284C731
:10B5800083000D4101BC600B0011E0018E6002F5EB
:10B5900077AB0002DE02F0000003A2DE02F000BD85
:10B5A00002BC4287000D4A01BC60030037A401BC05
:10B5B00060031FF7A3011400630017A20088600650
:10B5C000F457A203BFDE02F00D4F00886007011799
:10B5D000A401BC63FF0017A3011400630017A200BD
:10B5E000E05E8B0117A200886006F457A201BC60E0
:10B5F000131B906501BC601B18506401BC60030004
:10B6000017A50020C286F48D5900E0419706D06549
:10B6100000E0419301F06400E05E970037A50088E8
:10B620005E930037A400205E92F46D7803BFDE02C3
:10B63000F00D520068DE92F44D5E00680083006DEC
:10B640005E03A0DE02F00D5E0020C123160D530044
:10B65000025E02F00D2F006DDE93200D74020300D8
:10B66000C7000D68006DDE97008D6801BC600300A7
:10B67000160801BC600300160901BC600300160A2D
:10B6800001BC600300160B01BC600300160C01BC7A
:10B69000600300160D01BC600300160E02005AC3C1
:10B6A000000D73023C5A9F000D7300680083006D0B
:10B6B000730385DE02F000BD03855E02F000BD036A
:10B6C000A2DE02F000BD03A3DE02F000BD0397DEA0
:10B6D00002F000BD00B041970010600191600A8443
:10B6E000F42703BFDE02F0036E01806002D616B0BD
:10B6F00000B05E930010A101836002F7F7BF01BCA8
:10B70000600300304303BFDE02F00D530068808306
:10B710000060BD03BFDE02F00CDB0283C21F00002D
:10B720000200B05E870017A103D0DE02F0063D01E3
:10B73000BC6003041042039EDE02F0001200B05E03
:10B740003F00114501BC600300178F00B05E43004D
:10B75000178500B05E0F00179000025E02F00D2FFB
:10B7600003BFDE02F00012006D4033058BBA03AC5C
:10B770005E02F00D8A00685E4F028DEB00E002670A
:10B7800000209903BFDE02F00DEB00685E4F028DD2
:10B79000EB028030DF000D8E00E0025F0020970199
:10B7A00080600586EC3700025E02F00EAF01866015
:10B7B00002F5B7AD01826002F5D7AE01BC600300AF
:10B7C0000AB5039EDE02F00DA00321DE02F00DA0FB
:10B7D00000E0026F00209B00025E02F00D2F018648
:10B7E000600209104800A8412301304801BC6003F1
:10B7F0000210420280441F000D9F00B05E3F001106
:10B800004501BC600300178F00B05E430017850040
:10B81000B05E0F00179003BFDE02F00DA000A04441
:10B82000B6F07145028200C3000DEB00B00073005A
:10B8300017A100E05E86B017A100E15E7AF4379EA2
:10B8400000E1DE7700179D00E1DE7300179C00E049
:10B85000DE6F00179B039EDE02F00DAF006E5E6E82
:10B86000924E21006D5E6E924DAF006E5E72922E12
:10B8700021006D5E72922DAF006E5E76920E2100F9
:10B880006D5E76920DAF006DDE7A91EE2102003092
:10B8900097000DB400B05E7B000C3200B05E770004
:10B8A0000C3300B05E73000C3400B05E6F000C35DA
:10B8B000028201AB000DC500B0446700082D00B046
:10B8C000446B00082C00B0446F00082B00B0447398
:10B8D00000082A0068A0B6232DAF00E920B6F3D7F0
:10B8E0009E00E9A0B2F3B79D00E9A0AEF3979C00DB
:10B8F000E8A0AAF3779B00E15E7A91F7A100B05E21
:10B900008700111900E1DE7692111A00E1DE7292D1
:10B91000311B00E0DE6E92511C0068DE86232DBED6
:10B9200003BFDE02F00DEB00E9523EF3D7A100E9C0
:10B93000D242F3B7A200E9D246F397A300E8D24A75
:10B94000F377A400880ECF0057A500E0015EF4B0A5
:10B950006400E95E86C9A78100E9DE8AC9C7820062
:10B96000E9DE8EC9E78300E8DE92CA078400808E94
:10B97000CF0197A501BC601F07778000E05E020D34
:10B98000B06500885A0F00F7A500B05E970817A5AC
:10B990000134DA0F0017A600E95E94F037A500E83D
:10B9A000DE98F057A6017BDE96F4D7A500685E9678
:10B9B000D06DEB00E85E96D077A600B05E970016DB
:10B9C0008300685A13000DDD00E05A16F4D6850096
:10B9D000685A1B000DDF00E05A1EF4D68700885E0F
:10B9E0009B00F7A10134DE9B0017A201BC6003009D
:10B9F00017A301BC60030017A40069DE9B000DE7DC
:10BA000001BC63FF1FF7A301BC63FF1FF7A401C3C1
:10BA1000DE8EF457A200E95936F4364D00E9D93AE2
:10BA2000F4564E00E9D93EF4764F00E8D942F49638
:10BA300050031EDE02F00E21039F5E02F00E210075
:10BA4000685E4F028E21032C5E02F00E2101BC6065
:10BA50001B06D06501BC600300B7A400025E02F0C3
:10BA6000017202003097000DF600685E9300ADF69B
:10BA700000E030C7002C3103BFDE02F018840068FC
:10BA8000DE9300AE210207C197000DFC013C5A076E
:10BA90000017BB013C5A0B0017A101385A07000CD4
:10BAA0002603BFDE02F00DFF01385A070017BB0165
:10BAB000385A0B0017A1013C5A03000C2600B05E57
:10BAC00087000C2700808ECF0197A200E0015E0D59
:10BAD000B06400B05EEF0016280181DE86C3F61F59
:10BAE00000683073FFEE0802005E87000E080088D1
:10BAF00030730071260090307301B12800683077F0
:10BB0000FFEE0C00B04467000C1E02005E87000EC2
:10BB10000C00E0446583AC1E0187DE86249124027C
:10BB20000680F3000E100181E002C3F61F0187E0DA
:10BB30000224912402003097000E2100E030B7006B
:10BB40002C2D028680F3000E140281D87F000E1F78
:10BB500000B0309F0017A100025E02F00F080280C3
:10BB60005E8B000E1F00E85E6984D7A100685E85C9
:10BB7000846E1B00E030BF002C2F03BFDE02F00EEE
:10BB80001F00E030BB002C2E01BC6003000C25011F
:10BB9000BC600700104303BFDE02F00D1300E85E37
:10BBA0006984CC2303BFDE02F0188403AB5E02F08D
:10BBB00007DF03BFDE02F00A50032B5E02F00BB971
:10BBC00003BFDE02F007DF03AB5E02F00E28032C9A
:10BBD0005E02F00BB903BFDE02F00E3900B0522353
:10BBE0000011F200B052270011F300B0522B0011E7
:10BBF000F401BC60030091F501BC60030810420031
:10BC0000B0005B0011F003BFDE02F007DF01385225
:10BC10003F0017A102065E53000E320138524B005E
:10BC200017A10068DE87008E3503AB5E02F007DFE8
:10BC300003BFDE02F00A500068DE4F020E38020732
:10BC400081AB000E3801806006F2979403AB5E0270
:10BC5000F007DF020000F3000E3E0206DE53000E86
:10BC60003E01185E830017A10068DE8700AE3E012A
:10BC7000BC600B02514202005217000BB903BFDE39
:10BC800002F00A5001BC600300118301BC60030094
:10BC90001182032C5E02F00E450199E0062011008E
:10BCA00003BFDE02F00E490119402F0017A1006802
:10BCB0005E87000BB50199DE8620110003315E021C
:10BCC000F00BB500A05E3B0097A200205E4EF44B47
:10BCD000B50184600209104803BFDE02F00BB50312
:10BCE000AB5E02F00E5000025E02F00BBC03BFDE42
:10BCF00002F00BB50068DE4F042E5400B052330042
:10BD0000179F00B0522F0010EB0281522F0007CA7C
:10BD100000E002AB0020AA0281522F000B930329FE
:10BD20005E02F00E5A0203DEB3000E5A0191601A51
:10BD300084F4270183E002F597AC0208522F000734
:10BD4000DF03BFDE02F00A5001BC60030010670190
:10BD5000BC60030010460180E0060930490282C140
:10BD60001F000E6401BC603F1FF06501BC60030052
:10BD7000168000E841970030650069C197000E61A8
:10BD800001BC600B00179401BC60030017AB01BC41
:10BD900060030017AC01BC60030017AD01BC600379
:10BDA0000017AE01BC60030017BF01BC63FF1FF7A3
:10BDB000B501BC600300202001BC60030017A10096
:10BDC000025E02F0012701384067000028011C4094
:10BDD0006700002901BC600300504901BC600300FA
:10BDE00017A701BC60030017A801BC60030017A9D6
:10BDF00001BC60030017AC01BC60030017AD0182F9
:10BE0000E0060F10780206C1E3000E77006880A7F5
:10BE1000000E7A03BFDE02F00E7B006880A7008E62
:10BE20007B01BC601302600001BC60230E40010175
:10BE3000BC63F318600201BC614B15600301BC6078
:10BE40000300000401BC604305200501BC601B0425
:10BE5000306101BC601702506001BC600300082221
:10BE600000B05E0F00178500A044B6F0714503BF17
:10BE7000DE02F00CC30183E0060F107801885E5CDF
:10BE8000FEC7F601BC601F1E900701BC6003019055
:10BE900008018860060090040386DE02F00CA1030E
:10BEA00005DE02F00E8C0386DE02F00CA10385DEB7
:10BEB00002F00E8E00B05E870017A1006EE0030056
:10BEC0002E920386DE02F00CA1006EC0146FEE9578
:10BED00001BC60070010420002DE02F000000321F6
:10BEE0005E02F00E9A00E0204AF4281200B0204BC7
:10BEF00000178B03BFDE02F00EA2028150C7000EB6
:10BF00009F011C509F00178B00E05E2EF4378B01C1
:10BF10009C5E2E84F42703BFDE02F00EA2011E50A9
:10BF20009F00178B00E05E2EF4378B019E5E2E84FF
:10BF3000F4270002DE02F00000006800A7008EA8CF
:10BF40000102C027000821006880A700AEAE00E013
:10BF500020870028210002DE02F0000001BC6003FF
:10BF600000282101BC402B0017A100985E87011713
:10BF7000A10098402B0117A2006ADE8AF42EAE01C0
:10BF8000BC60030088210002DE02F0000002828013
:10BF9000BF000F0700B0418F00081300B0418B00B5
:10BFA000081400B044670017A2017BDE8A2357A162
:10BFB00001BC601F07706501BC60030017A201BCD3
:10BFC000601F03D06401BC601F11506300685A03F6
:10BFD000000EFE01BC601F0FB06200E0418AF45009
:10BFE000620090540300F7A6006B5E86D06ED4000A
:10BFF000B05A030017A300E05A0EF4D58000E05AAF
:10C000000EF4768300E85A2F00368B0069DA2F0091
:10C010000EC300E85A0700368B006CDA0EF42EBE11
:10C0200000E85A0EF437A400905A030077A5006E7A
:10C03000DE92F4AECA01BC600300360001BC600BA6
:10C0400000104301BC600300278900205A0B080E32
:10C05000CD01BC600300279203BFDE02F00ED400C6
:10C06000205A0B140ED400202C27080ED000205A82
:10C070000B040ED401866006F5B7AD0088009B0066
:10C08000D1260090009B01512801BC6303001124BC
:10C09000006B5E86B00EDC00685A13000ED9018872
:10C0A0006006D0568200B056030017A400E05E92EE
:10C0B000D0968500E05A0EF4D58000205A0B080E69
:10C0C000DC01BC600300079200685A13000EE40014
:10C0D0006B5E86D0AEE40188600AD0568200B0560E
:10C0E000030017A400E05E92D0968501BC600300B7
:10C0F000360101BC600B00104301BC6003002789BE
:10C1000000685A1B000EFE006B5E86D0EEFE020138
:10C110005A0B000EF300E85A1B00368600B05A276F
:10C120000017A300E05A1EF4768701BC601F11D0EF
:10C130006200E0418AF4506200B05A2B0017A3005D
:10C14000E05402F475000203D403000EF100E05A3B
:10C150001F0036870130540300150001816002D0B2
:10C16000568203BFDE02F00EF600B05A230017A37A
:10C1700000E05A1EF4768701816006D0568200687E
:10C180005A1B000EF8006CDA1EF42EE602015A0B60
:10C19000000EFB01BC600300360203BFDE02F00E9E
:10C1A000FC01BC600300360301BC600B00104301BE
:10C1B000BC600300278900E0419701906500E05EC4
:10C1C0008B0037A200E0419300906400E0418F00B3
:10C1D0003063006D5E8B008EB802981DF3000F0572
:10C1E00001BC600300079200B0204F00106300B054
:10C1F00020530010620002DE02F0000001BC600368
:10C200000017A20068018B000F1E0090018B0077C1
:10C21000A201806002F437A1006E5E86F44F1E0218
:10C2200007C197000F1001385A070017A303BFDE9C
:10C2300002F00F11013C5A030017A300E85E8F00C3
:10C2400097A300E85E8AF437A2006A5E8AF46F1E44
:10C2500000D0419700306400E05E8B00B7A300E09F
:10C260004192F4706400D841930030640207C19396
:10C27000000F1B013C58030017A103BFDE02F00FA3
:10C280001C013858030017A100A0018B00F7A20081
:10C29000905E86F457A20002DE02F0000000B05A61
:10C2A0000300101F00B05A0700102000B05A0B0006
:10C2B00010210180600700101D02804077000F23CD
:10C2C0000002DE02F000000187E002F577AB039187
:10C2D0005E02F000020020E3FE0900020200421F9D
:10C2E0000000020068C2F30000020284452300003F
:10C2F000020068C0170000020068AB97000002004F
:10C30000025E02F00EAF00683073FFEF310207C427
:10C3100093000F3C00683077FFE00200683077FF41
:10C32000EF350068307B000F3B006BC46583CF3C6A
:10C3300003BFDE02F0000201BC601F07706400E072
:10C3400041930617A20068D82F000F390281D80B3D
:10C3500000000200E04193019064006D4192F44FAF
:10C36000370287C49300000200689E4B000002025F
:10C37000815E53000F4A0283411F000F400281DE9D
:10C3800053000F5B01BC600300115101BC6003004E
:10C39000115201BC620300115301BC6003005150F3
:10C3A00001896006F2979401BC60E700107701BC38
:10C3B000600300107601BC60031117A300025E0247
:10C3C000F0013403BFDE02F000020280C54300002A
:10C3D0000201F0C5470011560107C5470017A1012A
:10C3E000F0C54AF4315500B0455700107700B0450C
:10C3F0005B00107601BC60030E97A300025E02F0A2
:10C40000013400B04557000C1000B0455B000C0F24
:10C4100001BC600300115501BC600300115600907F
:10C42000303F00CC0F00B030430017A101AD5E8556
:10C4300081EC0F0189600AF2979401BC6003081037
:10C44000470392DE02F00FAF020480BF000F6001CD
:10C45000BC63FF1FE7F301BC61FF1FE80E03BFDEF3
:10C4600002F00FB101866002F597AC01BC601F07B6
:10C47000706501BC601F0FB06401BC60030037A190
:10C4800001BC60030017A300685A03000F9D01BCA4
:10C4900060030017A502035A0B000F6E02805A0BAF
:10C4A000000FAF00E9440AC017BB00E8C40F001733
:10C4B000A4017BDEEEF497A400685A13000F7C03FE
:10C4C000BFDE02F00F790068DE87002F700203DE06
:10C4D00053000FAF0203DA0B000F8400B05A0F00B5
:10C4E00017A400685A07002F7500685A2F002F758F
:10C4F00001BC60030037A500685A13000F79006C77
:10C50000DE92D0AF7900B05A170017A401BC6003C7
:10C510000037A500201CBAF42F7C00685A1B000FBE
:10C520009703BFDE02F00F7F00885E870097BB0095
:10C53000201CBAF76FAF02015A0B000FAF006CDE80
:10C5400092D0EF9700B05A1F0017A400201CBAF435
:10C550002F8301BC60030037A503BFDE02F00F97F5
:10C560000202DA0B000F9D0204C107000FAF00B0FA
:10C570005A0F0017A400E85A2F0037BB0069DEEFFE
:10C58000000F8A00E85A070037BB013C016F001713
:10C59000800068DE03000F900138016F00178000F3
:10C5A000685E03000F9300E85E030037BB03BFDE45
:10C5B00002F00F9300E85E030037800080DE02D0B7
:10C5C000378000E05EEE0DB7BB00685EEF000F97AE
:10C5D00000E05E92D017A400E85EEF0037BB03BF17
:10C5E000DE02F00F9300685E8F000F9A006B5E9280
:10C5F000F44F9B03BFDE02F00F9D01BC60030037C8
:10C60000A300B05E930017A200B05E970017A600CB
:10C61000885E870037A100E0419701906500E04106
:10C6200093003064006D5E87020F6500685E8F00C6
:10C630000FAF00B044670017A5017BDE962357A516
:10C6400000E85E8AF4B7A400885E9300E4DB009003
:10C650005E9301271D00B0012B0017A300689C7793
:10C66000000FAA006E936EF46FAF03A65E02F00F88
:10C67000AF00B05E9B00078500E9136EF467F3001E
:10C68000E89C7700080E03BFDE02F00FB100681EC1
:10C690001700000203BFDE02F0105901BC61030065
:10C6A00011230069203B000FB50180E006F297944A
:10C6B00003BFDE02F00FB70180E002F2979403BFE0
:10C6C000DE02F0000200684127000FC60284452305
:10C6D000000FB8006800A700AFBC006800A700CF3B
:10C6E000BC006880A7010FBF00B044670017A1001D
:10C6F000E84466F437A2006D5E8B004FBD0280C136
:10C7000027000FC10392DE02F010590392DE02F0FF
:10C710000CE700025E02F014E700025E02F0113D39
:10C7200000025E02F0113800025E02F0114801BC06
:10C73000600F0011E8031EDE02F00FCD01BC6003A4
:10C7400000105C01BC600300905D01BC60530410EC
:10C750005E01BC600300105F03BFDE02F00FD10179
:10C76000BC600B00105C01BC600300905D01BC600C
:10C770004304105E01BC600300105F01BC60030055
:10C780000C1E01BC6003008020028500BF00106009
:10C7900000B01FCF00115100B0203B001152006EBD
:10C7A0001FCE2A8FDA0068A03B000FDA00E01FCE10
:10C7B00023280F03BFDE02F00FFB00B04467000820
:10C7C0000F00E91FCE2A915100E8A03B0011520151
:10C7D000BC61FF1F707701BC63FF1FF07601BC6076
:10C7E000031197A300025E02F0013400B0454B0034
:10C7F000107700B0454700107601BC60030F17A307
:10C8000000025E02F0013401BC602F1AB06500B076
:10C81000455700169100B0455B00169200B0440BDE
:10C8200000169300B0440F00169401BC63FF1FF183
:10C830005201BC63FF1FF15101BC6003001155019F
:10C84000BC600300115601AC607F02907502874105
:10C85000D7000FEF00B041DB0003B100B041DF00B3
:10C8600003B200B0446700082D00B0446B00082CF0
:10C8700000B0446F00082B00B0447300082A00E1A8
:10C880004464FE6C1A00E0C46901CC1B01BC600367
:10C8900002315000B0454300180000686003000FEB
:10C8A000FB01BC600300104000008000000000029B
:10C8B0000480BF000FFF0312DE02F00FFB0068C50B
:10C8C0005700100701BC602F1AB06500B05A47002E
:10C8D000115500B05A4B00115600B05A4F001102CA
:10C8E00000B05A5300110301BC60030017A701BC3C
:10C8F00060030017A801BC600300006601AC607F04
:10C900000F1075028741D700100900B041DB0011FC
:10C910005100B041DF00115200684547001010007F
:10C92000E91FCE2A87F300E8A03B00080E018660CD
:10C9300006F597AC01BC600300107701BC600300F2
:10C94000107601BC60030F17A300025E02F00134F1
:10C9500001BC60030011500284454300101502071A
:10C96000C1E300101600B044670017A100685E869E
:10C970002330180182E0060F10780206C1E3001090
:10C980001A01BC600300402001BC60030000660186
:10C9900086600620110001BC606300107B01BC6052
:10C9A0001B00107A01AC607F029075028741D700AE
:10C9B000102100E941D876379C00E8C1DC76579B0E
:10C9C00000B0303F0017A10080DE72F4379D00B048
:10C9D00041B700179E0080DE6EF4379C00E15E7662
:10C9E0000DB79D00E0DE7300179C017D5E7AF3B702
:10C9F000A1017D5E76F397A200905E730157A300BC
:10CA0000E120B6F4311900E1A0B2F4511A00E1A01E
:10CA1000AEF4711B00E0A0AB00111C00E10DAAF404
:10CA2000236A00E08DAEF4436B00B0441F00180091
:10CA3000008844230157A30090442300D7A400B0EA
:10CA4000440B0017A100B0440F0017A200E95E8656
:10CA50002337A100E8DE8A2357A20069DE8B00108D
:10CA60004100E1440AF4710200E0C40EF4910300B5
:10CA7000E85E230037880069DE2300103600E800F6
:10CA80002700378803BFDE02F010360186600220DF
:10CA9000110001BC600300402000E9306A2337A187
:10CAA00000E8B06E2357A20068DE8B00105001BC76
:10CAB000604F1117A3006DDE86F4705001BC600357
:10CAC00000104001BC600300105D018260060BF0A5
:10CAD0005F00D05E8700713401E1DE8A2691350166
:10CAE000BC6303001133000080000000000182607D
:10CAF000020BF05F02865EB300105900681E17003B
:10CB0000105901BC60430017A100E04466F437806F
:10CB100001BC600300078900025E02F00EAF006CEA
:10CB20004466F0105900681E2700105503BFDE024E
:10CB3000F00F5B0200DE530010630180E002F29709
:10CB40009400025E02F0113B01BC60030010400340
:10CB5000BFDE02F0105E00E044640957A103BFDEAF
:10CB600002F0106301BC600300104000B0012F0010
:10CB700017A100E0012AF4310900B0012F001109CA
:10CB800001BC61CF0C105C01BC600300105D01BCF6
:10CB900061CF01F05E01BC603B0AF05F00025E0203
:10CBA000F0114400025E02F0114B00025E02F0112F
:10CBB0004101BC6003000785006D80A7008CE70081
:10CBC000E044670477A10068DE8623306E03BFDE91
:10CBD00002F00CE701885E0610D08601025E0700B5
:10CBE00017A101825E8610D0860002DE02F00000EE
:10CBF00000B0004700108601082047001781013867
:10CC000052030017800102C0270017A600025E022F
:10CC1000F015F80068204700507B00B0540700175B
:10CC20008000025E02F01070006820470030830030
:10CC300068A04700107F021A54070010830103C048
:10CC4000270017A103BFDE02F010820106C03B00DF
:10CC500017A101825E8610D0860002DE02F000007D
:10CC600000B054130017A10068DE4F16B08700B063
:10CC700054130017A10200DE0700108F00B0418B93
:10CC800000106501BC600301D7A10068DE4F16B03B
:10CC90008C01BC60030297A100025E02F0160B003B
:10CCA000E05E8400F7A103BFDE02F010940204806E
:10CCB000F300109402025E0700109402805E0700E9
:10CCC00010940090001B0037A200E85412F457A102
:10CCD0000002DE02F00000020400BF001098000213
:10CCE0005E02F011E903BFDE02F0109900A044B625
:10CCF000F0B1450002DE02F00000020000BF0010AB
:10CD0000AA0068ABEF0010AA00E05EA30037A800FD
:10CD10006D5EA005D0AA00B02E2F0017A100025E04
:10CD200002F0012700B040670017A20068DEA3FFF1
:10CD3000F0A700B05E897197A2006D00A70090A6D1
:10CD4000006DA0870050A803BFDE02F010A70068A6
:10CD5000A0870010A800B85E897197A200025E0249
:10CD6000F0012B01BC60030017A80002DE02F000F6
:10CD70000000D85A030117A201B85A06F457A200BE
:10CD8000B0560300083600B0560700083700B0560A
:10CD90000B00083800B0560F00083900B0561300D9
:10CDA000083A00E05612F4483B00B05A0300083439
:10CDB00001385E8B00083500B020EF0017A401BCDD
:10CDC00060030017A200B0419300106500B85E92A6
:10CDD000D017A400E05E06F4506300F05E930017E5
:10CDE000A300F05E930077A400E05E8B0037A20002
:10CDF000B85E92F477A400E04192F4506500E056EA
:10CE000002F4958000B056030017A4006EDE8B007C
:10CE1000B0B800B85E92C0D7A200D85E8B0037A22F
:10CE200000E020DAF4483600B020DB0017A400B898
:10CE30005E92C0F7A200D85E8B0037A200E020DE31
:10CE4000F4483700D820DF0037A200E020E2F448A1
:10CE50003800D820E30037A200E020E6F44839008B
:10CE6000D820E70037A200E020EAF4483A00D820B2
:10CE7000EB0037A200E020EEF4483B00B020EF00CA
:10CE800017A200B85E8AC017A200905E8B0037A27E
:10CE900001BC5E8906A8350002DE02F000000180B8
:10CEA00060063C91E4018760063CD1E601A860027F
:10CEB0003CD1E6018B60023CD1E600B05E8F0010F1
:10CEC0006300B056030011E700B056070011E700F9
:10CED000B0560B0011E700B0560F0011E701A96032
:10CEE000423C91E401A860023CD1E6018B60063C23
:10CEF000D1E600B05E8B00106301BC60030057A157
:10CF0000020456030010E601BC60030117A100E013
:10CF1000418EF4306300B056030011E700B05607AD
:10CF20000011E700B0560B0011E700B05E8B001057
:10CF30006301BC600300B7A10204D6030010F00136
:10CF4000BC60030117A102065E530010F001BC6033
:10CF5000030197A100E0418EF4306300B056030056
:10CF600011E700B056070011E700B0560B0011E7BB
:10CF700001BC60030017A10206DE530010FB00B0E5
:10CF80005E8B00106302065E530010FA00A0563F4D
:10CF900001F7A103BFDE02F010FB00A0563301F73A
:10CFA000A100B05E870011E701BC60030011E7003B
:10CFB00002DE02F0000000685E9B00D11801BC6038
:10CFC000070211E30068DE9B00510B00E847870170
:10CFD00011E101BC60030011E201BC60030011E239
:10CFE00001BC60030011E201BC60030011E201BC5E
:10CFF00060030011E201BC60030011E201BC6003A8
:10D000000011E201BC60030011E200B06142F45182
:10D01000E000B058030011E200B058070011E20030
:10D02000B0580B0011E200B0580F0011E200B058E8
:10D03000130011E200B058170011E200B0581B00B5
:10D0400011E200B0581F0011E200B05E9B0017A46F
:10D050000068DE9B00B11601BC60030077A401925A
:10D06000DE930217A30002DE02F0000001BC60079D
:10D070000011E300B058030011E200B0580700119E
:10D08000E200B0580B0011E200B0580F0011E200AE
:10D09000B058130011E200B058170011E200B05868
:10D0A0001B0011E200B0581F0011E200E00146F041
:10D0B000106401BC60070031E300B058030011E2C6
:10D0C00000B058070011E200B0580B0011E200B0A8
:10D0D000580F0011E200B058130011E200B05817C9
:10D0E0000011E200B0581B0011E200B0581F0011FF
:10D0F000E20192E01B0017A30002DE02F000000232
:10D100008740C300112D01866006F0103002864072
:10D11000C300112F00B040C70017810002DE02F0EB
:10D120000000028740C300113200B05E07001031DA
:10D130000186E006F010300002DE02F00000006818
:10D1400000A701978C03BFDE02F0114A00025E02C5
:10D15000F0113B00025E02F0114B0002DE02F00013
:10D1600000006800A701970F0002DE02F000000136
:10D17000816006093049006800A700914000025E06
:10D1800002F0114C0002DE02F0000000025E02F02C
:10D19000114C018160020930490002DE02F00000FA
:10D1A0000188E00E09304900B0412700180000B0A6
:10D1B000002B0010020002DE02F0000001BC600340
:10D1C0000010020182E0020F10780002DE02F0007F
:10D1D00000006800A701978B00B041270017A1004D
:10D1E000B0412701D04900B05E870017A100B05EB2
:10D1F000870017A100B05E870017A100B05E87000E
:10D2000017A100B05E870017A100B05E870017A1CC
:10D2100000B05E870017A100B05E870017A100B0C4
:10D220005E870017A100B05E870017A100B05E877F
:10D230000010490002DE02F000000100DE5300177A
:10D24000A601BC60030037A103BFDE02F0115D0040
:10D25000025E02F00127018760060337A20068DE44
:10D260009B001161018760020337A200025E02F099
:10D27000012B0002DE02F000000202411F001176C5
:10D2800002825E5300116801826006F2979400B03A
:10D29000446700180000B0446B00081B00B04467EE
:10D2A00000180000E844690377A4006800A7009113
:10D2B0006B006DDE9300517000E044670317A30319
:10D2C000905E02F011730285C5230011730068DEC1
:10D2D0008E23316D01BC600302104701BC60030066
:10D2E000904301826002F2979401826002F5B7AD2B
:10D2F000006800A7009176006800A700B1760002E0
:10D30000DE02F000000201C11F00118902855EAF3C
:10D3100000117C01856006F577AB00B0446700081A
:10D320001E00B0446B00081F00E9446503D7A1004C
:10D33000E8C46903F7A200D05E870077A101E1DEAF
:10D340008AF437A200E95E862697A100E8DE8A26E5
:10D35000B7A200695E8B00118901BC610300113323
:10D3600000E144DAF4313600E144DEF4513701855E
:10D370006002F577AB01BC600301104701BC60039C
:10D380000050430002DE02F000000201AE2700114F
:10D390008C0284C52300119601BC600F0C1065003F
:10D3A000E0419571306502002E2700119000E041A8
:10D3B0009700B06501BC600F0D17A1006E4196F497
:10D3C000319400E15A0229368000E0DA0700168124
:10D3D00001BC6003000B8901BC600300114900021D
:10D3E000DE02F0000000B0451F00178100B005B755
:10D3F0000017A601BC600704106401BC60131B90F9
:10D400006501BC60030017A10205DEAF0011B10089
:10D41000B0580F0017800068DE842C31A100E0585E
:10D420002300360803BFDE02F011B902005E9B0044
:10D4300011B10280DA030011A70118581F001782EA
:10D4400000E05E0B00378201985E0AC0F60703BF5A
:10D45000DE02F011AA011A581F00178200E05E0BCD
:10D46000003782019A5E0AC0F60701F0DE0300373A
:10D470008000A05E02C0578000B05E03001603006B
:10D48000A044B6F0178200B05E0B00160500E05E07
:10D490000AC0960603BFDE02F011B900B0581300AF
:10D4A000178200E85E06F057A5006ADE970011B704
:10D4B00000E85816F4B6050069D8170011B701BC8A
:10D4C000600300160500B058170017A500E05812B9
:10D4D000F4B60600E0419302106400E0419706D0E4
:10D4E0006500E05E870037A100905E9B0037A600D4
:10D4F00068DE8700919C01BC600300114701BC609D
:10D500000300016D0002DE02F0000001BC600300B8
:10D51000016C01BC600300016D01BC60070A10646E
:10D5200001BC60030077A100B0428F00178000A00B
:10D530005E0301F78000B05E0300016E01BC63FF73
:10D540001FF7A20068DE030011CB01BC60030017C7
:10D55000A200886006F43781002005BAF031D000BF
:10D5600068DE8AC0D1D000E005B300216C00B005B0
:10D57000B6F0216D00685E030011D400205E06F055
:10D5800011DA006EDE8AC0D1DA03BFDE02F011D5F7
:10D59000006DDE8AC0D1DA00B05E870017A300B04C
:10D5A000419300016600B0581B0017A201BC600344
:10D5B00000016C01BC600300016D00E841930210A2
:10D5C0006400E85E870037A10069DE870011CB00A8
:10D5D000B05E8F0001650002DE02F0000000B005C1
:10D5E0009B00106400B0581B00114500B0059B0063
:10D5F000016200B0059700016100B0580F00178567
:10D6000000B0580700178300B0580B0017840118AA
:10D61000581F00178C011A581F00178D0002DE02D8
:10D62000F0000000B0058B001064006E41932A11D9
:10D63000F600A044B6F0B7A100B05E870016050062
:10D64000E05812F4360600B0581B001145020000E5
:10D65000F30011F3006D41932811F30200DEAF00D7
:10D6600011F301BC600B02514200B05E8700016FF4
:10D6700002015EAF0011F600B05E170016030181D3
:10D680006002F577AB0002DE02F0000002014523E4
:10D690000012010287C49300120101826002F5D7D3
:10D6A000AE02012C230011FE00E02C2B002B0A01FE
:10D6B000816001610B0802065EB700120100E02ADA
:10D6C000D7002AB501866002F5B7AD0002DE02F090
:10D6D0000000020200BF00120F00025E02F01237CB
:10D6E0000202DEB30012070068428F000F2503BF5D
:10D6F000DE02F00002028881AB00120F02845EFF9E
:10D7000000120502845EB30012050282DEFF0012E1
:10D710000502822B2F00120D00682A9B00120F02B7
:10D7200084DEAF00120502845EB700120500B05E11
:10D73000870017A10002DE02F000000182E002F57E
:10D7400097AC0203DEFF0012190284452300121970
:10D7500002012B2F0012190180E006F297940002BB
:10D760005E02F0114C0180E002F2979400025E022A
:10D77000F0114C0180E002F297940201AC230011F9
:10D78000360181E001610B0803BFDE02F0113802AF
:10D790000400C70012270206ABD30012210284C581
:10D7A000AF00123503BFDE02F012220284C56F0003
:10D7B0001235028445230012240200420300123570
:10D7C00000685E4B04B23500685E4B06B2350068F7
:10D7D0005E4B0632350182E006F597AC02844523A4
:10D7E00000122A0323DE02F0122B0183E006F597D4
:10D7F000AC0180E006F29794028400C70011360065
:10D80000B02AD70017A2006DDE8955113602872B8A
:10D810002F00123202005EFF0011360207AB2F000C
:10D8200011360181E005610B0803BFDE02F01138FB
:10D8300003BFDE02F011360002DE02F00000020239
:10D8400000BF00144D0206ABD30012440104C1070F
:10D850000017A101855E85610B0802042C230012CC
:10D860004401846001610B0801BC60370017A2010C
:10D87000BC60031417A100B045E300180000B045D8
:10D88000E300180000B045E300180001BC6203008B
:10D89000107701BC60031B507600025E02F0013E6F
:10D8A00000682AEB00124900E844655757A101BC03
:10D8B00063F71D17A2006D5E86F4524900E84466C6
:10D8C000F44ABA006CC46556724B00E84467002AFB
:10D8D000B30206ABD3001250006DC46701524E0173
:10D8E000BC6003000B100284C5AF0012BD03BFDE95
:10D8F00002F012510280456F0012BD020701AB0019
:10D9000012530180600209D04E01BC63FF1FF7A1D2
:10D910000068C586F4325601BC6003000ABD0204EB
:10D92000DEB700144D0184E002F5B7AD0184E001DB
:10D93000610B080202DEB30012740206ABD30012C0
:10D94000650068AAF700925D00682B0300125E0371
:10D95000BFDE02F01263018B600E2B915C0287AB7D
:10D96000D30012620182600209D04E03BFDE02F0D2
:10D9700012630182600609D04E00025E02F01211AD
:10D9800003BFDE02F01267018360062B915C000288
:10D990005E02F012110204DEAF0012740282DEBBDE
:10D9A0000012740068AAF700926C0106AB1700170A
:10D9B000BB0068DEEF001270028480C700127400A2
:10D9C00068AAF700326F006CC4655672730068AACB
:10D9D000F700927400682B0300127400E845895A1E
:10D9E000F7A1006D5E856052740186E005610B0849
:10D9F00002835EBB00127A0206ABD300127800E805
:10DA000045C95AF7A103BFDE02F0127900E8458943
:10DA10005AF7A1006E5E8554B2970205DEB7001278
:10DA20009300E02B97002AE501BC6003000AE700A1
:10DA3000682C4700127F00E82C47002B11018660FC
:10DA400002F5B7AD0204DEFF00128900B02B9B0087
:10DA500017A200B02A9B0017A10283AC27001286F0
:10DA600000682C87001287006D5E8564328700B0E5
:10DA70002C7F0017A2006D2B96F452890184E002DE
:10DA8000F7F7BF0206DEFF00129300E02BC7020A81
:10DA9000F100B04467000AFC01182BC70017A10170
:10DAA0001A2BC70017A2006E5E87001291006DDE70
:10DAB000895E529103BFDE02F0129301BC60030045
:10DAC0000AF10186E002F7F7BF02025EFF00144D83
:10DAD0000068AAEB00144D00B02AC7000ABA03BFC1
:10DAE000DE02F0144D0182E002F7F7BF02862C231C
:10DAF00000129F0068B05B00129B0068305F00124C
:10DB00009F00E9446582D7A600E8C46982F7BB009C
:10DB1000E10EE2F4C3B800E08EE6F763B902025EFC
:10DB2000FF0012A7020600C70012A402802BD30038
:10DB300012A400B02B2B0017BB006E2B02F7744D04
:10DB400002025EFF0012A700B04467000ABA03BFDA
:10DB5000DE02F0144D0205DEB70012B500682AF7A8
:10DB60000872AA00E8446555CAB600682C4700123E
:10DB7000AC00E82C47002B1100E02B9F002AE700A7
:10DB8000B02BA30017A100B02A9B0017A20283AC00
:10DB9000270012B200682C870012B3006D5E896402
:10DBA00032B300B02C830017A1006D2B9EF432B568
:10DBB00001BC6003000AE50068AAF700B2B800B033
:10DBC0004467000AEF00B0446B000AF30068AAF74C
:10DBD0000132BC00B04467000B0B02062BD30012CD
:10DBE000BC00B02C7B010B1E03BFDE02F0144D0203
:10DBF0000701AB0012BF0180600609D04E0204DEAF
:10DC0000B70012C80283C5730012C201876006F50F
:10DC100077AB0282DEB300144D0203C57300141CFF
:10DC200000E844655637A1006D5E8555B44D01830B
:10DC30006006F5D7AE03BFDE02F0144D00E10ED34F
:10DC40000023B400E08ED70003B502862C23001217
:10DC5000CD00B04467000C1600B0446B000C1702F6
:10DC600006AC230012D001846002F5B7AD0186E056
:10DC700001610B080206ABD30012D701BC600300A0
:10DC80000AD7006D45C71F52D400B045C7000AD758
:10DC900000E044655AF7BB00E85EEE2E2AB103BFF0
:10DCA000DE02F012DC01BC6003000AD7006D45877C
:10DCB0001F52DA00B04587000AD700E044655AF7E2
:10DCC000BB00E85EEE2C2AB101836002F5D7AE01FD
:10DCD00084E006F5B7AD0185E002F5B7AD018260DD
:10DCE00002F7F7BF01856002F5B7AD01BC60030024
:10DCF0000B0500E844655637A1006D5E855DD2E2F4
:10DD0000006D5E8555B2E600E02B63002AD800B0B6
:10DD10002A930017B30206ABD30012F501BC6003CF
:10DD200001917800B045E300180000B045E7000A13
:10DD3000C401BC600301B17800B045E300180000E5
:10DD4000B045E7000AC501BC600301D17800B045C9
:10DD5000E300180000B045E7000AC601BC600301FB
:10DD6000F17800B045E300180000B045E7000AC7AD
:10DD700003BFDE02F0130101BC600300117800B0A4
:10DD800045E300180000B045E7000AC401BC600389
:10DD900000317800B045E300180000B045E7000A04
:10DDA000C501BC600300517800B045E300180000D5
:10DDB000B045E7000AC601BC600300717800B045B9
:10DDC000E300180000B045E7000AC70182E00161E6
:10DDD0000B080207AB1B0013040182E005610B086E
:10DDE00000B02B170017BB01285EEF000ABD01BC75
:10DDF00060131C57BB02182B1B00130B01182B1BA5
:10DE00000017A60080DE9AF777BB00B041B7001775
:10DE1000B301342B1B0017A201182B1B0017A30002
:10DE2000682AF70033180068AAF700931100685EAB
:10DE30008F00731A03BFDE02F0131800682AF7017F
:10DE400033170068AAF70053150068DE8B007319BA
:10DE500003BFDE02F013170068AAF700731A006808
:10DE6000DE8B00D31900685E8F00331A00685E8F66
:10DE700000131A018760055E8AF402032BD3001396
:10DE80002200682AF702D31D0068AAF702B3220114
:10DE9000BC60131C57BB0234AB170013220134AB18
:10DEA000170017A60080DE9AF777BB00B041B700D5
:10DEB00017B302022C270013240186600560AB050E
:10DEC000006E2AF701F3280088600557B7BB0020D1
:10DED000DEED5C532B03BFDE02F0132E00E82AF7C1
:10DEE0000217BB00886006F777BB00205EED5C730D
:10DEF0002E01856006F5B7AD020480C300132E0124
:10DF000084E00560AB05006E2AF701F335008860F8
:10DF10000557B7BB00205EEF0193330186600160B7
:10DF2000AB050068AC470013390020DEED5A93388A
:10DF300003BFDE02F0133900E82AF70217BB00889E
:10DF40006006F777BB00205EED5AB33901846005A7
:10DF500060AB050068AAF702F342010DAB1700178A
:10DF6000A1010EAB170017A200685E8700134200E4
:10DF7000E05E86F457A100E05E87080ABD01866076
:10DF80000160AB0500682C4700134201846001600A
:10DF9000AB0502032BD300134E018360015AAAD5AF
:10DFA00000682AF702D3490068AAF702B35E006846
:10DFB000AAE700134C0068AB2300134C0282DEBBBF
:10DFC00000134C02072B1B00134C0184600560AB4F
:10DFD0000503BFDE02F0135E0283C57300135E000B
:10DFE000025E02F015BE0068AAF702B35E0183600C
:10DFF000055AAAD500E02C8F002B2301856002F57D
:10E00000B7AD0068AAE700135E0068AB2300135E9B
:10E010000282DEBB00135E00B02AC30017A20134E7
:10E020002B1B0017A1006EDE8706135900B02ABF14
:10E030000017A2006E5E8964735E01BC6003000B72
:10E040002301BC6003000ADA01856006F5B7AD0163
:10E0500084E005610B080068AAF700B36802075E58
:10E06000FF00136801342B1B0017A3006DDE8D60C9
:10E07000336800685E8F0013680283AB1700136675
:10E080000183600560AB0503BFDE02F0136800B0DA
:10E090002BDB000AF000B0446B000AF70068AAF717
:10E0A0000133770202AC2700136B0186E00560ABF9
:10E0B000050281ABD300137701BC6003000ADA00CC
:10E0C000682C2F00137700E844656177A1006D5E2E
:10E0D0008561937400B02C330017A200E05E896163
:10E0E000B7A2006DDE86F453760200AC23001377EE
:10E0F0000185600560AB0503BFDE02F01377018088
:10E10000E001610B080068AAF701137A00B02AC782
:10E11000000AD10187E006F7F7BF0207DEFF001310
:10E120007C0181E00560AB0500682AF700338100BF
:10E13000682AF701F38102852BD300138000682A37
:10E14000F70313810068AAF700939201826006F733
:10E15000F7BF00B02AC7000AB90068AAF7031388FE
:10E1600000682B2300138800B00013000ABD00B024
:10E170002B7F000AC003BFDE02F013910068AAF7EC
:10E18000009392011C2B17000AC00106AB17001761
:10E19000BB00685EEF00138F01BC6003006AC30020
:10E1A000B02C7B004B1E03BFDE02F0139100A82CA5
:10E1B0007B004B1E01BC6003008AC300B02AC7006D
:10E1C0000AC80202DEBB00139F0284DEFF00139523
:10E1D0000206DEFF00139F00B02AD70017A2006DD1
:10E1E000DE8955139E00B02B9B0017A200B02A9B1E
:10E1F0000017A10283AC2700139C00682C87001332
:10E200009D006D5E8564339D00B02C7F0017A200D9
:10E210006DAB96F4539F0182E00560AB050286ABBF
:10E22000D30013AD0088600557B7A10020DE8563D9
:10E2300093A500E82AF70217A100886006F437A129
:10E2400000205E8563B3AB00682C6F0013AB013414
:10E250002B1B0017A2006E5E8B0293AA00B02C7BD2
:10E26000002B1E03BFDE02F013AB00A82C7B002B9B
:10E270001E0068AAF702F3AD00B04467000B1B0054
:10E28000E05ECD54B7B301826002F5D7AE00B02C8A
:10E290002B0017A100B02AD70017A2006D5E895588
:10E2A00013B402865EB70013C503BFDE02F013B6D7
:10E2B000006D5E855FF3CA02812C230013C501BC8B
:10E2C000601F07706501BC601F11506401BC601FB6
:10E2D00011D7A400685A030013C10088580300F73F
:10E2E000A30134D8030017A200E95E8E2337A301EF
:10E2F000C3E0022357A500E8DE8AF4B7A20068DE77
:10E300008B0013C1006EDE8EF673C500E0419300F2
:10E31000306400E04197019065006D4192F493B93B
:10E3200003BFDE02F013CA00682AF70093CA006830
:10E330002AF70053CA00682AF70073CA01826006F0
:10E34000F5D7AE00025E02F015BE01BC60131C578B
:10E35000BB01342B1B0017A20080DE8AF777BB00BD
:10E36000B041B70017A200682AF70053D700682A07
:10E37000F70253D700682AF70273D700682AF7001C
:10E3800073D700682AF70853D700682AF70873D7AD
:10E3900000682AF70893D700682AF703D3D703BF8A
:10E3A000DE02F013E60185E006F5B7AD00685E8B8E
:10E3B0000013E100B05E8B000AA60182E006F5D7EB
:10E3C000AE00682C8B0013DE006E5E896453DE01A4
:10E3D00081600563CB1E00E02BAB002AEA006E5E75
:10E3E000896013E10182600560AB0500E844655671
:10E3F00037A100B044670017A300682AF70893E527
:10E4000000E85E8EF42AAE01846002F7F7BF028254
:10E41000DEB300144D0203C57300141C00B02AAB18
:10E420000017A200B02AB30017A30068AAF7009350
:10E43000F602802BD30013F600B02B030017A100C7
:10E440006D5E855873F20180E00560AB0500682BB6
:10E450004F0013F201BC6003000ABC00025E02F030
:10E46000159B00685E870013F600682BE70013F623
:10E4700000B02BE70017A200B02BEB0017A3006839
:10E480005E8F0013FF00682AEB0013FF00E844656D
:10E490005757A100E05E8EF457A2006D5E86F453DC
:10E4A000FF0181600560AB0500682B4F0013FF0181
:10E4B000BC6003000ABC00025E02F0159B0281AB47
:10E4C0002F00140402005EFF001404020445230020
:10E4D000140403A0DE02F014040183E00560AB0520
:10E4E0000281AC2700141C02862C1700144D0286F2
:10E4F000AC1700144D028080BF00144D02825EBB39
:10E5000000144D02822BD300141C0281AC1700149E
:10E510001C0280AC1700141C02812C1700141C0272
:10E52000822C1700141C028881AB00141C0282ACE0
:10E530001700141502832B1700141C02832C1700DC
:10E54000141502852C1700141502842C1700141CB6
:10E550000284AC1700141C0283AC1700141C028444
:10E560005EB700141B0204DEAF00141B0281DEBB89
:10E5700000141B0184E002F577AB00025E02F01587
:10E580009F03BFDE02F0144D00E844655637A1003A
:10E590006DDE8554B4280206ABD30014210183E05C
:10E5A000022B915C03BFDE02F0144D0183E0022BCD
:10E5B000915C01BC600318517800B045E30018007D
:10E5C000018360022F317900A84138F9D7A100B04A
:10E5D0005E84FE704E03BFDE02F0144D028101AB7B
:10E5E00000142C020081AB00143702842C17001495
:10E5F000370280AC170014370206ABD30014350085
:10E600006BAC4223343000E04467014B10018B6057
:10E61000022B915C0287ABD30014330182600609A0
:10E62000D04E03BFDE02F014340182600209D04EE6
:10E6300003BFDE02F01436018360022B915C03BF3E
:10E64000DE02F0144D0206ABD3001440006BAC4266
:10E6500023343B00E04467014B10018B60022B9197
:10E660005C0287ABD300143E0182600609D04E03E2
:10E67000BFDE02F0143F0182600209D04E03BFDE0C
:10E6800002F01446018B60022B915C01BC60031800
:10E69000517800B045E3001800018360022F317902
:10E6A00000A84138F9D7A100B05E84FE704E000288
:10E6B0005E02F0121D02845EB700144D02832BD35C
:10E6C00000144A00682AF702B44D0184E006F57789
:10E6D000AB00E02B27002AC903BFDE02F01587003C
:10E6E00002DE02F000000185E002F5B7AD018360B3
:10E6F00002F5D7AE0182E002F5D7AE0182E002F763
:10E70000F7BF0184E002F7F7BF01BC6003000AD342
:10E7100001BC6003000AC801BC6003000AC001BC60
:10E720006003000AEA018760015F6AFB01BC6003C5
:10E73000000C1601BC6003000C170181600163CB63
:10E740001E0002DE02F00000020200BF0014B2024E
:10E7500083DEFF0014DA0183E006F7F7BF0185606E
:10E76000060B705B018560060BF05F0206ABD30001
:10E77000146601BC600302116D00B02A9700116E8F
:10E78000028045AB00147A03BFDE02F0146901BCBD
:10E79000600302115D00B02A9700115E0280456B94
:10E7A00000147A0206ABD3001473006BAC4223341E
:10E7B0006D00E04467014B10018B60022B915C02FD
:10E7C00087ABD30014700182600609D04E03BFDE10
:10E7D00002F014710182600209D04E0188600E2D92
:10E7E000516A03BFDE02F0147A018B60022B915C48
:10E7F00001BC600318517800B045E30018000183A4
:10E8000060022F317900A84138F9D7A100B05E84A9
:10E81000FE704E0188600E2B515A00B0413F1FF030
:10E820004F00682ABB00148001846006F7F7BF011F
:10E83000BC602F1717A300E04466F46AB401BC6003
:10E8400003000AAE00025E02F0144E00E844695F65
:10E85000D7A1006EDE8700348A00B02BD7000AF003
:10E8600001BC6003000AEF00682AEB00148A00B0C4
:10E870004467000AB900E84465554ABA00B02AB3B3
:10E880000017A100E82AEAF42ABA028080BF001427
:10E89000970281DEBB0014A80206ABD300148F02DE
:10E8A00004C5AF00149703BFDE02F01490020045C8
:10E8B0006F0014970283C5730014970206ABD30050
:10E8C000149501BC63FF1FF7A10068C5C6F434A806
:10E8D00003BFDE02F0149701BC63FF1FF7A10068BD
:10E8E000C586F434A80206ABD300149E018B600EDB
:10E8F0002B915C0287ABD300149C0182600209D08B
:10E900004E03BFDE02F0149D0182600609D04E0363
:10E91000BFDE02F014A4018B600E2B915C01BC6081
:10E920000318517800B045E3001800018B2B2E2FFF
:10E93000317900A84138F9D7A100B05E84F9B04E12
:10E940000184E002F5B7AD0184E002F577AB018503
:10E95000E001610B0803BFDE02F015920206ABD3A3
:10E960000014AB00025E02F0121D03BFDE02F014C1
:10E97000AD018360022B915C00025E02F0121D016A
:10E9800084E006F5B7AD0184E006F577AB0206AB8F
:10E99000D30014B101846005610B0803BFDE02F0EF
:10E9A0001592018D60020BF05F0206ABD30014B626
:10E9B0000188600E2D516A03BFDE02F014B7018892
:10E9C000600E2B515A028181AB0014C80206ABD3F2
:10E9D0000014C1006BAC422334BC00E04467014B1F
:10E9E00010018B60062B915C0287ABD30014BF0132
:10E9F00082600209D04E03BFDE02F014C0018260C3
:10EA00000609D04E03BFDE02F014D7018B60062B3F
:10EA1000915C01BC600318517800B045E300180018
:10EA2000018360022F317900A84138F9D7A100B0E5
:10EA30005E84FE704E03BFDE02F014D70206ABD335
:10EA40000014D1006BAC422334CC00E04467014B8E
:10EA500010018B60022B915C0287ABD30014CF01B5
:10EA600082600609D04E03BFDE02F014D00182603E
:10EA70000209D04E03BFDE02F014D7018B60022BD7
:10EA8000915C01BC600318517800B045E3001800A8
:10EA9000018360022F317900A84138F9D7A100B075
:10EAA0005E84FE704E0184E002F5B7AD0184E002A1
:10EAB000F577AB00025E02F0144E0002DE02F000B9
:10EAC0000000B0446B000AFE0202DEB30014E7024D
:10EAD00006ABD30014E5018360062B915C0287AB83
:10EAE000D30014E20182600209D04E03BFDE02F0BF
:10EAF00014E30182600609D04E00025E02F012119A
:10EB000003BFDE02F014E7018360062B915C000274
:10EB10005E02F0121101866005610B08020200BF5F
:10EB200000150C0183E002F7F7BF0203C573001460
:10EB3000FC020080BF0014FC0206ABD30014F500F9
:10EB40006BAC422334F000E04467014B10018B6052
:10EB50000E2B915C0287ABD30014F3018260020993
:10EB6000D04E03BFDE02F014F40182600609D04EDD
:10EB700003BFDE02F0150B018B600E2B915C01BC14
:10EB8000600318517800B045E3001800018B2B2E6C
:10EB90002F317900A84138F9D7A100B05E84F9B0CF
:10EBA0004E03BFDE02F0150B0206ABD300150500C5
:10EBB000E0446700B7BB006CC466F774FE018B606D
:10EBC000022B915C0287ABD300150301826006091A
:10EBD000D04E03BFDE02F015040182600209D04E60
:10EBE00003BFDE02F0150B018B60022B915C01BCB0
:10EBF000600318517800B045E300180001836002FB
:10EC00002F317900A84138F9D7A100B05E84FE7099
:10EC10004E0182E002F597AC0002DE02F000000136
:10EC2000BC60030037A20020E3FE0915680020E065
:10EC3000420D956802845EB30015680280420300AD
:10EC400015680284452300156803915E02F015687B
:10EC50000068AB4F0015680282DEFF00156800688F
:10EC60002ABB00151900E8446555D7B900E82A9A6F
:10EC7000F737B902805EFF00159B020180C70015BF
:10EC80009200B02AD70017A1006DDE8555159202BB
:10EC900082DEB30015680203C573001549020480C3
:10ECA000C700154900685E8B00152E0284AC230056
:10ECB000152E0203C5730015490202ABD3001525BA
:10ECC00002855EBB0015260282DEBB00154900B03E
:10ECD0002B830017A1006EAB6AF4352E0203C573B7
:10ECE00000154900682A9B00152D00682ABB0015F5
:10ECF0002E006ADEE554F549006ADEE55A55490002
:10ED0000682AE700154902941DF30015310203DE5D
:10ED10005300153603BFDE02F0153401141DF30055
:10ED200017A600901CBAF4D7A602005E9B00153609
:10ED300000B02B87000AA703BFDE02F0159201BCCA
:10ED4000600302579201BC63FF1FF0C301BC600364
:10ED50000910E301865E8A1C70E3018460061C7062
:10ED6000E300682AEF00153D0185E0061C70E30111
:10ED7000BC600303978200025E02F0157200B0547B
:10ED8000130010E400E043915B30E401BC60030039
:10ED900010EE01BC63FF1FF0CE00E02AEF002ABB9B
:10EDA00001BC61030077A601141DF30017A200B097
:10EDB0005E8B000C1801BC610303EC1903BFDE027B
:10EDC000F0156202845EB700156801BC60230890EC
:10EDD000E600025E02F0016A00B05ECF0010E400BF
:10EDE00068AAF70035520205AC2300155200E82A44
:10EDF000CE2337A3006DDE8E1C955200B05E8F00CF
:10EE000010E400682A9B00155A00B02ADB0010E4C9
:10EE10000206ABD30015570284C5AF00155A03BFD5
:10EE2000DE02F015580280456F00155A00695EE752
:10EE300000155A00E05EE556D0E40282DEBB001504
:10EE40005E00682AF700155E00E10EDA1C83B6004A
:10EE5000E08EDF0003B701BC600301D78200025ED1
:10EE600002F0157201BC61030077A603BFDE02F059
:10EE7000156200B0004700108600025E02F015F82F
:10EE800000025E02F010700190600A0910480184CF
:10EE90006006F597AC00B05E9B0010800002DE02B9
:10EEA000F0000002805EFF00156D0281DEBB0015E0
:10EEB0006D020180C7001592020480C700159201FF
:10EEC000806002F7F7BF0280C28F0015930201DE57
:10EED000BB00159301BC60030017A203BFDE02F064
:10EEE000150E00685E4B0635790285DEFF00158041
:10EEF00000B02B370017A1006DAAEEF4358001BCDD
:10EF0000600301378000B02B3B0017A1006D2AEE93
:10EF1000F4357B02812BD300157B01BC60030177A4
:10EF20008001BC600300378100025E02F0014301F2
:10EF3000D2DE0AA030E000B0540B0010E103BFDEC7
:10EF400002F015860280ABD300157901BC60030185
:10EF5000578001BC600300178100025E02F001438C
:10EF600000B054070010E000885E0B0070E1000262
:10EF7000DE02F0000000682AF30015920204DEAF02
:10EF800000159200E844655797A4006E5E9154F511
:10EF90009200885E930037A4006D5E9154F5920054
:10EFA000025E02F015E303BFDE02F0159F00E844A5
:10EFB000655797A400885E930037A400025E02F0B4
:10EFC00015E303BFDE02F0159F0284DEAF00159645
:10EFD0000181E002F5D7AE03BFDE02F0159F0068A5
:10EFE0002B6700159B00E044655B2AD300682B6B00
:10EFF00000159A00E044655A4AD30002DE02F00090
:10F000000001806006F7F7BF00682AF300159F0033
:10F01000E844655797A400025E02F015E30184609E
:10F0200002F597AC01BC6003000ABC01BC600300A0
:10F030000AD301BC6003000ABB0104DEAF0017A1C4
:10F0400001845E86F5B7AD0284DEAF0015A80180AD
:10F0500060060D906C0002DE02F000000285AC2319
:10F060000015BD0203C5730015BD00B02A8F00173F
:10F07000A30202AC230015AD00B02AAF0017A30213
:10F0800002DEBB0015AF00B02A8B0017A300E044DE
:10F0900066F46AB30185E005610B0800B0446700BF
:10F0A0000B030206ABD30015B7006BAC422335B699
:10F0B00000E04467014B100183E0022B915C03BF29
:10F0C000DE02F015BD0183E0022B915C01BC600300
:10F0D00018517800B045E3001800018360022F3119
:10F0E0007900A84138F9D7A100B05E84FE704E00C7
:10F0F00002DE02F000000202DEB30015C90206AB18
:10F10000D30015C7018B600E2B915C0287ABD30037
:10F1100015C40182600209D04E03BFDE02F015C59E
:10F120000182600609D04E00025E02F0121103BF98
:10F13000DE02F015DB018360062B915C00025E02AB
:10F14000F012110203C5730015CE0284DEAF001564
:10F15000CE0281DEBB0015CE02805EFF0015CE021E
:10F16000045EB70015E20206ABD30015D5018B6033
:10F170000E2B915C0287ABD30015D301826002098C
:10F18000D04E03BFDE02F015D40182600609D04ED6
:10F1900003BFDE02F015DB018B600E2B915C01BC1E
:10F1A000600318517800B045E3001800018B2B2E46
:10F1B0002F317900A84138F9D7A100B05E84F9B0A9
:10F1C0004E0183E001610B0801846006F5B7AD01D3
:10F1D00084E002F577AB01BC6003000ABB018460E8
:10F1E00002F597AC0185E001610B080186E0016141
:10F1F0000B080002DE02F0000000682B5B0015E542
:10F2000000B02B5B0017A4006D5E915555E700B070
:10F210002AAB0017A400882B070037A500E82B0AAB
:10F22000F4AAC200885E930037A400E02B0AF48A97
:10F23000C200902B0B00AAC100B02B07000AA70048
:10F2400002DE02F0000003A0DE02F015F10200422F
:10F25000030015F100025E02F00D2F0183E005614D
:10F260000B0801846002F5B7AD0184E006F577ABC9
:10F2700001BC6003000ABB01846002F597AC00B0DA
:10F280004467000ABC0002DE02F00000010C81436A
:10F290000017A101BC600300508A00685E070016D9
:10F2A000020068DE8700360201BC600300B08A00FD
:10F2B000685E070036020282DE0300160201BC60AF
:10F2C0000300908A0283DE0300160200E0600AF465
:10F2D000D08A00685E0700160A0190422AA1308A8F
:10F2E00000685E0700360A0190422AA0108A0109D0
:10F2F000DE030017A2018F5E8A11508A00685E8BC0
:10F3000000160A0191E00E11508A0002DE02F000A0
:10F31000000109DE030017A400E05A06F497A500D7
:10F32000905E96F497A50203DE030016120282DEB9
:10F330000300161201BC61EF0857A60080DE96F4A8
:10F34000D7A50116DE870017A300885E870077A186
:10F3500000E15E8702D7A100E0DE8F0017A301BCA9
:10F3600060030017A2020E5E0300161901BC6003C1
:10F370000037A200905E96F457A50080DE96F43721
:10F38000A100E141B7FFF7A600E1DE8701F7A10088
:10F3900080DE96F477A300E1DE860DB7A100E0DE03
:10F3A0008F0017A3017A5E86F477A100885E86F449
:10F3B00057A100B05E870017A20287DE0300162661
:10F3C00000885E870057A103BFDE02F01633028774
:10F3D0005E0300162D01BC639B0CD7A50080DE8662
:10F3E000F4B7A100E141B7FFF7A500E0DE87001701
:10F3F000A100885E870057A103BFDE02F01633002C
:10F40000885E870057A101BC639B0CF7A50080DED6
:10F4100086F4B7A101BC62030017A500E141B6F470
:10F42000B7A500E0DE870017A100E05E8400D7A149
:10F430000002DE02F0000002001FF700001202824C
:10F44000DE5300163B0188600204902400E0209205
:10F45000F3082400E8208EF3082303BFDE02F00B3C
:10F460003701B8601604902401BC600301D0250365
:10F47000055E02F0164C0287C037000C9E0386DE44
:10F4800002F00CA100025E02F01236035CDE02F014
:10F49000163D00D8409B0117A100E05E8702379817
:10F4A00000A85E630077980102DE530017A1018275
:10F4B000E002F297940188DE84FFA7FD006EA08E23
:10F4C000F3164C00E85E6301D02501B86006049095
:10F4D0002403BFDE02F0000201816004FFA7FD01EA
:10F4E000B8600A04902403BFDE02F0000202285E26
:10F4F0008700166200B041930017A400E04193001A
:10F500007064010A5E870017A200E84192F450631C
:10F5100001185E870017A100E86042F437A2008856
:10F520005602F436000068418EF4965E00E8418F82
:10F5300000306300E8419300306400685E8B02167F
:10F540005600905602F457A300B05806F476010313
:10F55000BFDE02F0165600684192F4966200E84160
:10F560009300306401BC600300160003BFDE02F0AC
:10F57000165E00B05E870017A10002DE02F00000F8
:10F580000180600286143000B050CB001065013855
:10F5900050830017A10068DE3B06366A00E05A334C
:10F5A00000368C006EDA32F4201200B05A0B0017CD
:10F5B000A201BC63FF1FF7A300B050CF001064008E
:10F5C0006EDA32F4366F00B05A370017A300B05825
:10F5D0001300178201BC600300160401BC601B1FEE
:10F5E000D7B60102D0C70017A100E04196F43065FC
:10F5F00000E050CB00D06401BC60030017B401BC34
:10F60000600300178001BC6003003781018760043C
:10F610000310A0009052330097A400E0418701B787
:10F62000B500685ED2F0569600E05EDAF6906300B0
:10F6300020D802F0368A020250C700169000905679
:10F64000030097A100E85E86F497A1019E6002F492
:10F6500037A1006DDE87081690010A5E870017A2A9
:10F6600001DA6002F437A100E05ED6F4506300884E
:10F670006006F437A100205602F4369000B058021C
:10F68000F0360000E05A2B00368A006ADED2F476AB
:10F690008C0068DED2F0169100E05E030037800037
:10F6A000685E030036910186E0040310A003BFDE0C
:10F6B00002F01691006ADED2F4768C00E05ED30090
:10F6C00037B400D05E0700378102985ED300167B06
:10F6D00000E0419300306403BFDE02F0167B006857
:10F6E0005E0300001203BFDE02F006CC0282D0C728
:10F6F0000016A000B02A370017A101B82A32F4364C
:10F700008401025013001685013C50830017A100AC
:10F71000B050A70017A4006D5A32F436A90182E058
:10F72000068634310288502B0016A500B05A3300EB
:10F7300017A1019E5E8684F427018360068634311A
:10F740000002DE02F0000000B050730017A101B803
:10F75000506EF436840106D00700168500B050AB19
:10F760000017A400D06006C0978000E0419700D742
:10F77000B5010A58130017A100E05ED6F437B500B2
:10F78000B0580F001063011656030017810068D8A7
:10F79000130016BE011400630017A10068DE870085
:10F7A00016B40088013B01168003BFDE02F016B9D3
:10F7B0000068DE870076B700A0013BE0168003BF3B
:10F7C000DE02F016B900E05E87097062008854031B
:10F7D00001168000E85A0330168001BC6003001651
:10F7E0008101BC600300168201BC60030016830324
:10F7F000BFDE02F016C300E0418EC09063006EC110
:10F800008EC036C300E8418EC0306300E858030064
:10F8100037A100E0418EF43063013850A30017A5F2
:10F820000068581303F6DE0068418EC056DE006D96
:10F83000DA0AF4B6DE011656030017A10068DE8668
:10F84000F036DE015856030017A100E05E870DD7A1
:10F85000A200B05ED70010620020DE02A016D50024
:10F86000E05E86D037A300E05E8ED077A3006D5AAD
:10F8700002F456DE006E5E8EF496DE00E86002F45E
:10F88000368300B05E8F00168100A05A0F00768389
:10F8900000E05A0B00368200E85A02F4568000D08D
:10F8A0005E0300378000E0581300360400E0418F0B
:10F8B000003063029858130016DB00E05ED7003773
:10F8C000B5006EC18EC036C400B05803001063038B
:10F8D000BFDE02F016C400B058130017A10068DAAA
:10F8E000370016E100B05E8700168D006DDE86D110
:10F8F000B6E300B05E8700168D0002DE02F0000065
:10F9000001BC60030017A1018760040310A001BCC3
:10F9100060030990B500B0006300F0B401BC60570B
:10F920000310B601BC60030090B500B0006300B0E6
:10F93000B400B042D30018000317DE02F016EC0347
:10F9400097DE02F016ED00B02A3300142F018EE08E
:10F950000C0310A0006DDE02D1B6F300E85A36F0B9
:10F96000168D03BFDE02F016F501BC600300168C95
:10F9700001BC600300168D006E5A3AF016F801BC07
:10F98000600300168E03BFDE02F016F900E85A3A53
:10F99000F0168E00B058070017A100E0580EF016C0
:10F9A00003006ED80EF436FF00E85E86C017A10093
:10F9B000E8580EF4360300E8580F00360301185ECD
:10F9C000030017A1006DDE0302170700E86042F490
:10F9D00037A200905A1AF4368600885A1EF457A2AD
:10F9E00000905A1EF4368700B05A1AF4568603BFA8
:10F9F000DE02F0170900905A1EF4368601BC60033F
:10FA00000016870002DE02F00000015860030010BB
:10FA10002A01B8600A04902401BC6003029004012A
:10FA200089E0020D906C0002DE02F000000200DEB0
:10FA30005300171901BC60170777A100025E02F09E
:10FA4000012700B040670017A200B05E8B0057A2EC
:10FA500000025E02F0012B01BC600303378001BC91
:10FA6000600300178100025E02F011320002DE0224
:10FA7000F0000001BC600303378000025E02F01159
:10FA80002D0183E006F037810181E006F037810027
:10FA9000025E02F0113200B05E070017A200E044DF
:10FAA000670B57A1006B4466F4372001BC6003115B
:10FAB000378000025E02F0112D01806006F0378170
:10FAC00000025E02F0113201BC6003009780000268
:10FAD0005E02F0112D01806006F0378100025E02A7
:10FAE000F0113200E044670157A1006B4466F4371F
:10FAF0002A01BC600303378001A0607EF4578100B7
:10FB0000025E02F0113200E044670797A1006B44E7
:10FB100066F4372F01BC600311578000025E02F0CB
:10FB2000112D01846006F0378100025E02F011326F
:10FB300000B05E070017A201BC60030A3780000214
:10FB40005E02F0112D01806002F0378100025E023A
:10FB5000F0113200E044670037A1006B4466F437CF
:10FB60003A01806006F0378100025E02F011320136
:10FB7000BC600308578000025E02F0112D018A600C
:10FB800002F0378100025E02F0113200E0446700AB
:10FB900037A1006B4466F43742018A600EF037816A
:10FBA00000025E02F0113200E044670657A1006BCC
:10FBB0004466F4374601BC60030CB78000025E0265
:10FBC000F0112D0280DE0700173001BC60031157D1
:10FBD0008001846002F4578100025E02F01132015C
:10FBE000BC60030037A30206ABD30017510284C5E3
:10FBF000AF00175903BFDE02F017520280456F00B5
:10FC0000175901BC60030017A3018B600E2B915C98
:10FC100001BC600318517800B045E3001800018B67
:10FC20002B2E2F317900A84138F9D7A100B05E847E
:10FC3000F9B04E01BC60170777A100025E02F00127
:10FC40002700B040670017A200A85E8B0057A200F3
:10FC5000025E02F0012B00E044670157A1006B44F3
:10FC600066F4375F01BC600301B7A101BC60030407
:10FC700077A200025E02F0012B01BC60130AF7A11B
:10FC800001BC60030017A200025E02F0012B01BC60
:10FC900060030117A400E85E930037A401BC600371
:10FCA00001D7A100B05E930017A200025E02F0012E
:10FCB0002B01BC60130AD7A101BC60030017A2008E
:10FCC000025E02F0012B0068DE9300176700685E99
:10FCD0008F0017710002DE02F0000001BC60270CEB
:10FCE000B7A101BC60030197A200025E02F0012BE4
:10FCF00001BC60270EB7A101BC60030137A200025E
:10FD00005E02F0012B01BC60030657A401BC600336
:10FD10000077A301BC60130957A100025E02F00145
:10FD200027018060060337A200025E02F0012B016A
:10FD3000806002F457A200025E02F0012B00E04452
:10FD400066F497A1006B4466F4378000E85E8F008C
:10FD500037A300685E8F00178701BC60030317A4F8
:10FD600001BC60270F17A100025E02F001270068A6
:10FD7000C0671FF77901BC60270EB7A101BC600303
:10FD800001F7A200025E02F0012B0002DE02F00089
:10FD9000000002DE02F000000200DE5300179D01A9
:10FDA000BC60130E77A100025E02F0012700A040A4
:10FDB000673FEC4401BC60131497A100025E02F09F
:10FDC00001270196E0020337A200025E02F0012B38
:10FDD00001BC601309B7A100025E02F00127018790
:10FDE00060020337A200025E02F0012B01BC601327
:10FDF0000997A100025E02F0012701876006033720
:10FE0000A200025E02F0012B0002DE02F0000001FF
:10FE1000BC60730017A301BC60131497A100025EBD
:10FE200002F0012700A04066F477A40196E01EF4DA
:10FE300097A300B05E8D8897A200025E02F0012BAE
:10FE400001BC601309B7A100025E02F0012701871F
:10FE500060060337A200025E02F0012B01BC6013B2
:10FE60000997A100025E02F00127018760060337AF
:10FE7000A200025E02F0012B0002DE02F000000090
:10FE800068DE930017B100E05E030057A201095E2F
:10FE90008B0017A103BFDE02F017B90068DE9300E4
:10FEA00037B501105E030017A200E05E8B0097A13A
:10FEB00003BFDE02F017B901305E030017A200E0B5
:10FEC0005E8B0197A1006D5E870597B901BC600349
:10FED0000597A10002DE02F0000000682BCB00179E
:10FEE000BF00B02BF30017A100E05E855FB7A10053
:10FEF0006BDE862337BF0186E006F7F7BF0002DE20
:10FF000002F0000000681F330017CD020200BF009E
:10FF100017C3020345730017CD0285C5230017CD13
:10FF200000681F330037CB00B01FC70017A10002C5
:10FF30005E02F0012700A84064F9D7A200B05E88F5
:10FF4000F9B7A200025E02F0012B03BFDE02F01738
:10FF5000CD00A84138F9D7A100B05E84F9B04E00B9
:10FF600002DE02F00000020200BF0017C3020345D8
:10FF7000730017CD0158600300102A0189E0020DBB
:10FF8000906C01BC600300900400B040130017A106
:10FF90000002DE02F00000018260060F1078020706
:10FFA000C1E30017D601BC60030C17A301BC6003BA
:10FFB00000907601BC600300107700025E02F00141
:10FFC0003401BC60030C97A300025E02F0012F0015
:10FFD0008860118757A101BC5E860EF07700025E33
:10FFE00002F0013401BC60030C17A301BC600300E4
:10FFF000B07601BC600300107700025E02F00134AD
:020000041004E6
:1000000001BC60030C97A300025E02F0012F008880
:1000100060058757A101BC5E860ED07600025E02A5
:10002000F0013401BC60030017A300025E02F0017E
:100030002F018560060ED07600025E02F0013401C9
:10004000BC60030C17A301BC600300307601BC60E8
:100050000300107700025E02F0013401BC60030C63
:1000600097A300025E02F0012F01AC60A20EF077B0
:1000700000025E02F0013401BC60030017A300021D
:100080005E02F0012F018560060ED07600025E024E
:10009000F0013401BC60030C17A301BC6003003005
:1000A0007601BC600300107700025E02F0013401AB
:1000B000BC60030C97A300025E02F0012F01AC604C
:1000C000020EF07700025E02F0013401BC60030012
:1000D00017A300025E02F0012F018560060ED076A4
:1000E00000025E02F00134018260020F107800020B
:1000F000DE02F0000001BC60130817A100025E02DE
:10010000F00127018060020337A200025E02F001C5
:100110002B01BC60030037A100025E02F001270141
:1001200088600E0337A20068B0EB001810018860E9
:100130000A0337A200025E02F0012B01BC601B061D
:1001400057A100025E02F00127018830EA0337A2BE
:1001500000025E02F0012B00025E02F017D501BC26
:1001600060130817A100025E02F0012701806006FB
:100170000337A200025E02F0012B0002DE02F00053
:100180000001BC60430890E600025E02F0016A01D3
:10019000BC604F1110E40190600A09104801BC6076
:1001A0000300000601BC600301D78201D2DE08779C
:1001B000F0E000B00F030010E100B000470010862F
:1001C00000B00F1F00108A01BC60030037810002DD
:1001D0005E02F0107001BC60030010BB01BC610343
:1001E0000010800182600610308103D05E02F003AF
:1001F000940002DE02F0000000681F8300188202F3
:100200008042030018820285C52300188200681FFF
:100210008F00388200681F8B00385F01BC601308B4
:1002200017A100025E02F00127018060020337A2DD
:1002300000025E02F0012B01BC601B1B57A10002F3
:100240005E02F0012700B04067000C3E0182E0062C
:100250000337A200025E02F0012B01846006F4570E
:10026000A200025E02F0012B01BC60270F37A10043
:10027000025E02F0012700B04067000C3F01886079
:10028000060337A200025E02F0012B01BC602715B5
:1002900097A100025E02F0012700B04067000C4009
:1002A000019B60160337A201806006F457A200028A
:1002B0005E02F0012B01BC60131077A101BC600B42
:1002C0000017A200025E02F0012B01BC6013105760
:1002D000A100025E02F0012701B860820337A2008C
:1002E000025E02F0012B01BC60131037A100025E18
:1002F00002F001270180E0020337A200025E02F053
:10030000012B01BC60030007E201BC60030007E3AE
:100310000068310F00185700E044658867E103BFAB
:10032000DE02F0185800E044670807E101BC6013E2
:100330001037A100025E02F001270180600603373A
:10034000A200025E02F0012B01BC60030027E20064
:10035000025E02F00127020040670018730280422B
:10036000030018730285C52300187301BC601310C5
:1003700037A100025E02F001270200406700186604
:10038000006CC464FC385F00E03107002C4100E0E1
:10039000310B002C4201BC601310F7A100025E0279
:1003A000F0012700B0406700018401BC601310D742
:1003B000A100025E02F0012700B040670001850144
:1003C000BC602B1357A100025E02F0012700B04071
:1003D0006700018601BC60131117A100025E02F0E4
:1003E000012700B0406700018701BC60271597A175
:1003F00000B031030017A200025E02F0012B01BC25
:1004000060270F37A100B030FF0017A200025E0284
:10041000F0012B01BC601B1B57A100B030FB001783
:10042000A200025E02F0012B01BC60130817A100BC
:10043000025E02F00127018060060337A200025E1F
:1004400002F0012B01BC60030007E201BC60030065
:1004500007E000B05E870017A10002DE02F0000096
:1004600001BC6003000C2500B030CB00179E00B02B
:1004700030CF00179D00B030D300179C00B030D7AC
:1004800000179B03BFDE02F00A1A00000000000004
:10049000000000000000000000000000000000005C
:1004A000000000000000000000000000000000004C
:1004B00000207EC0000000000000000000000000DE
:1004C000000000000000000000000000000000002C
:1004D000000000000000000000000000000000001C
:1004E000000000000000000000000000000000000C
:1004F00000207EC00000000000000000000000009E
:1005000000000000000000000000000000000000EB
:100510000000000000002000000040110100000069
:10052000000080160100800000008016010080039A
:1005300000008016000000400000801A2100E00347
:1005400000008016000200400000801A10020040E7
:100550000000801A100202400000801A6100E003CF
:1005600000008016100200400000801A6101E013B4
:1005700000008016300200400000801A1002004087
:100580000000801A1C0200400000801A00020000D7
:100590000000801A1C0A00400000801A1C0A20403B
:1005A0000000801A1FCA20400000801A1FCA204085
:1005B0000000801A010000000000801E09000000F9
:1005C0000000801E0000000000008002000000000B
:1005D000000080020000000000008002080000000F
:1005E0000000801E000000000000801E01000000CE
:1005F0000000801E110000000000801E1FCA20C0E5
:100600000000801A1FCA20C00000801A5FCA20C0E4
:100610000000801AB06400000000800E0000280076
:1006200000008012110000000000801E0000000089
:10063000C8254285000000000000400100000000C5
:100640000000400100000000000040015FCA20409F
:10065000000040191FCA204000004019010000009E
:100660000000401D010000000000401D01000000CE
:100670000000401D090000000000401D1FC2204076
:10068000000040190F0000000000401D1FC220C0E4
:10069000000040191BC220C000004019207D00004E
:1006A0000000400D0000200000004011000000008C
:1006B00033044289000000000000400100000000F7
:1006C0000000400100000000000040011BC220406B
:1006D00000004019090000000000401D1BC220401E
:1006E00000004019010000000000401D0000000053
:1006F0000000401D1FC22040000040190100000002
:100700000000401D090000000000401D1FC22040E5
:10071000000040190B0100000000401D1FC220C056
:10072000000040191BC220C000004019C077000023
:100730000000400D000028000000401100000000F3
:10074000331C42890000000000004001000000004E
:100750000000400100000000000040011FC220C056
:10076000000040191FC220C0000040196100E013C2
:1007700000004015000000000000400100000000E3
:100780000000400100000000000040016101E01392
:100790000000401513C220C0000040196101801301
:1007A000000040150A0100000000401D13C220C0D7
:1007B0000000401908040000000000F800000000DC
:1007C00000004001000000000000400100000000A7
:1007D0000000400100000000000040010000000097
:1007E0000000400113C22040000040190B0100002E
:1007F0000000401D13C220C000004019000000008E
:100800000000400100000000000040010301000062
:100810000000401D13C220400000401900000800E5
:100820000000401161018013000040156101801338
:100830000000401561018013000040151FC22040D8
:10084000000040191FC22040000040191FC2204074
:10085000000040190B0100000000401D0B010000CA
:100860000000401D1FC220C0000040191BC220C054
:1008700000004019C37700000000400D0000080090
:100880000000401100000000131C4288000000001E
:1008900000004001000000000000400100000000D6
:1008A000000040011BC22040000040190900000068
:1008B0000000401D1BCA2040000040191FCA2040F4
:1008C00000004019090000000000401D1FC2204028
:1008D000000040190F0000000000401D1FC220C092
:1008E000000040191BC220C000004019237D0000F9
:1008F0000000400D0000000000004011000000005A
:1009000013044288000000000000400100000000C5
:100910000000400100000000000040011BC2204018
:1009200000004019090000000000401D1BCA2040C3
:1009300000004019010000000000401D1FCA2040B7
:1009400000004019110000000000401D1FCA204097
:10095000000040191FCA20C0000040191FCA20C053
:10096000000040191FCA20C0000040195FCA20C003
:1009700000004019B06400000000400D00000800B5
:1009800000004011110000000000401D00000000A8
:10099000B825428400000000000040010000000073
:1009A0000000400100000000000040015FCA20403C
:1009B00000004019010000000000401D1FCA204037
:1009C000000040191FCA204000004019000000002C
:1009D0000000401D1C0A2040000000181C0A204096
:1009E00000000018000000000000001000000000DF
:1009F0000000001C61018013000000141C0A20404C
:100A0000000000186101800300000014100A20405B
:100A100000000018000A204000000018000A0040F2
:100A2000000000184101800300000014000800408D
:100A30000000001800001000000000100008024034
:100A400000000018000803400000001800080240E1
:100A5000000000180008004000000018000000001E
:100A600000000010000800400000001800080040CE
:100A70000000001841018000000000144101000046
:100A800000000014400100000000001400080240B3
:100A900000000018000100000000001400080040E1
:100AA00000000018000800C000000018080C00003A
:100AB0000000000408080000000000FC0000000026
:100AC0000000000000000000000000000000000026
:100AD000000000000C715D48075F3100B3C9A561DB
:100AE000005B234B45252447280800000000000038
:100AF000941DC51301BD320801003433343339610C
:100B0000302D726F6D6C2F7364696F2D672D706F50
:100B10006F6C2D7032702D69647375702D6964610E
:100B20007574682D706B7466696C7465722D6B6575
:100B30006570616C6976652D616F652D6C70632DD4
:100B400073776469762D7372666173742D6675614F
:100B500072742D627463782D6E6F636C6D696E6351
:100B60002D636C6D5F6D696E2D6662742D6D6670A0
:100B70002D7361652D776F776C70662D746B6F20A8
:100B800056657273696F6E3A20372E39352E3439B7
:100B900020283232373162623620435929204352AD
:100BA000433A2062376132386566332044617465A8
:100BB0003A204D6F6E20323032312D31312D3239A5
:100BC0002032323A35303A32372050535420556370
:100BD0006F6465205665723A20313034332E3231DD
:100BE000363220465749442030312D63353164393F
:100BF00034303000FA00445649442030312D623000
:100C00006234353230660000000000000000000051
:100C100000000000000000000000000000000000D4
:100C200000000000000000000000000000000000C4
:100C300000000000000000000000000000000000B4
:100C40000000000000000000424C4F423C00000049
:100C5000FA69E0BB01000000020000000000000093
:100C60003C000000980300000A6F2B5200000000B7
:100C700000000000D403000004000000A0B0E5E282
:100C800000000000434C4D204441544100000C0042
:100C9000020052617370626572727950692E5069F8
:100CA000636F57000000312E32392E3400000000EF
:100CB0000000000070000000436C6D496D706F72A1
:100CC000743A20312E34372E31000000000000002D
:100CD00000000000000076352032322F30362F32EF
:100CE000340000000000000000000000010B010DB6
:100CF0000C0D000068030000740100006800000093
:100D0000300100007C010000000000004C010000E8
:100D10004601000058030000000000002801000008
:100D200090030000880300007FB200000000000074
:100D300000000000000000000000000000000000B3
:100D40000000000000000000000000007003000030
:100D50000000000032010000000000000000000060
:100D60000000000000000000000000000000000083
:100D70000000000000000000000000000000000073
:100D80000000000000000000000000000000000063
:100D90000000000000000000000000000000000053
:100DA000000000000000000000000000340000000F
:100DB000810100000102323032322D30362D3234C2
:100DC0002030363A35353A3038000000FF00000058
:100DD0000100FF011E0000014800010100FF011495
:100DE0000000014800010000FF00000002000001B7
:100DF0001E01000148010100000000000000000089
:100E00000001000101236E000200FFFFF0004154C9
:100E100000010001FFC000415500010001FFC000BA
:100E2000424500010001FFC000425200010001FFE5
:100E3000C00043410000FF00FFCC00434800010018
:100E400001FFC000434C00010001FFC000434E0001
:100E5000010001FFC000434F00010001FFC000433B
:100E60005A00010001FFC00044450001FF01FFCC12
:100E700000444B00010001FFC00045450001000196
:100E8000FFC000455300010001FFC00046520001B1
:100E90000001FFC000474200010001FFC0004752AF
:100EA00000010001FFC000484B00010001FFC0002D
:100EB000485500010001FFC000494C00010001FF3E
:100EC000C000494E00010001FFC00049530001006D
:100ED00001FFC000495400010001FFC0004A50005A
:100EE000010001FFC0004B4500010001FFC0004BA5
:100EF0005200010001FFC0004C4900010001FFC089
:100F0000004C5400010001FFC0004C5500010001DD
:100F1000FFC0004C5600010001FFC0004D5400010D
:100F20000001FFC0004D5800010001FFC0004D59F5
:100F300000010001FFC0004E4700010001FFC0009A
:100F40004E4C00010001FFC0004E4F00010001FFA8
:100F5000C0004E5A00010001FFC0005045000100D2
:100F600001FFC000504800010001FFC000504C00CC
:100F7000010001FFC000505400010001FFC00053F8
:100F80004500010001FFC000534700010001FFC000
:100F900000534900010001FFC000534B0001000154
:100FA000FFC000544800010001FFC000545200017E
:100FB0000001FFC000545700010001FFC00055535D
:100FC00000000000FFC00058580003FF02FFCC00E3
:100FD0005A4100010001FFC000010D01000148005D
:100FE000000001480000000148010000010000006D
:100FF000550300000A0C0D0E0F1011121314150CDE
:10100000000102030405060708090A0B000000009E
:10101000000000000000000000000000AFA9000078
:101020004E5652414D5265763D2452657624006DF0
:10103000616E6669643D30783264300070726F644E
:1010400069643D3078303732370076656E646964A4
:101050003D3078313465340064657669643D3078BC
:101060003433653200626F617264747970653D304B
:10107000783038383700626F6172647265763D305F
:10108000783131303000626F6172646E756D3D325F
:1010900032006D6163616464723D30303A41303AD0
:1010A00035303A62353A35393A35650073726F6DCD
:1010B0007265763D313100626F617264666C6167A2
:1010C000733D3078303034303430303100626F610D
:1010D0007264666C616773333D3078303430303021
:1010E000303030007874616C667265713D3337342E
:1010F0003030006E6F6372633D31006167303D32A6
:10110000353500616132673D310063636F64653D71
:10111000414C4C007061306974737369743D307870
:1011200032300065787470616761696E32673D3096
:10113000007061326761303D2D3136382C373136E1
:10114000312C2D383230004176566D69645F633042
:101150003D3078302C307863380063636B70777281
:101160006F6666736574303D35006D617870326707
:1011700061303D383400747870777262636B6F66EB
:101180003D360063636B627732303267706F3D309B
:10119000006C65676F66646D627732303267706FBE
:1011A0003D30783636313131313131006D63736223
:1011B0007732303267706F3D3078373737313131C1
:1011C00031310070726F70627732303267706F3D0C
:1011D00030786464006F66646D64696766696C7416
:1011E000747970653D3138006F66646D6469676657
:1011F000696C747479706562653D31380070617036
:10120000646D6F64653D31007061706476616C6916
:1012100064746573743D3100706163616C696478F6
:1012200032673D343500706170646570736F666657
:101230007365743D2D33300070617064656E646950
:1012400064783D3538006C746563786D75783D3031
:10125000006C746563787061646E756D3D307830D4
:10126000313032006C74656378666E73656C3D3046
:10127000783434006C746563786763696770696F8C
:101280003D3078303100696C306D61636164647247
:101290003D30303A39303A34633A63353A31323A94
:1012A000333800776C3069643D3078343331620014
:1012B000646561646D616E5F746F3D30786666660B
:1012C0006666666666006D7578656E61623D30784B
:1012D0003130300073707572636F6E6669673D30D0
:1012E000783300676C697463685F62617365645F1B
:1012F0006372736D696E3D31006274635F6D6F641C
:10130000653D3100000000000050F20100000000C7
:10131000636F756E74727900000000006375725F10
:10132000657468657261646472000000000000000A
:1013300000000000636C6D6C6F61640000000000D1
:10134000636C6D6C6F61645F7374617475730000BE
:101350000000000000A050B5595E000062737300E9
:10136000000000006D61786173736F63000000001E
:1013700063636770696F696E00000000EA7E0010A9
:10138000AC7D0010AC7D0010C47E0010AC7D001060
:10139000AC7D0010A27E0010AC7D0010AC7D001072
:1013A000AC7D0010AC7D0010927E0010AC7D001072
:1013B000AC7D0010AC7D0010AC7D0010707E001084
:1013C000AC7D0010AC7D0010AC7D0010AC7D001039
:1013D000AC7D0010AC7D00105C7E0010AC7D001078
:1013E000AC7D0010AC7D0010AC7D0010AC7D001019
:1013F000AC7D0010AC7D0010AC7D0010AC7D001009
:10140000AC7D0010AC7D0010AC7D0010AC7D0010F8
:10141000AC7D0010AC7D0010AC7D0010AC7D0010E8
:10142000AC7D0010AC7D0010AC7D0010AC7D0010D8
:10143000AC7D0010407E0010AC7D0010AC7D001033
:10144000327E0010B49C0010C09C00100000000010
:10145000C89C00100000000000000000D09C00109C
:10146000DC9C0010000000000000000000000000F4
:10147000E49C0010F09C0010000000000000000040
:1014800000000000009D00100000000000000000AF
:10149000000000000000000000000000000000004C
:1014A000000000000000000000000000000000003C
:1014B000000000000000000000000000000000002C
:1014C000000000000000000000000000000000001C
:1014D000000000000000000000000000000000000C
:1014E00000000000000000000000000000000000FC
:1014F000000000000000000000000000089D001037
:1015000000000000000000000000000000000000DB
:1015100000000000000000000000000000000000CB
:1015200000000000000000000000000000000000BB
:1015300000000000000000000000000000000000AB
:10154000000000000000000000000000000000009B
:101550000000000000000000109D001000000000CE
:10156000000000000000000000000000000000007B
:10157000000000000000000000000000000000006B
:1015800000000000209D001000000000000000008E
:10159000000000000000000000000000000000004B
:1015A000349D0010449D001002000000E5860010EC
:1015B000598A00108D890010AD880010658B0010CD
:1015C000F58B0010858C0010D58A0010B1890010B1
:1015D000000000009188001085880010F18600103E
:1015E000E09D0010EC9D0010F89D0010049E00107E
:1015F000109E00101C9E0010289E0010349E0010AB
:1016000010B5040002E0200000F08EFA2268EFF32B
:10161000108172B61368002BFCD0BFF35F8F0422D9
:10162000A35E002BEFDD013BA3802368BFF35F8F38
:1016300000221A6081F3108810BDC046F8B504007E
:1016400017001E0006E03A003300200000F05CFAAC
:10165000002817D12568EFF3108172B6286800289A
:10166000FCD0BFF35F8F0423E05E0028EBDD013880
:10167000A0802368BFF35F8F00221A6081F3108877
:101680000120F8BD0020FCE710B50268EFF31081DF
:1016900072B61368002BFCD0BFF35F8F0422835E09
:1016A0000624025F9A4208DC0368BFF35F8F0022C2
:1016B0001A6081F31088002010BD0133838000F090
:1016C0001BFA0120F8E7C04670B5040000F024FAC8
:1016D000050002E0200000F027FA2268EFF31081F5
:1016E00072B61368002BFCD0BFF35F8F63680133C1
:1016F000F0D165602368BFF35F8F00221A6081F329
:10170000108870BD70B5040000F006FA050004E012
:1017100001330ED0200000F007FA2268EFF31081A9
:1017200072B61368002BFCD0BFF35F8F6368AB42C7
:10173000EED1237A6560013323722368BFF35F8F94
:1017400000221A6081F3108870BDC04670B502682F
:101750000400EFF3108572B61368002BFCD0BFF3C2
:101760005F8F63685A1C0BD0002900D00B600020EB
:101770002368BFF35F8F00221A6085F3108870BD65
:1017800000F0CAF960600120F2E7C04670B50400BD
:101790000D0000F0C1F92268EFF3108C72B61368E7
:1017A000002BFCD0BFF35F8F63685A1C06D08342C6
:1017B00004D0002D00D02B60002004E060600120E8
:1017C000237A013323722368BFF35F8F00221A60EC
:1017D0008CF3108870BDC046F8B5CE46474680B53C
:1017E000040090461F0000F097F9814606E042464B
:1017F0003B00200000F088F9002819D12668EFF39B
:10180000108172B63568002DFCD0BFF35F8F65681C
:101810000135ECD14B4663602368BFF35F8F002234
:101820001A6081F310880120C0BCB946B046F8BDEB
:101830000020F9E7F0B583B001A9050017001E00EC
:10184000FFF784FF041E02D0200003B0F0BD00F0BB
:1018500063F9019B9842F7D03A0033002800FFF764
:10186000BBFF0400F0E7C04610B50268EFF310813B
:1018700072B61368002BFCD0BFF35F8F01235B426D
:10188000436000F039F910BD10B50268EFF3108124
:1018900072B61368002BFCD0BFF35F8F037A013B55
:1018A000DBB20372002B07D00368BFF35F8F002207
:1018B0001A6081F3108810BD013B436000F01CF9F1
:1018C000F9E7C04610B5084C2378002B0AD18023D5
:1018D000064807495B051A68C25004338B42FAD1A7
:1018E0000123237010BDC046F41E02208810001092
:1018F0000001001010B5014B984710BD8910002061
:10190000084B5A6842609A688260DA68C2601A6955
:1019100002615A6942619B698361A0235B051B6870
:1019200003607047000002404268084B5A608268BA
:101930009A60C268DA6002691A6142695A61826912
:101940009A61A02302685B051A607047000002409C
:101950001423F0B5D6464F4646469A46C0B5814652
:101960001888043388B098460E001B88304914004C
:10197000984753460700188843462E491B889847C6
:1019800053460500188843462B491B8898478046D4
:10199000FFF798FF01A8FFF7B3FFB847A847274B09
:1019A0001A6880239B005340C02292001340244AAF
:1019B0001360221E20D0C02108270220490511E013
:1019C000002C14D0131B0D2B29D9002D0AD0230075
:1019D000002A05D00B6E013A337013000136234301
:1019E000002B09D03D008B6A1D401842E8D1002D24
:1019F000EDD123001343F5D1104B1A68C0239B008F
:101A000093430F4A1360C047FFF774FF01A8FFF725
:101A10008BFF08B0E0BCBA46B146A846F0BD4B46C5
:101A20001B78013C0B6601239C46E144DFE7C0467E
:101A30004946000045580000464300000C80014024
:101A40000C9001407047C046F0B588420AD98B1807
:101A5000984207D2531E002A03D0CA5CC254013BED
:101A6000FBD2F0BD05000F2A0AD8561E002AF8D076
:101A70000023CC5C1A00EC5401339642F9D1F0E714
:101A800003273E000D430C0003002E402F422DD1B2
:101A90001500103D2D09AC462F013F1825681D602B
:101AA00065685D60A5689D60E5681034DD601D00B7
:101AB0001033BD42F2D165460F230C2401352D01B0
:101AC000491913404519144213D0043B9B080133B4
:101AD0009B008C59AC5104369E42FAD103231A4024
:101AE000AD198919561E002AC2D1BAE70500561E43
:101AF000BEE71A00B9E7C04601B40248844601BCFB
:101B0000604700BFF543001001B40248844601BCA1
:101B1000604700BFBD44001001B40248844601BCC8
:101B2000604700BF6143001001B40248844601BC15
:101B3000604700BF8D43001010000000000000004F
:101B40000000010000000000000000000000020092
:101B50000000000000000000000003000000000082
:101B60000000000000000400000000000000000071
:101B70000000050000000000000000000000FF0061
:101B80000000000001B5486801318E4600477046EC
:101B900009380149884701BD2D0A001000000000E6
:101BA000FFFFFFFFFFFFFF7F0000000000000000BD
:101BB000000000000000000000000000680C002091
:101BC000503300004C330000543300005233000007
:101BD0004D5300004D4300005334000043340000D7
:101BE000FF00000000000000A584001000000000BD
:101BF0000000000000000000000000000D84001044
:101C000000000000000000000000000000000000D4
:101C1000D80600200000000000000000200F002077
:101C2000880F0020F00F00200000000000000000DE
:101C300000000000000000000000000000000000A4
:101C40000000000000000000000000000000000094
:101C50000000000000000000000000000000000084
:101C60000000000000000000000000000000000074
:101C70000000000000000000000000000000000064
:101C80000000000000000000000000000000000054
:101C90000000000000000000000000000000000044
:101CA0000000000000000000000000000000000034
:101CB00001000000000000000E33CDAB34126DE6D1
:101CC000ECDE05000B00000000000000000000003A
:101CD0000000000000000000000000000000000004
:101CE00000000000000000000000000000000000F4
:101CF00000000000000000000000000000000000E4
:101D000000000000000000000000000000000000D3
:101D100000000000000000000000000000000000C3
:101D200000000000000000000000000000000000B3
:101D30000000000000000000FFFFFFFF00000200A5
:101D40000000000000000000000800200008002043
:101D500008080020080800201008002010080020B3
:101D60001808002018080020200800202008002063
:101D70002808002028080020300800203008002013
:101D800038080020380800204008002040080020C3
:101D90004808002048080020500800205008002073
:101DA0005808002058080020600800206008002023
:101DB00068080020680800207008002070080020D3
:101DC0007808002078080020800800208008002083
:101DD0008808002088080020900800209008002033
:101DE0009808002098080020A0080020A0080020E3
:101DF000A8080020A8080020B0080020B008002093
:101E0000B8080020B8080020C0080020C008002042
:101E1000C8080020C8080020D0080020D0080020F2
:101E2000D8080020D8080020E0080020E0080020A2
:101E3000E8080020E8080020F0080020F008002052
:101E4000F8080020F8080020000900200009002000
:101E500008090020080900201009002010090020AE
:101E6000180900201809002020090020200900205E
:101E7000280900202809002030090020300900200E
:101E800038090020380900204009002040090020BE
:101E9000480900204809002050090020500900206E
:101EA000580900205809002060090020600900201E
:101EB00068090020680900207009002070090020CE
:101EC000780900207809002080090020800900207E
:101ED000880900208809002090090020900900202E
:101EE0009809002098090020A0090020A0090020DE
:101EF000A8090020A8090020B0090020B00900208E
:101F0000B8090020B8090020C0090020C00900203D
:101F1000C8090020C8090020D0090020D0090020ED
:101F2000D8090020D8090020E0090020E00900209D
:101F3000E8090020E8090020F0090020F00900204D
:101F4000F8090020F8090020000A0020000A0020FB
:101F5000080A0020080A0020100A0020100A0020A9
:101F6000180A0020180A0020200A0020200A002059
:101F7000280A0020280A0020300A0020300A002009
:101F8000380A0020380A0020400A0020400A0020B9
:101F9000480A0020480A0020500A0020500A002069
:101FA000580A0020580A0020600A0020600A002019
:101FB000680A0020680A0020700A0020700A0020C9
:101FC000780A0020780A0020800A0020800A002079
:101FD000880A0020880A0020900A0020900A002029
:101FE000980A0020980A0020A00A0020A00A0020D9
:101FF000A80A0020A80A0020B00A0020B00A002089
:10200000B80A0020B80A0020C00A0020C00A002038
:10201000C80A0020C80A0020D00A0020D00A0020E8
:10202000D80A0020D80A0020E00A0020E00A002098
:10203000E80A0020E80A0020F00A0020F00A002048
:10204000F80A0020F80A0020000B0020000B0020F6
:10205000080B0020080B0020100B0020100B0020A4
:10206000180B0020180B0020200B0020200B002054
:10207000280B0020280B0020300B0020300B002004
:10208000380B0020380B0020400B0020400B0020B4
:10209000480B0020480B0020500B0020500B002064
:1020A000580B0020580B0020600B0020600B002014
:1020B000680B0020680B0020700B0020700B0020C4
:1020C000780B0020780B0020800B0020800B002074
:1020D000880B0020880B0020900B0020900B002024
:1020E000980B0020980B0020A00B0020A00B0020D4
:1020F000A80B0020A80B0020B00B0020B00B002084
:10210000B80B0020B80B0020C00B0020C00B002033
:10211000C80B0020C80B0020D00B0020D00B0020E3
:10212000D80B0020D80B0020E00B0020E00B002093
:10213000E80B0020E80B0020F00B0020F00B002043
:10214000F80B0020F80B0020000000000000000049
:08215000000000000000000087
:04000005100001E9FD
:00000001FF
